ISO-10303-21;
HEADER;
/* Generated by software containing ST-Developer
 * from STEP Tools, Inc. (www.steptools.com) 
 */

FILE_DESCRIPTION(
/* description */ (''),
/* implementation_level */ '2;1');

FILE_NAME(
/* name */ 
'P:\\E-Switch Secure\\3D_MODELS_STP_FORMAT\\200AWMSPxT2A1M2xE.stp',
/* time_stamp */ '2018-07-11T08:48:29-05:00',
/* author */ ('mroman'),
/* organization */ (''),
/* preprocessor_version */ 'ST-DEVELOPER v17',
/* originating_system */ 'Autodesk Inventor 2018',
/* authorisation */ '');

FILE_SCHEMA (('AUTOMOTIVE_DESIGN { 1 0 10303 214 3 1 1 }'));
ENDSEC;

DATA;
#10=MECHANICAL_DESIGN_GEOMETRIC_PRESENTATION_REPRESENTATION('',(#13),#6241);
#11=SHAPE_REPRESENTATION_RELATIONSHIP('SRR','None',#6248,#12);
#12=ADVANCED_BREP_SHAPE_REPRESENTATION('',(#14),#6240);
#13=STYLED_ITEM('',(#6257),#14);
#14=MANIFOLD_SOLID_BREP('Solid1',#3410);
#15=ELLIPSE('',#3465,2.02299283241439,1.3);
#16=ELLIPSE('',#3466,2.02299283241439,1.3);
#17=ELLIPSE('',#3468,2.02299283241439,1.3);
#18=ELLIPSE('',#3470,2.02299283241439,1.3);
#19=ELLIPSE('',#3471,2.02299283241439,1.3);
#20=ELLIPSE('',#3474,2.02299283241439,1.3);
#21=ELLIPSE('',#3475,2.02299283241439,1.3);
#22=ELLIPSE('',#3477,2.02299283241439,1.3);
#23=B_SPLINE_CURVE_WITH_KNOTS('',3,(#4380,#4381,#4382,#4383,#4384,#4385,
#4386),.UNSPECIFIED.,.F.,.F.,(4,3,4),(0.0265644939681718,0.0308218442922752,
0.0309927588726321),.UNSPECIFIED.);
#24=B_SPLINE_CURVE_WITH_KNOTS('',3,(#4390,#4391,#4392,#4393,#4394,#4395,
#4396,#4397,#4398,#4399,#4400,#4401,#4402,#4403,#4404,#4405,#4406,#4407,
#4408,#4409,#4410,#4411),.UNSPECIFIED.,.F.,.F.,(4,3,3,3,3,3,3,4),(0.,0.00085047956356515,
0.000992761437615031,0.00164335180219691,0.00190665412759101,0.00223277153536462,
0.00278318505185628,0.00345650161757389),.UNSPECIFIED.);
#25=B_SPLINE_CURVE_WITH_KNOTS('',3,(#4415,#4416,#4417,#4418,#4419,#4420,
#4421,#4422,#4423,#4424,#4425,#4426,#4427,#4428,#4429,#4430,#4431,#4432,
#4433),.UNSPECIFIED.,.F.,.F.,(4,3,3,3,3,3,4),(0.0224473585570454,0.0271264093902797,
0.0321598409066186,0.0342546136271799,0.0390039018813431,0.0435935906479188,
0.0459793361243165),.UNSPECIFIED.);
#26=B_SPLINE_CURVE_WITH_KNOTS('',3,(#4434,#4435,#4436,#4437,#4438,#4439,
#4440,#4441),.UNSPECIFIED.,.F.,.F.,(4,2,2,4),(0.00470288261133807,0.00757155754897102,
0.0222602395835699,0.0222937604982354),.UNSPECIFIED.);
#27=B_SPLINE_CURVE_WITH_KNOTS('',3,(#4450,#4451,#4452,#4453,#4454),
 .UNSPECIFIED.,.F.,.F.,(4,1,4),(-0.404528629800011,-0.251842474525939,-0.139059518653159),
 .UNSPECIFIED.);
#28=B_SPLINE_CURVE_WITH_KNOTS('',3,(#4456,#4457,#4458,#4459,#4460),
 .UNSPECIFIED.,.F.,.F.,(4,1,4),(-0.412565537968627,-0.299782802345838,-0.147096980732718),
 .UNSPECIFIED.);
#29=B_SPLINE_CURVE_WITH_KNOTS('',3,(#4491,#4492,#4493,#4494,#4495,#4496,
#4497,#4498),.UNSPECIFIED.,.F.,.F.,(4,2,2,4),(0.,0.00757155754897123,0.0222602395835725,
0.0222937604948519),.UNSPECIFIED.);
#30=B_SPLINE_CURVE_WITH_KNOTS('',3,(#4501,#4502,#4503,#4504,#4505,#4506,
#4507,#4508,#4509,#4510,#4511,#4512,#4513,#4514,#4515,#4516,#4517,#4518,
#4519,#4520,#4521,#4522),.UNSPECIFIED.,.F.,.F.,(4,3,3,3,3,3,3,4),(0.,0.000850479907607414,
0.00099276140444014,0.00148408085892045,0.00164335177356776,0.00223277150201929,
0.00278318504119315,0.00345650160813109),.UNSPECIFIED.);
#31=B_SPLINE_CURVE_WITH_KNOTS('',3,(#4524,#4525,#4526,#4527,#4528,#4529,
#4530),.UNSPECIFIED.,.F.,.F.,(4,3,4),(-0.000171839307709937,0.,0.00428038456439434),
 .UNSPECIFIED.);
#32=B_SPLINE_CURVE_WITH_KNOTS('',3,(#4531,#4532,#4533,#4534,#4535,#4536),
 .UNSPECIFIED.,.F.,.F.,(4,2,4),(0.0224473585017924,0.0342546136271772,0.0406681704816912),
 .UNSPECIFIED.);
#33=B_SPLINE_CURVE_WITH_KNOTS('',3,(#4558,#4559,#4560,#4561,#4562,#4563,
#4564,#4565,#4566,#4567),.UNSPECIFIED.,.F.,.F.,(4,3,3,4),(-0.0253470836196655,
-0.0252303554462348,-0.0203778938565085,-0.0198337942442245),
 .UNSPECIFIED.);
#34=B_SPLINE_CURVE_WITH_KNOTS('',3,(#4569,#4570,#4571,#4572),
 .UNSPECIFIED.,.F.,.F.,(4,4),(0.13777964262876,0.164947146037222),
 .UNSPECIFIED.);
#35=B_SPLINE_CURVE_WITH_KNOTS('',3,(#4574,#4575,#4576,#4577,#4578,#4579,
#4580,#4581,#4582,#4583,#4584,#4585,#4586),.UNSPECIFIED.,.F.,.F.,(4,3,3,
3,4),(0.,0.00457712991644005,0.00934087045693873,0.00982412027060139,0.0141089615326141),
 .UNSPECIFIED.);
#36=B_SPLINE_CURVE_WITH_KNOTS('',3,(#4588,#4589,#4590,#4591,#4592),
 .UNSPECIFIED.,.F.,.F.,(4,1,4),(0.16827682819136,0.299782802345838,0.383680537768686),
 .UNSPECIFIED.);
#37=B_SPLINE_CURVE_WITH_KNOTS('',3,(#4594,#4595,#4596,#4597,#4598,#4599,
#4600,#4601,#4602,#4603,#4604,#4605,#4606,#4607,#4608,#4609),
 .UNSPECIFIED.,.F.,.F.,(4,3,3,3,3,4),(0.00966001667630424,0.0104170792317905,
0.0152145984170479,0.0170945641810684,0.021752020891971,0.0237610852546791),
 .UNSPECIFIED.);
#38=B_SPLINE_CURVE_WITH_KNOTS('',3,(#4610,#4611,#4612,#4613),
 .UNSPECIFIED.,.F.,.F.,(4,4),(0.0129812524097775,0.0382116560362673),
 .UNSPECIFIED.);
#39=B_SPLINE_CURVE_WITH_KNOTS('',3,(#4618,#4619,#4620,#4621,#4622),
 .UNSPECIFIED.,.F.,.F.,(4,1,4),(0.16669439106156,0.250591777299259,0.382098412856332),
 .UNSPECIFIED.);
#40=B_SPLINE_CURVE_WITH_KNOTS('',3,(#4645,#4646,#4647,#4648),
 .UNSPECIFIED.,.F.,.F.,(4,4),(0.137775342323765,0.175791513093557),
 .UNSPECIFIED.);
#41=B_SPLINE_CURVE_WITH_KNOTS('',3,(#4650,#4651,#4652,#4653,#4654,#4655,
#4656,#4657,#4658,#4659,#4660,#4661,#4662),.UNSPECIFIED.,.F.,.F.,(4,3,3,
3,4),(0.,0.00457980753883,0.00934692853126039,0.00982412022743023,0.0141089615324047),
 .UNSPECIFIED.);
#42=B_SPLINE_CURVE_WITH_KNOTS('',3,(#4664,#4665,#4666,#4667,#4668),
 .UNSPECIFIED.,.F.,.F.,(4,1,4),(0.167944810439861,0.251842474525939,0.383348582739119),
 .UNSPECIFIED.);
#43=B_SPLINE_CURVE_WITH_KNOTS('',3,(#4670,#4671,#4672,#4673,#4674,#4675,
#4676,#4677,#4678,#4679,#4680,#4681,#4682,#4683,#4684,#4685),
 .UNSPECIFIED.,.F.,.F.,(4,3,3,3,3,4),(0.00966001667630473,0.0104170792318822,
0.0152110353317606,0.0170945641610995,0.0217490473847709,0.0237610852546845),
 .UNSPECIFIED.);
#44=B_SPLINE_CURVE_WITH_KNOTS('',3,(#4686,#4687,#4688,#4689),
 .UNSPECIFIED.,.F.,.F.,(4,4),(0.0202197201638089,0.0382116309284034),
 .UNSPECIFIED.);
#45=B_SPLINE_CURVE_WITH_KNOTS('',3,(#4694,#4695,#4696,#4697,#4698),
 .UNSPECIFIED.,.F.,.F.,(4,1,4),(0.170727238909273,0.263659756262713,0.386127080350559),
 .UNSPECIFIED.);
#46=B_SPLINE_CURVE_WITH_KNOTS('',3,(#4722,#4723,#4724,#4725,#4726,#4727,
#4728),.UNSPECIFIED.,.F.,.F.,(4,3,4),(-0.00428038456238686,0.,0.000171839307367312),
 .UNSPECIFIED.);
#47=B_SPLINE_CURVE_WITH_KNOTS('',3,(#4730,#4731,#4732,#4733,#4734),
 .UNSPECIFIED.,.F.,.F.,(4,1,4),(-0.415019903194989,-0.263659756262713,-0.149555539901459),
 .UNSPECIFIED.);
#48=B_SPLINE_CURVE_WITH_KNOTS('',3,(#4736,#4737,#4738,#4739,#4740,#4741,
#4742,#4743,#4744,#4745),.UNSPECIFIED.,.F.,.F.,(4,3,3,4),(-0.0253470836192357,
-0.0252303554627483,-0.0203785953945995,-0.0198337942434804),
 .UNSPECIFIED.);
#49=B_SPLINE_CURVE_WITH_KNOTS('',3,(#4747,#4748,#4749,#4750),
 .UNSPECIFIED.,.F.,.F.,(4,4),(0.137813960060983,0.165133634235805),
 .UNSPECIFIED.);
#50=B_SPLINE_CURVE_WITH_KNOTS('',3,(#4751,#4752,#4753,#4754,#4755,#4756,
#4757,#4758,#4759,#4760,#4761,#4762,#4763),.UNSPECIFIED.,.F.,.F.,(4,3,3,
3,4),(0.,0.00457868499193434,0.00934449143399073,0.00982412059789921,0.0141089615342014),
 .UNSPECIFIED.);
#51=B_SPLINE_CURVE_WITH_KNOTS('',3,(#4765,#4766,#4767,#4768,#4769,#4770,
#4771,#4772,#4773,#4774,#4775,#4776,#4777,#4778,#4779,#4780),
 .UNSPECIFIED.,.F.,.F.,(4,3,3,3,3,4),(0.00966001667630026,0.0104170792310798,
0.0152118379951014,0.0170945643324578,0.0217497568539995,0.023761085254641),
 .UNSPECIFIED.);
#52=B_SPLINE_CURVE_WITH_KNOTS('',3,(#4781,#4782,#4783,#4784),
 .UNSPECIFIED.,.F.,.F.,(4,4),(0.012981516444382,0.0382118479660396),
 .UNSPECIFIED.);
#53=B_SPLINE_CURVE_WITH_KNOTS('',3,(#4806,#4807,#4808,#4809,#4810),
 .UNSPECIFIED.,.F.,.F.,(4,1,4),(-0.403279242260059,-0.250591777299259,-0.137807956566165),
 .UNSPECIFIED.);
#54=B_SPLINE_CURVE_WITH_KNOTS('',3,(#4812,#4813,#4814,#4815,#4816,#4817,
#4818),.UNSPECIFIED.,.F.,.F.,(4,3,4),(-0.0309927588724688,-0.0308218442920861,
-0.0265644939682167),.UNSPECIFIED.);
#55=B_SPLINE_CURVE_WITH_KNOTS('',3,(#4820,#4821,#4822,#4823),
 .UNSPECIFIED.,.F.,.F.,(4,4),(0.137758490183937,0.175666232024584),
 .UNSPECIFIED.);
#56=B_SPLINE_CURVE_WITH_KNOTS('',3,(#4824,#4825,#4826,#4827,#4828,#4829,
#4830,#4831,#4832,#4833,#4834,#4835,#4836),.UNSPECIFIED.,.F.,.F.,(4,3,3,
3,4),(0.,0.00457980542885489,0.00934692436107624,0.00982412005933328,0.0141089615315893),
 .UNSPECIFIED.);
#57=B_SPLINE_CURVE_WITH_KNOTS('',3,(#4838,#4839,#4840,#4841,#4842,#4843,
#4844,#4845,#4846,#4847,#4848,#4849,#4850,#4851,#4852,#4853),
 .UNSPECIFIED.,.F.,.F.,(4,3,3,3,3,4),(0.00966001667630644,0.0104170792322336,
0.0152110339254891,0.017094564083343,0.0217490450341941,0.0237610852547043),
 .UNSPECIFIED.);
#58=B_SPLINE_CURVE_WITH_KNOTS('',3,(#4854,#4855,#4856,#4857),
 .UNSPECIFIED.,.F.,.F.,(4,4),(0.0202196062734855,0.0382115336259151),
 .UNSPECIFIED.);
#59=B_SPLINE_CURVE_WITH_KNOTS('',3,(#4886,#4887,#4888,#4889,#4890,#4891,
#4892,#4893,#4894,#4895,#4896,#4897,#4898,#4899,#4900,#4901,#4902,#4903,
#4904,#4905,#4906,#4907),.UNSPECIFIED.,.F.,.F.,(4,3,3,3,3,3,3,4),(0.,0.000850479563358004,
0.000992761437550483,0.00164335180206926,0.00190665412743924,0.00223277153517933,
0.00278318505160756,0.00345650161722207),.UNSPECIFIED.);
#60=B_SPLINE_CURVE_WITH_KNOTS('',3,(#4911,#4912,#4913,#4914,#4915,#4916,
#4917,#4918,#4919,#4920,#4921,#4922,#4923,#4924,#4925,#4926,#4927,#4928,
#4929),.UNSPECIFIED.,.F.,.F.,(4,3,3,3,3,3,4),(0.0224473585017928,0.0271264093334664,
0.0321598408475697,0.034254613627177,0.039003901881286,0.0435935906478204,
0.0459793361242712),.UNSPECIFIED.);
#61=B_SPLINE_CURVE_WITH_KNOTS('',3,(#4930,#4931,#4932,#4933,#4934,#4935,
#4936,#4937),.UNSPECIFIED.,.F.,.F.,(4,2,2,4),(0.00470288261133764,0.00757155754897055,
0.0222602395835656,0.0222937604948452),.UNSPECIFIED.);
#62=B_SPLINE_CURVE_WITH_KNOTS('',3,(#4968,#4969,#4970,#4971,#4972,#4973),
 .UNSPECIFIED.,.F.,.F.,(4,2,4),(0.0224473585570452,0.0342546136271785,0.0406681704816699),
 .UNSPECIFIED.);
#63=B_SPLINE_CURVE_WITH_KNOTS('',3,(#4974,#4975,#4976,#4977,#4978,#4979,
#4980,#4981),.UNSPECIFIED.,.F.,.F.,(4,2,2,4),(0.,0.00757155754897142,0.0222602395835742,
0.0222937604982396),.UNSPECIFIED.);
#64=B_SPLINE_CURVE_WITH_KNOTS('',3,(#4982,#4983,#4984,#4985,#4986,#4987,
#4988,#4989,#4990,#4991,#4992,#4993,#4994,#4995,#4996,#4997,#4998,#4999,
#5000,#5001,#5002,#5003),.UNSPECIFIED.,.F.,.F.,(4,3,3,3,3,3,3,4),(0.,0.000850479910133266,
0.000992761443616236,0.00148408086342955,0.00164335180913633,0.00223277154437853,
0.00278318505902436,0.00345650162615801),.UNSPECIFIED.);
#65=B_SPLINE_CURVE_WITH_KNOTS('',2,(#5213,#5214,#5215,#5216),
 .UNSPECIFIED.,.F.,.F.,(3,1,3),(0.,1.,2.),.UNSPECIFIED.);
#66=B_SPLINE_CURVE_WITH_KNOTS('',2,(#5220,#5221,#5222,#5223),
 .UNSPECIFIED.,.F.,.F.,(3,1,3),(0.,1.,2.),.UNSPECIFIED.);
#67=B_SPLINE_CURVE_WITH_KNOTS('',2,(#5234,#5235,#5236,#5237),
 .UNSPECIFIED.,.F.,.F.,(3,1,3),(0.,1.,2.),.UNSPECIFIED.);
#68=B_SPLINE_CURVE_WITH_KNOTS('',2,(#5240,#5241,#5242,#5243),
 .UNSPECIFIED.,.F.,.F.,(3,1,3),(0.,1.,2.),.UNSPECIFIED.);
#69=B_SPLINE_CURVE_WITH_KNOTS('',2,(#5251,#5252,#5253),.UNSPECIFIED.,.F.,
 .F.,(3,3),(0.,1.),.UNSPECIFIED.);
#70=B_SPLINE_CURVE_WITH_KNOTS('',2,(#5256,#5257,#5258),.UNSPECIFIED.,.F.,
 .F.,(3,3),(0.,1.),.UNSPECIFIED.);
#71=B_SPLINE_CURVE_WITH_KNOTS('',2,(#5266,#5267,#5268),.UNSPECIFIED.,.F.,
 .F.,(3,3),(0.,1.),.UNSPECIFIED.);
#72=B_SPLINE_CURVE_WITH_KNOTS('',2,(#5271,#5272,#5273),.UNSPECIFIED.,.F.,
 .F.,(3,3),(0.,1.),.UNSPECIFIED.);
#73=B_SPLINE_CURVE_WITH_KNOTS('',2,(#5283,#5284,#5285,#5286),
 .UNSPECIFIED.,.F.,.F.,(3,1,3),(0.,1.,2.),.UNSPECIFIED.);
#74=B_SPLINE_CURVE_WITH_KNOTS('',2,(#5289,#5290,#5291,#5292),
 .UNSPECIFIED.,.F.,.F.,(3,1,3),(0.,1.,2.),.UNSPECIFIED.);
#75=B_SPLINE_CURVE_WITH_KNOTS('',2,(#5308,#5309,#5310,#5311),
 .UNSPECIFIED.,.F.,.F.,(3,1,3),(0.,1.,2.),.UNSPECIFIED.);
#76=B_SPLINE_CURVE_WITH_KNOTS('',2,(#5314,#5315,#5316,#5317),
 .UNSPECIFIED.,.F.,.F.,(3,1,3),(0.,1.,2.),.UNSPECIFIED.);
#77=B_SPLINE_CURVE_WITH_KNOTS('',2,(#5325,#5326,#5327),.UNSPECIFIED.,.F.,
 .F.,(3,3),(0.,1.),.UNSPECIFIED.);
#78=B_SPLINE_CURVE_WITH_KNOTS('',2,(#5330,#5331,#5332),.UNSPECIFIED.,.F.,
 .F.,(3,3),(0.,1.),.UNSPECIFIED.);
#79=B_SPLINE_CURVE_WITH_KNOTS('',2,(#5340,#5341,#5342),.UNSPECIFIED.,.F.,
 .F.,(3,3),(0.,1.),.UNSPECIFIED.);
#80=B_SPLINE_CURVE_WITH_KNOTS('',2,(#5345,#5346,#5347),.UNSPECIFIED.,.F.,
 .F.,(3,3),(0.,1.),.UNSPECIFIED.);
#81=B_SPLINE_CURVE_WITH_KNOTS('',2,(#5357,#5358,#5359,#5360),
 .UNSPECIFIED.,.F.,.F.,(3,1,3),(0.,1.,2.),.UNSPECIFIED.);
#82=B_SPLINE_CURVE_WITH_KNOTS('',2,(#5363,#5364,#5365,#5366),
 .UNSPECIFIED.,.F.,.F.,(3,1,3),(0.,1.,2.),.UNSPECIFIED.);
#83=B_SPLINE_CURVE_WITH_KNOTS('',2,(#5376,#5377,#5378,#5379),
 .UNSPECIFIED.,.F.,.F.,(3,1,3),(0.,1.,2.),.UNSPECIFIED.);
#84=B_SPLINE_CURVE_WITH_KNOTS('',2,(#5382,#5383,#5384,#5385),
 .UNSPECIFIED.,.F.,.F.,(3,1,3),(0.,1.,2.),.UNSPECIFIED.);
#85=B_SPLINE_CURVE_WITH_KNOTS('',2,(#5486,#5487,#5488),.UNSPECIFIED.,.F.,
 .F.,(3,3),(0.,1.),.UNSPECIFIED.);
#86=B_SPLINE_CURVE_WITH_KNOTS('',2,(#5491,#5492,#5493),.UNSPECIFIED.,.F.,
 .F.,(3,3),(0.,1.),.UNSPECIFIED.);
#87=B_SPLINE_CURVE_WITH_KNOTS('',2,(#5501,#5502,#5503),.UNSPECIFIED.,.F.,
 .F.,(3,3),(0.,1.),.UNSPECIFIED.);
#88=B_SPLINE_CURVE_WITH_KNOTS('',2,(#5506,#5507,#5508),.UNSPECIFIED.,.F.,
 .F.,(3,3),(0.,1.),.UNSPECIFIED.);
#89=B_SPLINE_CURVE_WITH_KNOTS('',2,(#5516,#5517,#5518),.UNSPECIFIED.,.F.,
 .F.,(3,3),(0.,1.),.UNSPECIFIED.);
#90=B_SPLINE_CURVE_WITH_KNOTS('',2,(#5521,#5522,#5523),.UNSPECIFIED.,.F.,
 .F.,(3,3),(0.,1.),.UNSPECIFIED.);
#91=B_SPLINE_CURVE_WITH_KNOTS('',2,(#5531,#5532,#5533),.UNSPECIFIED.,.F.,
 .F.,(3,3),(0.,1.),.UNSPECIFIED.);
#92=B_SPLINE_CURVE_WITH_KNOTS('',2,(#5536,#5537,#5538),.UNSPECIFIED.,.F.,
 .F.,(3,3),(0.,1.),.UNSPECIFIED.);
#93=B_SPLINE_CURVE_WITH_KNOTS('',2,(#5564,#5565,#5566),.UNSPECIFIED.,.F.,
 .F.,(3,3),(0.,1.),.UNSPECIFIED.);
#94=B_SPLINE_CURVE_WITH_KNOTS('',2,(#5569,#5570,#5571),.UNSPECIFIED.,.F.,
 .F.,(3,3),(0.,1.),.UNSPECIFIED.);
#95=B_SPLINE_CURVE_WITH_KNOTS('',2,(#5579,#5580,#5581),.UNSPECIFIED.,.F.,
 .F.,(3,3),(0.,1.),.UNSPECIFIED.);
#96=B_SPLINE_CURVE_WITH_KNOTS('',2,(#5584,#5585,#5586),.UNSPECIFIED.,.F.,
 .F.,(3,3),(0.,1.),.UNSPECIFIED.);
#97=B_SPLINE_CURVE_WITH_KNOTS('',2,(#5594,#5595,#5596),.UNSPECIFIED.,.F.,
 .F.,(3,3),(0.,1.),.UNSPECIFIED.);
#98=B_SPLINE_CURVE_WITH_KNOTS('',2,(#5599,#5600,#5601),.UNSPECIFIED.,.F.,
 .F.,(3,3),(0.,1.),.UNSPECIFIED.);
#99=B_SPLINE_CURVE_WITH_KNOTS('',2,(#5639,#5640,#5641),.UNSPECIFIED.,.F.,
 .F.,(3,3),(0.,1.),.UNSPECIFIED.);
#100=B_SPLINE_CURVE_WITH_KNOTS('',2,(#5644,#5645,#5646),.UNSPECIFIED.,.F.,
 .F.,(3,3),(0.,1.),.UNSPECIFIED.);
#101=B_SPLINE_CURVE_WITH_KNOTS('',2,(#5654,#5655,#5656),.UNSPECIFIED.,.F.,
 .F.,(3,3),(0.,1.),.UNSPECIFIED.);
#102=B_SPLINE_CURVE_WITH_KNOTS('',2,(#5659,#5660,#5661),.UNSPECIFIED.,.F.,
 .F.,(3,3),(0.,1.),.UNSPECIFIED.);
#103=B_SPLINE_CURVE_WITH_KNOTS('',2,(#5698,#5699,#5700,#5701,#5702),
 .UNSPECIFIED.,.F.,.F.,(3,1,1,3),(0.,1.,2.,3.),.UNSPECIFIED.);
#104=B_SPLINE_CURVE_WITH_KNOTS('',2,(#5705,#5706,#5707,#5708,#5709),
 .UNSPECIFIED.,.F.,.F.,(3,1,1,3),(0.,1.,2.,3.),.UNSPECIFIED.);
#105=B_SPLINE_CURVE_WITH_KNOTS('',2,(#5719,#5720,#5721,#5722),
 .UNSPECIFIED.,.F.,.F.,(3,1,3),(0.,1.,2.),.UNSPECIFIED.);
#106=B_SPLINE_CURVE_WITH_KNOTS('',2,(#5725,#5726,#5727,#5728),
 .UNSPECIFIED.,.F.,.F.,(3,1,3),(0.,1.,2.),.UNSPECIFIED.);
#107=B_SPLINE_CURVE_WITH_KNOTS('',2,(#5736,#5737,#5738),.UNSPECIFIED.,.F.,
 .F.,(3,3),(0.,1.),.UNSPECIFIED.);
#108=B_SPLINE_CURVE_WITH_KNOTS('',2,(#5741,#5742,#5743),.UNSPECIFIED.,.F.,
 .F.,(3,3),(0.,1.),.UNSPECIFIED.);
#109=B_SPLINE_CURVE_WITH_KNOTS('',2,(#5751,#5752,#5753),.UNSPECIFIED.,.F.,
 .F.,(3,3),(0.,1.),.UNSPECIFIED.);
#110=B_SPLINE_CURVE_WITH_KNOTS('',2,(#5756,#5757,#5758),.UNSPECIFIED.,.F.,
 .F.,(3,3),(0.,1.),.UNSPECIFIED.);
#111=B_SPLINE_CURVE_WITH_KNOTS('',2,(#5766,#5767,#5768),.UNSPECIFIED.,.F.,
 .F.,(3,3),(0.,1.),.UNSPECIFIED.);
#112=B_SPLINE_CURVE_WITH_KNOTS('',2,(#5771,#5772,#5773),.UNSPECIFIED.,.F.,
 .F.,(3,3),(0.,1.),.UNSPECIFIED.);
#113=B_SPLINE_CURVE_WITH_KNOTS('',2,(#5783,#5784,#5785,#5786),
 .UNSPECIFIED.,.F.,.F.,(3,1,3),(0.,1.,2.),.UNSPECIFIED.);
#114=B_SPLINE_CURVE_WITH_KNOTS('',2,(#5789,#5790,#5791,#5792),
 .UNSPECIFIED.,.F.,.F.,(3,1,3),(0.,1.,2.),.UNSPECIFIED.);
#115=B_SPLINE_CURVE_WITH_KNOTS('',2,(#5804,#5805,#5806,#5807,#5808),
 .UNSPECIFIED.,.F.,.F.,(3,1,1,3),(0.,1.,2.,3.),.UNSPECIFIED.);
#116=B_SPLINE_CURVE_WITH_KNOTS('',2,(#5811,#5812,#5813,#5814,#5815),
 .UNSPECIFIED.,.F.,.F.,(3,1,1,3),(0.,1.,2.,3.),.UNSPECIFIED.);
#117=B_SPLINE_CURVE_WITH_KNOTS('',2,(#5827,#5828,#5829,#5830,#5831),
 .UNSPECIFIED.,.F.,.F.,(3,1,1,3),(0.,1.,2.,3.),.UNSPECIFIED.);
#118=B_SPLINE_CURVE_WITH_KNOTS('',2,(#5834,#5835,#5836,#5837,#5838),
 .UNSPECIFIED.,.F.,.F.,(3,1,1,3),(0.,1.,2.,3.),.UNSPECIFIED.);
#119=B_SPLINE_CURVE_WITH_KNOTS('',2,(#5846,#5847,#5848),.UNSPECIFIED.,.F.,
 .F.,(3,3),(0.,1.),.UNSPECIFIED.);
#120=B_SPLINE_CURVE_WITH_KNOTS('',2,(#5851,#5852,#5853),.UNSPECIFIED.,.F.,
 .F.,(3,3),(0.,1.),.UNSPECIFIED.);
#121=B_SPLINE_CURVE_WITH_KNOTS('',2,(#5867,#5868,#5869),.UNSPECIFIED.,.F.,
 .F.,(3,3),(0.,1.),.UNSPECIFIED.);
#122=B_SPLINE_CURVE_WITH_KNOTS('',2,(#5872,#5873,#5874),.UNSPECIFIED.,.F.,
 .F.,(3,3),(0.,1.),.UNSPECIFIED.);
#123=B_SPLINE_CURVE_WITH_KNOTS('',2,(#5886,#5887,#5888,#5889,#5890),
 .UNSPECIFIED.,.F.,.F.,(3,1,1,3),(0.,1.,2.,3.),.UNSPECIFIED.);
#124=B_SPLINE_CURVE_WITH_KNOTS('',2,(#5893,#5894,#5895,#5896,#5897),
 .UNSPECIFIED.,.F.,.F.,(3,1,1,3),(0.,1.,2.,3.),.UNSPECIFIED.);
#125=B_SPLINE_CURVE_WITH_KNOTS('',2,(#5905,#5906,#5907),.UNSPECIFIED.,.F.,
 .F.,(3,3),(0.,1.),.UNSPECIFIED.);
#126=B_SPLINE_CURVE_WITH_KNOTS('',2,(#5910,#5911,#5912),.UNSPECIFIED.,.F.,
 .F.,(3,3),(0.,1.),.UNSPECIFIED.);
#127=B_SPLINE_CURVE_WITH_KNOTS('',2,(#5920,#5921,#5922),.UNSPECIFIED.,.F.,
 .F.,(3,3),(0.,1.),.UNSPECIFIED.);
#128=B_SPLINE_CURVE_WITH_KNOTS('',2,(#5925,#5926,#5927),.UNSPECIFIED.,.F.,
 .F.,(3,3),(0.,1.),.UNSPECIFIED.);
#129=B_SPLINE_CURVE_WITH_KNOTS('',2,(#5937,#5938,#5939,#5940),
 .UNSPECIFIED.,.F.,.F.,(3,1,3),(0.,1.,2.),.UNSPECIFIED.);
#130=B_SPLINE_CURVE_WITH_KNOTS('',2,(#5943,#5944,#5945,#5946),
 .UNSPECIFIED.,.F.,.F.,(3,1,3),(0.,1.,2.),.UNSPECIFIED.);
#131=B_SPLINE_CURVE_WITH_KNOTS('',2,(#5954,#5955,#5956),.UNSPECIFIED.,.F.,
 .F.,(3,3),(0.,1.),.UNSPECIFIED.);
#132=B_SPLINE_CURVE_WITH_KNOTS('',2,(#5959,#5960,#5961),.UNSPECIFIED.,.F.,
 .F.,(3,3),(0.,1.),.UNSPECIFIED.);
#133=B_SPLINE_CURVE_WITH_KNOTS('',2,(#5969,#5970,#5971),.UNSPECIFIED.,.F.,
 .F.,(3,3),(0.,1.),.UNSPECIFIED.);
#134=B_SPLINE_CURVE_WITH_KNOTS('',2,(#5974,#5975,#5976),.UNSPECIFIED.,.F.,
 .F.,(3,3),(0.,1.),.UNSPECIFIED.);
#135=B_SPLINE_CURVE_WITH_KNOTS('',2,(#5986,#5987,#5988,#5989),
 .UNSPECIFIED.,.F.,.F.,(3,1,3),(0.,1.,2.),.UNSPECIFIED.);
#136=B_SPLINE_CURVE_WITH_KNOTS('',2,(#5992,#5993,#5994,#5995),
 .UNSPECIFIED.,.F.,.F.,(3,1,3),(0.,1.,2.),.UNSPECIFIED.);
#137=B_SPLINE_CURVE_WITH_KNOTS('',2,(#6007,#6008,#6009,#6010,#6011),
 .UNSPECIFIED.,.F.,.F.,(3,1,1,3),(0.,1.,2.,3.),.UNSPECIFIED.);
#138=B_SPLINE_CURVE_WITH_KNOTS('',2,(#6014,#6015,#6016,#6017,#6018),
 .UNSPECIFIED.,.F.,.F.,(3,1,1,3),(0.,1.,2.,3.),.UNSPECIFIED.);
#139=B_SPLINE_CURVE_WITH_KNOTS('',2,(#6028,#6029,#6030,#6031),
 .UNSPECIFIED.,.F.,.F.,(3,1,3),(0.,1.,2.),.UNSPECIFIED.);
#140=B_SPLINE_CURVE_WITH_KNOTS('',2,(#6034,#6035,#6036,#6037),
 .UNSPECIFIED.,.F.,.F.,(3,1,3),(0.,1.,2.),.UNSPECIFIED.);
#141=B_SPLINE_SURFACE_WITH_KNOTS('',3,3,((#4353,#4354,#4355,#4356,#4357),
(#4358,#4359,#4360,#4361,#4362),(#4363,#4364,#4365,#4366,#4367),(#4368,
#4369,#4370,#4371,#4372),(#4373,#4374,#4375,#4376,#4377)),.UNSPECIFIED.,
 .F.,.F.,.F.,(4,1,4),(4,1,4),(0.,0.571428571428571,1.),(-1.49890148484362,
-1.03207652393564,-0.565251563027656),.UNSPECIFIED.);
#142=B_SPLINE_SURFACE_WITH_KNOTS('',3,3,((#4464,#4465,#4466,#4467,#4468),
(#4469,#4470,#4471,#4472,#4473),(#4474,#4475,#4476,#4477,#4478),(#4479,
#4480,#4481,#4482,#4483),(#4484,#4485,#4486,#4487,#4488)),.UNSPECIFIED.,
 .F.,.F.,.F.,(4,1,4),(4,1,4),(0.,0.571428571428571,1.),(0.565251563027657,
1.03207652393563,1.4989014848436),.UNSPECIFIED.);
#143=B_SPLINE_SURFACE_WITH_KNOTS('',3,3,((#4537,#4538,#4539,#4540,#4541),
(#4542,#4543,#4544,#4545,#4546),(#4547,#4548,#4549,#4550,#4551),(#4552,
#4553,#4554,#4555,#4556)),.UNSPECIFIED.,.F.,.F.,.F.,(4,4),(4,1,4),(0.,1.),
(0.145463606626292,0.299782802345838,0.415522199135498),.UNSPECIFIED.);
#144=B_SPLINE_SURFACE_WITH_KNOTS('',3,3,((#4624,#4625,#4626,#4627,#4628),
(#4629,#4630,#4631,#4632,#4633),(#4634,#4635,#4636,#4637,#4638),(#4639,
#4640,#4641,#4642,#4643)),.UNSPECIFIED.,.F.,.F.,.F.,(4,4),(4,1,4),(0.,1.),
(0.136102813424439,0.251842474525939,0.406162022661272),.UNSPECIFIED.);
#145=B_SPLINE_SURFACE_WITH_KNOTS('',3,3,((#4700,#4701,#4702,#4703,#4704),
(#4705,#4706,#4707,#4708,#4709),(#4710,#4711,#4712,#4713,#4714),(#4715,
#4716,#4717,#4718,#4719)),.UNSPECIFIED.,.F.,.F.,.F.,(4,4),(4,1,4),(0.,1.),
(0.147922336633495,0.263659756262713,0.417976315768337),.UNSPECIFIED.);
#146=B_SPLINE_SURFACE_WITH_KNOTS('',3,3,((#4785,#4786,#4787,#4788,#4789),
(#4790,#4791,#4792,#4793,#4794),(#4795,#4796,#4797,#4798,#4799),(#4800,
#4801,#4802,#4803,#4804)),.UNSPECIFIED.,.F.,.F.,.F.,(4,4),(4,1,4),(0.,1.),
(0.134851078783778,0.250591777299259,0.404912708653235),.UNSPECIFIED.);
#147=B_SPLINE_SURFACE_WITH_KNOTS('',3,3,((#4858,#4859,#4860,#4861,#4862),
(#4863,#4864,#4865,#4866,#4867),(#4868,#4869,#4870,#4871,#4872),(#4873,
#4874,#4875,#4876,#4877),(#4878,#4879,#4880,#4881,#4882)),.UNSPECIFIED.,
 .F.,.F.,.F.,(4,1,4),(4,1,4),(0.,0.571428571428571,1.),(-1.4989014848436,
-1.03207652393563,-0.565251563027657),.UNSPECIFIED.);
#148=B_SPLINE_SURFACE_WITH_KNOTS('',3,3,((#4942,#4943,#4944,#4945,#4946),
(#4947,#4948,#4949,#4950,#4951),(#4952,#4953,#4954,#4955,#4956),(#4957,
#4958,#4959,#4960,#4961),(#4962,#4963,#4964,#4965,#4966)),.UNSPECIFIED.,
 .F.,.F.,.F.,(4,1,4),(4,1,4),(0.,0.571428571428571,1.),(0.565251563027657,
1.03207652393564,1.49890148484362),.UNSPECIFIED.);
#149=B_SPLINE_SURFACE_WITH_KNOTS('',2,1,((#5203,#5204),(#5205,#5206),(#5207,
#5208),(#5209,#5210)),.UNSPECIFIED.,.F.,.F.,.F.,(3,1,3),(2,2),(-2.,-1.,
0.),(0.,0.000300000000000022),.UNSPECIFIED.);
#150=B_SPLINE_SURFACE_WITH_KNOTS('',2,1,((#5225,#5226),(#5227,#5228),(#5229,
#5230),(#5231,#5232)),.UNSPECIFIED.,.F.,.F.,.F.,(3,1,3),(2,2),(-2.,-1.,
0.),(0.,0.000300000000000022),.UNSPECIFIED.);
#151=B_SPLINE_SURFACE_WITH_KNOTS('',2,1,((#5244,#5245),(#5246,#5247),(#5248,
#5249)),.UNSPECIFIED.,.F.,.F.,.F.,(3,3),(2,2),(-1.,0.),(0.,0.000300000000000022),
 .UNSPECIFIED.);
#152=B_SPLINE_SURFACE_WITH_KNOTS('',2,1,((#5259,#5260),(#5261,#5262),(#5263,
#5264)),.UNSPECIFIED.,.F.,.F.,.F.,(3,3),(2,2),(-1.,0.),(0.,0.000300000000000022),
 .UNSPECIFIED.);
#153=B_SPLINE_SURFACE_WITH_KNOTS('',2,1,((#5274,#5275),(#5276,#5277),(#5278,
#5279),(#5280,#5281)),.UNSPECIFIED.,.F.,.F.,.F.,(3,1,3),(2,2),(-2.,-1.,
0.),(0.,0.000300000000000022),.UNSPECIFIED.);
#154=B_SPLINE_SURFACE_WITH_KNOTS('',2,1,((#5299,#5300),(#5301,#5302),(#5303,
#5304),(#5305,#5306)),.UNSPECIFIED.,.F.,.F.,.F.,(3,1,3),(2,2),(-2.,-1.,
0.),(0.,0.000300000000000022),.UNSPECIFIED.);
#155=B_SPLINE_SURFACE_WITH_KNOTS('',2,1,((#5318,#5319),(#5320,#5321),(#5322,
#5323)),.UNSPECIFIED.,.F.,.F.,.F.,(3,3),(2,2),(-1.,0.),(0.,0.000300000000000022),
 .UNSPECIFIED.);
#156=B_SPLINE_SURFACE_WITH_KNOTS('',2,1,((#5333,#5334),(#5335,#5336),(#5337,
#5338)),.UNSPECIFIED.,.F.,.F.,.F.,(3,3),(2,2),(-1.,0.),(0.,0.000300000000000022),
 .UNSPECIFIED.);
#157=B_SPLINE_SURFACE_WITH_KNOTS('',2,1,((#5348,#5349),(#5350,#5351),(#5352,
#5353),(#5354,#5355)),.UNSPECIFIED.,.F.,.F.,.F.,(3,1,3),(2,2),(-2.,-1.,
0.),(0.,0.000300000000000022),.UNSPECIFIED.);
#158=B_SPLINE_SURFACE_WITH_KNOTS('',2,1,((#5367,#5368),(#5369,#5370),(#5371,
#5372),(#5373,#5374)),.UNSPECIFIED.,.F.,.F.,.F.,(3,1,3),(2,2),(-2.,-1.,
0.),(0.,0.000300000000000022),.UNSPECIFIED.);
#159=B_SPLINE_SURFACE_WITH_KNOTS('',2,1,((#5479,#5480),(#5481,#5482),(#5483,
#5484)),.UNSPECIFIED.,.F.,.F.,.F.,(3,3),(2,2),(-1.,0.),(0.,0.000300000000000022),
 .UNSPECIFIED.);
#160=B_SPLINE_SURFACE_WITH_KNOTS('',2,1,((#5494,#5495),(#5496,#5497),(#5498,
#5499)),.UNSPECIFIED.,.F.,.F.,.F.,(3,3),(2,2),(-1.,0.),(0.,0.000300000000000022),
 .UNSPECIFIED.);
#161=B_SPLINE_SURFACE_WITH_KNOTS('',2,1,((#5509,#5510),(#5511,#5512),(#5513,
#5514)),.UNSPECIFIED.,.F.,.F.,.F.,(3,3),(2,2),(-1.,0.),(0.,0.000300000000000022),
 .UNSPECIFIED.);
#162=B_SPLINE_SURFACE_WITH_KNOTS('',2,1,((#5524,#5525),(#5526,#5527),(#5528,
#5529)),.UNSPECIFIED.,.F.,.F.,.F.,(3,3),(2,2),(-1.,0.),(0.,0.000300000000000022),
 .UNSPECIFIED.);
#163=B_SPLINE_SURFACE_WITH_KNOTS('',2,1,((#5557,#5558),(#5559,#5560),(#5561,
#5562)),.UNSPECIFIED.,.F.,.F.,.F.,(3,3),(2,2),(-1.,0.),(0.,0.000300000000000022),
 .UNSPECIFIED.);
#164=B_SPLINE_SURFACE_WITH_KNOTS('',2,1,((#5572,#5573),(#5574,#5575),(#5576,
#5577)),.UNSPECIFIED.,.F.,.F.,.F.,(3,3),(2,2),(-1.,0.),(0.,0.000300000000000022),
 .UNSPECIFIED.);
#165=B_SPLINE_SURFACE_WITH_KNOTS('',2,1,((#5587,#5588),(#5589,#5590),(#5591,
#5592)),.UNSPECIFIED.,.F.,.F.,.F.,(3,3),(2,2),(-1.,0.),(0.,0.000300000000000022),
 .UNSPECIFIED.);
#166=B_SPLINE_SURFACE_WITH_KNOTS('',2,1,((#5632,#5633),(#5634,#5635),(#5636,
#5637)),.UNSPECIFIED.,.F.,.F.,.F.,(3,3),(2,2),(-1.,0.),(0.,0.000300000000000022),
 .UNSPECIFIED.);
#167=B_SPLINE_SURFACE_WITH_KNOTS('',2,1,((#5647,#5648),(#5649,#5650),(#5651,
#5652)),.UNSPECIFIED.,.F.,.F.,.F.,(3,3),(2,2),(-1.,0.),(0.,0.000300000000000022),
 .UNSPECIFIED.);
#168=B_SPLINE_SURFACE_WITH_KNOTS('',2,1,((#5687,#5688),(#5689,#5690),(#5691,
#5692),(#5693,#5694),(#5695,#5696)),.UNSPECIFIED.,.F.,.F.,.F.,(3,1,1,3),
(2,2),(-3.,-2.,-1.,0.),(0.,0.000300000000000022),.UNSPECIFIED.);
#169=B_SPLINE_SURFACE_WITH_KNOTS('',2,1,((#5710,#5711),(#5712,#5713),(#5714,
#5715),(#5716,#5717)),.UNSPECIFIED.,.F.,.F.,.F.,(3,1,3),(2,2),(-2.,-1.,
0.),(0.,0.000300000000000022),.UNSPECIFIED.);
#170=B_SPLINE_SURFACE_WITH_KNOTS('',2,1,((#5729,#5730),(#5731,#5732),(#5733,
#5734)),.UNSPECIFIED.,.F.,.F.,.F.,(3,3),(2,2),(-1.,0.),(0.,0.000300000000000022),
 .UNSPECIFIED.);
#171=B_SPLINE_SURFACE_WITH_KNOTS('',2,1,((#5744,#5745),(#5746,#5747),(#5748,
#5749)),.UNSPECIFIED.,.F.,.F.,.F.,(3,3),(2,2),(-1.,0.),(0.,0.000300000000000022),
 .UNSPECIFIED.);
#172=B_SPLINE_SURFACE_WITH_KNOTS('',2,1,((#5759,#5760),(#5761,#5762),(#5763,
#5764)),.UNSPECIFIED.,.F.,.F.,.F.,(3,3),(2,2),(-1.,0.),(0.,0.000300000000000022),
 .UNSPECIFIED.);
#173=B_SPLINE_SURFACE_WITH_KNOTS('',2,1,((#5774,#5775),(#5776,#5777),(#5778,
#5779),(#5780,#5781)),.UNSPECIFIED.,.F.,.F.,.F.,(3,1,3),(2,2),(-2.,-1.,
0.),(0.,0.000300000000000022),.UNSPECIFIED.);
#174=B_SPLINE_SURFACE_WITH_KNOTS('',2,1,((#5793,#5794),(#5795,#5796),(#5797,
#5798),(#5799,#5800),(#5801,#5802)),.UNSPECIFIED.,.F.,.F.,.F.,(3,1,1,3),
(2,2),(-3.,-2.,-1.,0.),(0.,0.000300000000000022),.UNSPECIFIED.);
#175=B_SPLINE_SURFACE_WITH_KNOTS('',2,1,((#5816,#5817),(#5818,#5819),(#5820,
#5821),(#5822,#5823),(#5824,#5825)),.UNSPECIFIED.,.F.,.F.,.F.,(3,1,1,3),
(2,2),(-3.,-2.,-1.,0.),(0.,0.000300000000000022),.UNSPECIFIED.);
#176=B_SPLINE_SURFACE_WITH_KNOTS('',2,1,((#5839,#5840),(#5841,#5842),(#5843,
#5844)),.UNSPECIFIED.,.F.,.F.,.F.,(3,3),(2,2),(-1.,0.),(0.,0.000300000000000022),
 .UNSPECIFIED.);
#177=B_SPLINE_SURFACE_WITH_KNOTS('',2,1,((#5860,#5861),(#5862,#5863),(#5864,
#5865)),.UNSPECIFIED.,.F.,.F.,.F.,(3,3),(2,2),(-1.,0.),(0.,0.000300000000000022),
 .UNSPECIFIED.);
#178=B_SPLINE_SURFACE_WITH_KNOTS('',2,1,((#5875,#5876),(#5877,#5878),(#5879,
#5880),(#5881,#5882),(#5883,#5884)),.UNSPECIFIED.,.F.,.F.,.F.,(3,1,1,3),
(2,2),(-3.,-2.,-1.,0.),(0.,0.000300000000000022),.UNSPECIFIED.);
#179=B_SPLINE_SURFACE_WITH_KNOTS('',2,1,((#5898,#5899),(#5900,#5901),(#5902,
#5903)),.UNSPECIFIED.,.F.,.F.,.F.,(3,3),(2,2),(-1.,0.),(0.,0.000300000000000022),
 .UNSPECIFIED.);
#180=B_SPLINE_SURFACE_WITH_KNOTS('',2,1,((#5913,#5914),(#5915,#5916),(#5917,
#5918)),.UNSPECIFIED.,.F.,.F.,.F.,(3,3),(2,2),(-1.,0.),(0.,0.000300000000000022),
 .UNSPECIFIED.);
#181=B_SPLINE_SURFACE_WITH_KNOTS('',2,1,((#5928,#5929),(#5930,#5931),(#5932,
#5933),(#5934,#5935)),.UNSPECIFIED.,.F.,.F.,.F.,(3,1,3),(2,2),(-2.,-1.,
0.),(0.,0.000300000000000022),.UNSPECIFIED.);
#182=B_SPLINE_SURFACE_WITH_KNOTS('',2,1,((#5947,#5948),(#5949,#5950),(#5951,
#5952)),.UNSPECIFIED.,.F.,.F.,.F.,(3,3),(2,2),(-1.,0.),(0.,0.000300000000000022),
 .UNSPECIFIED.);
#183=B_SPLINE_SURFACE_WITH_KNOTS('',2,1,((#5962,#5963),(#5964,#5965),(#5966,
#5967)),.UNSPECIFIED.,.F.,.F.,.F.,(3,3),(2,2),(-1.,0.),(0.,0.000300000000000022),
 .UNSPECIFIED.);
#184=B_SPLINE_SURFACE_WITH_KNOTS('',2,1,((#5977,#5978),(#5979,#5980),(#5981,
#5982),(#5983,#5984)),.UNSPECIFIED.,.F.,.F.,.F.,(3,1,3),(2,2),(-2.,-1.,
0.),(0.,0.000300000000000022),.UNSPECIFIED.);
#185=B_SPLINE_SURFACE_WITH_KNOTS('',2,1,((#5996,#5997),(#5998,#5999),(#6000,
#6001),(#6002,#6003),(#6004,#6005)),.UNSPECIFIED.,.F.,.F.,.F.,(3,1,1,3),
(2,2),(-3.,-2.,-1.,0.),(0.,0.000300000000000022),.UNSPECIFIED.);
#186=B_SPLINE_SURFACE_WITH_KNOTS('',2,1,((#6019,#6020),(#6021,#6022),(#6023,
#6024),(#6025,#6026)),.UNSPECIFIED.,.F.,.F.,.F.,(3,1,3),(2,2),(-2.,-1.,
0.),(0.,0.000300000000000022),.UNSPECIFIED.);
#187=CONICAL_SURFACE('',#3460,1.085,0.0674528165742447);
#188=SPHERICAL_SURFACE('',#3456,1.27);
#189=SPHERICAL_SURFACE('',#3463,1.625);
#190=CYLINDRICAL_SURFACE('',#3439,1.75);
#191=CYLINDRICAL_SURFACE('',#3441,1.75);
#192=CYLINDRICAL_SURFACE('',#3444,2.25);
#193=CYLINDRICAL_SURFACE('',#3448,2.25);
#194=CYLINDRICAL_SURFACE('',#3454,2.4);
#195=CYLINDRICAL_SURFACE('',#3467,1.3);
#196=CYLINDRICAL_SURFACE('',#3469,1.3);
#197=CYLINDRICAL_SURFACE('',#3472,5.);
#198=CYLINDRICAL_SURFACE('',#3473,5.);
#199=CYLINDRICAL_SURFACE('',#3476,1.3);
#200=CYLINDRICAL_SURFACE('',#3482,0.38);
#201=CYLINDRICAL_SURFACE('',#3486,0.38);
#202=CYLINDRICAL_SURFACE('',#3488,0.38);
#203=CYLINDRICAL_SURFACE('',#3505,1.3);
#204=FACE_BOUND('',#426,.T.);
#205=FACE_BOUND('',#428,.T.);
#206=FACE_BOUND('',#430,.T.);
#207=FACE_BOUND('',#438,.T.);
#208=FACE_BOUND('',#440,.T.);
#209=FACE_BOUND('',#445,.T.);
#210=FACE_BOUND('',#446,.T.);
#211=FACE_BOUND('',#601,.T.);
#212=FACE_BOUND('',#608,.T.);
#213=FACE_BOUND('',#609,.T.);
#214=FACE_BOUND('',#610,.T.);
#215=FACE_BOUND('',#611,.T.);
#216=FACE_BOUND('',#612,.T.);
#217=FACE_BOUND('',#613,.T.);
#218=FACE_BOUND('',#614,.T.);
#219=FACE_BOUND('',#615,.T.);
#220=FACE_BOUND('',#619,.T.);
#221=CIRCLE('',#3431,0.904502625756278);
#222=CIRCLE('',#3433,0.904502625756277);
#223=CIRCLE('',#3435,1.75);
#224=CIRCLE('',#3436,1.75);
#225=CIRCLE('',#3437,0.825000000000021);
#226=CIRCLE('',#3438,0.825000000000021);
#227=CIRCLE('',#3440,1.75);
#228=CIRCLE('',#3442,1.75);
#229=CIRCLE('',#3445,2.25);
#230=CIRCLE('',#3446,2.25);
#231=CIRCLE('',#3449,2.25);
#232=CIRCLE('',#3450,2.25);
#233=CIRCLE('',#3453,2.4);
#234=CIRCLE('',#3455,2.4);
#235=CIRCLE('',#3457,1.27);
#236=CIRCLE('',#3458,1.27);
#237=CIRCLE('',#3459,1.27);
#238=CIRCLE('',#3461,0.9);
#239=CIRCLE('',#3462,0.9);
#240=CIRCLE('',#3464,1.625);
#241=CIRCLE('',#3479,0.38);
#242=CIRCLE('',#3481,0.38);
#243=CIRCLE('',#3483,0.38);
#244=CIRCLE('',#3485,0.38);
#245=CIRCLE('',#3487,0.38);
#246=CIRCLE('',#3489,0.38);
#247=FACE_OUTER_BOUND('',#425,.T.);
#248=FACE_OUTER_BOUND('',#427,.T.);
#249=FACE_OUTER_BOUND('',#429,.T.);
#250=FACE_OUTER_BOUND('',#431,.T.);
#251=FACE_OUTER_BOUND('',#432,.T.);
#252=FACE_OUTER_BOUND('',#433,.T.);
#253=FACE_OUTER_BOUND('',#434,.T.);
#254=FACE_OUTER_BOUND('',#435,.T.);
#255=FACE_OUTER_BOUND('',#436,.T.);
#256=FACE_OUTER_BOUND('',#437,.T.);
#257=FACE_OUTER_BOUND('',#439,.T.);
#258=FACE_OUTER_BOUND('',#441,.T.);
#259=FACE_OUTER_BOUND('',#442,.T.);
#260=FACE_OUTER_BOUND('',#443,.T.);
#261=FACE_OUTER_BOUND('',#444,.T.);
#262=FACE_OUTER_BOUND('',#447,.T.);
#263=FACE_OUTER_BOUND('',#448,.T.);
#264=FACE_OUTER_BOUND('',#449,.T.);
#265=FACE_OUTER_BOUND('',#450,.T.);
#266=FACE_OUTER_BOUND('',#451,.T.);
#267=FACE_OUTER_BOUND('',#452,.T.);
#268=FACE_OUTER_BOUND('',#453,.T.);
#269=FACE_OUTER_BOUND('',#454,.T.);
#270=FACE_OUTER_BOUND('',#455,.T.);
#271=FACE_OUTER_BOUND('',#456,.T.);
#272=FACE_OUTER_BOUND('',#457,.T.);
#273=FACE_OUTER_BOUND('',#458,.T.);
#274=FACE_OUTER_BOUND('',#459,.T.);
#275=FACE_OUTER_BOUND('',#460,.T.);
#276=FACE_OUTER_BOUND('',#461,.T.);
#277=FACE_OUTER_BOUND('',#462,.T.);
#278=FACE_OUTER_BOUND('',#463,.T.);
#279=FACE_OUTER_BOUND('',#464,.T.);
#280=FACE_OUTER_BOUND('',#465,.T.);
#281=FACE_OUTER_BOUND('',#466,.T.);
#282=FACE_OUTER_BOUND('',#467,.T.);
#283=FACE_OUTER_BOUND('',#468,.T.);
#284=FACE_OUTER_BOUND('',#469,.T.);
#285=FACE_OUTER_BOUND('',#470,.T.);
#286=FACE_OUTER_BOUND('',#471,.T.);
#287=FACE_OUTER_BOUND('',#472,.T.);
#288=FACE_OUTER_BOUND('',#473,.T.);
#289=FACE_OUTER_BOUND('',#474,.T.);
#290=FACE_OUTER_BOUND('',#475,.T.);
#291=FACE_OUTER_BOUND('',#476,.T.);
#292=FACE_OUTER_BOUND('',#477,.T.);
#293=FACE_OUTER_BOUND('',#478,.T.);
#294=FACE_OUTER_BOUND('',#479,.T.);
#295=FACE_OUTER_BOUND('',#480,.T.);
#296=FACE_OUTER_BOUND('',#481,.T.);
#297=FACE_OUTER_BOUND('',#482,.T.);
#298=FACE_OUTER_BOUND('',#483,.T.);
#299=FACE_OUTER_BOUND('',#484,.T.);
#300=FACE_OUTER_BOUND('',#485,.T.);
#301=FACE_OUTER_BOUND('',#486,.T.);
#302=FACE_OUTER_BOUND('',#487,.T.);
#303=FACE_OUTER_BOUND('',#488,.T.);
#304=FACE_OUTER_BOUND('',#489,.T.);
#305=FACE_OUTER_BOUND('',#490,.T.);
#306=FACE_OUTER_BOUND('',#491,.T.);
#307=FACE_OUTER_BOUND('',#492,.T.);
#308=FACE_OUTER_BOUND('',#493,.T.);
#309=FACE_OUTER_BOUND('',#494,.T.);
#310=FACE_OUTER_BOUND('',#495,.T.);
#311=FACE_OUTER_BOUND('',#496,.T.);
#312=FACE_OUTER_BOUND('',#497,.T.);
#313=FACE_OUTER_BOUND('',#498,.T.);
#314=FACE_OUTER_BOUND('',#499,.T.);
#315=FACE_OUTER_BOUND('',#500,.T.);
#316=FACE_OUTER_BOUND('',#501,.T.);
#317=FACE_OUTER_BOUND('',#502,.T.);
#318=FACE_OUTER_BOUND('',#503,.T.);
#319=FACE_OUTER_BOUND('',#504,.T.);
#320=FACE_OUTER_BOUND('',#505,.T.);
#321=FACE_OUTER_BOUND('',#506,.T.);
#322=FACE_OUTER_BOUND('',#507,.T.);
#323=FACE_OUTER_BOUND('',#508,.T.);
#324=FACE_OUTER_BOUND('',#509,.T.);
#325=FACE_OUTER_BOUND('',#510,.T.);
#326=FACE_OUTER_BOUND('',#511,.T.);
#327=FACE_OUTER_BOUND('',#512,.T.);
#328=FACE_OUTER_BOUND('',#513,.T.);
#329=FACE_OUTER_BOUND('',#514,.T.);
#330=FACE_OUTER_BOUND('',#515,.T.);
#331=FACE_OUTER_BOUND('',#516,.T.);
#332=FACE_OUTER_BOUND('',#517,.T.);
#333=FACE_OUTER_BOUND('',#518,.T.);
#334=FACE_OUTER_BOUND('',#519,.T.);
#335=FACE_OUTER_BOUND('',#520,.T.);
#336=FACE_OUTER_BOUND('',#521,.T.);
#337=FACE_OUTER_BOUND('',#522,.T.);
#338=FACE_OUTER_BOUND('',#523,.T.);
#339=FACE_OUTER_BOUND('',#524,.T.);
#340=FACE_OUTER_BOUND('',#525,.T.);
#341=FACE_OUTER_BOUND('',#526,.T.);
#342=FACE_OUTER_BOUND('',#527,.T.);
#343=FACE_OUTER_BOUND('',#528,.T.);
#344=FACE_OUTER_BOUND('',#529,.T.);
#345=FACE_OUTER_BOUND('',#530,.T.);
#346=FACE_OUTER_BOUND('',#531,.T.);
#347=FACE_OUTER_BOUND('',#532,.T.);
#348=FACE_OUTER_BOUND('',#533,.T.);
#349=FACE_OUTER_BOUND('',#534,.T.);
#350=FACE_OUTER_BOUND('',#535,.T.);
#351=FACE_OUTER_BOUND('',#536,.T.);
#352=FACE_OUTER_BOUND('',#537,.T.);
#353=FACE_OUTER_BOUND('',#538,.T.);
#354=FACE_OUTER_BOUND('',#539,.T.);
#355=FACE_OUTER_BOUND('',#540,.T.);
#356=FACE_OUTER_BOUND('',#541,.T.);
#357=FACE_OUTER_BOUND('',#542,.T.);
#358=FACE_OUTER_BOUND('',#543,.T.);
#359=FACE_OUTER_BOUND('',#544,.T.);
#360=FACE_OUTER_BOUND('',#545,.T.);
#361=FACE_OUTER_BOUND('',#546,.T.);
#362=FACE_OUTER_BOUND('',#547,.T.);
#363=FACE_OUTER_BOUND('',#548,.T.);
#364=FACE_OUTER_BOUND('',#549,.T.);
#365=FACE_OUTER_BOUND('',#550,.T.);
#366=FACE_OUTER_BOUND('',#551,.T.);
#367=FACE_OUTER_BOUND('',#552,.T.);
#368=FACE_OUTER_BOUND('',#553,.T.);
#369=FACE_OUTER_BOUND('',#554,.T.);
#370=FACE_OUTER_BOUND('',#555,.T.);
#371=FACE_OUTER_BOUND('',#556,.T.);
#372=FACE_OUTER_BOUND('',#557,.T.);
#373=FACE_OUTER_BOUND('',#558,.T.);
#374=FACE_OUTER_BOUND('',#559,.T.);
#375=FACE_OUTER_BOUND('',#560,.T.);
#376=FACE_OUTER_BOUND('',#561,.T.);
#377=FACE_OUTER_BOUND('',#562,.T.);
#378=FACE_OUTER_BOUND('',#563,.T.);
#379=FACE_OUTER_BOUND('',#564,.T.);
#380=FACE_OUTER_BOUND('',#565,.T.);
#381=FACE_OUTER_BOUND('',#566,.T.);
#382=FACE_OUTER_BOUND('',#567,.T.);
#383=FACE_OUTER_BOUND('',#568,.T.);
#384=FACE_OUTER_BOUND('',#569,.T.);
#385=FACE_OUTER_BOUND('',#570,.T.);
#386=FACE_OUTER_BOUND('',#571,.T.);
#387=FACE_OUTER_BOUND('',#572,.T.);
#388=FACE_OUTER_BOUND('',#573,.T.);
#389=FACE_OUTER_BOUND('',#574,.T.);
#390=FACE_OUTER_BOUND('',#575,.T.);
#391=FACE_OUTER_BOUND('',#576,.T.);
#392=FACE_OUTER_BOUND('',#577,.T.);
#393=FACE_OUTER_BOUND('',#578,.T.);
#394=FACE_OUTER_BOUND('',#579,.T.);
#395=FACE_OUTER_BOUND('',#580,.T.);
#396=FACE_OUTER_BOUND('',#581,.T.);
#397=FACE_OUTER_BOUND('',#582,.T.);
#398=FACE_OUTER_BOUND('',#583,.T.);
#399=FACE_OUTER_BOUND('',#584,.T.);
#400=FACE_OUTER_BOUND('',#585,.T.);
#401=FACE_OUTER_BOUND('',#586,.T.);
#402=FACE_OUTER_BOUND('',#587,.T.);
#403=FACE_OUTER_BOUND('',#588,.T.);
#404=FACE_OUTER_BOUND('',#589,.T.);
#405=FACE_OUTER_BOUND('',#590,.T.);
#406=FACE_OUTER_BOUND('',#591,.T.);
#407=FACE_OUTER_BOUND('',#592,.T.);
#408=FACE_OUTER_BOUND('',#593,.T.);
#409=FACE_OUTER_BOUND('',#594,.T.);
#410=FACE_OUTER_BOUND('',#595,.T.);
#411=FACE_OUTER_BOUND('',#596,.T.);
#412=FACE_OUTER_BOUND('',#597,.T.);
#413=FACE_OUTER_BOUND('',#598,.T.);
#414=FACE_OUTER_BOUND('',#599,.T.);
#415=FACE_OUTER_BOUND('',#600,.T.);
#416=FACE_OUTER_BOUND('',#602,.T.);
#417=FACE_OUTER_BOUND('',#603,.T.);
#418=FACE_OUTER_BOUND('',#604,.T.);
#419=FACE_OUTER_BOUND('',#605,.T.);
#420=FACE_OUTER_BOUND('',#606,.T.);
#421=FACE_OUTER_BOUND('',#607,.T.);
#422=FACE_OUTER_BOUND('',#616,.T.);
#423=FACE_OUTER_BOUND('',#617,.T.);
#424=FACE_OUTER_BOUND('',#618,.T.);
#425=EDGE_LOOP('',(#2129,#2130,#2131,#2132));
#426=EDGE_LOOP('',(#2133));
#427=EDGE_LOOP('',(#2134,#2135,#2136,#2137));
#428=EDGE_LOOP('',(#2138));
#429=EDGE_LOOP('',(#2139,#2140,#2141,#2142));
#430=EDGE_LOOP('',(#2143,#2144));
#431=EDGE_LOOP('',(#2145,#2146,#2147,#2148));
#432=EDGE_LOOP('',(#2149,#2150,#2151,#2152));
#433=EDGE_LOOP('',(#2153,#2154,#2155,#2156));
#434=EDGE_LOOP('',(#2157,#2158,#2159,#2160));
#435=EDGE_LOOP('',(#2161,#2162,#2163,#2164));
#436=EDGE_LOOP('',(#2165,#2166,#2167,#2168));
#437=EDGE_LOOP('',(#2169,#2170,#2171,#2172));
#438=EDGE_LOOP('',(#2173,#2174,#2175,#2176));
#439=EDGE_LOOP('',(#2177));
#440=EDGE_LOOP('',(#2178,#2179,#2180,#2181));
#441=EDGE_LOOP('',(#2182,#2183,#2184,#2185));
#442=EDGE_LOOP('',(#2186,#2187,#2188,#2189));
#443=EDGE_LOOP('',(#2190,#2191,#2192,#2193,#2194,#2195));
#444=EDGE_LOOP('',(#2196,#2197,#2198,#2199,#2200,#2201));
#445=EDGE_LOOP('',(#2202));
#446=EDGE_LOOP('',(#2203));
#447=EDGE_LOOP('',(#2204,#2205,#2206,#2207,#2208,#2209));
#448=EDGE_LOOP('',(#2210,#2211,#2212,#2213));
#449=EDGE_LOOP('',(#2214,#2215,#2216,#2217,#2218));
#450=EDGE_LOOP('',(#2219,#2220,#2221,#2222,#2223,#2224));
#451=EDGE_LOOP('',(#2225,#2226,#2227,#2228,#2229,#2230,#2231,#2232));
#452=EDGE_LOOP('',(#2233,#2234,#2235,#2236));
#453=EDGE_LOOP('',(#2237,#2238,#2239,#2240,#2241,#2242,#2243,#2244));
#454=EDGE_LOOP('',(#2245,#2246,#2247,#2248));
#455=EDGE_LOOP('',(#2249,#2250,#2251,#2252,#2253,#2254,#2255,#2256));
#456=EDGE_LOOP('',(#2257,#2258,#2259,#2260,#2261,#2262,#2263,#2264));
#457=EDGE_LOOP('',(#2265,#2266,#2267,#2268,#2269,#2270));
#458=EDGE_LOOP('',(#2271,#2272,#2273,#2274,#2275));
#459=EDGE_LOOP('',(#2276,#2277,#2278,#2279,#2280,#2281));
#460=EDGE_LOOP('',(#2282,#2283,#2284,#2285,#2286,#2287,#2288,#2289,#2290,
#2291));
#461=EDGE_LOOP('',(#2292,#2293,#2294,#2295,#2296,#2297,#2298,#2299,#2300,
#2301));
#462=EDGE_LOOP('',(#2302,#2303,#2304,#2305));
#463=EDGE_LOOP('',(#2306,#2307,#2308,#2309,#2310,#2311,#2312,#2313,#2314,
#2315));
#464=EDGE_LOOP('',(#2316,#2317,#2318,#2319));
#465=EDGE_LOOP('',(#2320,#2321,#2322,#2323));
#466=EDGE_LOOP('',(#2324,#2325,#2326,#2327));
#467=EDGE_LOOP('',(#2328,#2329,#2330,#2331));
#468=EDGE_LOOP('',(#2332,#2333,#2334,#2335));
#469=EDGE_LOOP('',(#2336,#2337,#2338,#2339));
#470=EDGE_LOOP('',(#2340,#2341,#2342,#2343));
#471=EDGE_LOOP('',(#2344,#2345,#2346,#2347));
#472=EDGE_LOOP('',(#2348,#2349,#2350,#2351));
#473=EDGE_LOOP('',(#2352,#2353,#2354,#2355));
#474=EDGE_LOOP('',(#2356,#2357,#2358,#2359));
#475=EDGE_LOOP('',(#2360,#2361,#2362,#2363,#2364));
#476=EDGE_LOOP('',(#2365,#2366,#2367,#2368,#2369));
#477=EDGE_LOOP('',(#2370,#2371,#2372,#2373,#2374));
#478=EDGE_LOOP('',(#2375,#2376,#2377,#2378,#2379));
#479=EDGE_LOOP('',(#2380,#2381,#2382,#2383,#2384));
#480=EDGE_LOOP('',(#2385,#2386,#2387,#2388,#2389));
#481=EDGE_LOOP('',(#2390,#2391,#2392,#2393));
#482=EDGE_LOOP('',(#2394,#2395,#2396,#2397,#2398,#2399,#2400,#2401,#2402,
#2403));
#483=EDGE_LOOP('',(#2404,#2405,#2406,#2407));
#484=EDGE_LOOP('',(#2408,#2409,#2410,#2411,#2412,#2413,#2414,#2415,#2416,
#2417));
#485=EDGE_LOOP('',(#2418,#2419,#2420,#2421));
#486=EDGE_LOOP('',(#2422,#2423,#2424,#2425,#2426,#2427,#2428,#2429,#2430,
#2431));
#487=EDGE_LOOP('',(#2432,#2433,#2434,#2435));
#488=EDGE_LOOP('',(#2436,#2437,#2438,#2439));
#489=EDGE_LOOP('',(#2440,#2441,#2442,#2443));
#490=EDGE_LOOP('',(#2444,#2445,#2446,#2447));
#491=EDGE_LOOP('',(#2448,#2449,#2450,#2451));
#492=EDGE_LOOP('',(#2452,#2453,#2454,#2455));
#493=EDGE_LOOP('',(#2456,#2457,#2458,#2459));
#494=EDGE_LOOP('',(#2460,#2461,#2462,#2463));
#495=EDGE_LOOP('',(#2464,#2465,#2466,#2467));
#496=EDGE_LOOP('',(#2468,#2469,#2470,#2471));
#497=EDGE_LOOP('',(#2472,#2473,#2474,#2475));
#498=EDGE_LOOP('',(#2476,#2477,#2478,#2479));
#499=EDGE_LOOP('',(#2480,#2481,#2482,#2483));
#500=EDGE_LOOP('',(#2484,#2485,#2486,#2487,#2488,#2489,#2490,#2491,#2492,
#2493,#2494,#2495));
#501=EDGE_LOOP('',(#2496,#2497,#2498,#2499));
#502=EDGE_LOOP('',(#2500,#2501,#2502,#2503));
#503=EDGE_LOOP('',(#2504,#2505,#2506,#2507));
#504=EDGE_LOOP('',(#2508,#2509,#2510,#2511));
#505=EDGE_LOOP('',(#2512,#2513,#2514,#2515));
#506=EDGE_LOOP('',(#2516,#2517,#2518,#2519));
#507=EDGE_LOOP('',(#2520,#2521,#2522,#2523));
#508=EDGE_LOOP('',(#2524,#2525,#2526,#2527));
#509=EDGE_LOOP('',(#2528,#2529,#2530,#2531));
#510=EDGE_LOOP('',(#2532,#2533,#2534,#2535));
#511=EDGE_LOOP('',(#2536,#2537,#2538,#2539));
#512=EDGE_LOOP('',(#2540,#2541,#2542,#2543));
#513=EDGE_LOOP('',(#2544,#2545,#2546,#2547,#2548,#2549,#2550,#2551,#2552,
#2553,#2554,#2555));
#514=EDGE_LOOP('',(#2556,#2557,#2558,#2559));
#515=EDGE_LOOP('',(#2560,#2561,#2562,#2563));
#516=EDGE_LOOP('',(#2564,#2565,#2566,#2567));
#517=EDGE_LOOP('',(#2568,#2569,#2570,#2571));
#518=EDGE_LOOP('',(#2572,#2573,#2574,#2575));
#519=EDGE_LOOP('',(#2576,#2577,#2578,#2579));
#520=EDGE_LOOP('',(#2580,#2581,#2582,#2583));
#521=EDGE_LOOP('',(#2584,#2585,#2586,#2587));
#522=EDGE_LOOP('',(#2588,#2589,#2590,#2591,#2592,#2593,#2594,#2595));
#523=EDGE_LOOP('',(#2596,#2597,#2598,#2599));
#524=EDGE_LOOP('',(#2600,#2601,#2602,#2603));
#525=EDGE_LOOP('',(#2604,#2605,#2606,#2607));
#526=EDGE_LOOP('',(#2608,#2609,#2610,#2611));
#527=EDGE_LOOP('',(#2612,#2613,#2614,#2615));
#528=EDGE_LOOP('',(#2616,#2617,#2618,#2619));
#529=EDGE_LOOP('',(#2620,#2621,#2622,#2623));
#530=EDGE_LOOP('',(#2624,#2625,#2626,#2627));
#531=EDGE_LOOP('',(#2628,#2629,#2630,#2631));
#532=EDGE_LOOP('',(#2632,#2633,#2634,#2635));
#533=EDGE_LOOP('',(#2636,#2637,#2638,#2639));
#534=EDGE_LOOP('',(#2640,#2641,#2642,#2643));
#535=EDGE_LOOP('',(#2644,#2645,#2646,#2647));
#536=EDGE_LOOP('',(#2648,#2649,#2650,#2651));
#537=EDGE_LOOP('',(#2652,#2653,#2654,#2655));
#538=EDGE_LOOP('',(#2656,#2657,#2658,#2659));
#539=EDGE_LOOP('',(#2660,#2661,#2662,#2663));
#540=EDGE_LOOP('',(#2664,#2665,#2666,#2667));
#541=EDGE_LOOP('',(#2668,#2669,#2670,#2671));
#542=EDGE_LOOP('',(#2672,#2673,#2674,#2675));
#543=EDGE_LOOP('',(#2676,#2677,#2678,#2679));
#544=EDGE_LOOP('',(#2680,#2681,#2682,#2683));
#545=EDGE_LOOP('',(#2684,#2685,#2686,#2687));
#546=EDGE_LOOP('',(#2688,#2689,#2690,#2691));
#547=EDGE_LOOP('',(#2692,#2693,#2694,#2695));
#548=EDGE_LOOP('',(#2696,#2697,#2698,#2699));
#549=EDGE_LOOP('',(#2700,#2701,#2702,#2703));
#550=EDGE_LOOP('',(#2704,#2705,#2706,#2707,#2708,#2709,#2710,#2711,#2712,
#2713,#2714,#2715,#2716,#2717,#2718,#2719,#2720,#2721,#2722,#2723,#2724,
#2725));
#551=EDGE_LOOP('',(#2726,#2727,#2728,#2729));
#552=EDGE_LOOP('',(#2730,#2731,#2732,#2733));
#553=EDGE_LOOP('',(#2734,#2735,#2736,#2737));
#554=EDGE_LOOP('',(#2738,#2739,#2740,#2741));
#555=EDGE_LOOP('',(#2742,#2743,#2744,#2745));
#556=EDGE_LOOP('',(#2746,#2747,#2748,#2749));
#557=EDGE_LOOP('',(#2750,#2751,#2752,#2753));
#558=EDGE_LOOP('',(#2754,#2755,#2756,#2757));
#559=EDGE_LOOP('',(#2758,#2759,#2760,#2761));
#560=EDGE_LOOP('',(#2762,#2763,#2764,#2765));
#561=EDGE_LOOP('',(#2766,#2767,#2768,#2769));
#562=EDGE_LOOP('',(#2770,#2771,#2772,#2773));
#563=EDGE_LOOP('',(#2774,#2775,#2776,#2777));
#564=EDGE_LOOP('',(#2778,#2779,#2780,#2781));
#565=EDGE_LOOP('',(#2782,#2783,#2784,#2785));
#566=EDGE_LOOP('',(#2786,#2787,#2788,#2789));
#567=EDGE_LOOP('',(#2790,#2791,#2792,#2793));
#568=EDGE_LOOP('',(#2794,#2795,#2796,#2797));
#569=EDGE_LOOP('',(#2798,#2799,#2800,#2801));
#570=EDGE_LOOP('',(#2802,#2803,#2804,#2805));
#571=EDGE_LOOP('',(#2806,#2807,#2808,#2809));
#572=EDGE_LOOP('',(#2810,#2811,#2812,#2813));
#573=EDGE_LOOP('',(#2814,#2815,#2816,#2817,#2818,#2819,#2820,#2821,#2822,
#2823,#2824,#2825,#2826,#2827,#2828,#2829,#2830,#2831,#2832,#2833,#2834,
#2835));
#574=EDGE_LOOP('',(#2836,#2837,#2838,#2839));
#575=EDGE_LOOP('',(#2840,#2841,#2842,#2843));
#576=EDGE_LOOP('',(#2844,#2845,#2846,#2847));
#577=EDGE_LOOP('',(#2848,#2849,#2850,#2851));
#578=EDGE_LOOP('',(#2852,#2853,#2854,#2855));
#579=EDGE_LOOP('',(#2856,#2857,#2858,#2859));
#580=EDGE_LOOP('',(#2860,#2861,#2862,#2863));
#581=EDGE_LOOP('',(#2864,#2865,#2866,#2867));
#582=EDGE_LOOP('',(#2868,#2869,#2870,#2871));
#583=EDGE_LOOP('',(#2872,#2873,#2874,#2875));
#584=EDGE_LOOP('',(#2876,#2877,#2878,#2879));
#585=EDGE_LOOP('',(#2880,#2881,#2882,#2883));
#586=EDGE_LOOP('',(#2884,#2885,#2886,#2887));
#587=EDGE_LOOP('',(#2888,#2889,#2890,#2891));
#588=EDGE_LOOP('',(#2892,#2893,#2894,#2895));
#589=EDGE_LOOP('',(#2896,#2897,#2898,#2899));
#590=EDGE_LOOP('',(#2900,#2901,#2902,#2903));
#591=EDGE_LOOP('',(#2904,#2905,#2906,#2907,#2908,#2909,#2910,#2911,#2912,
#2913,#2914,#2915));
#592=EDGE_LOOP('',(#2916,#2917,#2918,#2919));
#593=EDGE_LOOP('',(#2920,#2921,#2922,#2923));
#594=EDGE_LOOP('',(#2924,#2925,#2926,#2927));
#595=EDGE_LOOP('',(#2928,#2929,#2930,#2931));
#596=EDGE_LOOP('',(#2932,#2933,#2934,#2935));
#597=EDGE_LOOP('',(#2936,#2937,#2938,#2939));
#598=EDGE_LOOP('',(#2940,#2941,#2942,#2943));
#599=EDGE_LOOP('',(#2944,#2945,#2946,#2947));
#600=EDGE_LOOP('',(#2948,#2949,#2950,#2951,#2952,#2953,#2954,#2955,#2956,
#2957,#2958,#2959));
#601=EDGE_LOOP('',(#2960,#2961,#2962,#2963,#2964,#2965,#2966,#2967));
#602=EDGE_LOOP('',(#2968,#2969,#2970,#2971,#2972,#2973,#2974,#2975));
#603=EDGE_LOOP('',(#2976,#2977,#2978,#2979));
#604=EDGE_LOOP('',(#2980,#2981,#2982,#2983));
#605=EDGE_LOOP('',(#2984,#2985,#2986,#2987));
#606=EDGE_LOOP('',(#2988,#2989,#2990,#2991));
#607=EDGE_LOOP('',(#2992,#2993,#2994,#2995,#2996,#2997,#2998,#2999));
#608=EDGE_LOOP('',(#3000,#3001,#3002,#3003,#3004,#3005,#3006,#3007,#3008,
#3009,#3010,#3011));
#609=EDGE_LOOP('',(#3012,#3013,#3014,#3015,#3016,#3017,#3018,#3019,#3020,
#3021,#3022,#3023));
#610=EDGE_LOOP('',(#3024,#3025,#3026,#3027,#3028,#3029,#3030,#3031));
#611=EDGE_LOOP('',(#3032,#3033,#3034,#3035));
#612=EDGE_LOOP('',(#3036,#3037,#3038,#3039,#3040,#3041,#3042,#3043,#3044,
#3045,#3046,#3047,#3048,#3049,#3050,#3051,#3052,#3053,#3054,#3055,#3056,
#3057));
#613=EDGE_LOOP('',(#3058,#3059,#3060,#3061,#3062,#3063,#3064,#3065,#3066,
#3067,#3068,#3069,#3070,#3071,#3072,#3073,#3074,#3075,#3076,#3077,#3078,
#3079));
#614=EDGE_LOOP('',(#3080,#3081,#3082,#3083));
#615=EDGE_LOOP('',(#3084,#3085,#3086,#3087,#3088,#3089,#3090,#3091,#3092,
#3093,#3094,#3095));
#616=EDGE_LOOP('',(#3096,#3097,#3098,#3099,#3100,#3101,#3102,#3103));
#617=EDGE_LOOP('',(#3104,#3105,#3106,#3107,#3108,#3109,#3110,#3111));
#618=EDGE_LOOP('',(#3112,#3113,#3114,#3115));
#619=EDGE_LOOP('',(#3116));
#620=LINE('',#4276,#962);
#621=LINE('',#4278,#963);
#622=LINE('',#4280,#964);
#623=LINE('',#4281,#965);
#624=LINE('',#4287,#966);
#625=LINE('',#4289,#967);
#626=LINE('',#4291,#968);
#627=LINE('',#4292,#969);
#628=LINE('',#4309,#970);
#629=LINE('',#4311,#971);
#630=LINE('',#4313,#972);
#631=LINE('',#4314,#973);
#632=LINE('',#4319,#974);
#633=LINE('',#4323,#975);
#634=LINE('',#4325,#976);
#635=LINE('',#4326,#977);
#636=LINE('',#4336,#978);
#637=LINE('',#4350,#979);
#638=LINE('',#4444,#980);
#639=LINE('',#4447,#981);
#640=LINE('',#4463,#982);
#641=LINE('',#4616,#983);
#642=LINE('',#4623,#984);
#643=LINE('',#4692,#985);
#644=LINE('',#4699,#986);
#645=LINE('',#4941,#987);
#646=LINE('',#5009,#988);
#647=LINE('',#5011,#989);
#648=LINE('',#5012,#990);
#649=LINE('',#5014,#991);
#650=LINE('',#5016,#992);
#651=LINE('',#5017,#993);
#652=LINE('',#5023,#994);
#653=LINE('',#5025,#995);
#654=LINE('',#5026,#996);
#655=LINE('',#5028,#997);
#656=LINE('',#5030,#998);
#657=LINE('',#5031,#999);
#658=LINE('',#5034,#1000);
#659=LINE('',#5037,#1001);
#660=LINE('',#5043,#1002);
#661=LINE('',#5045,#1003);
#662=LINE('',#5046,#1004);
#663=LINE('',#5048,#1005);
#664=LINE('',#5050,#1006);
#665=LINE('',#5051,#1007);
#666=LINE('',#5054,#1008);
#667=LINE('',#5057,#1009);
#668=LINE('',#5060,#1010);
#669=LINE('',#5063,#1011);
#670=LINE('',#5066,#1012);
#671=LINE('',#5067,#1013);
#672=LINE('',#5070,#1014);
#673=LINE('',#5071,#1015);
#674=LINE('',#5074,#1016);
#675=LINE('',#5075,#1017);
#676=LINE('',#5078,#1018);
#677=LINE('',#5079,#1019);
#678=LINE('',#5082,#1020);
#679=LINE('',#5083,#1021);
#680=LINE('',#5086,#1022);
#681=LINE('',#5087,#1023);
#682=LINE('',#5090,#1024);
#683=LINE('',#5091,#1025);
#684=LINE('',#5094,#1026);
#685=LINE('',#5095,#1027);
#686=LINE('',#5098,#1028);
#687=LINE('',#5099,#1029);
#688=LINE('',#5101,#1030);
#689=LINE('',#5104,#1031);
#690=LINE('',#5105,#1032);
#691=LINE('',#5108,#1033);
#692=LINE('',#5109,#1034);
#693=LINE('',#5111,#1035);
#694=LINE('',#5113,#1036);
#695=LINE('',#5116,#1037);
#696=LINE('',#5117,#1038);
#697=LINE('',#5119,#1039);
#698=LINE('',#5120,#1040);
#699=LINE('',#5122,#1041);
#700=LINE('',#5125,#1042);
#701=LINE('',#5128,#1043);
#702=LINE('',#5133,#1044);
#703=LINE('',#5135,#1045);
#704=LINE('',#5137,#1046);
#705=LINE('',#5138,#1047);
#706=LINE('',#5141,#1048);
#707=LINE('',#5143,#1049);
#708=LINE('',#5144,#1050);
#709=LINE('',#5147,#1051);
#710=LINE('',#5149,#1052);
#711=LINE('',#5150,#1053);
#712=LINE('',#5153,#1054);
#713=LINE('',#5155,#1055);
#714=LINE('',#5156,#1056);
#715=LINE('',#5159,#1057);
#716=LINE('',#5161,#1058);
#717=LINE('',#5162,#1059);
#718=LINE('',#5165,#1060);
#719=LINE('',#5167,#1061);
#720=LINE('',#5168,#1062);
#721=LINE('',#5171,#1063);
#722=LINE('',#5173,#1064);
#723=LINE('',#5174,#1065);
#724=LINE('',#5177,#1066);
#725=LINE('',#5179,#1067);
#726=LINE('',#5180,#1068);
#727=LINE('',#5183,#1069);
#728=LINE('',#5185,#1070);
#729=LINE('',#5186,#1071);
#730=LINE('',#5189,#1072);
#731=LINE('',#5191,#1073);
#732=LINE('',#5192,#1074);
#733=LINE('',#5195,#1075);
#734=LINE('',#5197,#1076);
#735=LINE('',#5198,#1077);
#736=LINE('',#5200,#1078);
#737=LINE('',#5201,#1079);
#738=LINE('',#5218,#1080);
#739=LINE('',#5224,#1081);
#740=LINE('',#5239,#1082);
#741=LINE('',#5255,#1083);
#742=LINE('',#5270,#1084);
#743=LINE('',#5288,#1085);
#744=LINE('',#5295,#1086);
#745=LINE('',#5297,#1087);
#746=LINE('',#5298,#1088);
#747=LINE('',#5313,#1089);
#748=LINE('',#5329,#1090);
#749=LINE('',#5344,#1091);
#750=LINE('',#5362,#1092);
#751=LINE('',#5381,#1093);
#752=LINE('',#5387,#1094);
#753=LINE('',#5388,#1095);
#754=LINE('',#5393,#1096);
#755=LINE('',#5395,#1097);
#756=LINE('',#5397,#1098);
#757=LINE('',#5398,#1099);
#758=LINE('',#5401,#1100);
#759=LINE('',#5403,#1101);
#760=LINE('',#5404,#1102);
#761=LINE('',#5407,#1103);
#762=LINE('',#5409,#1104);
#763=LINE('',#5410,#1105);
#764=LINE('',#5413,#1106);
#765=LINE('',#5415,#1107);
#766=LINE('',#5416,#1108);
#767=LINE('',#5419,#1109);
#768=LINE('',#5421,#1110);
#769=LINE('',#5422,#1111);
#770=LINE('',#5425,#1112);
#771=LINE('',#5427,#1113);
#772=LINE('',#5428,#1114);
#773=LINE('',#5431,#1115);
#774=LINE('',#5433,#1116);
#775=LINE('',#5434,#1117);
#776=LINE('',#5436,#1118);
#777=LINE('',#5437,#1119);
#778=LINE('',#5442,#1120);
#779=LINE('',#5444,#1121);
#780=LINE('',#5446,#1122);
#781=LINE('',#5447,#1123);
#782=LINE('',#5450,#1124);
#783=LINE('',#5452,#1125);
#784=LINE('',#5453,#1126);
#785=LINE('',#5456,#1127);
#786=LINE('',#5458,#1128);
#787=LINE('',#5459,#1129);
#788=LINE('',#5461,#1130);
#789=LINE('',#5462,#1131);
#790=LINE('',#5467,#1132);
#791=LINE('',#5469,#1133);
#792=LINE('',#5471,#1134);
#793=LINE('',#5472,#1135);
#794=LINE('',#5475,#1136);
#795=LINE('',#5477,#1137);
#796=LINE('',#5478,#1138);
#797=LINE('',#5490,#1139);
#798=LINE('',#5505,#1140);
#799=LINE('',#5520,#1141);
#800=LINE('',#5535,#1142);
#801=LINE('',#5541,#1143);
#802=LINE('',#5543,#1144);
#803=LINE('',#5544,#1145);
#804=LINE('',#5547,#1146);
#805=LINE('',#5549,#1147);
#806=LINE('',#5550,#1148);
#807=LINE('',#5553,#1149);
#808=LINE('',#5555,#1150);
#809=LINE('',#5556,#1151);
#810=LINE('',#5568,#1152);
#811=LINE('',#5583,#1153);
#812=LINE('',#5598,#1154);
#813=LINE('',#5604,#1155);
#814=LINE('',#5606,#1156);
#815=LINE('',#5607,#1157);
#816=LINE('',#5610,#1158);
#817=LINE('',#5612,#1159);
#818=LINE('',#5613,#1160);
#819=LINE('',#5616,#1161);
#820=LINE('',#5618,#1162);
#821=LINE('',#5619,#1163);
#822=LINE('',#5622,#1164);
#823=LINE('',#5624,#1165);
#824=LINE('',#5625,#1166);
#825=LINE('',#5628,#1167);
#826=LINE('',#5630,#1168);
#827=LINE('',#5631,#1169);
#828=LINE('',#5643,#1170);
#829=LINE('',#5658,#1171);
#830=LINE('',#5664,#1172);
#831=LINE('',#5666,#1173);
#832=LINE('',#5667,#1174);
#833=LINE('',#5670,#1175);
#834=LINE('',#5672,#1176);
#835=LINE('',#5673,#1177);
#836=LINE('',#5675,#1178);
#837=LINE('',#5676,#1179);
#838=LINE('',#5681,#1180);
#839=LINE('',#5683,#1181);
#840=LINE('',#5685,#1182);
#841=LINE('',#5686,#1183);
#842=LINE('',#5704,#1184);
#843=LINE('',#5724,#1185);
#844=LINE('',#5740,#1186);
#845=LINE('',#5755,#1187);
#846=LINE('',#5770,#1188);
#847=LINE('',#5788,#1189);
#848=LINE('',#5810,#1190);
#849=LINE('',#5833,#1191);
#850=LINE('',#5850,#1192);
#851=LINE('',#5856,#1193);
#852=LINE('',#5858,#1194);
#853=LINE('',#5859,#1195);
#854=LINE('',#5871,#1196);
#855=LINE('',#5892,#1197);
#856=LINE('',#5909,#1198);
#857=LINE('',#5924,#1199);
#858=LINE('',#5942,#1200);
#859=LINE('',#5958,#1201);
#860=LINE('',#5973,#1202);
#861=LINE('',#5991,#1203);
#862=LINE('',#6013,#1204);
#863=LINE('',#6033,#1205);
#864=LINE('',#6039,#1206);
#865=LINE('',#6040,#1207);
#866=LINE('',#6045,#1208);
#867=LINE('',#6047,#1209);
#868=LINE('',#6049,#1210);
#869=LINE('',#6050,#1211);
#870=LINE('',#6053,#1212);
#871=LINE('',#6055,#1213);
#872=LINE('',#6056,#1214);
#873=LINE('',#6059,#1215);
#874=LINE('',#6061,#1216);
#875=LINE('',#6062,#1217);
#876=LINE('',#6064,#1218);
#877=LINE('',#6065,#1219);
#878=LINE('',#6070,#1220);
#879=LINE('',#6072,#1221);
#880=LINE('',#6074,#1222);
#881=LINE('',#6075,#1223);
#882=LINE('',#6078,#1224);
#883=LINE('',#6080,#1225);
#884=LINE('',#6081,#1226);
#885=LINE('',#6084,#1227);
#886=LINE('',#6086,#1228);
#887=LINE('',#6087,#1229);
#888=LINE('',#6090,#1230);
#889=LINE('',#6092,#1231);
#890=LINE('',#6093,#1232);
#891=LINE('',#6096,#1233);
#892=LINE('',#6098,#1234);
#893=LINE('',#6099,#1235);
#894=LINE('',#6102,#1236);
#895=LINE('',#6104,#1237);
#896=LINE('',#6105,#1238);
#897=LINE('',#6108,#1239);
#898=LINE('',#6110,#1240);
#899=LINE('',#6111,#1241);
#900=LINE('',#6114,#1242);
#901=LINE('',#6116,#1243);
#902=LINE('',#6117,#1244);
#903=LINE('',#6120,#1245);
#904=LINE('',#6122,#1246);
#905=LINE('',#6123,#1247);
#906=LINE('',#6126,#1248);
#907=LINE('',#6128,#1249);
#908=LINE('',#6129,#1250);
#909=LINE('',#6132,#1251);
#910=LINE('',#6134,#1252);
#911=LINE('',#6135,#1253);
#912=LINE('',#6137,#1254);
#913=LINE('',#6138,#1255);
#914=LINE('',#6143,#1256);
#915=LINE('',#6145,#1257);
#916=LINE('',#6147,#1258);
#917=LINE('',#6148,#1259);
#918=LINE('',#6152,#1260);
#919=LINE('',#6154,#1261);
#920=LINE('',#6156,#1262);
#921=LINE('',#6157,#1263);
#922=LINE('',#6160,#1264);
#923=LINE('',#6162,#1265);
#924=LINE('',#6163,#1266);
#925=LINE('',#6167,#1267);
#926=LINE('',#6169,#1268);
#927=LINE('',#6171,#1269);
#928=LINE('',#6172,#1270);
#929=LINE('',#6175,#1271);
#930=LINE('',#6177,#1272);
#931=LINE('',#6178,#1273);
#932=LINE('',#6182,#1274);
#933=LINE('',#6184,#1275);
#934=LINE('',#6186,#1276);
#935=LINE('',#6187,#1277);
#936=LINE('',#6190,#1278);
#937=LINE('',#6192,#1279);
#938=LINE('',#6193,#1280);
#939=LINE('',#6196,#1281);
#940=LINE('',#6198,#1282);
#941=LINE('',#6199,#1283);
#942=LINE('',#6201,#1284);
#943=LINE('',#6202,#1285);
#944=LINE('',#6203,#1286);
#945=LINE('',#6204,#1287);
#946=LINE('',#6207,#1288);
#947=LINE('',#6209,#1289);
#948=LINE('',#6211,#1290);
#949=LINE('',#6213,#1291);
#950=LINE('',#6214,#1292);
#951=LINE('',#6216,#1293);
#952=LINE('',#6219,#1294);
#953=LINE('',#6220,#1295);
#954=LINE('',#6223,#1296);
#955=LINE('',#6224,#1297);
#956=LINE('',#6226,#1298);
#957=LINE('',#6229,#1299);
#958=LINE('',#6230,#1300);
#959=LINE('',#6233,#1301);
#960=LINE('',#6234,#1302);
#961=LINE('',#6236,#1303);
#962=VECTOR('',#3600,10.);
#963=VECTOR('',#3601,10.);
#964=VECTOR('',#3602,10.);
#965=VECTOR('',#3603,10.);
#966=VECTOR('',#3608,10.);
#967=VECTOR('',#3609,10.);
#968=VECTOR('',#3610,10.);
#969=VECTOR('',#3611,10.);
#970=VECTOR('',#3634,10.);
#971=VECTOR('',#3635,10.);
#972=VECTOR('',#3636,10.);
#973=VECTOR('',#3637,10.);
#974=VECTOR('',#3642,10.);
#975=VECTOR('',#3647,10.);
#976=VECTOR('',#3648,10.);
#977=VECTOR('',#3649,10.);
#978=VECTOR('',#3664,2.4);
#979=VECTOR('',#3681,1.085);
#980=VECTOR('',#3692,10.);
#981=VECTOR('',#3695,10.);
#982=VECTOR('',#3700,10.);
#983=VECTOR('',#3705,10.);
#984=VECTOR('',#3706,10.);
#985=VECTOR('',#3709,10.);
#986=VECTOR('',#3710,10.);
#987=VECTOR('',#3719,10.);
#988=VECTOR('',#3724,10.);
#989=VECTOR('',#3725,10.);
#990=VECTOR('',#3726,10.);
#991=VECTOR('',#3727,10.);
#992=VECTOR('',#3728,10.);
#993=VECTOR('',#3729,10.);
#994=VECTOR('',#3734,10.);
#995=VECTOR('',#3735,10.);
#996=VECTOR('',#3736,10.);
#997=VECTOR('',#3737,10.);
#998=VECTOR('',#3738,10.);
#999=VECTOR('',#3739,10.);
#1000=VECTOR('',#3742,10.);
#1001=VECTOR('',#3745,10.);
#1002=VECTOR('',#3750,10.);
#1003=VECTOR('',#3751,10.);
#1004=VECTOR('',#3752,10.);
#1005=VECTOR('',#3753,10.);
#1006=VECTOR('',#3754,10.);
#1007=VECTOR('',#3755,10.);
#1008=VECTOR('',#3758,10.);
#1009=VECTOR('',#3761,10.);
#1010=VECTOR('',#3764,10.);
#1011=VECTOR('',#3767,10.);
#1012=VECTOR('',#3770,10.);
#1013=VECTOR('',#3771,10.);
#1014=VECTOR('',#3774,10.);
#1015=VECTOR('',#3775,10.);
#1016=VECTOR('',#3778,10.);
#1017=VECTOR('',#3779,10.);
#1018=VECTOR('',#3782,10.);
#1019=VECTOR('',#3783,10.);
#1020=VECTOR('',#3786,10.);
#1021=VECTOR('',#3787,10.);
#1022=VECTOR('',#3790,10.);
#1023=VECTOR('',#3791,10.);
#1024=VECTOR('',#3794,10.);
#1025=VECTOR('',#3795,10.);
#1026=VECTOR('',#3798,10.);
#1027=VECTOR('',#3799,10.);
#1028=VECTOR('',#3802,10.);
#1029=VECTOR('',#3803,10.);
#1030=VECTOR('',#3806,10.);
#1031=VECTOR('',#3809,10.);
#1032=VECTOR('',#3810,10.);
#1033=VECTOR('',#3813,10.);
#1034=VECTOR('',#3814,10.);
#1035=VECTOR('',#3817,10.);
#1036=VECTOR('',#3820,10.);
#1037=VECTOR('',#3823,10.);
#1038=VECTOR('',#3824,10.);
#1039=VECTOR('',#3827,10.);
#1040=VECTOR('',#3828,10.);
#1041=VECTOR('',#3831,10.);
#1042=VECTOR('',#3836,10.);
#1043=VECTOR('',#3841,10.);
#1044=VECTOR('',#3846,10.);
#1045=VECTOR('',#3847,10.);
#1046=VECTOR('',#3848,10.);
#1047=VECTOR('',#3849,10.);
#1048=VECTOR('',#3852,10.);
#1049=VECTOR('',#3853,10.);
#1050=VECTOR('',#3854,10.);
#1051=VECTOR('',#3857,10.);
#1052=VECTOR('',#3858,10.);
#1053=VECTOR('',#3859,10.);
#1054=VECTOR('',#3862,10.);
#1055=VECTOR('',#3863,10.);
#1056=VECTOR('',#3864,10.);
#1057=VECTOR('',#3867,10.);
#1058=VECTOR('',#3868,10.);
#1059=VECTOR('',#3869,10.);
#1060=VECTOR('',#3872,10.);
#1061=VECTOR('',#3873,10.);
#1062=VECTOR('',#3874,10.);
#1063=VECTOR('',#3877,10.);
#1064=VECTOR('',#3878,10.);
#1065=VECTOR('',#3879,10.);
#1066=VECTOR('',#3882,10.);
#1067=VECTOR('',#3883,10.);
#1068=VECTOR('',#3884,10.);
#1069=VECTOR('',#3887,10.);
#1070=VECTOR('',#3888,10.);
#1071=VECTOR('',#3889,10.);
#1072=VECTOR('',#3892,10.);
#1073=VECTOR('',#3893,10.);
#1074=VECTOR('',#3894,10.);
#1075=VECTOR('',#3897,10.);
#1076=VECTOR('',#3898,10.);
#1077=VECTOR('',#3899,10.);
#1078=VECTOR('',#3902,10.);
#1079=VECTOR('',#3903,10.);
#1080=VECTOR('',#3906,10.);
#1081=VECTOR('',#3907,10.);
#1082=VECTOR('',#3908,10.);
#1083=VECTOR('',#3909,10.);
#1084=VECTOR('',#3910,10.);
#1085=VECTOR('',#3911,10.);
#1086=VECTOR('',#3914,10.);
#1087=VECTOR('',#3915,10.);
#1088=VECTOR('',#3916,10.);
#1089=VECTOR('',#3917,10.);
#1090=VECTOR('',#3918,10.);
#1091=VECTOR('',#3919,10.);
#1092=VECTOR('',#3920,10.);
#1093=VECTOR('',#3921,10.);
#1094=VECTOR('',#3924,10.);
#1095=VECTOR('',#3925,10.);
#1096=VECTOR('',#3930,10.);
#1097=VECTOR('',#3931,10.);
#1098=VECTOR('',#3932,10.);
#1099=VECTOR('',#3933,10.);
#1100=VECTOR('',#3936,10.);
#1101=VECTOR('',#3937,10.);
#1102=VECTOR('',#3938,10.);
#1103=VECTOR('',#3941,10.);
#1104=VECTOR('',#3942,10.);
#1105=VECTOR('',#3943,10.);
#1106=VECTOR('',#3946,10.);
#1107=VECTOR('',#3947,10.);
#1108=VECTOR('',#3948,10.);
#1109=VECTOR('',#3951,10.);
#1110=VECTOR('',#3952,10.);
#1111=VECTOR('',#3953,10.);
#1112=VECTOR('',#3956,10.);
#1113=VECTOR('',#3957,10.);
#1114=VECTOR('',#3958,10.);
#1115=VECTOR('',#3961,10.);
#1116=VECTOR('',#3962,10.);
#1117=VECTOR('',#3963,10.);
#1118=VECTOR('',#3966,10.);
#1119=VECTOR('',#3967,10.);
#1120=VECTOR('',#3972,10.);
#1121=VECTOR('',#3973,10.);
#1122=VECTOR('',#3974,10.);
#1123=VECTOR('',#3975,10.);
#1124=VECTOR('',#3978,10.);
#1125=VECTOR('',#3979,10.);
#1126=VECTOR('',#3980,10.);
#1127=VECTOR('',#3983,10.);
#1128=VECTOR('',#3984,10.);
#1129=VECTOR('',#3985,10.);
#1130=VECTOR('',#3988,10.);
#1131=VECTOR('',#3989,10.);
#1132=VECTOR('',#3994,10.);
#1133=VECTOR('',#3995,10.);
#1134=VECTOR('',#3996,10.);
#1135=VECTOR('',#3997,10.);
#1136=VECTOR('',#4000,10.);
#1137=VECTOR('',#4001,10.);
#1138=VECTOR('',#4002,10.);
#1139=VECTOR('',#4003,10.);
#1140=VECTOR('',#4004,10.);
#1141=VECTOR('',#4005,10.);
#1142=VECTOR('',#4006,10.);
#1143=VECTOR('',#4009,10.);
#1144=VECTOR('',#4010,10.);
#1145=VECTOR('',#4011,10.);
#1146=VECTOR('',#4014,10.);
#1147=VECTOR('',#4015,10.);
#1148=VECTOR('',#4016,10.);
#1149=VECTOR('',#4019,10.);
#1150=VECTOR('',#4020,10.);
#1151=VECTOR('',#4021,10.);
#1152=VECTOR('',#4022,10.);
#1153=VECTOR('',#4023,10.);
#1154=VECTOR('',#4024,10.);
#1155=VECTOR('',#4027,10.);
#1156=VECTOR('',#4028,10.);
#1157=VECTOR('',#4029,10.);
#1158=VECTOR('',#4032,10.);
#1159=VECTOR('',#4033,10.);
#1160=VECTOR('',#4034,10.);
#1161=VECTOR('',#4037,10.);
#1162=VECTOR('',#4038,10.);
#1163=VECTOR('',#4039,10.);
#1164=VECTOR('',#4042,10.);
#1165=VECTOR('',#4043,10.);
#1166=VECTOR('',#4044,10.);
#1167=VECTOR('',#4047,10.);
#1168=VECTOR('',#4048,10.);
#1169=VECTOR('',#4049,10.);
#1170=VECTOR('',#4050,10.);
#1171=VECTOR('',#4051,10.);
#1172=VECTOR('',#4054,10.);
#1173=VECTOR('',#4055,10.);
#1174=VECTOR('',#4056,10.);
#1175=VECTOR('',#4059,10.);
#1176=VECTOR('',#4060,10.);
#1177=VECTOR('',#4061,10.);
#1178=VECTOR('',#4064,10.);
#1179=VECTOR('',#4065,10.);
#1180=VECTOR('',#4070,10.);
#1181=VECTOR('',#4071,10.);
#1182=VECTOR('',#4072,10.);
#1183=VECTOR('',#4073,10.);
#1184=VECTOR('',#4074,10.);
#1185=VECTOR('',#4075,10.);
#1186=VECTOR('',#4076,10.);
#1187=VECTOR('',#4077,10.);
#1188=VECTOR('',#4078,10.);
#1189=VECTOR('',#4079,10.);
#1190=VECTOR('',#4080,10.);
#1191=VECTOR('',#4081,10.);
#1192=VECTOR('',#4082,10.);
#1193=VECTOR('',#4085,10.);
#1194=VECTOR('',#4086,10.);
#1195=VECTOR('',#4087,10.);
#1196=VECTOR('',#4088,10.);
#1197=VECTOR('',#4089,10.);
#1198=VECTOR('',#4090,10.);
#1199=VECTOR('',#4091,10.);
#1200=VECTOR('',#4092,10.);
#1201=VECTOR('',#4093,10.);
#1202=VECTOR('',#4094,10.);
#1203=VECTOR('',#4095,10.);
#1204=VECTOR('',#4096,10.);
#1205=VECTOR('',#4097,10.);
#1206=VECTOR('',#4100,10.);
#1207=VECTOR('',#4101,10.);
#1208=VECTOR('',#4106,10.);
#1209=VECTOR('',#4107,10.);
#1210=VECTOR('',#4108,10.);
#1211=VECTOR('',#4109,10.);
#1212=VECTOR('',#4112,10.);
#1213=VECTOR('',#4113,10.);
#1214=VECTOR('',#4114,10.);
#1215=VECTOR('',#4117,10.);
#1216=VECTOR('',#4118,10.);
#1217=VECTOR('',#4119,10.);
#1218=VECTOR('',#4122,10.);
#1219=VECTOR('',#4123,10.);
#1220=VECTOR('',#4128,10.);
#1221=VECTOR('',#4129,10.);
#1222=VECTOR('',#4130,10.);
#1223=VECTOR('',#4131,10.);
#1224=VECTOR('',#4134,10.);
#1225=VECTOR('',#4135,10.);
#1226=VECTOR('',#4136,10.);
#1227=VECTOR('',#4139,10.);
#1228=VECTOR('',#4140,10.);
#1229=VECTOR('',#4141,10.);
#1230=VECTOR('',#4144,10.);
#1231=VECTOR('',#4145,10.);
#1232=VECTOR('',#4146,10.);
#1233=VECTOR('',#4149,10.);
#1234=VECTOR('',#4150,10.);
#1235=VECTOR('',#4151,10.);
#1236=VECTOR('',#4154,10.);
#1237=VECTOR('',#4155,10.);
#1238=VECTOR('',#4156,10.);
#1239=VECTOR('',#4159,10.);
#1240=VECTOR('',#4160,10.);
#1241=VECTOR('',#4161,10.);
#1242=VECTOR('',#4164,10.);
#1243=VECTOR('',#4165,10.);
#1244=VECTOR('',#4166,10.);
#1245=VECTOR('',#4169,10.);
#1246=VECTOR('',#4170,10.);
#1247=VECTOR('',#4171,10.);
#1248=VECTOR('',#4174,10.);
#1249=VECTOR('',#4175,10.);
#1250=VECTOR('',#4176,10.);
#1251=VECTOR('',#4179,10.);
#1252=VECTOR('',#4180,10.);
#1253=VECTOR('',#4181,10.);
#1254=VECTOR('',#4184,10.);
#1255=VECTOR('',#4185,10.);
#1256=VECTOR('',#4190,10.);
#1257=VECTOR('',#4191,10.);
#1258=VECTOR('',#4192,10.);
#1259=VECTOR('',#4193,10.);
#1260=VECTOR('',#4196,10.);
#1261=VECTOR('',#4197,10.);
#1262=VECTOR('',#4198,10.);
#1263=VECTOR('',#4199,10.);
#1264=VECTOR('',#4202,10.);
#1265=VECTOR('',#4203,10.);
#1266=VECTOR('',#4204,10.);
#1267=VECTOR('',#4207,10.);
#1268=VECTOR('',#4208,10.);
#1269=VECTOR('',#4209,10.);
#1270=VECTOR('',#4210,10.);
#1271=VECTOR('',#4213,10.);
#1272=VECTOR('',#4214,10.);
#1273=VECTOR('',#4215,10.);
#1274=VECTOR('',#4218,10.);
#1275=VECTOR('',#4219,10.);
#1276=VECTOR('',#4220,10.);
#1277=VECTOR('',#4221,10.);
#1278=VECTOR('',#4224,10.);
#1279=VECTOR('',#4225,10.);
#1280=VECTOR('',#4226,10.);
#1281=VECTOR('',#4229,10.);
#1282=VECTOR('',#4230,10.);
#1283=VECTOR('',#4231,10.);
#1284=VECTOR('',#4234,10.);
#1285=VECTOR('',#4235,10.);
#1286=VECTOR('',#4236,10.);
#1287=VECTOR('',#4237,10.);
#1288=VECTOR('',#4240,10.);
#1289=VECTOR('',#4241,10.);
#1290=VECTOR('',#4242,10.);
#1291=VECTOR('',#4243,10.);
#1292=VECTOR('',#4244,10.);
#1293=VECTOR('',#4247,10.);
#1294=VECTOR('',#4250,10.);
#1295=VECTOR('',#4251,10.);
#1296=VECTOR('',#4254,10.);
#1297=VECTOR('',#4255,10.);
#1298=VECTOR('',#4258,10.);
#1299=VECTOR('',#4261,10.);
#1300=VECTOR('',#4262,10.);
#1301=VECTOR('',#4265,10.);
#1302=VECTOR('',#4266,10.);
#1303=VECTOR('',#4269,10.);
#1304=VERTEX_POINT('',#4274);
#1305=VERTEX_POINT('',#4275);
#1306=VERTEX_POINT('',#4277);
#1307=VERTEX_POINT('',#4279);
#1308=VERTEX_POINT('',#4282);
#1309=VERTEX_POINT('',#4285);
#1310=VERTEX_POINT('',#4286);
#1311=VERTEX_POINT('',#4288);
#1312=VERTEX_POINT('',#4290);
#1313=VERTEX_POINT('',#4293);
#1314=VERTEX_POINT('',#4298);
#1315=VERTEX_POINT('',#4299);
#1316=VERTEX_POINT('',#4307);
#1317=VERTEX_POINT('',#4308);
#1318=VERTEX_POINT('',#4310);
#1319=VERTEX_POINT('',#4312);
#1320=VERTEX_POINT('',#4316);
#1321=VERTEX_POINT('',#4318);
#1322=VERTEX_POINT('',#4322);
#1323=VERTEX_POINT('',#4324);
#1324=VERTEX_POINT('',#4332);
#1325=VERTEX_POINT('',#4335);
#1326=VERTEX_POINT('',#4339);
#1327=VERTEX_POINT('',#4340);
#1328=VERTEX_POINT('',#4342);
#1329=VERTEX_POINT('',#4346);
#1330=VERTEX_POINT('',#4347);
#1331=VERTEX_POINT('',#4378);
#1332=VERTEX_POINT('',#4379);
#1333=VERTEX_POINT('',#4387);
#1334=VERTEX_POINT('',#4389);
#1335=VERTEX_POINT('',#4412);
#1336=VERTEX_POINT('',#4414);
#1337=VERTEX_POINT('',#4443);
#1338=VERTEX_POINT('',#4445);
#1339=VERTEX_POINT('',#4449);
#1340=VERTEX_POINT('',#4455);
#1341=VERTEX_POINT('',#4461);
#1342=VERTEX_POINT('',#4489);
#1343=VERTEX_POINT('',#4490);
#1344=VERTEX_POINT('',#4499);
#1345=VERTEX_POINT('',#4523);
#1346=VERTEX_POINT('',#4557);
#1347=VERTEX_POINT('',#4568);
#1348=VERTEX_POINT('',#4573);
#1349=VERTEX_POINT('',#4587);
#1350=VERTEX_POINT('',#4593);
#1351=VERTEX_POINT('',#4615);
#1352=VERTEX_POINT('',#4617);
#1353=VERTEX_POINT('',#4644);
#1354=VERTEX_POINT('',#4649);
#1355=VERTEX_POINT('',#4663);
#1356=VERTEX_POINT('',#4669);
#1357=VERTEX_POINT('',#4691);
#1358=VERTEX_POINT('',#4693);
#1359=VERTEX_POINT('',#4720);
#1360=VERTEX_POINT('',#4721);
#1361=VERTEX_POINT('',#4729);
#1362=VERTEX_POINT('',#4735);
#1363=VERTEX_POINT('',#4746);
#1364=VERTEX_POINT('',#4764);
#1365=VERTEX_POINT('',#4805);
#1366=VERTEX_POINT('',#4811);
#1367=VERTEX_POINT('',#4819);
#1368=VERTEX_POINT('',#4837);
#1369=VERTEX_POINT('',#4883);
#1370=VERTEX_POINT('',#4885);
#1371=VERTEX_POINT('',#4908);
#1372=VERTEX_POINT('',#4910);
#1373=VERTEX_POINT('',#4939);
#1374=VERTEX_POINT('',#4967);
#1375=VERTEX_POINT('',#5005);
#1376=VERTEX_POINT('',#5006);
#1377=VERTEX_POINT('',#5008);
#1378=VERTEX_POINT('',#5010);
#1379=VERTEX_POINT('',#5013);
#1380=VERTEX_POINT('',#5015);
#1381=VERTEX_POINT('',#5019);
#1382=VERTEX_POINT('',#5020);
#1383=VERTEX_POINT('',#5022);
#1384=VERTEX_POINT('',#5024);
#1385=VERTEX_POINT('',#5027);
#1386=VERTEX_POINT('',#5029);
#1387=VERTEX_POINT('',#5033);
#1388=VERTEX_POINT('',#5035);
#1389=VERTEX_POINT('',#5039);
#1390=VERTEX_POINT('',#5040);
#1391=VERTEX_POINT('',#5042);
#1392=VERTEX_POINT('',#5044);
#1393=VERTEX_POINT('',#5047);
#1394=VERTEX_POINT('',#5049);
#1395=VERTEX_POINT('',#5053);
#1396=VERTEX_POINT('',#5055);
#1397=VERTEX_POINT('',#5059);
#1398=VERTEX_POINT('',#5061);
#1399=VERTEX_POINT('',#5065);
#1400=VERTEX_POINT('',#5069);
#1401=VERTEX_POINT('',#5073);
#1402=VERTEX_POINT('',#5077);
#1403=VERTEX_POINT('',#5081);
#1404=VERTEX_POINT('',#5085);
#1405=VERTEX_POINT('',#5089);
#1406=VERTEX_POINT('',#5093);
#1407=VERTEX_POINT('',#5097);
#1408=VERTEX_POINT('',#5103);
#1409=VERTEX_POINT('',#5107);
#1410=VERTEX_POINT('',#5115);
#1411=VERTEX_POINT('',#5131);
#1412=VERTEX_POINT('',#5132);
#1413=VERTEX_POINT('',#5134);
#1414=VERTEX_POINT('',#5136);
#1415=VERTEX_POINT('',#5140);
#1416=VERTEX_POINT('',#5142);
#1417=VERTEX_POINT('',#5146);
#1418=VERTEX_POINT('',#5148);
#1419=VERTEX_POINT('',#5152);
#1420=VERTEX_POINT('',#5154);
#1421=VERTEX_POINT('',#5158);
#1422=VERTEX_POINT('',#5160);
#1423=VERTEX_POINT('',#5164);
#1424=VERTEX_POINT('',#5166);
#1425=VERTEX_POINT('',#5170);
#1426=VERTEX_POINT('',#5172);
#1427=VERTEX_POINT('',#5176);
#1428=VERTEX_POINT('',#5178);
#1429=VERTEX_POINT('',#5182);
#1430=VERTEX_POINT('',#5184);
#1431=VERTEX_POINT('',#5188);
#1432=VERTEX_POINT('',#5190);
#1433=VERTEX_POINT('',#5194);
#1434=VERTEX_POINT('',#5196);
#1435=VERTEX_POINT('',#5211);
#1436=VERTEX_POINT('',#5212);
#1437=VERTEX_POINT('',#5217);
#1438=VERTEX_POINT('',#5219);
#1439=VERTEX_POINT('',#5233);
#1440=VERTEX_POINT('',#5238);
#1441=VERTEX_POINT('',#5250);
#1442=VERTEX_POINT('',#5254);
#1443=VERTEX_POINT('',#5265);
#1444=VERTEX_POINT('',#5269);
#1445=VERTEX_POINT('',#5282);
#1446=VERTEX_POINT('',#5287);
#1447=VERTEX_POINT('',#5294);
#1448=VERTEX_POINT('',#5296);
#1449=VERTEX_POINT('',#5307);
#1450=VERTEX_POINT('',#5312);
#1451=VERTEX_POINT('',#5324);
#1452=VERTEX_POINT('',#5328);
#1453=VERTEX_POINT('',#5339);
#1454=VERTEX_POINT('',#5343);
#1455=VERTEX_POINT('',#5356);
#1456=VERTEX_POINT('',#5361);
#1457=VERTEX_POINT('',#5375);
#1458=VERTEX_POINT('',#5380);
#1459=VERTEX_POINT('',#5391);
#1460=VERTEX_POINT('',#5392);
#1461=VERTEX_POINT('',#5394);
#1462=VERTEX_POINT('',#5396);
#1463=VERTEX_POINT('',#5400);
#1464=VERTEX_POINT('',#5402);
#1465=VERTEX_POINT('',#5406);
#1466=VERTEX_POINT('',#5408);
#1467=VERTEX_POINT('',#5412);
#1468=VERTEX_POINT('',#5414);
#1469=VERTEX_POINT('',#5418);
#1470=VERTEX_POINT('',#5420);
#1471=VERTEX_POINT('',#5424);
#1472=VERTEX_POINT('',#5426);
#1473=VERTEX_POINT('',#5430);
#1474=VERTEX_POINT('',#5432);
#1475=VERTEX_POINT('',#5440);
#1476=VERTEX_POINT('',#5441);
#1477=VERTEX_POINT('',#5443);
#1478=VERTEX_POINT('',#5445);
#1479=VERTEX_POINT('',#5449);
#1480=VERTEX_POINT('',#5451);
#1481=VERTEX_POINT('',#5455);
#1482=VERTEX_POINT('',#5457);
#1483=VERTEX_POINT('',#5465);
#1484=VERTEX_POINT('',#5466);
#1485=VERTEX_POINT('',#5468);
#1486=VERTEX_POINT('',#5470);
#1487=VERTEX_POINT('',#5474);
#1488=VERTEX_POINT('',#5476);
#1489=VERTEX_POINT('',#5485);
#1490=VERTEX_POINT('',#5489);
#1491=VERTEX_POINT('',#5500);
#1492=VERTEX_POINT('',#5504);
#1493=VERTEX_POINT('',#5515);
#1494=VERTEX_POINT('',#5519);
#1495=VERTEX_POINT('',#5530);
#1496=VERTEX_POINT('',#5534);
#1497=VERTEX_POINT('',#5540);
#1498=VERTEX_POINT('',#5542);
#1499=VERTEX_POINT('',#5546);
#1500=VERTEX_POINT('',#5548);
#1501=VERTEX_POINT('',#5552);
#1502=VERTEX_POINT('',#5554);
#1503=VERTEX_POINT('',#5563);
#1504=VERTEX_POINT('',#5567);
#1505=VERTEX_POINT('',#5578);
#1506=VERTEX_POINT('',#5582);
#1507=VERTEX_POINT('',#5593);
#1508=VERTEX_POINT('',#5597);
#1509=VERTEX_POINT('',#5603);
#1510=VERTEX_POINT('',#5605);
#1511=VERTEX_POINT('',#5609);
#1512=VERTEX_POINT('',#5611);
#1513=VERTEX_POINT('',#5615);
#1514=VERTEX_POINT('',#5617);
#1515=VERTEX_POINT('',#5621);
#1516=VERTEX_POINT('',#5623);
#1517=VERTEX_POINT('',#5627);
#1518=VERTEX_POINT('',#5629);
#1519=VERTEX_POINT('',#5638);
#1520=VERTEX_POINT('',#5642);
#1521=VERTEX_POINT('',#5653);
#1522=VERTEX_POINT('',#5657);
#1523=VERTEX_POINT('',#5663);
#1524=VERTEX_POINT('',#5665);
#1525=VERTEX_POINT('',#5669);
#1526=VERTEX_POINT('',#5671);
#1527=VERTEX_POINT('',#5679);
#1528=VERTEX_POINT('',#5680);
#1529=VERTEX_POINT('',#5682);
#1530=VERTEX_POINT('',#5684);
#1531=VERTEX_POINT('',#5697);
#1532=VERTEX_POINT('',#5703);
#1533=VERTEX_POINT('',#5718);
#1534=VERTEX_POINT('',#5723);
#1535=VERTEX_POINT('',#5735);
#1536=VERTEX_POINT('',#5739);
#1537=VERTEX_POINT('',#5750);
#1538=VERTEX_POINT('',#5754);
#1539=VERTEX_POINT('',#5765);
#1540=VERTEX_POINT('',#5769);
#1541=VERTEX_POINT('',#5782);
#1542=VERTEX_POINT('',#5787);
#1543=VERTEX_POINT('',#5803);
#1544=VERTEX_POINT('',#5809);
#1545=VERTEX_POINT('',#5826);
#1546=VERTEX_POINT('',#5832);
#1547=VERTEX_POINT('',#5845);
#1548=VERTEX_POINT('',#5849);
#1549=VERTEX_POINT('',#5855);
#1550=VERTEX_POINT('',#5857);
#1551=VERTEX_POINT('',#5866);
#1552=VERTEX_POINT('',#5870);
#1553=VERTEX_POINT('',#5885);
#1554=VERTEX_POINT('',#5891);
#1555=VERTEX_POINT('',#5904);
#1556=VERTEX_POINT('',#5908);
#1557=VERTEX_POINT('',#5919);
#1558=VERTEX_POINT('',#5923);
#1559=VERTEX_POINT('',#5936);
#1560=VERTEX_POINT('',#5941);
#1561=VERTEX_POINT('',#5953);
#1562=VERTEX_POINT('',#5957);
#1563=VERTEX_POINT('',#5968);
#1564=VERTEX_POINT('',#5972);
#1565=VERTEX_POINT('',#5985);
#1566=VERTEX_POINT('',#5990);
#1567=VERTEX_POINT('',#6006);
#1568=VERTEX_POINT('',#6012);
#1569=VERTEX_POINT('',#6027);
#1570=VERTEX_POINT('',#6032);
#1571=VERTEX_POINT('',#6043);
#1572=VERTEX_POINT('',#6044);
#1573=VERTEX_POINT('',#6046);
#1574=VERTEX_POINT('',#6048);
#1575=VERTEX_POINT('',#6052);
#1576=VERTEX_POINT('',#6054);
#1577=VERTEX_POINT('',#6058);
#1578=VERTEX_POINT('',#6060);
#1579=VERTEX_POINT('',#6068);
#1580=VERTEX_POINT('',#6069);
#1581=VERTEX_POINT('',#6071);
#1582=VERTEX_POINT('',#6073);
#1583=VERTEX_POINT('',#6077);
#1584=VERTEX_POINT('',#6079);
#1585=VERTEX_POINT('',#6083);
#1586=VERTEX_POINT('',#6085);
#1587=VERTEX_POINT('',#6089);
#1588=VERTEX_POINT('',#6091);
#1589=VERTEX_POINT('',#6095);
#1590=VERTEX_POINT('',#6097);
#1591=VERTEX_POINT('',#6101);
#1592=VERTEX_POINT('',#6103);
#1593=VERTEX_POINT('',#6107);
#1594=VERTEX_POINT('',#6109);
#1595=VERTEX_POINT('',#6113);
#1596=VERTEX_POINT('',#6115);
#1597=VERTEX_POINT('',#6119);
#1598=VERTEX_POINT('',#6121);
#1599=VERTEX_POINT('',#6125);
#1600=VERTEX_POINT('',#6127);
#1601=VERTEX_POINT('',#6131);
#1602=VERTEX_POINT('',#6133);
#1603=VERTEX_POINT('',#6141);
#1604=VERTEX_POINT('',#6142);
#1605=VERTEX_POINT('',#6144);
#1606=VERTEX_POINT('',#6146);
#1607=VERTEX_POINT('',#6150);
#1608=VERTEX_POINT('',#6151);
#1609=VERTEX_POINT('',#6153);
#1610=VERTEX_POINT('',#6155);
#1611=VERTEX_POINT('',#6159);
#1612=VERTEX_POINT('',#6161);
#1613=VERTEX_POINT('',#6165);
#1614=VERTEX_POINT('',#6166);
#1615=VERTEX_POINT('',#6168);
#1616=VERTEX_POINT('',#6170);
#1617=VERTEX_POINT('',#6174);
#1618=VERTEX_POINT('',#6176);
#1619=VERTEX_POINT('',#6180);
#1620=VERTEX_POINT('',#6181);
#1621=VERTEX_POINT('',#6183);
#1622=VERTEX_POINT('',#6185);
#1623=VERTEX_POINT('',#6189);
#1624=VERTEX_POINT('',#6191);
#1625=VERTEX_POINT('',#6195);
#1626=VERTEX_POINT('',#6197);
#1627=VERTEX_POINT('',#6206);
#1628=VERTEX_POINT('',#6208);
#1629=VERTEX_POINT('',#6210);
#1630=VERTEX_POINT('',#6212);
#1631=VERTEX_POINT('',#6218);
#1632=VERTEX_POINT('',#6222);
#1633=VERTEX_POINT('',#6228);
#1634=VERTEX_POINT('',#6232);
#1635=EDGE_CURVE('',#1304,#1305,#620,.T.);
#1636=EDGE_CURVE('',#1306,#1304,#621,.T.);
#1637=EDGE_CURVE('',#1307,#1306,#622,.T.);
#1638=EDGE_CURVE('',#1307,#1305,#623,.T.);
#1639=EDGE_CURVE('',#1308,#1308,#221,.T.);
#1640=EDGE_CURVE('',#1309,#1310,#624,.T.);
#1641=EDGE_CURVE('',#1311,#1309,#625,.T.);
#1642=EDGE_CURVE('',#1312,#1311,#626,.T.);
#1643=EDGE_CURVE('',#1312,#1310,#627,.T.);
#1644=EDGE_CURVE('',#1313,#1313,#222,.T.);
#1645=EDGE_CURVE('',#1306,#1312,#223,.T.);
#1646=EDGE_CURVE('',#1311,#1307,#224,.T.);
#1647=EDGE_CURVE('',#1314,#1315,#225,.T.);
#1648=EDGE_CURVE('',#1315,#1314,#226,.T.);
#1649=EDGE_CURVE('',#1305,#1309,#227,.T.);
#1650=EDGE_CURVE('',#1310,#1304,#228,.T.);
#1651=EDGE_CURVE('',#1316,#1317,#628,.T.);
#1652=EDGE_CURVE('',#1318,#1317,#629,.T.);
#1653=EDGE_CURVE('',#1319,#1318,#630,.T.);
#1654=EDGE_CURVE('',#1319,#1316,#631,.T.);
#1655=EDGE_CURVE('',#1317,#1320,#229,.T.);
#1656=EDGE_CURVE('',#1321,#1320,#632,.T.);
#1657=EDGE_CURVE('',#1318,#1321,#230,.T.);
#1658=EDGE_CURVE('',#1320,#1322,#633,.T.);
#1659=EDGE_CURVE('',#1323,#1322,#634,.T.);
#1660=EDGE_CURVE('',#1321,#1323,#635,.T.);
#1661=EDGE_CURVE('',#1322,#1316,#231,.T.);
#1662=EDGE_CURVE('',#1323,#1319,#232,.T.);
#1663=EDGE_CURVE('',#1324,#1324,#233,.T.);
#1664=EDGE_CURVE('',#1324,#1325,#636,.T.);
#1665=EDGE_CURVE('',#1325,#1325,#234,.T.);
#1666=EDGE_CURVE('',#1326,#1327,#235,.T.);
#1667=EDGE_CURVE('',#1328,#1327,#236,.T.);
#1668=EDGE_CURVE('',#1327,#1328,#237,.T.);
#1669=EDGE_CURVE('',#1329,#1330,#238,.T.);
#1670=EDGE_CURVE('',#1330,#1329,#239,.T.);
#1671=EDGE_CURVE('',#1330,#1328,#637,.T.);
#1672=EDGE_CURVE('',#1329,#1315,#240,.T.);
#1673=EDGE_CURVE('',#1331,#1332,#23,.T.);
#1674=EDGE_CURVE('',#1332,#1333,#15,.T.);
#1675=EDGE_CURVE('',#1334,#1333,#24,.T.);
#1676=EDGE_CURVE('',#1334,#1335,#16,.T.);
#1677=EDGE_CURVE('',#1336,#1335,#25,.T.);
#1678=EDGE_CURVE('',#1336,#1331,#26,.F.);
#1679=EDGE_CURVE('',#1337,#1334,#638,.T.);
#1680=EDGE_CURVE('',#1338,#1337,#17,.T.);
#1681=EDGE_CURVE('',#1335,#1338,#639,.T.);
#1682=EDGE_CURVE('',#1339,#1332,#27,.T.);
#1683=EDGE_CURVE('',#1340,#1339,#28,.T.);
#1684=EDGE_CURVE('',#1341,#1340,#18,.T.);
#1685=EDGE_CURVE('',#1333,#1341,#640,.T.);
#1686=EDGE_CURVE('',#1342,#1343,#29,.F.);
#1687=EDGE_CURVE('',#1343,#1344,#19,.T.);
#1688=EDGE_CURVE('',#1341,#1344,#30,.T.);
#1689=EDGE_CURVE('',#1340,#1345,#31,.T.);
#1690=EDGE_CURVE('',#1342,#1345,#32,.T.);
#1691=EDGE_CURVE('',#1339,#1346,#33,.T.);
#1692=EDGE_CURVE('',#1347,#1346,#34,.T.);
#1693=EDGE_CURVE('',#1347,#1348,#35,.F.);
#1694=EDGE_CURVE('',#1348,#1349,#36,.T.);
#1695=EDGE_CURVE('',#1350,#1349,#37,.T.);
#1696=EDGE_CURVE('',#1345,#1350,#38,.T.);
#1697=EDGE_CURVE('',#1351,#1348,#641,.T.);
#1698=EDGE_CURVE('',#1352,#1351,#39,.T.);
#1699=EDGE_CURVE('',#1349,#1352,#642,.T.);
#1700=EDGE_CURVE('',#1331,#1353,#40,.F.);
#1701=EDGE_CURVE('',#1353,#1354,#41,.F.);
#1702=EDGE_CURVE('',#1354,#1355,#42,.T.);
#1703=EDGE_CURVE('',#1356,#1355,#43,.T.);
#1704=EDGE_CURVE('',#1346,#1356,#44,.T.);
#1705=EDGE_CURVE('',#1357,#1354,#643,.T.);
#1706=EDGE_CURVE('',#1358,#1357,#45,.T.);
#1707=EDGE_CURVE('',#1355,#1358,#644,.T.);
#1708=EDGE_CURVE('',#1359,#1360,#46,.T.);
#1709=EDGE_CURVE('',#1360,#1361,#47,.T.);
#1710=EDGE_CURVE('',#1361,#1362,#48,.T.);
#1711=EDGE_CURVE('',#1363,#1362,#49,.T.);
#1712=EDGE_CURVE('',#1363,#1358,#50,.F.);
#1713=EDGE_CURVE('',#1364,#1357,#51,.T.);
#1714=EDGE_CURVE('',#1364,#1359,#52,.F.);
#1715=EDGE_CURVE('',#1361,#1365,#53,.T.);
#1716=EDGE_CURVE('',#1365,#1366,#54,.T.);
#1717=EDGE_CURVE('',#1367,#1366,#55,.T.);
#1718=EDGE_CURVE('',#1367,#1352,#56,.F.);
#1719=EDGE_CURVE('',#1368,#1351,#57,.T.);
#1720=EDGE_CURVE('',#1362,#1368,#58,.T.);
#1721=EDGE_CURVE('',#1365,#1369,#20,.T.);
#1722=EDGE_CURVE('',#1370,#1369,#59,.T.);
#1723=EDGE_CURVE('',#1370,#1371,#21,.T.);
#1724=EDGE_CURVE('',#1371,#1372,#60,.F.);
#1725=EDGE_CURVE('',#1372,#1366,#61,.F.);
#1726=EDGE_CURVE('',#1373,#1360,#22,.T.);
#1727=EDGE_CURVE('',#1369,#1373,#645,.T.);
#1728=EDGE_CURVE('',#1374,#1359,#62,.T.);
#1729=EDGE_CURVE('',#1338,#1374,#63,.T.);
#1730=EDGE_CURVE('',#1373,#1337,#64,.T.);
#1731=EDGE_CURVE('',#1375,#1376,#241,.T.);
#1732=EDGE_CURVE('',#1377,#1375,#646,.T.);
#1733=EDGE_CURVE('',#1377,#1378,#647,.T.);
#1734=EDGE_CURVE('',#1336,#1378,#648,.T.);
#1735=EDGE_CURVE('',#1374,#1379,#649,.T.);
#1736=EDGE_CURVE('',#1379,#1380,#650,.T.);
#1737=EDGE_CURVE('',#1380,#1376,#651,.T.);
#1738=EDGE_CURVE('',#1381,#1382,#242,.T.);
#1739=EDGE_CURVE('',#1383,#1381,#652,.T.);
#1740=EDGE_CURVE('',#1383,#1384,#653,.T.);
#1741=EDGE_CURVE('',#1368,#1384,#654,.T.);
#1742=EDGE_CURVE('',#1347,#1385,#655,.T.);
#1743=EDGE_CURVE('',#1385,#1386,#656,.T.);
#1744=EDGE_CURVE('',#1386,#1382,#657,.T.);
#1745=EDGE_CURVE('',#1382,#1387,#658,.T.);
#1746=EDGE_CURVE('',#1387,#1388,#243,.T.);
#1747=EDGE_CURVE('',#1388,#1381,#659,.T.);
#1748=EDGE_CURVE('',#1389,#1390,#244,.T.);
#1749=EDGE_CURVE('',#1391,#1389,#660,.T.);
#1750=EDGE_CURVE('',#1391,#1392,#661,.T.);
#1751=EDGE_CURVE('',#1350,#1392,#662,.T.);
#1752=EDGE_CURVE('',#1367,#1393,#663,.T.);
#1753=EDGE_CURVE('',#1393,#1394,#664,.T.);
#1754=EDGE_CURVE('',#1394,#1390,#665,.T.);
#1755=EDGE_CURVE('',#1390,#1395,#666,.T.);
#1756=EDGE_CURVE('',#1395,#1396,#245,.T.);
#1757=EDGE_CURVE('',#1396,#1389,#667,.T.);
#1758=EDGE_CURVE('',#1376,#1397,#668,.T.);
#1759=EDGE_CURVE('',#1397,#1398,#246,.T.);
#1760=EDGE_CURVE('',#1398,#1375,#669,.T.);
#1761=EDGE_CURVE('',#1399,#1394,#670,.T.);
#1762=EDGE_CURVE('',#1399,#1395,#671,.T.);
#1763=EDGE_CURVE('',#1400,#1396,#672,.T.);
#1764=EDGE_CURVE('',#1391,#1400,#673,.T.);
#1765=EDGE_CURVE('',#1401,#1386,#674,.T.);
#1766=EDGE_CURVE('',#1401,#1387,#675,.T.);
#1767=EDGE_CURVE('',#1402,#1388,#676,.T.);
#1768=EDGE_CURVE('',#1383,#1402,#677,.T.);
#1769=EDGE_CURVE('',#1403,#1380,#678,.T.);
#1770=EDGE_CURVE('',#1403,#1397,#679,.T.);
#1771=EDGE_CURVE('',#1404,#1398,#680,.T.);
#1772=EDGE_CURVE('',#1377,#1404,#681,.T.);
#1773=EDGE_CURVE('',#1405,#1400,#682,.T.);
#1774=EDGE_CURVE('',#1392,#1405,#683,.T.);
#1775=EDGE_CURVE('',#1406,#1402,#684,.T.);
#1776=EDGE_CURVE('',#1384,#1406,#685,.T.);
#1777=EDGE_CURVE('',#1407,#1404,#686,.T.);
#1778=EDGE_CURVE('',#1378,#1407,#687,.T.);
#1779=EDGE_CURVE('',#1363,#1406,#688,.T.);
#1780=EDGE_CURVE('',#1372,#1408,#689,.T.);
#1781=EDGE_CURVE('',#1408,#1393,#690,.T.);
#1782=EDGE_CURVE('',#1364,#1409,#691,.T.);
#1783=EDGE_CURVE('',#1409,#1379,#692,.T.);
#1784=EDGE_CURVE('',#1353,#1407,#693,.T.);
#1785=EDGE_CURVE('',#1342,#1405,#694,.T.);
#1786=EDGE_CURVE('',#1356,#1410,#695,.T.);
#1787=EDGE_CURVE('',#1410,#1385,#696,.T.);
#1788=EDGE_CURVE('',#1371,#1343,#697,.T.);
#1789=EDGE_CURVE('',#1344,#1370,#698,.T.);
#1790=EDGE_CURVE('',#1401,#1410,#699,.T.);
#1791=EDGE_CURVE('',#1399,#1408,#700,.T.);
#1792=EDGE_CURVE('',#1403,#1409,#701,.T.);
#1793=EDGE_CURVE('',#1411,#1412,#702,.T.);
#1794=EDGE_CURVE('',#1413,#1412,#703,.T.);
#1795=EDGE_CURVE('',#1414,#1413,#704,.T.);
#1796=EDGE_CURVE('',#1414,#1411,#705,.T.);
#1797=EDGE_CURVE('',#1412,#1415,#706,.T.);
#1798=EDGE_CURVE('',#1416,#1415,#707,.T.);
#1799=EDGE_CURVE('',#1413,#1416,#708,.T.);
#1800=EDGE_CURVE('',#1415,#1417,#709,.T.);
#1801=EDGE_CURVE('',#1418,#1417,#710,.T.);
#1802=EDGE_CURVE('',#1416,#1418,#711,.T.);
#1803=EDGE_CURVE('',#1417,#1419,#712,.T.);
#1804=EDGE_CURVE('',#1420,#1419,#713,.T.);
#1805=EDGE_CURVE('',#1418,#1420,#714,.T.);
#1806=EDGE_CURVE('',#1419,#1421,#715,.T.);
#1807=EDGE_CURVE('',#1422,#1421,#716,.T.);
#1808=EDGE_CURVE('',#1420,#1422,#717,.T.);
#1809=EDGE_CURVE('',#1421,#1423,#718,.T.);
#1810=EDGE_CURVE('',#1424,#1423,#719,.T.);
#1811=EDGE_CURVE('',#1422,#1424,#720,.T.);
#1812=EDGE_CURVE('',#1423,#1425,#721,.T.);
#1813=EDGE_CURVE('',#1426,#1425,#722,.T.);
#1814=EDGE_CURVE('',#1424,#1426,#723,.T.);
#1815=EDGE_CURVE('',#1425,#1427,#724,.T.);
#1816=EDGE_CURVE('',#1428,#1427,#725,.T.);
#1817=EDGE_CURVE('',#1426,#1428,#726,.T.);
#1818=EDGE_CURVE('',#1427,#1429,#727,.T.);
#1819=EDGE_CURVE('',#1430,#1429,#728,.T.);
#1820=EDGE_CURVE('',#1428,#1430,#729,.T.);
#1821=EDGE_CURVE('',#1429,#1431,#730,.T.);
#1822=EDGE_CURVE('',#1432,#1431,#731,.T.);
#1823=EDGE_CURVE('',#1430,#1432,#732,.T.);
#1824=EDGE_CURVE('',#1431,#1433,#733,.T.);
#1825=EDGE_CURVE('',#1434,#1433,#734,.T.);
#1826=EDGE_CURVE('',#1432,#1434,#735,.T.);
#1827=EDGE_CURVE('',#1433,#1411,#736,.T.);
#1828=EDGE_CURVE('',#1434,#1414,#737,.T.);
#1829=EDGE_CURVE('',#1435,#1436,#65,.T.);
#1830=EDGE_CURVE('',#1437,#1436,#738,.T.);
#1831=EDGE_CURVE('',#1438,#1437,#66,.T.);
#1832=EDGE_CURVE('',#1438,#1435,#739,.T.);
#1833=EDGE_CURVE('',#1436,#1439,#67,.T.);
#1834=EDGE_CURVE('',#1440,#1439,#740,.T.);
#1835=EDGE_CURVE('',#1437,#1440,#68,.T.);
#1836=EDGE_CURVE('',#1439,#1441,#69,.T.);
#1837=EDGE_CURVE('',#1442,#1441,#741,.T.);
#1838=EDGE_CURVE('',#1440,#1442,#70,.T.);
#1839=EDGE_CURVE('',#1441,#1443,#71,.T.);
#1840=EDGE_CURVE('',#1444,#1443,#742,.T.);
#1841=EDGE_CURVE('',#1442,#1444,#72,.T.);
#1842=EDGE_CURVE('',#1443,#1445,#73,.T.);
#1843=EDGE_CURVE('',#1446,#1445,#743,.T.);
#1844=EDGE_CURVE('',#1444,#1446,#74,.T.);
#1845=EDGE_CURVE('',#1445,#1447,#744,.T.);
#1846=EDGE_CURVE('',#1448,#1447,#745,.T.);
#1847=EDGE_CURVE('',#1446,#1448,#746,.T.);
#1848=EDGE_CURVE('',#1447,#1449,#75,.T.);
#1849=EDGE_CURVE('',#1450,#1449,#747,.T.);
#1850=EDGE_CURVE('',#1448,#1450,#76,.T.);
#1851=EDGE_CURVE('',#1449,#1451,#77,.T.);
#1852=EDGE_CURVE('',#1452,#1451,#748,.T.);
#1853=EDGE_CURVE('',#1450,#1452,#78,.T.);
#1854=EDGE_CURVE('',#1451,#1453,#79,.T.);
#1855=EDGE_CURVE('',#1454,#1453,#749,.T.);
#1856=EDGE_CURVE('',#1452,#1454,#80,.T.);
#1857=EDGE_CURVE('',#1453,#1455,#81,.T.);
#1858=EDGE_CURVE('',#1456,#1455,#750,.T.);
#1859=EDGE_CURVE('',#1454,#1456,#82,.T.);
#1860=EDGE_CURVE('',#1455,#1457,#83,.T.);
#1861=EDGE_CURVE('',#1458,#1457,#751,.T.);
#1862=EDGE_CURVE('',#1456,#1458,#84,.T.);
#1863=EDGE_CURVE('',#1457,#1435,#752,.T.);
#1864=EDGE_CURVE('',#1458,#1438,#753,.T.);
#1865=EDGE_CURVE('',#1459,#1460,#754,.T.);
#1866=EDGE_CURVE('',#1461,#1460,#755,.T.);
#1867=EDGE_CURVE('',#1462,#1461,#756,.T.);
#1868=EDGE_CURVE('',#1462,#1459,#757,.T.);
#1869=EDGE_CURVE('',#1460,#1463,#758,.T.);
#1870=EDGE_CURVE('',#1464,#1463,#759,.T.);
#1871=EDGE_CURVE('',#1461,#1464,#760,.T.);
#1872=EDGE_CURVE('',#1463,#1465,#761,.T.);
#1873=EDGE_CURVE('',#1466,#1465,#762,.T.);
#1874=EDGE_CURVE('',#1464,#1466,#763,.T.);
#1875=EDGE_CURVE('',#1465,#1467,#764,.T.);
#1876=EDGE_CURVE('',#1468,#1467,#765,.T.);
#1877=EDGE_CURVE('',#1466,#1468,#766,.T.);
#1878=EDGE_CURVE('',#1467,#1469,#767,.T.);
#1879=EDGE_CURVE('',#1470,#1469,#768,.T.);
#1880=EDGE_CURVE('',#1468,#1470,#769,.T.);
#1881=EDGE_CURVE('',#1469,#1471,#770,.T.);
#1882=EDGE_CURVE('',#1472,#1471,#771,.T.);
#1883=EDGE_CURVE('',#1470,#1472,#772,.T.);
#1884=EDGE_CURVE('',#1471,#1473,#773,.T.);
#1885=EDGE_CURVE('',#1474,#1473,#774,.T.);
#1886=EDGE_CURVE('',#1472,#1474,#775,.T.);
#1887=EDGE_CURVE('',#1473,#1459,#776,.T.);
#1888=EDGE_CURVE('',#1474,#1462,#777,.T.);
#1889=EDGE_CURVE('',#1475,#1476,#778,.T.);
#1890=EDGE_CURVE('',#1477,#1476,#779,.T.);
#1891=EDGE_CURVE('',#1478,#1477,#780,.T.);
#1892=EDGE_CURVE('',#1478,#1475,#781,.T.);
#1893=EDGE_CURVE('',#1476,#1479,#782,.T.);
#1894=EDGE_CURVE('',#1480,#1479,#783,.T.);
#1895=EDGE_CURVE('',#1477,#1480,#784,.T.);
#1896=EDGE_CURVE('',#1479,#1481,#785,.T.);
#1897=EDGE_CURVE('',#1482,#1481,#786,.T.);
#1898=EDGE_CURVE('',#1480,#1482,#787,.T.);
#1899=EDGE_CURVE('',#1481,#1475,#788,.T.);
#1900=EDGE_CURVE('',#1482,#1478,#789,.T.);
#1901=EDGE_CURVE('',#1483,#1484,#790,.T.);
#1902=EDGE_CURVE('',#1485,#1484,#791,.T.);
#1903=EDGE_CURVE('',#1486,#1485,#792,.T.);
#1904=EDGE_CURVE('',#1486,#1483,#793,.T.);
#1905=EDGE_CURVE('',#1484,#1487,#794,.T.);
#1906=EDGE_CURVE('',#1488,#1487,#795,.T.);
#1907=EDGE_CURVE('',#1485,#1488,#796,.T.);
#1908=EDGE_CURVE('',#1487,#1489,#85,.T.);
#1909=EDGE_CURVE('',#1490,#1489,#797,.T.);
#1910=EDGE_CURVE('',#1488,#1490,#86,.T.);
#1911=EDGE_CURVE('',#1489,#1491,#87,.T.);
#1912=EDGE_CURVE('',#1492,#1491,#798,.T.);
#1913=EDGE_CURVE('',#1490,#1492,#88,.T.);
#1914=EDGE_CURVE('',#1491,#1493,#89,.T.);
#1915=EDGE_CURVE('',#1494,#1493,#799,.T.);
#1916=EDGE_CURVE('',#1492,#1494,#90,.T.);
#1917=EDGE_CURVE('',#1493,#1495,#91,.T.);
#1918=EDGE_CURVE('',#1496,#1495,#800,.T.);
#1919=EDGE_CURVE('',#1494,#1496,#92,.T.);
#1920=EDGE_CURVE('',#1495,#1497,#801,.T.);
#1921=EDGE_CURVE('',#1498,#1497,#802,.T.);
#1922=EDGE_CURVE('',#1496,#1498,#803,.T.);
#1923=EDGE_CURVE('',#1497,#1499,#804,.T.);
#1924=EDGE_CURVE('',#1500,#1499,#805,.T.);
#1925=EDGE_CURVE('',#1498,#1500,#806,.T.);
#1926=EDGE_CURVE('',#1499,#1501,#807,.T.);
#1927=EDGE_CURVE('',#1502,#1501,#808,.T.);
#1928=EDGE_CURVE('',#1500,#1502,#809,.T.);
#1929=EDGE_CURVE('',#1501,#1503,#93,.T.);
#1930=EDGE_CURVE('',#1504,#1503,#810,.T.);
#1931=EDGE_CURVE('',#1502,#1504,#94,.T.);
#1932=EDGE_CURVE('',#1503,#1505,#95,.T.);
#1933=EDGE_CURVE('',#1506,#1505,#811,.T.);
#1934=EDGE_CURVE('',#1504,#1506,#96,.T.);
#1935=EDGE_CURVE('',#1505,#1507,#97,.T.);
#1936=EDGE_CURVE('',#1508,#1507,#812,.T.);
#1937=EDGE_CURVE('',#1506,#1508,#98,.T.);
#1938=EDGE_CURVE('',#1507,#1509,#813,.T.);
#1939=EDGE_CURVE('',#1510,#1509,#814,.T.);
#1940=EDGE_CURVE('',#1508,#1510,#815,.T.);
#1941=EDGE_CURVE('',#1509,#1511,#816,.T.);
#1942=EDGE_CURVE('',#1512,#1511,#817,.T.);
#1943=EDGE_CURVE('',#1510,#1512,#818,.T.);
#1944=EDGE_CURVE('',#1511,#1513,#819,.T.);
#1945=EDGE_CURVE('',#1514,#1513,#820,.T.);
#1946=EDGE_CURVE('',#1512,#1514,#821,.T.);
#1947=EDGE_CURVE('',#1513,#1515,#822,.T.);
#1948=EDGE_CURVE('',#1516,#1515,#823,.T.);
#1949=EDGE_CURVE('',#1514,#1516,#824,.T.);
#1950=EDGE_CURVE('',#1515,#1517,#825,.T.);
#1951=EDGE_CURVE('',#1518,#1517,#826,.T.);
#1952=EDGE_CURVE('',#1516,#1518,#827,.T.);
#1953=EDGE_CURVE('',#1517,#1519,#99,.T.);
#1954=EDGE_CURVE('',#1520,#1519,#828,.T.);
#1955=EDGE_CURVE('',#1518,#1520,#100,.T.);
#1956=EDGE_CURVE('',#1519,#1521,#101,.T.);
#1957=EDGE_CURVE('',#1522,#1521,#829,.T.);
#1958=EDGE_CURVE('',#1520,#1522,#102,.T.);
#1959=EDGE_CURVE('',#1521,#1523,#830,.T.);
#1960=EDGE_CURVE('',#1524,#1523,#831,.T.);
#1961=EDGE_CURVE('',#1522,#1524,#832,.T.);
#1962=EDGE_CURVE('',#1523,#1525,#833,.T.);
#1963=EDGE_CURVE('',#1526,#1525,#834,.T.);
#1964=EDGE_CURVE('',#1524,#1526,#835,.T.);
#1965=EDGE_CURVE('',#1525,#1483,#836,.T.);
#1966=EDGE_CURVE('',#1526,#1486,#837,.T.);
#1967=EDGE_CURVE('',#1527,#1528,#838,.T.);
#1968=EDGE_CURVE('',#1529,#1528,#839,.T.);
#1969=EDGE_CURVE('',#1530,#1529,#840,.T.);
#1970=EDGE_CURVE('',#1530,#1527,#841,.T.);
#1971=EDGE_CURVE('',#1528,#1531,#103,.T.);
#1972=EDGE_CURVE('',#1532,#1531,#842,.T.);
#1973=EDGE_CURVE('',#1529,#1532,#104,.T.);
#1974=EDGE_CURVE('',#1531,#1533,#105,.T.);
#1975=EDGE_CURVE('',#1534,#1533,#843,.T.);
#1976=EDGE_CURVE('',#1532,#1534,#106,.T.);
#1977=EDGE_CURVE('',#1533,#1535,#107,.T.);
#1978=EDGE_CURVE('',#1536,#1535,#844,.T.);
#1979=EDGE_CURVE('',#1534,#1536,#108,.T.);
#1980=EDGE_CURVE('',#1535,#1537,#109,.T.);
#1981=EDGE_CURVE('',#1538,#1537,#845,.T.);
#1982=EDGE_CURVE('',#1536,#1538,#110,.T.);
#1983=EDGE_CURVE('',#1537,#1539,#111,.T.);
#1984=EDGE_CURVE('',#1540,#1539,#846,.T.);
#1985=EDGE_CURVE('',#1538,#1540,#112,.T.);
#1986=EDGE_CURVE('',#1539,#1541,#113,.T.);
#1987=EDGE_CURVE('',#1542,#1541,#847,.T.);
#1988=EDGE_CURVE('',#1540,#1542,#114,.T.);
#1989=EDGE_CURVE('',#1541,#1543,#115,.T.);
#1990=EDGE_CURVE('',#1544,#1543,#848,.T.);
#1991=EDGE_CURVE('',#1542,#1544,#116,.T.);
#1992=EDGE_CURVE('',#1543,#1545,#117,.T.);
#1993=EDGE_CURVE('',#1546,#1545,#849,.T.);
#1994=EDGE_CURVE('',#1544,#1546,#118,.T.);
#1995=EDGE_CURVE('',#1545,#1547,#119,.T.);
#1996=EDGE_CURVE('',#1548,#1547,#850,.T.);
#1997=EDGE_CURVE('',#1546,#1548,#120,.T.);
#1998=EDGE_CURVE('',#1547,#1549,#851,.T.);
#1999=EDGE_CURVE('',#1550,#1549,#852,.T.);
#2000=EDGE_CURVE('',#1548,#1550,#853,.T.);
#2001=EDGE_CURVE('',#1549,#1551,#121,.T.);
#2002=EDGE_CURVE('',#1552,#1551,#854,.T.);
#2003=EDGE_CURVE('',#1550,#1552,#122,.T.);
#2004=EDGE_CURVE('',#1551,#1553,#123,.T.);
#2005=EDGE_CURVE('',#1554,#1553,#855,.T.);
#2006=EDGE_CURVE('',#1552,#1554,#124,.T.);
#2007=EDGE_CURVE('',#1553,#1555,#125,.T.);
#2008=EDGE_CURVE('',#1556,#1555,#856,.T.);
#2009=EDGE_CURVE('',#1554,#1556,#126,.T.);
#2010=EDGE_CURVE('',#1555,#1557,#127,.T.);
#2011=EDGE_CURVE('',#1558,#1557,#857,.T.);
#2012=EDGE_CURVE('',#1556,#1558,#128,.T.);
#2013=EDGE_CURVE('',#1557,#1559,#129,.T.);
#2014=EDGE_CURVE('',#1560,#1559,#858,.T.);
#2015=EDGE_CURVE('',#1558,#1560,#130,.T.);
#2016=EDGE_CURVE('',#1559,#1561,#131,.T.);
#2017=EDGE_CURVE('',#1562,#1561,#859,.T.);
#2018=EDGE_CURVE('',#1560,#1562,#132,.T.);
#2019=EDGE_CURVE('',#1561,#1563,#133,.T.);
#2020=EDGE_CURVE('',#1564,#1563,#860,.T.);
#2021=EDGE_CURVE('',#1562,#1564,#134,.T.);
#2022=EDGE_CURVE('',#1563,#1565,#135,.T.);
#2023=EDGE_CURVE('',#1566,#1565,#861,.T.);
#2024=EDGE_CURVE('',#1564,#1566,#136,.T.);
#2025=EDGE_CURVE('',#1565,#1567,#137,.T.);
#2026=EDGE_CURVE('',#1568,#1567,#862,.T.);
#2027=EDGE_CURVE('',#1566,#1568,#138,.T.);
#2028=EDGE_CURVE('',#1567,#1569,#139,.T.);
#2029=EDGE_CURVE('',#1570,#1569,#863,.T.);
#2030=EDGE_CURVE('',#1568,#1570,#140,.T.);
#2031=EDGE_CURVE('',#1569,#1527,#864,.T.);
#2032=EDGE_CURVE('',#1570,#1530,#865,.T.);
#2033=EDGE_CURVE('',#1571,#1572,#866,.T.);
#2034=EDGE_CURVE('',#1573,#1572,#867,.T.);
#2035=EDGE_CURVE('',#1574,#1573,#868,.T.);
#2036=EDGE_CURVE('',#1574,#1571,#869,.T.);
#2037=EDGE_CURVE('',#1572,#1575,#870,.T.);
#2038=EDGE_CURVE('',#1576,#1575,#871,.T.);
#2039=EDGE_CURVE('',#1573,#1576,#872,.T.);
#2040=EDGE_CURVE('',#1575,#1577,#873,.T.);
#2041=EDGE_CURVE('',#1578,#1577,#874,.T.);
#2042=EDGE_CURVE('',#1576,#1578,#875,.T.);
#2043=EDGE_CURVE('',#1577,#1571,#876,.T.);
#2044=EDGE_CURVE('',#1578,#1574,#877,.T.);
#2045=EDGE_CURVE('',#1579,#1580,#878,.T.);
#2046=EDGE_CURVE('',#1581,#1580,#879,.T.);
#2047=EDGE_CURVE('',#1582,#1581,#880,.T.);
#2048=EDGE_CURVE('',#1582,#1579,#881,.T.);
#2049=EDGE_CURVE('',#1580,#1583,#882,.T.);
#2050=EDGE_CURVE('',#1584,#1583,#883,.T.);
#2051=EDGE_CURVE('',#1581,#1584,#884,.T.);
#2052=EDGE_CURVE('',#1583,#1585,#885,.T.);
#2053=EDGE_CURVE('',#1586,#1585,#886,.T.);
#2054=EDGE_CURVE('',#1584,#1586,#887,.T.);
#2055=EDGE_CURVE('',#1585,#1587,#888,.T.);
#2056=EDGE_CURVE('',#1588,#1587,#889,.T.);
#2057=EDGE_CURVE('',#1586,#1588,#890,.T.);
#2058=EDGE_CURVE('',#1587,#1589,#891,.T.);
#2059=EDGE_CURVE('',#1590,#1589,#892,.T.);
#2060=EDGE_CURVE('',#1588,#1590,#893,.T.);
#2061=EDGE_CURVE('',#1589,#1591,#894,.T.);
#2062=EDGE_CURVE('',#1592,#1591,#895,.T.);
#2063=EDGE_CURVE('',#1590,#1592,#896,.T.);
#2064=EDGE_CURVE('',#1591,#1593,#897,.T.);
#2065=EDGE_CURVE('',#1594,#1593,#898,.T.);
#2066=EDGE_CURVE('',#1592,#1594,#899,.T.);
#2067=EDGE_CURVE('',#1593,#1595,#900,.T.);
#2068=EDGE_CURVE('',#1596,#1595,#901,.T.);
#2069=EDGE_CURVE('',#1594,#1596,#902,.T.);
#2070=EDGE_CURVE('',#1595,#1597,#903,.T.);
#2071=EDGE_CURVE('',#1598,#1597,#904,.T.);
#2072=EDGE_CURVE('',#1596,#1598,#905,.T.);
#2073=EDGE_CURVE('',#1597,#1599,#906,.T.);
#2074=EDGE_CURVE('',#1600,#1599,#907,.T.);
#2075=EDGE_CURVE('',#1598,#1600,#908,.T.);
#2076=EDGE_CURVE('',#1599,#1601,#909,.T.);
#2077=EDGE_CURVE('',#1602,#1601,#910,.T.);
#2078=EDGE_CURVE('',#1600,#1602,#911,.T.);
#2079=EDGE_CURVE('',#1601,#1579,#912,.T.);
#2080=EDGE_CURVE('',#1602,#1582,#913,.T.);
#2081=EDGE_CURVE('',#1603,#1604,#914,.T.);
#2082=EDGE_CURVE('',#1605,#1603,#915,.T.);
#2083=EDGE_CURVE('',#1606,#1605,#916,.T.);
#2084=EDGE_CURVE('',#1604,#1606,#917,.T.);
#2085=EDGE_CURVE('',#1607,#1608,#918,.T.);
#2086=EDGE_CURVE('',#1609,#1607,#919,.T.);
#2087=EDGE_CURVE('',#1610,#1609,#920,.T.);
#2088=EDGE_CURVE('',#1610,#1608,#921,.T.);
#2089=EDGE_CURVE('',#1608,#1611,#922,.T.);
#2090=EDGE_CURVE('',#1612,#1610,#923,.T.);
#2091=EDGE_CURVE('',#1611,#1612,#924,.T.);
#2092=EDGE_CURVE('',#1613,#1614,#925,.T.);
#2093=EDGE_CURVE('',#1615,#1613,#926,.T.);
#2094=EDGE_CURVE('',#1616,#1615,#927,.T.);
#2095=EDGE_CURVE('',#1616,#1614,#928,.T.);
#2096=EDGE_CURVE('',#1614,#1617,#929,.T.);
#2097=EDGE_CURVE('',#1618,#1616,#930,.T.);
#2098=EDGE_CURVE('',#1617,#1618,#931,.T.);
#2099=EDGE_CURVE('',#1619,#1620,#932,.T.);
#2100=EDGE_CURVE('',#1621,#1619,#933,.T.);
#2101=EDGE_CURVE('',#1622,#1621,#934,.T.);
#2102=EDGE_CURVE('',#1622,#1620,#935,.T.);
#2103=EDGE_CURVE('',#1620,#1623,#936,.T.);
#2104=EDGE_CURVE('',#1624,#1622,#937,.T.);
#2105=EDGE_CURVE('',#1623,#1624,#938,.T.);
#2106=EDGE_CURVE('',#1625,#1603,#939,.T.);
#2107=EDGE_CURVE('',#1626,#1625,#940,.T.);
#2108=EDGE_CURVE('',#1605,#1626,#941,.T.);
#2109=EDGE_CURVE('',#1607,#1604,#942,.T.);
#2110=EDGE_CURVE('',#1613,#1611,#943,.T.);
#2111=EDGE_CURVE('',#1619,#1617,#944,.T.);
#2112=EDGE_CURVE('',#1625,#1623,#945,.T.);
#2113=EDGE_CURVE('',#1627,#1606,#946,.T.);
#2114=EDGE_CURVE('',#1627,#1628,#947,.T.);
#2115=EDGE_CURVE('',#1628,#1629,#948,.T.);
#2116=EDGE_CURVE('',#1630,#1629,#949,.T.);
#2117=EDGE_CURVE('',#1609,#1630,#950,.T.);
#2118=EDGE_CURVE('',#1626,#1627,#951,.T.);
#2119=EDGE_CURVE('',#1621,#1631,#952,.T.);
#2120=EDGE_CURVE('',#1631,#1624,#953,.T.);
#2121=EDGE_CURVE('',#1615,#1632,#954,.T.);
#2122=EDGE_CURVE('',#1632,#1618,#955,.T.);
#2123=EDGE_CURVE('',#1630,#1612,#956,.T.);
#2124=EDGE_CURVE('',#1631,#1633,#957,.T.);
#2125=EDGE_CURVE('',#1633,#1628,#958,.T.);
#2126=EDGE_CURVE('',#1632,#1634,#959,.T.);
#2127=EDGE_CURVE('',#1634,#1633,#960,.T.);
#2128=EDGE_CURVE('',#1629,#1634,#961,.T.);
#2129=ORIENTED_EDGE('',*,*,#1635,.F.);
#2130=ORIENTED_EDGE('',*,*,#1636,.F.);
#2131=ORIENTED_EDGE('',*,*,#1637,.F.);
#2132=ORIENTED_EDGE('',*,*,#1638,.T.);
#2133=ORIENTED_EDGE('',*,*,#1639,.F.);
#2134=ORIENTED_EDGE('',*,*,#1640,.F.);
#2135=ORIENTED_EDGE('',*,*,#1641,.F.);
#2136=ORIENTED_EDGE('',*,*,#1642,.F.);
#2137=ORIENTED_EDGE('',*,*,#1643,.T.);
#2138=ORIENTED_EDGE('',*,*,#1644,.F.);
#2139=ORIENTED_EDGE('',*,*,#1637,.T.);
#2140=ORIENTED_EDGE('',*,*,#1645,.T.);
#2141=ORIENTED_EDGE('',*,*,#1642,.T.);
#2142=ORIENTED_EDGE('',*,*,#1646,.T.);
#2143=ORIENTED_EDGE('',*,*,#1647,.F.);
#2144=ORIENTED_EDGE('',*,*,#1648,.F.);
#2145=ORIENTED_EDGE('',*,*,#1649,.F.);
#2146=ORIENTED_EDGE('',*,*,#1638,.F.);
#2147=ORIENTED_EDGE('',*,*,#1646,.F.);
#2148=ORIENTED_EDGE('',*,*,#1641,.T.);
#2149=ORIENTED_EDGE('',*,*,#1650,.F.);
#2150=ORIENTED_EDGE('',*,*,#1643,.F.);
#2151=ORIENTED_EDGE('',*,*,#1645,.F.);
#2152=ORIENTED_EDGE('',*,*,#1636,.T.);
#2153=ORIENTED_EDGE('',*,*,#1651,.T.);
#2154=ORIENTED_EDGE('',*,*,#1652,.F.);
#2155=ORIENTED_EDGE('',*,*,#1653,.F.);
#2156=ORIENTED_EDGE('',*,*,#1654,.T.);
#2157=ORIENTED_EDGE('',*,*,#1655,.T.);
#2158=ORIENTED_EDGE('',*,*,#1656,.F.);
#2159=ORIENTED_EDGE('',*,*,#1657,.F.);
#2160=ORIENTED_EDGE('',*,*,#1652,.T.);
#2161=ORIENTED_EDGE('',*,*,#1658,.T.);
#2162=ORIENTED_EDGE('',*,*,#1659,.F.);
#2163=ORIENTED_EDGE('',*,*,#1660,.F.);
#2164=ORIENTED_EDGE('',*,*,#1656,.T.);
#2165=ORIENTED_EDGE('',*,*,#1661,.T.);
#2166=ORIENTED_EDGE('',*,*,#1654,.F.);
#2167=ORIENTED_EDGE('',*,*,#1662,.F.);
#2168=ORIENTED_EDGE('',*,*,#1659,.T.);
#2169=ORIENTED_EDGE('',*,*,#1651,.F.);
#2170=ORIENTED_EDGE('',*,*,#1661,.F.);
#2171=ORIENTED_EDGE('',*,*,#1658,.F.);
#2172=ORIENTED_EDGE('',*,*,#1655,.F.);
#2173=ORIENTED_EDGE('',*,*,#1635,.T.);
#2174=ORIENTED_EDGE('',*,*,#1649,.T.);
#2175=ORIENTED_EDGE('',*,*,#1640,.T.);
#2176=ORIENTED_EDGE('',*,*,#1650,.T.);
#2177=ORIENTED_EDGE('',*,*,#1663,.F.);
#2178=ORIENTED_EDGE('',*,*,#1653,.T.);
#2179=ORIENTED_EDGE('',*,*,#1657,.T.);
#2180=ORIENTED_EDGE('',*,*,#1660,.T.);
#2181=ORIENTED_EDGE('',*,*,#1662,.T.);
#2182=ORIENTED_EDGE('',*,*,#1663,.T.);
#2183=ORIENTED_EDGE('',*,*,#1664,.T.);
#2184=ORIENTED_EDGE('',*,*,#1665,.F.);
#2185=ORIENTED_EDGE('',*,*,#1664,.F.);
#2186=ORIENTED_EDGE('',*,*,#1666,.T.);
#2187=ORIENTED_EDGE('',*,*,#1667,.F.);
#2188=ORIENTED_EDGE('',*,*,#1668,.F.);
#2189=ORIENTED_EDGE('',*,*,#1666,.F.);
#2190=ORIENTED_EDGE('',*,*,#1669,.F.);
#2191=ORIENTED_EDGE('',*,*,#1670,.F.);
#2192=ORIENTED_EDGE('',*,*,#1671,.T.);
#2193=ORIENTED_EDGE('',*,*,#1667,.T.);
#2194=ORIENTED_EDGE('',*,*,#1668,.T.);
#2195=ORIENTED_EDGE('',*,*,#1671,.F.);
#2196=ORIENTED_EDGE('',*,*,#1669,.T.);
#2197=ORIENTED_EDGE('',*,*,#1670,.T.);
#2198=ORIENTED_EDGE('',*,*,#1672,.T.);
#2199=ORIENTED_EDGE('',*,*,#1648,.T.);
#2200=ORIENTED_EDGE('',*,*,#1647,.T.);
#2201=ORIENTED_EDGE('',*,*,#1672,.F.);
#2202=ORIENTED_EDGE('',*,*,#1639,.T.);
#2203=ORIENTED_EDGE('',*,*,#1644,.T.);
#2204=ORIENTED_EDGE('',*,*,#1673,.T.);
#2205=ORIENTED_EDGE('',*,*,#1674,.T.);
#2206=ORIENTED_EDGE('',*,*,#1675,.F.);
#2207=ORIENTED_EDGE('',*,*,#1676,.T.);
#2208=ORIENTED_EDGE('',*,*,#1677,.F.);
#2209=ORIENTED_EDGE('',*,*,#1678,.T.);
#2210=ORIENTED_EDGE('',*,*,#1676,.F.);
#2211=ORIENTED_EDGE('',*,*,#1679,.F.);
#2212=ORIENTED_EDGE('',*,*,#1680,.F.);
#2213=ORIENTED_EDGE('',*,*,#1681,.F.);
#2214=ORIENTED_EDGE('',*,*,#1674,.F.);
#2215=ORIENTED_EDGE('',*,*,#1682,.F.);
#2216=ORIENTED_EDGE('',*,*,#1683,.F.);
#2217=ORIENTED_EDGE('',*,*,#1684,.F.);
#2218=ORIENTED_EDGE('',*,*,#1685,.F.);
#2219=ORIENTED_EDGE('',*,*,#1686,.T.);
#2220=ORIENTED_EDGE('',*,*,#1687,.T.);
#2221=ORIENTED_EDGE('',*,*,#1688,.F.);
#2222=ORIENTED_EDGE('',*,*,#1684,.T.);
#2223=ORIENTED_EDGE('',*,*,#1689,.T.);
#2224=ORIENTED_EDGE('',*,*,#1690,.F.);
#2225=ORIENTED_EDGE('',*,*,#1689,.F.);
#2226=ORIENTED_EDGE('',*,*,#1683,.T.);
#2227=ORIENTED_EDGE('',*,*,#1691,.T.);
#2228=ORIENTED_EDGE('',*,*,#1692,.F.);
#2229=ORIENTED_EDGE('',*,*,#1693,.T.);
#2230=ORIENTED_EDGE('',*,*,#1694,.T.);
#2231=ORIENTED_EDGE('',*,*,#1695,.F.);
#2232=ORIENTED_EDGE('',*,*,#1696,.F.);
#2233=ORIENTED_EDGE('',*,*,#1694,.F.);
#2234=ORIENTED_EDGE('',*,*,#1697,.F.);
#2235=ORIENTED_EDGE('',*,*,#1698,.F.);
#2236=ORIENTED_EDGE('',*,*,#1699,.F.);
#2237=ORIENTED_EDGE('',*,*,#1673,.F.);
#2238=ORIENTED_EDGE('',*,*,#1700,.T.);
#2239=ORIENTED_EDGE('',*,*,#1701,.T.);
#2240=ORIENTED_EDGE('',*,*,#1702,.T.);
#2241=ORIENTED_EDGE('',*,*,#1703,.F.);
#2242=ORIENTED_EDGE('',*,*,#1704,.F.);
#2243=ORIENTED_EDGE('',*,*,#1691,.F.);
#2244=ORIENTED_EDGE('',*,*,#1682,.T.);
#2245=ORIENTED_EDGE('',*,*,#1702,.F.);
#2246=ORIENTED_EDGE('',*,*,#1705,.F.);
#2247=ORIENTED_EDGE('',*,*,#1706,.F.);
#2248=ORIENTED_EDGE('',*,*,#1707,.F.);
#2249=ORIENTED_EDGE('',*,*,#1708,.T.);
#2250=ORIENTED_EDGE('',*,*,#1709,.T.);
#2251=ORIENTED_EDGE('',*,*,#1710,.T.);
#2252=ORIENTED_EDGE('',*,*,#1711,.F.);
#2253=ORIENTED_EDGE('',*,*,#1712,.T.);
#2254=ORIENTED_EDGE('',*,*,#1706,.T.);
#2255=ORIENTED_EDGE('',*,*,#1713,.F.);
#2256=ORIENTED_EDGE('',*,*,#1714,.T.);
#2257=ORIENTED_EDGE('',*,*,#1710,.F.);
#2258=ORIENTED_EDGE('',*,*,#1715,.T.);
#2259=ORIENTED_EDGE('',*,*,#1716,.T.);
#2260=ORIENTED_EDGE('',*,*,#1717,.F.);
#2261=ORIENTED_EDGE('',*,*,#1718,.T.);
#2262=ORIENTED_EDGE('',*,*,#1698,.T.);
#2263=ORIENTED_EDGE('',*,*,#1719,.F.);
#2264=ORIENTED_EDGE('',*,*,#1720,.F.);
#2265=ORIENTED_EDGE('',*,*,#1716,.F.);
#2266=ORIENTED_EDGE('',*,*,#1721,.T.);
#2267=ORIENTED_EDGE('',*,*,#1722,.F.);
#2268=ORIENTED_EDGE('',*,*,#1723,.T.);
#2269=ORIENTED_EDGE('',*,*,#1724,.T.);
#2270=ORIENTED_EDGE('',*,*,#1725,.T.);
#2271=ORIENTED_EDGE('',*,*,#1709,.F.);
#2272=ORIENTED_EDGE('',*,*,#1726,.F.);
#2273=ORIENTED_EDGE('',*,*,#1727,.F.);
#2274=ORIENTED_EDGE('',*,*,#1721,.F.);
#2275=ORIENTED_EDGE('',*,*,#1715,.F.);
#2276=ORIENTED_EDGE('',*,*,#1708,.F.);
#2277=ORIENTED_EDGE('',*,*,#1728,.F.);
#2278=ORIENTED_EDGE('',*,*,#1729,.F.);
#2279=ORIENTED_EDGE('',*,*,#1680,.T.);
#2280=ORIENTED_EDGE('',*,*,#1730,.F.);
#2281=ORIENTED_EDGE('',*,*,#1726,.T.);
#2282=ORIENTED_EDGE('',*,*,#1731,.F.);
#2283=ORIENTED_EDGE('',*,*,#1732,.F.);
#2284=ORIENTED_EDGE('',*,*,#1733,.T.);
#2285=ORIENTED_EDGE('',*,*,#1734,.F.);
#2286=ORIENTED_EDGE('',*,*,#1677,.T.);
#2287=ORIENTED_EDGE('',*,*,#1681,.T.);
#2288=ORIENTED_EDGE('',*,*,#1729,.T.);
#2289=ORIENTED_EDGE('',*,*,#1735,.T.);
#2290=ORIENTED_EDGE('',*,*,#1736,.T.);
#2291=ORIENTED_EDGE('',*,*,#1737,.T.);
#2292=ORIENTED_EDGE('',*,*,#1738,.F.);
#2293=ORIENTED_EDGE('',*,*,#1739,.F.);
#2294=ORIENTED_EDGE('',*,*,#1740,.T.);
#2295=ORIENTED_EDGE('',*,*,#1741,.F.);
#2296=ORIENTED_EDGE('',*,*,#1719,.T.);
#2297=ORIENTED_EDGE('',*,*,#1697,.T.);
#2298=ORIENTED_EDGE('',*,*,#1693,.F.);
#2299=ORIENTED_EDGE('',*,*,#1742,.T.);
#2300=ORIENTED_EDGE('',*,*,#1743,.T.);
#2301=ORIENTED_EDGE('',*,*,#1744,.T.);
#2302=ORIENTED_EDGE('',*,*,#1738,.T.);
#2303=ORIENTED_EDGE('',*,*,#1745,.T.);
#2304=ORIENTED_EDGE('',*,*,#1746,.T.);
#2305=ORIENTED_EDGE('',*,*,#1747,.T.);
#2306=ORIENTED_EDGE('',*,*,#1748,.F.);
#2307=ORIENTED_EDGE('',*,*,#1749,.F.);
#2308=ORIENTED_EDGE('',*,*,#1750,.T.);
#2309=ORIENTED_EDGE('',*,*,#1751,.F.);
#2310=ORIENTED_EDGE('',*,*,#1695,.T.);
#2311=ORIENTED_EDGE('',*,*,#1699,.T.);
#2312=ORIENTED_EDGE('',*,*,#1718,.F.);
#2313=ORIENTED_EDGE('',*,*,#1752,.T.);
#2314=ORIENTED_EDGE('',*,*,#1753,.T.);
#2315=ORIENTED_EDGE('',*,*,#1754,.T.);
#2316=ORIENTED_EDGE('',*,*,#1748,.T.);
#2317=ORIENTED_EDGE('',*,*,#1755,.T.);
#2318=ORIENTED_EDGE('',*,*,#1756,.T.);
#2319=ORIENTED_EDGE('',*,*,#1757,.T.);
#2320=ORIENTED_EDGE('',*,*,#1731,.T.);
#2321=ORIENTED_EDGE('',*,*,#1758,.T.);
#2322=ORIENTED_EDGE('',*,*,#1759,.T.);
#2323=ORIENTED_EDGE('',*,*,#1760,.T.);
#2324=ORIENTED_EDGE('',*,*,#1755,.F.);
#2325=ORIENTED_EDGE('',*,*,#1754,.F.);
#2326=ORIENTED_EDGE('',*,*,#1761,.F.);
#2327=ORIENTED_EDGE('',*,*,#1762,.T.);
#2328=ORIENTED_EDGE('',*,*,#1757,.F.);
#2329=ORIENTED_EDGE('',*,*,#1763,.F.);
#2330=ORIENTED_EDGE('',*,*,#1764,.F.);
#2331=ORIENTED_EDGE('',*,*,#1749,.T.);
#2332=ORIENTED_EDGE('',*,*,#1745,.F.);
#2333=ORIENTED_EDGE('',*,*,#1744,.F.);
#2334=ORIENTED_EDGE('',*,*,#1765,.F.);
#2335=ORIENTED_EDGE('',*,*,#1766,.T.);
#2336=ORIENTED_EDGE('',*,*,#1747,.F.);
#2337=ORIENTED_EDGE('',*,*,#1767,.F.);
#2338=ORIENTED_EDGE('',*,*,#1768,.F.);
#2339=ORIENTED_EDGE('',*,*,#1739,.T.);
#2340=ORIENTED_EDGE('',*,*,#1758,.F.);
#2341=ORIENTED_EDGE('',*,*,#1737,.F.);
#2342=ORIENTED_EDGE('',*,*,#1769,.F.);
#2343=ORIENTED_EDGE('',*,*,#1770,.T.);
#2344=ORIENTED_EDGE('',*,*,#1760,.F.);
#2345=ORIENTED_EDGE('',*,*,#1771,.F.);
#2346=ORIENTED_EDGE('',*,*,#1772,.F.);
#2347=ORIENTED_EDGE('',*,*,#1732,.T.);
#2348=ORIENTED_EDGE('',*,*,#1764,.T.);
#2349=ORIENTED_EDGE('',*,*,#1773,.F.);
#2350=ORIENTED_EDGE('',*,*,#1774,.F.);
#2351=ORIENTED_EDGE('',*,*,#1750,.F.);
#2352=ORIENTED_EDGE('',*,*,#1768,.T.);
#2353=ORIENTED_EDGE('',*,*,#1775,.F.);
#2354=ORIENTED_EDGE('',*,*,#1776,.F.);
#2355=ORIENTED_EDGE('',*,*,#1740,.F.);
#2356=ORIENTED_EDGE('',*,*,#1772,.T.);
#2357=ORIENTED_EDGE('',*,*,#1777,.F.);
#2358=ORIENTED_EDGE('',*,*,#1778,.F.);
#2359=ORIENTED_EDGE('',*,*,#1733,.F.);
#2360=ORIENTED_EDGE('',*,*,#1779,.F.);
#2361=ORIENTED_EDGE('',*,*,#1711,.T.);
#2362=ORIENTED_EDGE('',*,*,#1720,.T.);
#2363=ORIENTED_EDGE('',*,*,#1741,.T.);
#2364=ORIENTED_EDGE('',*,*,#1776,.T.);
#2365=ORIENTED_EDGE('',*,*,#1752,.F.);
#2366=ORIENTED_EDGE('',*,*,#1717,.T.);
#2367=ORIENTED_EDGE('',*,*,#1725,.F.);
#2368=ORIENTED_EDGE('',*,*,#1780,.T.);
#2369=ORIENTED_EDGE('',*,*,#1781,.T.);
#2370=ORIENTED_EDGE('',*,*,#1782,.T.);
#2371=ORIENTED_EDGE('',*,*,#1783,.T.);
#2372=ORIENTED_EDGE('',*,*,#1735,.F.);
#2373=ORIENTED_EDGE('',*,*,#1728,.T.);
#2374=ORIENTED_EDGE('',*,*,#1714,.F.);
#2375=ORIENTED_EDGE('',*,*,#1734,.T.);
#2376=ORIENTED_EDGE('',*,*,#1778,.T.);
#2377=ORIENTED_EDGE('',*,*,#1784,.F.);
#2378=ORIENTED_EDGE('',*,*,#1700,.F.);
#2379=ORIENTED_EDGE('',*,*,#1678,.F.);
#2380=ORIENTED_EDGE('',*,*,#1696,.T.);
#2381=ORIENTED_EDGE('',*,*,#1751,.T.);
#2382=ORIENTED_EDGE('',*,*,#1774,.T.);
#2383=ORIENTED_EDGE('',*,*,#1785,.F.);
#2384=ORIENTED_EDGE('',*,*,#1690,.T.);
#2385=ORIENTED_EDGE('',*,*,#1742,.F.);
#2386=ORIENTED_EDGE('',*,*,#1692,.T.);
#2387=ORIENTED_EDGE('',*,*,#1704,.T.);
#2388=ORIENTED_EDGE('',*,*,#1786,.T.);
#2389=ORIENTED_EDGE('',*,*,#1787,.T.);
#2390=ORIENTED_EDGE('',*,*,#1687,.F.);
#2391=ORIENTED_EDGE('',*,*,#1788,.F.);
#2392=ORIENTED_EDGE('',*,*,#1723,.F.);
#2393=ORIENTED_EDGE('',*,*,#1789,.F.);
#2394=ORIENTED_EDGE('',*,*,#1746,.F.);
#2395=ORIENTED_EDGE('',*,*,#1766,.F.);
#2396=ORIENTED_EDGE('',*,*,#1790,.T.);
#2397=ORIENTED_EDGE('',*,*,#1786,.F.);
#2398=ORIENTED_EDGE('',*,*,#1703,.T.);
#2399=ORIENTED_EDGE('',*,*,#1707,.T.);
#2400=ORIENTED_EDGE('',*,*,#1712,.F.);
#2401=ORIENTED_EDGE('',*,*,#1779,.T.);
#2402=ORIENTED_EDGE('',*,*,#1775,.T.);
#2403=ORIENTED_EDGE('',*,*,#1767,.T.);
#2404=ORIENTED_EDGE('',*,*,#1765,.T.);
#2405=ORIENTED_EDGE('',*,*,#1743,.F.);
#2406=ORIENTED_EDGE('',*,*,#1787,.F.);
#2407=ORIENTED_EDGE('',*,*,#1790,.F.);
#2408=ORIENTED_EDGE('',*,*,#1756,.F.);
#2409=ORIENTED_EDGE('',*,*,#1762,.F.);
#2410=ORIENTED_EDGE('',*,*,#1791,.T.);
#2411=ORIENTED_EDGE('',*,*,#1780,.F.);
#2412=ORIENTED_EDGE('',*,*,#1724,.F.);
#2413=ORIENTED_EDGE('',*,*,#1788,.T.);
#2414=ORIENTED_EDGE('',*,*,#1686,.F.);
#2415=ORIENTED_EDGE('',*,*,#1785,.T.);
#2416=ORIENTED_EDGE('',*,*,#1773,.T.);
#2417=ORIENTED_EDGE('',*,*,#1763,.T.);
#2418=ORIENTED_EDGE('',*,*,#1761,.T.);
#2419=ORIENTED_EDGE('',*,*,#1753,.F.);
#2420=ORIENTED_EDGE('',*,*,#1781,.F.);
#2421=ORIENTED_EDGE('',*,*,#1791,.F.);
#2422=ORIENTED_EDGE('',*,*,#1759,.F.);
#2423=ORIENTED_EDGE('',*,*,#1770,.F.);
#2424=ORIENTED_EDGE('',*,*,#1792,.T.);
#2425=ORIENTED_EDGE('',*,*,#1782,.F.);
#2426=ORIENTED_EDGE('',*,*,#1713,.T.);
#2427=ORIENTED_EDGE('',*,*,#1705,.T.);
#2428=ORIENTED_EDGE('',*,*,#1701,.F.);
#2429=ORIENTED_EDGE('',*,*,#1784,.T.);
#2430=ORIENTED_EDGE('',*,*,#1777,.T.);
#2431=ORIENTED_EDGE('',*,*,#1771,.T.);
#2432=ORIENTED_EDGE('',*,*,#1769,.T.);
#2433=ORIENTED_EDGE('',*,*,#1736,.F.);
#2434=ORIENTED_EDGE('',*,*,#1783,.F.);
#2435=ORIENTED_EDGE('',*,*,#1792,.F.);
#2436=ORIENTED_EDGE('',*,*,#1793,.T.);
#2437=ORIENTED_EDGE('',*,*,#1794,.F.);
#2438=ORIENTED_EDGE('',*,*,#1795,.F.);
#2439=ORIENTED_EDGE('',*,*,#1796,.T.);
#2440=ORIENTED_EDGE('',*,*,#1797,.T.);
#2441=ORIENTED_EDGE('',*,*,#1798,.F.);
#2442=ORIENTED_EDGE('',*,*,#1799,.F.);
#2443=ORIENTED_EDGE('',*,*,#1794,.T.);
#2444=ORIENTED_EDGE('',*,*,#1800,.T.);
#2445=ORIENTED_EDGE('',*,*,#1801,.F.);
#2446=ORIENTED_EDGE('',*,*,#1802,.F.);
#2447=ORIENTED_EDGE('',*,*,#1798,.T.);
#2448=ORIENTED_EDGE('',*,*,#1803,.T.);
#2449=ORIENTED_EDGE('',*,*,#1804,.F.);
#2450=ORIENTED_EDGE('',*,*,#1805,.F.);
#2451=ORIENTED_EDGE('',*,*,#1801,.T.);
#2452=ORIENTED_EDGE('',*,*,#1806,.T.);
#2453=ORIENTED_EDGE('',*,*,#1807,.F.);
#2454=ORIENTED_EDGE('',*,*,#1808,.F.);
#2455=ORIENTED_EDGE('',*,*,#1804,.T.);
#2456=ORIENTED_EDGE('',*,*,#1809,.T.);
#2457=ORIENTED_EDGE('',*,*,#1810,.F.);
#2458=ORIENTED_EDGE('',*,*,#1811,.F.);
#2459=ORIENTED_EDGE('',*,*,#1807,.T.);
#2460=ORIENTED_EDGE('',*,*,#1812,.T.);
#2461=ORIENTED_EDGE('',*,*,#1813,.F.);
#2462=ORIENTED_EDGE('',*,*,#1814,.F.);
#2463=ORIENTED_EDGE('',*,*,#1810,.T.);
#2464=ORIENTED_EDGE('',*,*,#1815,.T.);
#2465=ORIENTED_EDGE('',*,*,#1816,.F.);
#2466=ORIENTED_EDGE('',*,*,#1817,.F.);
#2467=ORIENTED_EDGE('',*,*,#1813,.T.);
#2468=ORIENTED_EDGE('',*,*,#1818,.T.);
#2469=ORIENTED_EDGE('',*,*,#1819,.F.);
#2470=ORIENTED_EDGE('',*,*,#1820,.F.);
#2471=ORIENTED_EDGE('',*,*,#1816,.T.);
#2472=ORIENTED_EDGE('',*,*,#1821,.T.);
#2473=ORIENTED_EDGE('',*,*,#1822,.F.);
#2474=ORIENTED_EDGE('',*,*,#1823,.F.);
#2475=ORIENTED_EDGE('',*,*,#1819,.T.);
#2476=ORIENTED_EDGE('',*,*,#1824,.T.);
#2477=ORIENTED_EDGE('',*,*,#1825,.F.);
#2478=ORIENTED_EDGE('',*,*,#1826,.F.);
#2479=ORIENTED_EDGE('',*,*,#1822,.T.);
#2480=ORIENTED_EDGE('',*,*,#1827,.T.);
#2481=ORIENTED_EDGE('',*,*,#1796,.F.);
#2482=ORIENTED_EDGE('',*,*,#1828,.F.);
#2483=ORIENTED_EDGE('',*,*,#1825,.T.);
#2484=ORIENTED_EDGE('',*,*,#1793,.F.);
#2485=ORIENTED_EDGE('',*,*,#1827,.F.);
#2486=ORIENTED_EDGE('',*,*,#1824,.F.);
#2487=ORIENTED_EDGE('',*,*,#1821,.F.);
#2488=ORIENTED_EDGE('',*,*,#1818,.F.);
#2489=ORIENTED_EDGE('',*,*,#1815,.F.);
#2490=ORIENTED_EDGE('',*,*,#1812,.F.);
#2491=ORIENTED_EDGE('',*,*,#1809,.F.);
#2492=ORIENTED_EDGE('',*,*,#1806,.F.);
#2493=ORIENTED_EDGE('',*,*,#1803,.F.);
#2494=ORIENTED_EDGE('',*,*,#1800,.F.);
#2495=ORIENTED_EDGE('',*,*,#1797,.F.);
#2496=ORIENTED_EDGE('',*,*,#1829,.T.);
#2497=ORIENTED_EDGE('',*,*,#1830,.F.);
#2498=ORIENTED_EDGE('',*,*,#1831,.F.);
#2499=ORIENTED_EDGE('',*,*,#1832,.T.);
#2500=ORIENTED_EDGE('',*,*,#1833,.T.);
#2501=ORIENTED_EDGE('',*,*,#1834,.F.);
#2502=ORIENTED_EDGE('',*,*,#1835,.F.);
#2503=ORIENTED_EDGE('',*,*,#1830,.T.);
#2504=ORIENTED_EDGE('',*,*,#1836,.T.);
#2505=ORIENTED_EDGE('',*,*,#1837,.F.);
#2506=ORIENTED_EDGE('',*,*,#1838,.F.);
#2507=ORIENTED_EDGE('',*,*,#1834,.T.);
#2508=ORIENTED_EDGE('',*,*,#1839,.T.);
#2509=ORIENTED_EDGE('',*,*,#1840,.F.);
#2510=ORIENTED_EDGE('',*,*,#1841,.F.);
#2511=ORIENTED_EDGE('',*,*,#1837,.T.);
#2512=ORIENTED_EDGE('',*,*,#1842,.T.);
#2513=ORIENTED_EDGE('',*,*,#1843,.F.);
#2514=ORIENTED_EDGE('',*,*,#1844,.F.);
#2515=ORIENTED_EDGE('',*,*,#1840,.T.);
#2516=ORIENTED_EDGE('',*,*,#1845,.T.);
#2517=ORIENTED_EDGE('',*,*,#1846,.F.);
#2518=ORIENTED_EDGE('',*,*,#1847,.F.);
#2519=ORIENTED_EDGE('',*,*,#1843,.T.);
#2520=ORIENTED_EDGE('',*,*,#1848,.T.);
#2521=ORIENTED_EDGE('',*,*,#1849,.F.);
#2522=ORIENTED_EDGE('',*,*,#1850,.F.);
#2523=ORIENTED_EDGE('',*,*,#1846,.T.);
#2524=ORIENTED_EDGE('',*,*,#1851,.T.);
#2525=ORIENTED_EDGE('',*,*,#1852,.F.);
#2526=ORIENTED_EDGE('',*,*,#1853,.F.);
#2527=ORIENTED_EDGE('',*,*,#1849,.T.);
#2528=ORIENTED_EDGE('',*,*,#1854,.T.);
#2529=ORIENTED_EDGE('',*,*,#1855,.F.);
#2530=ORIENTED_EDGE('',*,*,#1856,.F.);
#2531=ORIENTED_EDGE('',*,*,#1852,.T.);
#2532=ORIENTED_EDGE('',*,*,#1857,.T.);
#2533=ORIENTED_EDGE('',*,*,#1858,.F.);
#2534=ORIENTED_EDGE('',*,*,#1859,.F.);
#2535=ORIENTED_EDGE('',*,*,#1855,.T.);
#2536=ORIENTED_EDGE('',*,*,#1860,.T.);
#2537=ORIENTED_EDGE('',*,*,#1861,.F.);
#2538=ORIENTED_EDGE('',*,*,#1862,.F.);
#2539=ORIENTED_EDGE('',*,*,#1858,.T.);
#2540=ORIENTED_EDGE('',*,*,#1863,.T.);
#2541=ORIENTED_EDGE('',*,*,#1832,.F.);
#2542=ORIENTED_EDGE('',*,*,#1864,.F.);
#2543=ORIENTED_EDGE('',*,*,#1861,.T.);
#2544=ORIENTED_EDGE('',*,*,#1829,.F.);
#2545=ORIENTED_EDGE('',*,*,#1863,.F.);
#2546=ORIENTED_EDGE('',*,*,#1860,.F.);
#2547=ORIENTED_EDGE('',*,*,#1857,.F.);
#2548=ORIENTED_EDGE('',*,*,#1854,.F.);
#2549=ORIENTED_EDGE('',*,*,#1851,.F.);
#2550=ORIENTED_EDGE('',*,*,#1848,.F.);
#2551=ORIENTED_EDGE('',*,*,#1845,.F.);
#2552=ORIENTED_EDGE('',*,*,#1842,.F.);
#2553=ORIENTED_EDGE('',*,*,#1839,.F.);
#2554=ORIENTED_EDGE('',*,*,#1836,.F.);
#2555=ORIENTED_EDGE('',*,*,#1833,.F.);
#2556=ORIENTED_EDGE('',*,*,#1865,.T.);
#2557=ORIENTED_EDGE('',*,*,#1866,.F.);
#2558=ORIENTED_EDGE('',*,*,#1867,.F.);
#2559=ORIENTED_EDGE('',*,*,#1868,.T.);
#2560=ORIENTED_EDGE('',*,*,#1869,.T.);
#2561=ORIENTED_EDGE('',*,*,#1870,.F.);
#2562=ORIENTED_EDGE('',*,*,#1871,.F.);
#2563=ORIENTED_EDGE('',*,*,#1866,.T.);
#2564=ORIENTED_EDGE('',*,*,#1872,.T.);
#2565=ORIENTED_EDGE('',*,*,#1873,.F.);
#2566=ORIENTED_EDGE('',*,*,#1874,.F.);
#2567=ORIENTED_EDGE('',*,*,#1870,.T.);
#2568=ORIENTED_EDGE('',*,*,#1875,.T.);
#2569=ORIENTED_EDGE('',*,*,#1876,.F.);
#2570=ORIENTED_EDGE('',*,*,#1877,.F.);
#2571=ORIENTED_EDGE('',*,*,#1873,.T.);
#2572=ORIENTED_EDGE('',*,*,#1878,.T.);
#2573=ORIENTED_EDGE('',*,*,#1879,.F.);
#2574=ORIENTED_EDGE('',*,*,#1880,.F.);
#2575=ORIENTED_EDGE('',*,*,#1876,.T.);
#2576=ORIENTED_EDGE('',*,*,#1881,.T.);
#2577=ORIENTED_EDGE('',*,*,#1882,.F.);
#2578=ORIENTED_EDGE('',*,*,#1883,.F.);
#2579=ORIENTED_EDGE('',*,*,#1879,.T.);
#2580=ORIENTED_EDGE('',*,*,#1884,.T.);
#2581=ORIENTED_EDGE('',*,*,#1885,.F.);
#2582=ORIENTED_EDGE('',*,*,#1886,.F.);
#2583=ORIENTED_EDGE('',*,*,#1882,.T.);
#2584=ORIENTED_EDGE('',*,*,#1887,.T.);
#2585=ORIENTED_EDGE('',*,*,#1868,.F.);
#2586=ORIENTED_EDGE('',*,*,#1888,.F.);
#2587=ORIENTED_EDGE('',*,*,#1885,.T.);
#2588=ORIENTED_EDGE('',*,*,#1865,.F.);
#2589=ORIENTED_EDGE('',*,*,#1887,.F.);
#2590=ORIENTED_EDGE('',*,*,#1884,.F.);
#2591=ORIENTED_EDGE('',*,*,#1881,.F.);
#2592=ORIENTED_EDGE('',*,*,#1878,.F.);
#2593=ORIENTED_EDGE('',*,*,#1875,.F.);
#2594=ORIENTED_EDGE('',*,*,#1872,.F.);
#2595=ORIENTED_EDGE('',*,*,#1869,.F.);
#2596=ORIENTED_EDGE('',*,*,#1889,.T.);
#2597=ORIENTED_EDGE('',*,*,#1890,.F.);
#2598=ORIENTED_EDGE('',*,*,#1891,.F.);
#2599=ORIENTED_EDGE('',*,*,#1892,.T.);
#2600=ORIENTED_EDGE('',*,*,#1893,.T.);
#2601=ORIENTED_EDGE('',*,*,#1894,.F.);
#2602=ORIENTED_EDGE('',*,*,#1895,.F.);
#2603=ORIENTED_EDGE('',*,*,#1890,.T.);
#2604=ORIENTED_EDGE('',*,*,#1896,.T.);
#2605=ORIENTED_EDGE('',*,*,#1897,.F.);
#2606=ORIENTED_EDGE('',*,*,#1898,.F.);
#2607=ORIENTED_EDGE('',*,*,#1894,.T.);
#2608=ORIENTED_EDGE('',*,*,#1899,.T.);
#2609=ORIENTED_EDGE('',*,*,#1892,.F.);
#2610=ORIENTED_EDGE('',*,*,#1900,.F.);
#2611=ORIENTED_EDGE('',*,*,#1897,.T.);
#2612=ORIENTED_EDGE('',*,*,#1889,.F.);
#2613=ORIENTED_EDGE('',*,*,#1899,.F.);
#2614=ORIENTED_EDGE('',*,*,#1896,.F.);
#2615=ORIENTED_EDGE('',*,*,#1893,.F.);
#2616=ORIENTED_EDGE('',*,*,#1901,.T.);
#2617=ORIENTED_EDGE('',*,*,#1902,.F.);
#2618=ORIENTED_EDGE('',*,*,#1903,.F.);
#2619=ORIENTED_EDGE('',*,*,#1904,.T.);
#2620=ORIENTED_EDGE('',*,*,#1905,.T.);
#2621=ORIENTED_EDGE('',*,*,#1906,.F.);
#2622=ORIENTED_EDGE('',*,*,#1907,.F.);
#2623=ORIENTED_EDGE('',*,*,#1902,.T.);
#2624=ORIENTED_EDGE('',*,*,#1908,.T.);
#2625=ORIENTED_EDGE('',*,*,#1909,.F.);
#2626=ORIENTED_EDGE('',*,*,#1910,.F.);
#2627=ORIENTED_EDGE('',*,*,#1906,.T.);
#2628=ORIENTED_EDGE('',*,*,#1911,.T.);
#2629=ORIENTED_EDGE('',*,*,#1912,.F.);
#2630=ORIENTED_EDGE('',*,*,#1913,.F.);
#2631=ORIENTED_EDGE('',*,*,#1909,.T.);
#2632=ORIENTED_EDGE('',*,*,#1914,.T.);
#2633=ORIENTED_EDGE('',*,*,#1915,.F.);
#2634=ORIENTED_EDGE('',*,*,#1916,.F.);
#2635=ORIENTED_EDGE('',*,*,#1912,.T.);
#2636=ORIENTED_EDGE('',*,*,#1917,.T.);
#2637=ORIENTED_EDGE('',*,*,#1918,.F.);
#2638=ORIENTED_EDGE('',*,*,#1919,.F.);
#2639=ORIENTED_EDGE('',*,*,#1915,.T.);
#2640=ORIENTED_EDGE('',*,*,#1920,.T.);
#2641=ORIENTED_EDGE('',*,*,#1921,.F.);
#2642=ORIENTED_EDGE('',*,*,#1922,.F.);
#2643=ORIENTED_EDGE('',*,*,#1918,.T.);
#2644=ORIENTED_EDGE('',*,*,#1923,.T.);
#2645=ORIENTED_EDGE('',*,*,#1924,.F.);
#2646=ORIENTED_EDGE('',*,*,#1925,.F.);
#2647=ORIENTED_EDGE('',*,*,#1921,.T.);
#2648=ORIENTED_EDGE('',*,*,#1926,.T.);
#2649=ORIENTED_EDGE('',*,*,#1927,.F.);
#2650=ORIENTED_EDGE('',*,*,#1928,.F.);
#2651=ORIENTED_EDGE('',*,*,#1924,.T.);
#2652=ORIENTED_EDGE('',*,*,#1929,.T.);
#2653=ORIENTED_EDGE('',*,*,#1930,.F.);
#2654=ORIENTED_EDGE('',*,*,#1931,.F.);
#2655=ORIENTED_EDGE('',*,*,#1927,.T.);
#2656=ORIENTED_EDGE('',*,*,#1932,.T.);
#2657=ORIENTED_EDGE('',*,*,#1933,.F.);
#2658=ORIENTED_EDGE('',*,*,#1934,.F.);
#2659=ORIENTED_EDGE('',*,*,#1930,.T.);
#2660=ORIENTED_EDGE('',*,*,#1935,.T.);
#2661=ORIENTED_EDGE('',*,*,#1936,.F.);
#2662=ORIENTED_EDGE('',*,*,#1937,.F.);
#2663=ORIENTED_EDGE('',*,*,#1933,.T.);
#2664=ORIENTED_EDGE('',*,*,#1938,.T.);
#2665=ORIENTED_EDGE('',*,*,#1939,.F.);
#2666=ORIENTED_EDGE('',*,*,#1940,.F.);
#2667=ORIENTED_EDGE('',*,*,#1936,.T.);
#2668=ORIENTED_EDGE('',*,*,#1941,.T.);
#2669=ORIENTED_EDGE('',*,*,#1942,.F.);
#2670=ORIENTED_EDGE('',*,*,#1943,.F.);
#2671=ORIENTED_EDGE('',*,*,#1939,.T.);
#2672=ORIENTED_EDGE('',*,*,#1944,.T.);
#2673=ORIENTED_EDGE('',*,*,#1945,.F.);
#2674=ORIENTED_EDGE('',*,*,#1946,.F.);
#2675=ORIENTED_EDGE('',*,*,#1942,.T.);
#2676=ORIENTED_EDGE('',*,*,#1947,.T.);
#2677=ORIENTED_EDGE('',*,*,#1948,.F.);
#2678=ORIENTED_EDGE('',*,*,#1949,.F.);
#2679=ORIENTED_EDGE('',*,*,#1945,.T.);
#2680=ORIENTED_EDGE('',*,*,#1950,.T.);
#2681=ORIENTED_EDGE('',*,*,#1951,.F.);
#2682=ORIENTED_EDGE('',*,*,#1952,.F.);
#2683=ORIENTED_EDGE('',*,*,#1948,.T.);
#2684=ORIENTED_EDGE('',*,*,#1953,.T.);
#2685=ORIENTED_EDGE('',*,*,#1954,.F.);
#2686=ORIENTED_EDGE('',*,*,#1955,.F.);
#2687=ORIENTED_EDGE('',*,*,#1951,.T.);
#2688=ORIENTED_EDGE('',*,*,#1956,.T.);
#2689=ORIENTED_EDGE('',*,*,#1957,.F.);
#2690=ORIENTED_EDGE('',*,*,#1958,.F.);
#2691=ORIENTED_EDGE('',*,*,#1954,.T.);
#2692=ORIENTED_EDGE('',*,*,#1959,.T.);
#2693=ORIENTED_EDGE('',*,*,#1960,.F.);
#2694=ORIENTED_EDGE('',*,*,#1961,.F.);
#2695=ORIENTED_EDGE('',*,*,#1957,.T.);
#2696=ORIENTED_EDGE('',*,*,#1962,.T.);
#2697=ORIENTED_EDGE('',*,*,#1963,.F.);
#2698=ORIENTED_EDGE('',*,*,#1964,.F.);
#2699=ORIENTED_EDGE('',*,*,#1960,.T.);
#2700=ORIENTED_EDGE('',*,*,#1965,.T.);
#2701=ORIENTED_EDGE('',*,*,#1904,.F.);
#2702=ORIENTED_EDGE('',*,*,#1966,.F.);
#2703=ORIENTED_EDGE('',*,*,#1963,.T.);
#2704=ORIENTED_EDGE('',*,*,#1901,.F.);
#2705=ORIENTED_EDGE('',*,*,#1965,.F.);
#2706=ORIENTED_EDGE('',*,*,#1962,.F.);
#2707=ORIENTED_EDGE('',*,*,#1959,.F.);
#2708=ORIENTED_EDGE('',*,*,#1956,.F.);
#2709=ORIENTED_EDGE('',*,*,#1953,.F.);
#2710=ORIENTED_EDGE('',*,*,#1950,.F.);
#2711=ORIENTED_EDGE('',*,*,#1947,.F.);
#2712=ORIENTED_EDGE('',*,*,#1944,.F.);
#2713=ORIENTED_EDGE('',*,*,#1941,.F.);
#2714=ORIENTED_EDGE('',*,*,#1938,.F.);
#2715=ORIENTED_EDGE('',*,*,#1935,.F.);
#2716=ORIENTED_EDGE('',*,*,#1932,.F.);
#2717=ORIENTED_EDGE('',*,*,#1929,.F.);
#2718=ORIENTED_EDGE('',*,*,#1926,.F.);
#2719=ORIENTED_EDGE('',*,*,#1923,.F.);
#2720=ORIENTED_EDGE('',*,*,#1920,.F.);
#2721=ORIENTED_EDGE('',*,*,#1917,.F.);
#2722=ORIENTED_EDGE('',*,*,#1914,.F.);
#2723=ORIENTED_EDGE('',*,*,#1911,.F.);
#2724=ORIENTED_EDGE('',*,*,#1908,.F.);
#2725=ORIENTED_EDGE('',*,*,#1905,.F.);
#2726=ORIENTED_EDGE('',*,*,#1967,.T.);
#2727=ORIENTED_EDGE('',*,*,#1968,.F.);
#2728=ORIENTED_EDGE('',*,*,#1969,.F.);
#2729=ORIENTED_EDGE('',*,*,#1970,.T.);
#2730=ORIENTED_EDGE('',*,*,#1971,.T.);
#2731=ORIENTED_EDGE('',*,*,#1972,.F.);
#2732=ORIENTED_EDGE('',*,*,#1973,.F.);
#2733=ORIENTED_EDGE('',*,*,#1968,.T.);
#2734=ORIENTED_EDGE('',*,*,#1974,.T.);
#2735=ORIENTED_EDGE('',*,*,#1975,.F.);
#2736=ORIENTED_EDGE('',*,*,#1976,.F.);
#2737=ORIENTED_EDGE('',*,*,#1972,.T.);
#2738=ORIENTED_EDGE('',*,*,#1977,.T.);
#2739=ORIENTED_EDGE('',*,*,#1978,.F.);
#2740=ORIENTED_EDGE('',*,*,#1979,.F.);
#2741=ORIENTED_EDGE('',*,*,#1975,.T.);
#2742=ORIENTED_EDGE('',*,*,#1980,.T.);
#2743=ORIENTED_EDGE('',*,*,#1981,.F.);
#2744=ORIENTED_EDGE('',*,*,#1982,.F.);
#2745=ORIENTED_EDGE('',*,*,#1978,.T.);
#2746=ORIENTED_EDGE('',*,*,#1983,.T.);
#2747=ORIENTED_EDGE('',*,*,#1984,.F.);
#2748=ORIENTED_EDGE('',*,*,#1985,.F.);
#2749=ORIENTED_EDGE('',*,*,#1981,.T.);
#2750=ORIENTED_EDGE('',*,*,#1986,.T.);
#2751=ORIENTED_EDGE('',*,*,#1987,.F.);
#2752=ORIENTED_EDGE('',*,*,#1988,.F.);
#2753=ORIENTED_EDGE('',*,*,#1984,.T.);
#2754=ORIENTED_EDGE('',*,*,#1989,.T.);
#2755=ORIENTED_EDGE('',*,*,#1990,.F.);
#2756=ORIENTED_EDGE('',*,*,#1991,.F.);
#2757=ORIENTED_EDGE('',*,*,#1987,.T.);
#2758=ORIENTED_EDGE('',*,*,#1992,.T.);
#2759=ORIENTED_EDGE('',*,*,#1993,.F.);
#2760=ORIENTED_EDGE('',*,*,#1994,.F.);
#2761=ORIENTED_EDGE('',*,*,#1990,.T.);
#2762=ORIENTED_EDGE('',*,*,#1995,.T.);
#2763=ORIENTED_EDGE('',*,*,#1996,.F.);
#2764=ORIENTED_EDGE('',*,*,#1997,.F.);
#2765=ORIENTED_EDGE('',*,*,#1993,.T.);
#2766=ORIENTED_EDGE('',*,*,#1998,.T.);
#2767=ORIENTED_EDGE('',*,*,#1999,.F.);
#2768=ORIENTED_EDGE('',*,*,#2000,.F.);
#2769=ORIENTED_EDGE('',*,*,#1996,.T.);
#2770=ORIENTED_EDGE('',*,*,#2001,.T.);
#2771=ORIENTED_EDGE('',*,*,#2002,.F.);
#2772=ORIENTED_EDGE('',*,*,#2003,.F.);
#2773=ORIENTED_EDGE('',*,*,#1999,.T.);
#2774=ORIENTED_EDGE('',*,*,#2004,.T.);
#2775=ORIENTED_EDGE('',*,*,#2005,.F.);
#2776=ORIENTED_EDGE('',*,*,#2006,.F.);
#2777=ORIENTED_EDGE('',*,*,#2002,.T.);
#2778=ORIENTED_EDGE('',*,*,#2007,.T.);
#2779=ORIENTED_EDGE('',*,*,#2008,.F.);
#2780=ORIENTED_EDGE('',*,*,#2009,.F.);
#2781=ORIENTED_EDGE('',*,*,#2005,.T.);
#2782=ORIENTED_EDGE('',*,*,#2010,.T.);
#2783=ORIENTED_EDGE('',*,*,#2011,.F.);
#2784=ORIENTED_EDGE('',*,*,#2012,.F.);
#2785=ORIENTED_EDGE('',*,*,#2008,.T.);
#2786=ORIENTED_EDGE('',*,*,#2013,.T.);
#2787=ORIENTED_EDGE('',*,*,#2014,.F.);
#2788=ORIENTED_EDGE('',*,*,#2015,.F.);
#2789=ORIENTED_EDGE('',*,*,#2011,.T.);
#2790=ORIENTED_EDGE('',*,*,#2016,.T.);
#2791=ORIENTED_EDGE('',*,*,#2017,.F.);
#2792=ORIENTED_EDGE('',*,*,#2018,.F.);
#2793=ORIENTED_EDGE('',*,*,#2014,.T.);
#2794=ORIENTED_EDGE('',*,*,#2019,.T.);
#2795=ORIENTED_EDGE('',*,*,#2020,.F.);
#2796=ORIENTED_EDGE('',*,*,#2021,.F.);
#2797=ORIENTED_EDGE('',*,*,#2017,.T.);
#2798=ORIENTED_EDGE('',*,*,#2022,.T.);
#2799=ORIENTED_EDGE('',*,*,#2023,.F.);
#2800=ORIENTED_EDGE('',*,*,#2024,.F.);
#2801=ORIENTED_EDGE('',*,*,#2020,.T.);
#2802=ORIENTED_EDGE('',*,*,#2025,.T.);
#2803=ORIENTED_EDGE('',*,*,#2026,.F.);
#2804=ORIENTED_EDGE('',*,*,#2027,.F.);
#2805=ORIENTED_EDGE('',*,*,#2023,.T.);
#2806=ORIENTED_EDGE('',*,*,#2028,.T.);
#2807=ORIENTED_EDGE('',*,*,#2029,.F.);
#2808=ORIENTED_EDGE('',*,*,#2030,.F.);
#2809=ORIENTED_EDGE('',*,*,#2026,.T.);
#2810=ORIENTED_EDGE('',*,*,#2031,.T.);
#2811=ORIENTED_EDGE('',*,*,#1970,.F.);
#2812=ORIENTED_EDGE('',*,*,#2032,.F.);
#2813=ORIENTED_EDGE('',*,*,#2029,.T.);
#2814=ORIENTED_EDGE('',*,*,#1967,.F.);
#2815=ORIENTED_EDGE('',*,*,#2031,.F.);
#2816=ORIENTED_EDGE('',*,*,#2028,.F.);
#2817=ORIENTED_EDGE('',*,*,#2025,.F.);
#2818=ORIENTED_EDGE('',*,*,#2022,.F.);
#2819=ORIENTED_EDGE('',*,*,#2019,.F.);
#2820=ORIENTED_EDGE('',*,*,#2016,.F.);
#2821=ORIENTED_EDGE('',*,*,#2013,.F.);
#2822=ORIENTED_EDGE('',*,*,#2010,.F.);
#2823=ORIENTED_EDGE('',*,*,#2007,.F.);
#2824=ORIENTED_EDGE('',*,*,#2004,.F.);
#2825=ORIENTED_EDGE('',*,*,#2001,.F.);
#2826=ORIENTED_EDGE('',*,*,#1998,.F.);
#2827=ORIENTED_EDGE('',*,*,#1995,.F.);
#2828=ORIENTED_EDGE('',*,*,#1992,.F.);
#2829=ORIENTED_EDGE('',*,*,#1989,.F.);
#2830=ORIENTED_EDGE('',*,*,#1986,.F.);
#2831=ORIENTED_EDGE('',*,*,#1983,.F.);
#2832=ORIENTED_EDGE('',*,*,#1980,.F.);
#2833=ORIENTED_EDGE('',*,*,#1977,.F.);
#2834=ORIENTED_EDGE('',*,*,#1974,.F.);
#2835=ORIENTED_EDGE('',*,*,#1971,.F.);
#2836=ORIENTED_EDGE('',*,*,#2033,.T.);
#2837=ORIENTED_EDGE('',*,*,#2034,.F.);
#2838=ORIENTED_EDGE('',*,*,#2035,.F.);
#2839=ORIENTED_EDGE('',*,*,#2036,.T.);
#2840=ORIENTED_EDGE('',*,*,#2037,.T.);
#2841=ORIENTED_EDGE('',*,*,#2038,.F.);
#2842=ORIENTED_EDGE('',*,*,#2039,.F.);
#2843=ORIENTED_EDGE('',*,*,#2034,.T.);
#2844=ORIENTED_EDGE('',*,*,#2040,.T.);
#2845=ORIENTED_EDGE('',*,*,#2041,.F.);
#2846=ORIENTED_EDGE('',*,*,#2042,.F.);
#2847=ORIENTED_EDGE('',*,*,#2038,.T.);
#2848=ORIENTED_EDGE('',*,*,#2043,.T.);
#2849=ORIENTED_EDGE('',*,*,#2036,.F.);
#2850=ORIENTED_EDGE('',*,*,#2044,.F.);
#2851=ORIENTED_EDGE('',*,*,#2041,.T.);
#2852=ORIENTED_EDGE('',*,*,#2033,.F.);
#2853=ORIENTED_EDGE('',*,*,#2043,.F.);
#2854=ORIENTED_EDGE('',*,*,#2040,.F.);
#2855=ORIENTED_EDGE('',*,*,#2037,.F.);
#2856=ORIENTED_EDGE('',*,*,#2045,.T.);
#2857=ORIENTED_EDGE('',*,*,#2046,.F.);
#2858=ORIENTED_EDGE('',*,*,#2047,.F.);
#2859=ORIENTED_EDGE('',*,*,#2048,.T.);
#2860=ORIENTED_EDGE('',*,*,#2049,.T.);
#2861=ORIENTED_EDGE('',*,*,#2050,.F.);
#2862=ORIENTED_EDGE('',*,*,#2051,.F.);
#2863=ORIENTED_EDGE('',*,*,#2046,.T.);
#2864=ORIENTED_EDGE('',*,*,#2052,.T.);
#2865=ORIENTED_EDGE('',*,*,#2053,.F.);
#2866=ORIENTED_EDGE('',*,*,#2054,.F.);
#2867=ORIENTED_EDGE('',*,*,#2050,.T.);
#2868=ORIENTED_EDGE('',*,*,#2055,.T.);
#2869=ORIENTED_EDGE('',*,*,#2056,.F.);
#2870=ORIENTED_EDGE('',*,*,#2057,.F.);
#2871=ORIENTED_EDGE('',*,*,#2053,.T.);
#2872=ORIENTED_EDGE('',*,*,#2058,.T.);
#2873=ORIENTED_EDGE('',*,*,#2059,.F.);
#2874=ORIENTED_EDGE('',*,*,#2060,.F.);
#2875=ORIENTED_EDGE('',*,*,#2056,.T.);
#2876=ORIENTED_EDGE('',*,*,#2061,.T.);
#2877=ORIENTED_EDGE('',*,*,#2062,.F.);
#2878=ORIENTED_EDGE('',*,*,#2063,.F.);
#2879=ORIENTED_EDGE('',*,*,#2059,.T.);
#2880=ORIENTED_EDGE('',*,*,#2064,.T.);
#2881=ORIENTED_EDGE('',*,*,#2065,.F.);
#2882=ORIENTED_EDGE('',*,*,#2066,.F.);
#2883=ORIENTED_EDGE('',*,*,#2062,.T.);
#2884=ORIENTED_EDGE('',*,*,#2067,.T.);
#2885=ORIENTED_EDGE('',*,*,#2068,.F.);
#2886=ORIENTED_EDGE('',*,*,#2069,.F.);
#2887=ORIENTED_EDGE('',*,*,#2065,.T.);
#2888=ORIENTED_EDGE('',*,*,#2070,.T.);
#2889=ORIENTED_EDGE('',*,*,#2071,.F.);
#2890=ORIENTED_EDGE('',*,*,#2072,.F.);
#2891=ORIENTED_EDGE('',*,*,#2068,.T.);
#2892=ORIENTED_EDGE('',*,*,#2073,.T.);
#2893=ORIENTED_EDGE('',*,*,#2074,.F.);
#2894=ORIENTED_EDGE('',*,*,#2075,.F.);
#2895=ORIENTED_EDGE('',*,*,#2071,.T.);
#2896=ORIENTED_EDGE('',*,*,#2076,.T.);
#2897=ORIENTED_EDGE('',*,*,#2077,.F.);
#2898=ORIENTED_EDGE('',*,*,#2078,.F.);
#2899=ORIENTED_EDGE('',*,*,#2074,.T.);
#2900=ORIENTED_EDGE('',*,*,#2079,.T.);
#2901=ORIENTED_EDGE('',*,*,#2048,.F.);
#2902=ORIENTED_EDGE('',*,*,#2080,.F.);
#2903=ORIENTED_EDGE('',*,*,#2077,.T.);
#2904=ORIENTED_EDGE('',*,*,#2045,.F.);
#2905=ORIENTED_EDGE('',*,*,#2079,.F.);
#2906=ORIENTED_EDGE('',*,*,#2076,.F.);
#2907=ORIENTED_EDGE('',*,*,#2073,.F.);
#2908=ORIENTED_EDGE('',*,*,#2070,.F.);
#2909=ORIENTED_EDGE('',*,*,#2067,.F.);
#2910=ORIENTED_EDGE('',*,*,#2064,.F.);
#2911=ORIENTED_EDGE('',*,*,#2061,.F.);
#2912=ORIENTED_EDGE('',*,*,#2058,.F.);
#2913=ORIENTED_EDGE('',*,*,#2055,.F.);
#2914=ORIENTED_EDGE('',*,*,#2052,.F.);
#2915=ORIENTED_EDGE('',*,*,#2049,.F.);
#2916=ORIENTED_EDGE('',*,*,#2081,.F.);
#2917=ORIENTED_EDGE('',*,*,#2082,.F.);
#2918=ORIENTED_EDGE('',*,*,#2083,.F.);
#2919=ORIENTED_EDGE('',*,*,#2084,.F.);
#2920=ORIENTED_EDGE('',*,*,#2085,.F.);
#2921=ORIENTED_EDGE('',*,*,#2086,.F.);
#2922=ORIENTED_EDGE('',*,*,#2087,.F.);
#2923=ORIENTED_EDGE('',*,*,#2088,.T.);
#2924=ORIENTED_EDGE('',*,*,#2089,.F.);
#2925=ORIENTED_EDGE('',*,*,#2088,.F.);
#2926=ORIENTED_EDGE('',*,*,#2090,.F.);
#2927=ORIENTED_EDGE('',*,*,#2091,.F.);
#2928=ORIENTED_EDGE('',*,*,#2092,.F.);
#2929=ORIENTED_EDGE('',*,*,#2093,.F.);
#2930=ORIENTED_EDGE('',*,*,#2094,.F.);
#2931=ORIENTED_EDGE('',*,*,#2095,.T.);
#2932=ORIENTED_EDGE('',*,*,#2096,.F.);
#2933=ORIENTED_EDGE('',*,*,#2095,.F.);
#2934=ORIENTED_EDGE('',*,*,#2097,.F.);
#2935=ORIENTED_EDGE('',*,*,#2098,.F.);
#2936=ORIENTED_EDGE('',*,*,#2099,.F.);
#2937=ORIENTED_EDGE('',*,*,#2100,.F.);
#2938=ORIENTED_EDGE('',*,*,#2101,.F.);
#2939=ORIENTED_EDGE('',*,*,#2102,.T.);
#2940=ORIENTED_EDGE('',*,*,#2103,.F.);
#2941=ORIENTED_EDGE('',*,*,#2102,.F.);
#2942=ORIENTED_EDGE('',*,*,#2104,.F.);
#2943=ORIENTED_EDGE('',*,*,#2105,.F.);
#2944=ORIENTED_EDGE('',*,*,#2106,.F.);
#2945=ORIENTED_EDGE('',*,*,#2107,.F.);
#2946=ORIENTED_EDGE('',*,*,#2108,.F.);
#2947=ORIENTED_EDGE('',*,*,#2082,.T.);
#2948=ORIENTED_EDGE('',*,*,#2081,.T.);
#2949=ORIENTED_EDGE('',*,*,#2109,.F.);
#2950=ORIENTED_EDGE('',*,*,#2085,.T.);
#2951=ORIENTED_EDGE('',*,*,#2089,.T.);
#2952=ORIENTED_EDGE('',*,*,#2110,.F.);
#2953=ORIENTED_EDGE('',*,*,#2092,.T.);
#2954=ORIENTED_EDGE('',*,*,#2096,.T.);
#2955=ORIENTED_EDGE('',*,*,#2111,.F.);
#2956=ORIENTED_EDGE('',*,*,#2099,.T.);
#2957=ORIENTED_EDGE('',*,*,#2103,.T.);
#2958=ORIENTED_EDGE('',*,*,#2112,.F.);
#2959=ORIENTED_EDGE('',*,*,#2106,.T.);
#2960=ORIENTED_EDGE('',*,*,#1722,.T.);
#2961=ORIENTED_EDGE('',*,*,#1727,.T.);
#2962=ORIENTED_EDGE('',*,*,#1730,.T.);
#2963=ORIENTED_EDGE('',*,*,#1679,.T.);
#2964=ORIENTED_EDGE('',*,*,#1675,.T.);
#2965=ORIENTED_EDGE('',*,*,#1685,.T.);
#2966=ORIENTED_EDGE('',*,*,#1688,.T.);
#2967=ORIENTED_EDGE('',*,*,#1789,.T.);
#2968=ORIENTED_EDGE('',*,*,#2086,.T.);
#2969=ORIENTED_EDGE('',*,*,#2109,.T.);
#2970=ORIENTED_EDGE('',*,*,#2084,.T.);
#2971=ORIENTED_EDGE('',*,*,#2113,.F.);
#2972=ORIENTED_EDGE('',*,*,#2114,.T.);
#2973=ORIENTED_EDGE('',*,*,#2115,.T.);
#2974=ORIENTED_EDGE('',*,*,#2116,.F.);
#2975=ORIENTED_EDGE('',*,*,#2117,.F.);
#2976=ORIENTED_EDGE('',*,*,#2083,.T.);
#2977=ORIENTED_EDGE('',*,*,#2108,.T.);
#2978=ORIENTED_EDGE('',*,*,#2118,.T.);
#2979=ORIENTED_EDGE('',*,*,#2113,.T.);
#2980=ORIENTED_EDGE('',*,*,#2101,.T.);
#2981=ORIENTED_EDGE('',*,*,#2119,.T.);
#2982=ORIENTED_EDGE('',*,*,#2120,.T.);
#2983=ORIENTED_EDGE('',*,*,#2104,.T.);
#2984=ORIENTED_EDGE('',*,*,#2094,.T.);
#2985=ORIENTED_EDGE('',*,*,#2121,.T.);
#2986=ORIENTED_EDGE('',*,*,#2122,.T.);
#2987=ORIENTED_EDGE('',*,*,#2097,.T.);
#2988=ORIENTED_EDGE('',*,*,#2090,.T.);
#2989=ORIENTED_EDGE('',*,*,#2087,.T.);
#2990=ORIENTED_EDGE('',*,*,#2117,.T.);
#2991=ORIENTED_EDGE('',*,*,#2123,.T.);
#2992=ORIENTED_EDGE('',*,*,#2107,.T.);
#2993=ORIENTED_EDGE('',*,*,#2112,.T.);
#2994=ORIENTED_EDGE('',*,*,#2105,.T.);
#2995=ORIENTED_EDGE('',*,*,#2120,.F.);
#2996=ORIENTED_EDGE('',*,*,#2124,.T.);
#2997=ORIENTED_EDGE('',*,*,#2125,.T.);
#2998=ORIENTED_EDGE('',*,*,#2114,.F.);
#2999=ORIENTED_EDGE('',*,*,#2118,.F.);
#3000=ORIENTED_EDGE('',*,*,#1795,.T.);
#3001=ORIENTED_EDGE('',*,*,#1799,.T.);
#3002=ORIENTED_EDGE('',*,*,#1802,.T.);
#3003=ORIENTED_EDGE('',*,*,#1805,.T.);
#3004=ORIENTED_EDGE('',*,*,#1808,.T.);
#3005=ORIENTED_EDGE('',*,*,#1811,.T.);
#3006=ORIENTED_EDGE('',*,*,#1814,.T.);
#3007=ORIENTED_EDGE('',*,*,#1817,.T.);
#3008=ORIENTED_EDGE('',*,*,#1820,.T.);
#3009=ORIENTED_EDGE('',*,*,#1823,.T.);
#3010=ORIENTED_EDGE('',*,*,#1826,.T.);
#3011=ORIENTED_EDGE('',*,*,#1828,.T.);
#3012=ORIENTED_EDGE('',*,*,#1831,.T.);
#3013=ORIENTED_EDGE('',*,*,#1835,.T.);
#3014=ORIENTED_EDGE('',*,*,#1838,.T.);
#3015=ORIENTED_EDGE('',*,*,#1841,.T.);
#3016=ORIENTED_EDGE('',*,*,#1844,.T.);
#3017=ORIENTED_EDGE('',*,*,#1847,.T.);
#3018=ORIENTED_EDGE('',*,*,#1850,.T.);
#3019=ORIENTED_EDGE('',*,*,#1853,.T.);
#3020=ORIENTED_EDGE('',*,*,#1856,.T.);
#3021=ORIENTED_EDGE('',*,*,#1859,.T.);
#3022=ORIENTED_EDGE('',*,*,#1862,.T.);
#3023=ORIENTED_EDGE('',*,*,#1864,.T.);
#3024=ORIENTED_EDGE('',*,*,#1867,.T.);
#3025=ORIENTED_EDGE('',*,*,#1871,.T.);
#3026=ORIENTED_EDGE('',*,*,#1874,.T.);
#3027=ORIENTED_EDGE('',*,*,#1877,.T.);
#3028=ORIENTED_EDGE('',*,*,#1880,.T.);
#3029=ORIENTED_EDGE('',*,*,#1883,.T.);
#3030=ORIENTED_EDGE('',*,*,#1886,.T.);
#3031=ORIENTED_EDGE('',*,*,#1888,.T.);
#3032=ORIENTED_EDGE('',*,*,#1891,.T.);
#3033=ORIENTED_EDGE('',*,*,#1895,.T.);
#3034=ORIENTED_EDGE('',*,*,#1898,.T.);
#3035=ORIENTED_EDGE('',*,*,#1900,.T.);
#3036=ORIENTED_EDGE('',*,*,#1903,.T.);
#3037=ORIENTED_EDGE('',*,*,#1907,.T.);
#3038=ORIENTED_EDGE('',*,*,#1910,.T.);
#3039=ORIENTED_EDGE('',*,*,#1913,.T.);
#3040=ORIENTED_EDGE('',*,*,#1916,.T.);
#3041=ORIENTED_EDGE('',*,*,#1919,.T.);
#3042=ORIENTED_EDGE('',*,*,#1922,.T.);
#3043=ORIENTED_EDGE('',*,*,#1925,.T.);
#3044=ORIENTED_EDGE('',*,*,#1928,.T.);
#3045=ORIENTED_EDGE('',*,*,#1931,.T.);
#3046=ORIENTED_EDGE('',*,*,#1934,.T.);
#3047=ORIENTED_EDGE('',*,*,#1937,.T.);
#3048=ORIENTED_EDGE('',*,*,#1940,.T.);
#3049=ORIENTED_EDGE('',*,*,#1943,.T.);
#3050=ORIENTED_EDGE('',*,*,#1946,.T.);
#3051=ORIENTED_EDGE('',*,*,#1949,.T.);
#3052=ORIENTED_EDGE('',*,*,#1952,.T.);
#3053=ORIENTED_EDGE('',*,*,#1955,.T.);
#3054=ORIENTED_EDGE('',*,*,#1958,.T.);
#3055=ORIENTED_EDGE('',*,*,#1961,.T.);
#3056=ORIENTED_EDGE('',*,*,#1964,.T.);
#3057=ORIENTED_EDGE('',*,*,#1966,.T.);
#3058=ORIENTED_EDGE('',*,*,#1969,.T.);
#3059=ORIENTED_EDGE('',*,*,#1973,.T.);
#3060=ORIENTED_EDGE('',*,*,#1976,.T.);
#3061=ORIENTED_EDGE('',*,*,#1979,.T.);
#3062=ORIENTED_EDGE('',*,*,#1982,.T.);
#3063=ORIENTED_EDGE('',*,*,#1985,.T.);
#3064=ORIENTED_EDGE('',*,*,#1988,.T.);
#3065=ORIENTED_EDGE('',*,*,#1991,.T.);
#3066=ORIENTED_EDGE('',*,*,#1994,.T.);
#3067=ORIENTED_EDGE('',*,*,#1997,.T.);
#3068=ORIENTED_EDGE('',*,*,#2000,.T.);
#3069=ORIENTED_EDGE('',*,*,#2003,.T.);
#3070=ORIENTED_EDGE('',*,*,#2006,.T.);
#3071=ORIENTED_EDGE('',*,*,#2009,.T.);
#3072=ORIENTED_EDGE('',*,*,#2012,.T.);
#3073=ORIENTED_EDGE('',*,*,#2015,.T.);
#3074=ORIENTED_EDGE('',*,*,#2018,.T.);
#3075=ORIENTED_EDGE('',*,*,#2021,.T.);
#3076=ORIENTED_EDGE('',*,*,#2024,.T.);
#3077=ORIENTED_EDGE('',*,*,#2027,.T.);
#3078=ORIENTED_EDGE('',*,*,#2030,.T.);
#3079=ORIENTED_EDGE('',*,*,#2032,.T.);
#3080=ORIENTED_EDGE('',*,*,#2035,.T.);
#3081=ORIENTED_EDGE('',*,*,#2039,.T.);
#3082=ORIENTED_EDGE('',*,*,#2042,.T.);
#3083=ORIENTED_EDGE('',*,*,#2044,.T.);
#3084=ORIENTED_EDGE('',*,*,#2047,.T.);
#3085=ORIENTED_EDGE('',*,*,#2051,.T.);
#3086=ORIENTED_EDGE('',*,*,#2054,.T.);
#3087=ORIENTED_EDGE('',*,*,#2057,.T.);
#3088=ORIENTED_EDGE('',*,*,#2060,.T.);
#3089=ORIENTED_EDGE('',*,*,#2063,.T.);
#3090=ORIENTED_EDGE('',*,*,#2066,.T.);
#3091=ORIENTED_EDGE('',*,*,#2069,.T.);
#3092=ORIENTED_EDGE('',*,*,#2072,.T.);
#3093=ORIENTED_EDGE('',*,*,#2075,.T.);
#3094=ORIENTED_EDGE('',*,*,#2078,.T.);
#3095=ORIENTED_EDGE('',*,*,#2080,.T.);
#3096=ORIENTED_EDGE('',*,*,#2098,.T.);
#3097=ORIENTED_EDGE('',*,*,#2122,.F.);
#3098=ORIENTED_EDGE('',*,*,#2126,.T.);
#3099=ORIENTED_EDGE('',*,*,#2127,.T.);
#3100=ORIENTED_EDGE('',*,*,#2124,.F.);
#3101=ORIENTED_EDGE('',*,*,#2119,.F.);
#3102=ORIENTED_EDGE('',*,*,#2100,.T.);
#3103=ORIENTED_EDGE('',*,*,#2111,.T.);
#3104=ORIENTED_EDGE('',*,*,#2091,.T.);
#3105=ORIENTED_EDGE('',*,*,#2123,.F.);
#3106=ORIENTED_EDGE('',*,*,#2116,.T.);
#3107=ORIENTED_EDGE('',*,*,#2128,.T.);
#3108=ORIENTED_EDGE('',*,*,#2126,.F.);
#3109=ORIENTED_EDGE('',*,*,#2121,.F.);
#3110=ORIENTED_EDGE('',*,*,#2093,.T.);
#3111=ORIENTED_EDGE('',*,*,#2110,.T.);
#3112=ORIENTED_EDGE('',*,*,#2127,.F.);
#3113=ORIENTED_EDGE('',*,*,#2128,.F.);
#3114=ORIENTED_EDGE('',*,*,#2115,.F.);
#3115=ORIENTED_EDGE('',*,*,#2125,.F.);
#3116=ORIENTED_EDGE('',*,*,#1665,.T.);
#3117=PLANE('',#3430);
#3118=PLANE('',#3432);
#3119=PLANE('',#3434);
#3120=PLANE('',#3443);
#3121=PLANE('',#3447);
#3122=PLANE('',#3451);
#3123=PLANE('',#3452);
#3124=PLANE('',#3478);
#3125=PLANE('',#3480);
#3126=PLANE('',#3484);
#3127=PLANE('',#3490);
#3128=PLANE('',#3491);
#3129=PLANE('',#3492);
#3130=PLANE('',#3493);
#3131=PLANE('',#3494);
#3132=PLANE('',#3495);
#3133=PLANE('',#3496);
#3134=PLANE('',#3497);
#3135=PLANE('',#3498);
#3136=PLANE('',#3499);
#3137=PLANE('',#3500);
#3138=PLANE('',#3501);
#3139=PLANE('',#3502);
#3140=PLANE('',#3503);
#3141=PLANE('',#3504);
#3142=PLANE('',#3506);
#3143=PLANE('',#3507);
#3144=PLANE('',#3508);
#3145=PLANE('',#3509);
#3146=PLANE('',#3510);
#3147=PLANE('',#3511);
#3148=PLANE('',#3512);
#3149=PLANE('',#3513);
#3150=PLANE('',#3514);
#3151=PLANE('',#3515);
#3152=PLANE('',#3516);
#3153=PLANE('',#3517);
#3154=PLANE('',#3518);
#3155=PLANE('',#3519);
#3156=PLANE('',#3520);
#3157=PLANE('',#3521);
#3158=PLANE('',#3522);
#3159=PLANE('',#3523);
#3160=PLANE('',#3524);
#3161=PLANE('',#3525);
#3162=PLANE('',#3526);
#3163=PLANE('',#3527);
#3164=PLANE('',#3528);
#3165=PLANE('',#3529);
#3166=PLANE('',#3530);
#3167=PLANE('',#3531);
#3168=PLANE('',#3532);
#3169=PLANE('',#3533);
#3170=PLANE('',#3534);
#3171=PLANE('',#3535);
#3172=PLANE('',#3536);
#3173=PLANE('',#3537);
#3174=PLANE('',#3538);
#3175=PLANE('',#3539);
#3176=PLANE('',#3540);
#3177=PLANE('',#3541);
#3178=PLANE('',#3542);
#3179=PLANE('',#3543);
#3180=PLANE('',#3544);
#3181=PLANE('',#3545);
#3182=PLANE('',#3546);
#3183=PLANE('',#3547);
#3184=PLANE('',#3548);
#3185=PLANE('',#3549);
#3186=PLANE('',#3550);
#3187=PLANE('',#3551);
#3188=PLANE('',#3552);
#3189=PLANE('',#3553);
#3190=PLANE('',#3554);
#3191=PLANE('',#3555);
#3192=PLANE('',#3556);
#3193=PLANE('',#3557);
#3194=PLANE('',#3558);
#3195=PLANE('',#3559);
#3196=PLANE('',#3560);
#3197=PLANE('',#3561);
#3198=PLANE('',#3562);
#3199=PLANE('',#3563);
#3200=PLANE('',#3564);
#3201=PLANE('',#3565);
#3202=PLANE('',#3566);
#3203=PLANE('',#3567);
#3204=PLANE('',#3568);
#3205=PLANE('',#3569);
#3206=PLANE('',#3570);
#3207=PLANE('',#3571);
#3208=PLANE('',#3572);
#3209=PLANE('',#3573);
#3210=PLANE('',#3574);
#3211=PLANE('',#3575);
#3212=PLANE('',#3576);
#3213=PLANE('',#3577);
#3214=PLANE('',#3578);
#3215=PLANE('',#3579);
#3216=PLANE('',#3580);
#3217=PLANE('',#3581);
#3218=PLANE('',#3582);
#3219=PLANE('',#3583);
#3220=PLANE('',#3584);
#3221=PLANE('',#3585);
#3222=PLANE('',#3586);
#3223=PLANE('',#3587);
#3224=PLANE('',#3588);
#3225=PLANE('',#3589);
#3226=PLANE('',#3590);
#3227=PLANE('',#3591);
#3228=PLANE('',#3592);
#3229=PLANE('',#3593);
#3230=PLANE('',#3594);
#3231=PLANE('',#3595);
#3232=ADVANCED_FACE('',(#247,#204),#3117,.F.);
#3233=ADVANCED_FACE('',(#248,#205),#3118,.F.);
#3234=ADVANCED_FACE('',(#249,#206),#3119,.F.);
#3235=ADVANCED_FACE('',(#250),#190,.F.);
#3236=ADVANCED_FACE('',(#251),#191,.F.);
#3237=ADVANCED_FACE('',(#252),#3120,.T.);
#3238=ADVANCED_FACE('',(#253),#192,.T.);
#3239=ADVANCED_FACE('',(#254),#3121,.T.);
#3240=ADVANCED_FACE('',(#255),#193,.T.);
#3241=ADVANCED_FACE('',(#256,#207),#3122,.T.);
#3242=ADVANCED_FACE('',(#257,#208),#3123,.F.);
#3243=ADVANCED_FACE('',(#258),#194,.T.);
#3244=ADVANCED_FACE('',(#259),#188,.T.);
#3245=ADVANCED_FACE('',(#260),#187,.T.);
#3246=ADVANCED_FACE('',(#261,#209,#210),#189,.T.);
#3247=ADVANCED_FACE('',(#262),#141,.F.);
#3248=ADVANCED_FACE('',(#263),#195,.F.);
#3249=ADVANCED_FACE('',(#264),#196,.F.);
#3250=ADVANCED_FACE('',(#265),#142,.F.);
#3251=ADVANCED_FACE('',(#266),#143,.F.);
#3252=ADVANCED_FACE('',(#267),#197,.F.);
#3253=ADVANCED_FACE('',(#268),#144,.F.);
#3254=ADVANCED_FACE('',(#269),#198,.F.);
#3255=ADVANCED_FACE('',(#270),#145,.F.);
#3256=ADVANCED_FACE('',(#271),#146,.F.);
#3257=ADVANCED_FACE('',(#272),#147,.F.);
#3258=ADVANCED_FACE('',(#273),#199,.F.);
#3259=ADVANCED_FACE('',(#274),#148,.F.);
#3260=ADVANCED_FACE('',(#275),#3124,.T.);
#3261=ADVANCED_FACE('',(#276),#3125,.T.);
#3262=ADVANCED_FACE('',(#277),#200,.T.);
#3263=ADVANCED_FACE('',(#278),#3126,.T.);
#3264=ADVANCED_FACE('',(#279),#201,.T.);
#3265=ADVANCED_FACE('',(#280),#202,.T.);
#3266=ADVANCED_FACE('',(#281),#3127,.T.);
#3267=ADVANCED_FACE('',(#282),#3128,.T.);
#3268=ADVANCED_FACE('',(#283),#3129,.T.);
#3269=ADVANCED_FACE('',(#284),#3130,.T.);
#3270=ADVANCED_FACE('',(#285),#3131,.T.);
#3271=ADVANCED_FACE('',(#286),#3132,.T.);
#3272=ADVANCED_FACE('',(#287),#3133,.T.);
#3273=ADVANCED_FACE('',(#288),#3134,.T.);
#3274=ADVANCED_FACE('',(#289),#3135,.T.);
#3275=ADVANCED_FACE('',(#290),#3136,.T.);
#3276=ADVANCED_FACE('',(#291),#3137,.T.);
#3277=ADVANCED_FACE('',(#292),#3138,.T.);
#3278=ADVANCED_FACE('',(#293),#3139,.T.);
#3279=ADVANCED_FACE('',(#294),#3140,.T.);
#3280=ADVANCED_FACE('',(#295),#3141,.T.);
#3281=ADVANCED_FACE('',(#296),#203,.F.);
#3282=ADVANCED_FACE('',(#297),#3142,.T.);
#3283=ADVANCED_FACE('',(#298),#3143,.T.);
#3284=ADVANCED_FACE('',(#299),#3144,.T.);
#3285=ADVANCED_FACE('',(#300),#3145,.T.);
#3286=ADVANCED_FACE('',(#301),#3146,.T.);
#3287=ADVANCED_FACE('',(#302),#3147,.T.);
#3288=ADVANCED_FACE('',(#303),#3148,.T.);
#3289=ADVANCED_FACE('',(#304),#3149,.T.);
#3290=ADVANCED_FACE('',(#305),#3150,.T.);
#3291=ADVANCED_FACE('',(#306),#3151,.T.);
#3292=ADVANCED_FACE('',(#307),#3152,.T.);
#3293=ADVANCED_FACE('',(#308),#3153,.T.);
#3294=ADVANCED_FACE('',(#309),#3154,.T.);
#3295=ADVANCED_FACE('',(#310),#3155,.T.);
#3296=ADVANCED_FACE('',(#311),#3156,.T.);
#3297=ADVANCED_FACE('',(#312),#3157,.T.);
#3298=ADVANCED_FACE('',(#313),#3158,.T.);
#3299=ADVANCED_FACE('',(#314),#3159,.T.);
#3300=ADVANCED_FACE('',(#315),#3160,.F.);
#3301=ADVANCED_FACE('',(#316),#149,.T.);
#3302=ADVANCED_FACE('',(#317),#150,.T.);
#3303=ADVANCED_FACE('',(#318),#151,.T.);
#3304=ADVANCED_FACE('',(#319),#152,.T.);
#3305=ADVANCED_FACE('',(#320),#153,.T.);
#3306=ADVANCED_FACE('',(#321),#3161,.T.);
#3307=ADVANCED_FACE('',(#322),#154,.T.);
#3308=ADVANCED_FACE('',(#323),#155,.T.);
#3309=ADVANCED_FACE('',(#324),#156,.T.);
#3310=ADVANCED_FACE('',(#325),#157,.T.);
#3311=ADVANCED_FACE('',(#326),#158,.T.);
#3312=ADVANCED_FACE('',(#327),#3162,.T.);
#3313=ADVANCED_FACE('',(#328),#3163,.F.);
#3314=ADVANCED_FACE('',(#329),#3164,.T.);
#3315=ADVANCED_FACE('',(#330),#3165,.T.);
#3316=ADVANCED_FACE('',(#331),#3166,.T.);
#3317=ADVANCED_FACE('',(#332),#3167,.T.);
#3318=ADVANCED_FACE('',(#333),#3168,.T.);
#3319=ADVANCED_FACE('',(#334),#3169,.T.);
#3320=ADVANCED_FACE('',(#335),#3170,.T.);
#3321=ADVANCED_FACE('',(#336),#3171,.T.);
#3322=ADVANCED_FACE('',(#337),#3172,.F.);
#3323=ADVANCED_FACE('',(#338),#3173,.T.);
#3324=ADVANCED_FACE('',(#339),#3174,.T.);
#3325=ADVANCED_FACE('',(#340),#3175,.T.);
#3326=ADVANCED_FACE('',(#341),#3176,.T.);
#3327=ADVANCED_FACE('',(#342),#3177,.F.);
#3328=ADVANCED_FACE('',(#343),#3178,.T.);
#3329=ADVANCED_FACE('',(#344),#3179,.T.);
#3330=ADVANCED_FACE('',(#345),#159,.T.);
#3331=ADVANCED_FACE('',(#346),#160,.T.);
#3332=ADVANCED_FACE('',(#347),#161,.T.);
#3333=ADVANCED_FACE('',(#348),#162,.T.);
#3334=ADVANCED_FACE('',(#349),#3180,.T.);
#3335=ADVANCED_FACE('',(#350),#3181,.T.);
#3336=ADVANCED_FACE('',(#351),#3182,.T.);
#3337=ADVANCED_FACE('',(#352),#163,.T.);
#3338=ADVANCED_FACE('',(#353),#164,.T.);
#3339=ADVANCED_FACE('',(#354),#165,.T.);
#3340=ADVANCED_FACE('',(#355),#3183,.T.);
#3341=ADVANCED_FACE('',(#356),#3184,.T.);
#3342=ADVANCED_FACE('',(#357),#3185,.T.);
#3343=ADVANCED_FACE('',(#358),#3186,.T.);
#3344=ADVANCED_FACE('',(#359),#3187,.T.);
#3345=ADVANCED_FACE('',(#360),#166,.T.);
#3346=ADVANCED_FACE('',(#361),#167,.T.);
#3347=ADVANCED_FACE('',(#362),#3188,.T.);
#3348=ADVANCED_FACE('',(#363),#3189,.T.);
#3349=ADVANCED_FACE('',(#364),#3190,.T.);
#3350=ADVANCED_FACE('',(#365),#3191,.F.);
#3351=ADVANCED_FACE('',(#366),#3192,.T.);
#3352=ADVANCED_FACE('',(#367),#168,.T.);
#3353=ADVANCED_FACE('',(#368),#169,.T.);
#3354=ADVANCED_FACE('',(#369),#170,.T.);
#3355=ADVANCED_FACE('',(#370),#171,.T.);
#3356=ADVANCED_FACE('',(#371),#172,.T.);
#3357=ADVANCED_FACE('',(#372),#173,.T.);
#3358=ADVANCED_FACE('',(#373),#174,.T.);
#3359=ADVANCED_FACE('',(#374),#175,.T.);
#3360=ADVANCED_FACE('',(#375),#176,.T.);
#3361=ADVANCED_FACE('',(#376),#3193,.T.);
#3362=ADVANCED_FACE('',(#377),#177,.T.);
#3363=ADVANCED_FACE('',(#378),#178,.T.);
#3364=ADVANCED_FACE('',(#379),#179,.T.);
#3365=ADVANCED_FACE('',(#380),#180,.T.);
#3366=ADVANCED_FACE('',(#381),#181,.T.);
#3367=ADVANCED_FACE('',(#382),#182,.T.);
#3368=ADVANCED_FACE('',(#383),#183,.T.);
#3369=ADVANCED_FACE('',(#384),#184,.T.);
#3370=ADVANCED_FACE('',(#385),#185,.T.);
#3371=ADVANCED_FACE('',(#386),#186,.T.);
#3372=ADVANCED_FACE('',(#387),#3194,.T.);
#3373=ADVANCED_FACE('',(#388),#3195,.F.);
#3374=ADVANCED_FACE('',(#389),#3196,.T.);
#3375=ADVANCED_FACE('',(#390),#3197,.T.);
#3376=ADVANCED_FACE('',(#391),#3198,.T.);
#3377=ADVANCED_FACE('',(#392),#3199,.T.);
#3378=ADVANCED_FACE('',(#393),#3200,.F.);
#3379=ADVANCED_FACE('',(#394),#3201,.T.);
#3380=ADVANCED_FACE('',(#395),#3202,.T.);
#3381=ADVANCED_FACE('',(#396),#3203,.T.);
#3382=ADVANCED_FACE('',(#397),#3204,.T.);
#3383=ADVANCED_FACE('',(#398),#3205,.T.);
#3384=ADVANCED_FACE('',(#399),#3206,.T.);
#3385=ADVANCED_FACE('',(#400),#3207,.T.);
#3386=ADVANCED_FACE('',(#401),#3208,.T.);
#3387=ADVANCED_FACE('',(#402),#3209,.T.);
#3388=ADVANCED_FACE('',(#403),#3210,.T.);
#3389=ADVANCED_FACE('',(#404),#3211,.T.);
#3390=ADVANCED_FACE('',(#405),#3212,.T.);
#3391=ADVANCED_FACE('',(#406),#3213,.F.);
#3392=ADVANCED_FACE('',(#407),#3214,.F.);
#3393=ADVANCED_FACE('',(#408),#3215,.F.);
#3394=ADVANCED_FACE('',(#409),#3216,.F.);
#3395=ADVANCED_FACE('',(#410),#3217,.F.);
#3396=ADVANCED_FACE('',(#411),#3218,.F.);
#3397=ADVANCED_FACE('',(#412),#3219,.F.);
#3398=ADVANCED_FACE('',(#413),#3220,.F.);
#3399=ADVANCED_FACE('',(#414),#3221,.F.);
#3400=ADVANCED_FACE('',(#415,#211),#3222,.F.);
#3401=ADVANCED_FACE('',(#416),#3223,.T.);
#3402=ADVANCED_FACE('',(#417),#3224,.F.);
#3403=ADVANCED_FACE('',(#418),#3225,.F.);
#3404=ADVANCED_FACE('',(#419),#3226,.F.);
#3405=ADVANCED_FACE('',(#420),#3227,.F.);
#3406=ADVANCED_FACE('',(#421,#212,#213,#214,#215,#216,#217,#218,#219),#3228,
 .T.);
#3407=ADVANCED_FACE('',(#422),#3229,.T.);
#3408=ADVANCED_FACE('',(#423),#3230,.T.);
#3409=ADVANCED_FACE('',(#424,#220),#3231,.T.);
#3410=CLOSED_SHELL('',(#3232,#3233,#3234,#3235,#3236,#3237,#3238,#3239,
#3240,#3241,#3242,#3243,#3244,#3245,#3246,#3247,#3248,#3249,#3250,#3251,
#3252,#3253,#3254,#3255,#3256,#3257,#3258,#3259,#3260,#3261,#3262,#3263,
#3264,#3265,#3266,#3267,#3268,#3269,#3270,#3271,#3272,#3273,#3274,#3275,
#3276,#3277,#3278,#3279,#3280,#3281,#3282,#3283,#3284,#3285,#3286,#3287,
#3288,#3289,#3290,#3291,#3292,#3293,#3294,#3295,#3296,#3297,#3298,#3299,
#3300,#3301,#3302,#3303,#3304,#3305,#3306,#3307,#3308,#3309,#3310,#3311,
#3312,#3313,#3314,#3315,#3316,#3317,#3318,#3319,#3320,#3321,#3322,#3323,
#3324,#3325,#3326,#3327,#3328,#3329,#3330,#3331,#3332,#3333,#3334,#3335,
#3336,#3337,#3338,#3339,#3340,#3341,#3342,#3343,#3344,#3345,#3346,#3347,
#3348,#3349,#3350,#3351,#3352,#3353,#3354,#3355,#3356,#3357,#3358,#3359,
#3360,#3361,#3362,#3363,#3364,#3365,#3366,#3367,#3368,#3369,#3370,#3371,
#3372,#3373,#3374,#3375,#3376,#3377,#3378,#3379,#3380,#3381,#3382,#3383,
#3384,#3385,#3386,#3387,#3388,#3389,#3390,#3391,#3392,#3393,#3394,#3395,
#3396,#3397,#3398,#3399,#3400,#3401,#3402,#3403,#3404,#3405,#3406,#3407,
#3408,#3409));
#3411=DERIVED_UNIT_ELEMENT(#3413,1.);
#3412=DERIVED_UNIT_ELEMENT(#6243,3.);
#3413=(
MASS_UNIT()
NAMED_UNIT(*)
SI_UNIT($,.GRAM.)
);
#3414=DERIVED_UNIT((#3411,#3412));
#3415=MEASURE_REPRESENTATION_ITEM('density measure',
POSITIVE_RATIO_MEASURE(1.),#3414);
#3416=PROPERTY_DEFINITION_REPRESENTATION(#3421,#3418);
#3417=PROPERTY_DEFINITION_REPRESENTATION(#3422,#3419);
#3418=REPRESENTATION('material name',(#3420),#6240);
#3419=REPRESENTATION('density',(#3415),#6240);
#3420=DESCRIPTIVE_REPRESENTATION_ITEM('Generic','Generic');
#3421=PROPERTY_DEFINITION('material property','material name',#6250);
#3422=PROPERTY_DEFINITION('material property','density of part',#6250);
#3423=DATE_TIME_ROLE('creation_date');
#3424=APPLIED_DATE_AND_TIME_ASSIGNMENT(#3425,#3423,(#6250));
#3425=DATE_AND_TIME(#3426,#3427);
#3426=CALENDAR_DATE(2018,11,7);
#3427=LOCAL_TIME(8,40,21.,#3428);
#3428=COORDINATED_UNIVERSAL_TIME_OFFSET(0,0,.BEHIND.);
#3429=AXIS2_PLACEMENT_3D('placement',#4272,#3596,#3597);
#3430=AXIS2_PLACEMENT_3D('',#4273,#3598,#3599);
#3431=AXIS2_PLACEMENT_3D('',#4283,#3604,#3605);
#3432=AXIS2_PLACEMENT_3D('',#4284,#3606,#3607);
#3433=AXIS2_PLACEMENT_3D('',#4294,#3612,#3613);
#3434=AXIS2_PLACEMENT_3D('',#4295,#3614,#3615);
#3435=AXIS2_PLACEMENT_3D('',#4296,#3616,#3617);
#3436=AXIS2_PLACEMENT_3D('',#4297,#3618,#3619);
#3437=AXIS2_PLACEMENT_3D('',#4300,#3620,#3621);
#3438=AXIS2_PLACEMENT_3D('',#4301,#3622,#3623);
#3439=AXIS2_PLACEMENT_3D('',#4302,#3624,#3625);
#3440=AXIS2_PLACEMENT_3D('',#4303,#3626,#3627);
#3441=AXIS2_PLACEMENT_3D('',#4304,#3628,#3629);
#3442=AXIS2_PLACEMENT_3D('',#4305,#3630,#3631);
#3443=AXIS2_PLACEMENT_3D('',#4306,#3632,#3633);
#3444=AXIS2_PLACEMENT_3D('',#4315,#3638,#3639);
#3445=AXIS2_PLACEMENT_3D('',#4317,#3640,#3641);
#3446=AXIS2_PLACEMENT_3D('',#4320,#3643,#3644);
#3447=AXIS2_PLACEMENT_3D('',#4321,#3645,#3646);
#3448=AXIS2_PLACEMENT_3D('',#4327,#3650,#3651);
#3449=AXIS2_PLACEMENT_3D('',#4328,#3652,#3653);
#3450=AXIS2_PLACEMENT_3D('',#4329,#3654,#3655);
#3451=AXIS2_PLACEMENT_3D('',#4330,#3656,#3657);
#3452=AXIS2_PLACEMENT_3D('',#4331,#3658,#3659);
#3453=AXIS2_PLACEMENT_3D('',#4333,#3660,#3661);
#3454=AXIS2_PLACEMENT_3D('',#4334,#3662,#3663);
#3455=AXIS2_PLACEMENT_3D('',#4337,#3665,#3666);
#3456=AXIS2_PLACEMENT_3D('',#4338,#3667,#3668);
#3457=AXIS2_PLACEMENT_3D('',#4341,#3669,#3670);
#3458=AXIS2_PLACEMENT_3D('',#4343,#3671,#3672);
#3459=AXIS2_PLACEMENT_3D('',#4344,#3673,#3674);
#3460=AXIS2_PLACEMENT_3D('',#4345,#3675,#3676);
#3461=AXIS2_PLACEMENT_3D('',#4348,#3677,#3678);
#3462=AXIS2_PLACEMENT_3D('',#4349,#3679,#3680);
#3463=AXIS2_PLACEMENT_3D('',#4351,#3682,#3683);
#3464=AXIS2_PLACEMENT_3D('',#4352,#3684,#3685);
#3465=AXIS2_PLACEMENT_3D('',#4388,#3686,#3687);
#3466=AXIS2_PLACEMENT_3D('',#4413,#3688,#3689);
#3467=AXIS2_PLACEMENT_3D('',#4442,#3690,#3691);
#3468=AXIS2_PLACEMENT_3D('',#4446,#3693,#3694);
#3469=AXIS2_PLACEMENT_3D('',#4448,#3696,#3697);
#3470=AXIS2_PLACEMENT_3D('',#4462,#3698,#3699);
#3471=AXIS2_PLACEMENT_3D('',#4500,#3701,#3702);
#3472=AXIS2_PLACEMENT_3D('',#4614,#3703,#3704);
#3473=AXIS2_PLACEMENT_3D('',#4690,#3707,#3708);
#3474=AXIS2_PLACEMENT_3D('',#4884,#3711,#3712);
#3475=AXIS2_PLACEMENT_3D('',#4909,#3713,#3714);
#3476=AXIS2_PLACEMENT_3D('',#4938,#3715,#3716);
#3477=AXIS2_PLACEMENT_3D('',#4940,#3717,#3718);
#3478=AXIS2_PLACEMENT_3D('',#5004,#3720,#3721);
#3479=AXIS2_PLACEMENT_3D('',#5007,#3722,#3723);
#3480=AXIS2_PLACEMENT_3D('',#5018,#3730,#3731);
#3481=AXIS2_PLACEMENT_3D('',#5021,#3732,#3733);
#3482=AXIS2_PLACEMENT_3D('',#5032,#3740,#3741);
#3483=AXIS2_PLACEMENT_3D('',#5036,#3743,#3744);
#3484=AXIS2_PLACEMENT_3D('',#5038,#3746,#3747);
#3485=AXIS2_PLACEMENT_3D('',#5041,#3748,#3749);
#3486=AXIS2_PLACEMENT_3D('',#5052,#3756,#3757);
#3487=AXIS2_PLACEMENT_3D('',#5056,#3759,#3760);
#3488=AXIS2_PLACEMENT_3D('',#5058,#3762,#3763);
#3489=AXIS2_PLACEMENT_3D('',#5062,#3765,#3766);
#3490=AXIS2_PLACEMENT_3D('',#5064,#3768,#3769);
#3491=AXIS2_PLACEMENT_3D('',#5068,#3772,#3773);
#3492=AXIS2_PLACEMENT_3D('',#5072,#3776,#3777);
#3493=AXIS2_PLACEMENT_3D('',#5076,#3780,#3781);
#3494=AXIS2_PLACEMENT_3D('',#5080,#3784,#3785);
#3495=AXIS2_PLACEMENT_3D('',#5084,#3788,#3789);
#3496=AXIS2_PLACEMENT_3D('',#5088,#3792,#3793);
#3497=AXIS2_PLACEMENT_3D('',#5092,#3796,#3797);
#3498=AXIS2_PLACEMENT_3D('',#5096,#3800,#3801);
#3499=AXIS2_PLACEMENT_3D('',#5100,#3804,#3805);
#3500=AXIS2_PLACEMENT_3D('',#5102,#3807,#3808);
#3501=AXIS2_PLACEMENT_3D('',#5106,#3811,#3812);
#3502=AXIS2_PLACEMENT_3D('',#5110,#3815,#3816);
#3503=AXIS2_PLACEMENT_3D('',#5112,#3818,#3819);
#3504=AXIS2_PLACEMENT_3D('',#5114,#3821,#3822);
#3505=AXIS2_PLACEMENT_3D('',#5118,#3825,#3826);
#3506=AXIS2_PLACEMENT_3D('',#5121,#3829,#3830);
#3507=AXIS2_PLACEMENT_3D('',#5123,#3832,#3833);
#3508=AXIS2_PLACEMENT_3D('',#5124,#3834,#3835);
#3509=AXIS2_PLACEMENT_3D('',#5126,#3837,#3838);
#3510=AXIS2_PLACEMENT_3D('',#5127,#3839,#3840);
#3511=AXIS2_PLACEMENT_3D('',#5129,#3842,#3843);
#3512=AXIS2_PLACEMENT_3D('',#5130,#3844,#3845);
#3513=AXIS2_PLACEMENT_3D('',#5139,#3850,#3851);
#3514=AXIS2_PLACEMENT_3D('',#5145,#3855,#3856);
#3515=AXIS2_PLACEMENT_3D('',#5151,#3860,#3861);
#3516=AXIS2_PLACEMENT_3D('',#5157,#3865,#3866);
#3517=AXIS2_PLACEMENT_3D('',#5163,#3870,#3871);
#3518=AXIS2_PLACEMENT_3D('',#5169,#3875,#3876);
#3519=AXIS2_PLACEMENT_3D('',#5175,#3880,#3881);
#3520=AXIS2_PLACEMENT_3D('',#5181,#3885,#3886);
#3521=AXIS2_PLACEMENT_3D('',#5187,#3890,#3891);
#3522=AXIS2_PLACEMENT_3D('',#5193,#3895,#3896);
#3523=AXIS2_PLACEMENT_3D('',#5199,#3900,#3901);
#3524=AXIS2_PLACEMENT_3D('',#5202,#3904,#3905);
#3525=AXIS2_PLACEMENT_3D('',#5293,#3912,#3913);
#3526=AXIS2_PLACEMENT_3D('',#5386,#3922,#3923);
#3527=AXIS2_PLACEMENT_3D('',#5389,#3926,#3927);
#3528=AXIS2_PLACEMENT_3D('',#5390,#3928,#3929);
#3529=AXIS2_PLACEMENT_3D('',#5399,#3934,#3935);
#3530=AXIS2_PLACEMENT_3D('',#5405,#3939,#3940);
#3531=AXIS2_PLACEMENT_3D('',#5411,#3944,#3945);
#3532=AXIS2_PLACEMENT_3D('',#5417,#3949,#3950);
#3533=AXIS2_PLACEMENT_3D('',#5423,#3954,#3955);
#3534=AXIS2_PLACEMENT_3D('',#5429,#3959,#3960);
#3535=AXIS2_PLACEMENT_3D('',#5435,#3964,#3965);
#3536=AXIS2_PLACEMENT_3D('',#5438,#3968,#3969);
#3537=AXIS2_PLACEMENT_3D('',#5439,#3970,#3971);
#3538=AXIS2_PLACEMENT_3D('',#5448,#3976,#3977);
#3539=AXIS2_PLACEMENT_3D('',#5454,#3981,#3982);
#3540=AXIS2_PLACEMENT_3D('',#5460,#3986,#3987);
#3541=AXIS2_PLACEMENT_3D('',#5463,#3990,#3991);
#3542=AXIS2_PLACEMENT_3D('',#5464,#3992,#3993);
#3543=AXIS2_PLACEMENT_3D('',#5473,#3998,#3999);
#3544=AXIS2_PLACEMENT_3D('',#5539,#4007,#4008);
#3545=AXIS2_PLACEMENT_3D('',#5545,#4012,#4013);
#3546=AXIS2_PLACEMENT_3D('',#5551,#4017,#4018);
#3547=AXIS2_PLACEMENT_3D('',#5602,#4025,#4026);
#3548=AXIS2_PLACEMENT_3D('',#5608,#4030,#4031);
#3549=AXIS2_PLACEMENT_3D('',#5614,#4035,#4036);
#3550=AXIS2_PLACEMENT_3D('',#5620,#4040,#4041);
#3551=AXIS2_PLACEMENT_3D('',#5626,#4045,#4046);
#3552=AXIS2_PLACEMENT_3D('',#5662,#4052,#4053);
#3553=AXIS2_PLACEMENT_3D('',#5668,#4057,#4058);
#3554=AXIS2_PLACEMENT_3D('',#5674,#4062,#4063);
#3555=AXIS2_PLACEMENT_3D('',#5677,#4066,#4067);
#3556=AXIS2_PLACEMENT_3D('',#5678,#4068,#4069);
#3557=AXIS2_PLACEMENT_3D('',#5854,#4083,#4084);
#3558=AXIS2_PLACEMENT_3D('',#6038,#4098,#4099);
#3559=AXIS2_PLACEMENT_3D('',#6041,#4102,#4103);
#3560=AXIS2_PLACEMENT_3D('',#6042,#4104,#4105);
#3561=AXIS2_PLACEMENT_3D('',#6051,#4110,#4111);
#3562=AXIS2_PLACEMENT_3D('',#6057,#4115,#4116);
#3563=AXIS2_PLACEMENT_3D('',#6063,#4120,#4121);
#3564=AXIS2_PLACEMENT_3D('',#6066,#4124,#4125);
#3565=AXIS2_PLACEMENT_3D('',#6067,#4126,#4127);
#3566=AXIS2_PLACEMENT_3D('',#6076,#4132,#4133);
#3567=AXIS2_PLACEMENT_3D('',#6082,#4137,#4138);
#3568=AXIS2_PLACEMENT_3D('',#6088,#4142,#4143);
#3569=AXIS2_PLACEMENT_3D('',#6094,#4147,#4148);
#3570=AXIS2_PLACEMENT_3D('',#6100,#4152,#4153);
#3571=AXIS2_PLACEMENT_3D('',#6106,#4157,#4158);
#3572=AXIS2_PLACEMENT_3D('',#6112,#4162,#4163);
#3573=AXIS2_PLACEMENT_3D('',#6118,#4167,#4168);
#3574=AXIS2_PLACEMENT_3D('',#6124,#4172,#4173);
#3575=AXIS2_PLACEMENT_3D('',#6130,#4177,#4178);
#3576=AXIS2_PLACEMENT_3D('',#6136,#4182,#4183);
#3577=AXIS2_PLACEMENT_3D('',#6139,#4186,#4187);
#3578=AXIS2_PLACEMENT_3D('',#6140,#4188,#4189);
#3579=AXIS2_PLACEMENT_3D('',#6149,#4194,#4195);
#3580=AXIS2_PLACEMENT_3D('',#6158,#4200,#4201);
#3581=AXIS2_PLACEMENT_3D('',#6164,#4205,#4206);
#3582=AXIS2_PLACEMENT_3D('',#6173,#4211,#4212);
#3583=AXIS2_PLACEMENT_3D('',#6179,#4216,#4217);
#3584=AXIS2_PLACEMENT_3D('',#6188,#4222,#4223);
#3585=AXIS2_PLACEMENT_3D('',#6194,#4227,#4228);
#3586=AXIS2_PLACEMENT_3D('',#6200,#4232,#4233);
#3587=AXIS2_PLACEMENT_3D('',#6205,#4238,#4239);
#3588=AXIS2_PLACEMENT_3D('',#6215,#4245,#4246);
#3589=AXIS2_PLACEMENT_3D('',#6217,#4248,#4249);
#3590=AXIS2_PLACEMENT_3D('',#6221,#4252,#4253);
#3591=AXIS2_PLACEMENT_3D('',#6225,#4256,#4257);
#3592=AXIS2_PLACEMENT_3D('',#6227,#4259,#4260);
#3593=AXIS2_PLACEMENT_3D('',#6231,#4263,#4264);
#3594=AXIS2_PLACEMENT_3D('',#6235,#4267,#4268);
#3595=AXIS2_PLACEMENT_3D('',#6237,#4270,#4271);
#3596=DIRECTION('axis',(0.,0.,1.));
#3597=DIRECTION('refdir',(1.,0.,0.));
#3598=DIRECTION('center_axis',(-2.27100048183507E-15,1.,2.77555756156267E-17));
#3599=DIRECTION('ref_axis',(1.4769394308871E-16,-2.77555756156264E-17,1.));
#3600=DIRECTION('',(1.,2.27100048183507E-15,-1.4769394308871E-16));
#3601=DIRECTION('',(1.4769394308871E-16,-2.77555756156264E-17,1.));
#3602=DIRECTION('',(-1.,-2.27100048183507E-15,1.4769394308871E-16));
#3603=DIRECTION('',(1.4769394308871E-16,-2.77555756156264E-17,1.));
#3604=DIRECTION('center_axis',(2.27100048183507E-15,-1.,-2.77555756156267E-17));
#3605=DIRECTION('ref_axis',(0.,-2.77555756156267E-17,1.));
#3606=DIRECTION('center_axis',(2.27100048183507E-15,-1.,-2.77555756156267E-17));
#3607=DIRECTION('ref_axis',(-1.4769394308871E-16,2.77555756156264E-17,-1.));
#3608=DIRECTION('',(-1.,-2.27100048183507E-15,1.4769394308871E-16));
#3609=DIRECTION('',(1.4769394308871E-16,-2.77555756156264E-17,1.));
#3610=DIRECTION('',(1.,2.27100048183507E-15,-1.4769394308871E-16));
#3611=DIRECTION('',(1.4769394308871E-16,-2.77555756156264E-17,1.));
#3612=DIRECTION('center_axis',(-2.27100048183507E-15,1.,2.77555756156267E-17));
#3613=DIRECTION('ref_axis',(0.,2.77555756156267E-17,-1.));
#3614=DIRECTION('center_axis',(-1.4769394308871E-16,2.77555756156264E-17,
-1.));
#3615=DIRECTION('ref_axis',(-1.,-2.27100048183507E-15,1.4769394308871E-16));
#3616=DIRECTION('center_axis',(1.4769394308871E-16,-2.77555756156264E-17,
1.));
#3617=DIRECTION('ref_axis',(0.636315927180576,-0.77142857142857,-1.15391452381788E-16));
#3618=DIRECTION('center_axis',(1.4769394308871E-16,-2.77555756156264E-17,
1.));
#3619=DIRECTION('ref_axis',(-0.636315927180576,0.77142857142857,1.15391452381788E-16));
#3620=DIRECTION('center_axis',(1.4769394308871E-16,-2.77555756156264E-17,
1.));
#3621=DIRECTION('ref_axis',(0.,1.,2.77555756156264E-17));
#3622=DIRECTION('center_axis',(1.4769394308871E-16,-2.77555756156264E-17,
1.));
#3623=DIRECTION('ref_axis',(0.,1.,2.77555756156264E-17));
#3624=DIRECTION('center_axis',(1.4769394308871E-16,-2.77555756156264E-17,
1.));
#3625=DIRECTION('ref_axis',(-0.636315927180576,0.77142857142857,1.15391452381788E-16));
#3626=DIRECTION('center_axis',(-1.4769394308871E-16,2.77555756156264E-17,
-1.));
#3627=DIRECTION('ref_axis',(-0.636315927180576,0.77142857142857,1.15391452381788E-16));
#3628=DIRECTION('center_axis',(1.4769394308871E-16,-2.77555756156264E-17,
1.));
#3629=DIRECTION('ref_axis',(0.636315927180576,-0.77142857142857,-1.15391452381788E-16));
#3630=DIRECTION('center_axis',(-1.4769394308871E-16,2.77555756156264E-17,
-1.));
#3631=DIRECTION('ref_axis',(0.636315927180576,-0.77142857142857,-1.15391452381788E-16));
#3632=DIRECTION('center_axis',(-2.27100048183507E-15,1.,2.77555756156267E-17));
#3633=DIRECTION('ref_axis',(1.4769394308871E-16,-2.77555756156264E-17,1.));
#3634=DIRECTION('',(1.,2.27100048183507E-15,-1.4769394308871E-16));
#3635=DIRECTION('',(1.4769394308871E-16,-2.77555756156264E-17,1.));
#3636=DIRECTION('',(1.,2.27100048183507E-15,-1.4769394308871E-16));
#3637=DIRECTION('',(1.4769394308871E-16,-2.77555756156264E-17,1.));
#3638=DIRECTION('center_axis',(1.4769394308871E-16,-2.77555756156264E-17,
1.));
#3639=DIRECTION('ref_axis',(-0.569166598882921,0.822222222222221,1.06883710325146E-16));
#3640=DIRECTION('center_axis',(-1.4769394308871E-16,2.77555756156264E-17,
-1.));
#3641=DIRECTION('ref_axis',(-0.569166598882921,0.822222222222221,1.06883710325146E-16));
#3642=DIRECTION('',(1.4769394308871E-16,-2.77555756156264E-17,1.));
#3643=DIRECTION('center_axis',(-1.4769394308871E-16,2.77555756156264E-17,
-1.));
#3644=DIRECTION('ref_axis',(-0.569166598882921,0.822222222222221,1.06883710325146E-16));
#3645=DIRECTION('center_axis',(2.05426584897125E-15,-1.,-2.77555756156267E-17));
#3646=DIRECTION('ref_axis',(-1.4769394308871E-16,2.77555756156264E-17,-1.));
#3647=DIRECTION('',(-1.,-2.05426584897125E-15,1.4769394308871E-16));
#3648=DIRECTION('',(1.4769394308871E-16,-2.77555756156264E-17,1.));
#3649=DIRECTION('',(-1.,-2.05426584897125E-15,1.4769394308871E-16));
#3650=DIRECTION('center_axis',(1.4769394308871E-16,-2.77555756156264E-17,
1.));
#3651=DIRECTION('ref_axis',(0.569166598882922,-0.822222222222221,-1.06883710325146E-16));
#3652=DIRECTION('center_axis',(-1.4769394308871E-16,2.77555756156264E-17,
-1.));
#3653=DIRECTION('ref_axis',(0.569166598882922,-0.822222222222221,-1.06883710325146E-16));
#3654=DIRECTION('center_axis',(-1.4769394308871E-16,2.77555756156264E-17,
-1.));
#3655=DIRECTION('ref_axis',(0.569166598882922,-0.822222222222221,-1.06883710325146E-16));
#3656=DIRECTION('center_axis',(1.4769394308871E-16,-2.77555756156264E-17,
1.));
#3657=DIRECTION('ref_axis',(1.,2.27100048183507E-15,-1.4769394308871E-16));
#3658=DIRECTION('center_axis',(-1.4769394308871E-16,2.77555756156264E-17,
-1.));
#3659=DIRECTION('ref_axis',(-1.,-2.27100048183507E-15,1.4769394308871E-16));
#3660=DIRECTION('center_axis',(-1.4769394308871E-16,2.77555756156264E-17,
-1.));
#3661=DIRECTION('ref_axis',(-1.,-2.27100048183507E-15,1.4769394308871E-16));
#3662=DIRECTION('center_axis',(1.4769394308871E-16,-2.77555756156264E-17,
1.));
#3663=DIRECTION('ref_axis',(-1.,-2.27100048183507E-15,1.4769394308871E-16));
#3664=DIRECTION('',(-1.4769394308871E-16,2.77555756156264E-17,-1.));
#3665=DIRECTION('center_axis',(0.,0.,-1.));
#3666=DIRECTION('ref_axis',(-1.,-2.27100048183507E-15,1.4769394308871E-16));
#3667=DIRECTION('center_axis',(-0.207911690817739,3.59328190484141E-16,
0.97814760073381));
#3668=DIRECTION('ref_axis',(-0.97814760073381,-2.7445038555068E-16,-0.207911690817739));
#3669=DIRECTION('center_axis',(-3.13532987338063E-16,1.,-4.33999289770032E-16));
#3670=DIRECTION('ref_axis',(0.97814760073381,3.96915065465415E-16,0.207911690817739));
#3671=DIRECTION('center_axis',(0.207911690817739,-3.59328190484141E-16,
-0.97814760073381));
#3672=DIRECTION('ref_axis',(0.97814760073381,2.7445038555068E-16,0.207911690817739));
#3673=DIRECTION('center_axis',(0.207911690817739,-3.59328190484141E-16,
-0.97814760073381));
#3674=DIRECTION('ref_axis',(0.97814760073381,2.7445038555068E-16,0.207911690817739));
#3675=DIRECTION('center_axis',(-0.207911690817739,3.59328190484141E-16,
0.97814760073381));
#3676=DIRECTION('ref_axis',(0.97814760073381,2.7445038555068E-16,0.207911690817739));
#3677=DIRECTION('center_axis',(0.207911690817739,-3.59328190484141E-16,
-0.97814760073381));
#3678=DIRECTION('ref_axis',(0.97814760073381,2.7445038555068E-16,0.207911690817739));
#3679=DIRECTION('center_axis',(0.207911690817739,-3.59328190484141E-16,
-0.97814760073381));
#3680=DIRECTION('ref_axis',(0.97814760073381,2.7445038555068E-16,0.207911690817739));
#3681=DIRECTION('',(-0.273367672685505,3.48266958299572E-16,0.961909619210927));
#3682=DIRECTION('center_axis',(-0.207911690817739,3.59328190484141E-16,
0.97814760073381));
#3683=DIRECTION('ref_axis',(-0.97814760073381,-2.7445038555068E-16,-0.207911690817738));
#3684=DIRECTION('center_axis',(-3.13532987338063E-16,1.,-4.33999289770032E-16));
#3685=DIRECTION('ref_axis',(0.97814760073381,3.96915065465415E-16,0.207911690817739));
#3686=DIRECTION('center_axis',(-0.642612261976471,0.766191543125793,5.80396726974376E-16));
#3687=DIRECTION('ref_axis',(-0.766191543125793,-0.642612261976471,3.59766922812923E-16));
#3688=DIRECTION('center_axis',(0.766191543125792,-0.642612261976472,-6.34168049410126E-16));
#3689=DIRECTION('ref_axis',(-0.642612261976472,-0.766191543125792,2.79610876665903E-16));
#3690=DIRECTION('center_axis',(9.54097911787244E-16,1.,-6.18847395248938E-31));
#3691=DIRECTION('ref_axis',(-0.844453882876588,8.05691686253182E-16,0.535628266332775));
#3692=DIRECTION('',(9.54097911787244E-16,1.,-6.18847395248938E-31));
#3693=DIRECTION('center_axis',(0.766191543125793,0.64261226197647,-4.96967486111525E-16));
#3694=DIRECTION('ref_axis',(-0.64261226197647,0.766191543125793,4.16811439964504E-16));
#3695=DIRECTION('',(-9.54097911787244E-16,-1.,6.18847395248938E-31));
#3696=DIRECTION('center_axis',(-1.,9.54097911787244E-16,6.48620427320396E-16));
#3697=DIRECTION('ref_axis',(-4.58272251259536E-16,-0.844453882876588,0.535628266332774));
#3698=DIRECTION('center_axis',(0.642612261976472,0.766191543125792,-4.16811439964505E-16));
#3699=DIRECTION('ref_axis',(0.766191543125792,-0.642612261976472,-4.96967486111524E-16));
#3700=DIRECTION('',(-1.,9.54097911787244E-16,6.48620427320396E-16));
#3701=DIRECTION('center_axis',(-0.766191543125793,-0.64261226197647,4.96967486111525E-16));
#3702=DIRECTION('ref_axis',(0.64261226197647,-0.766191543125793,-4.16811439964504E-16));
#3703=DIRECTION('center_axis',(9.54097911787244E-16,1.,-6.18847395248938E-31));
#3704=DIRECTION('ref_axis',(-7.81828692089648E-6,7.45941122556566E-21,0.999999999969437));
#3705=DIRECTION('',(9.54097911787244E-16,1.,-6.18847395248938E-31));
#3706=DIRECTION('',(-9.54097911787244E-16,-1.,6.18847395248938E-31));
#3707=DIRECTION('center_axis',(9.54097911787244E-16,1.,-6.18847395248938E-31));
#3708=DIRECTION('ref_axis',(0.202999999999999,-1.9368187609281E-16,-0.97917873751425));
#3709=DIRECTION('',(9.54097911787244E-16,1.,-6.18847395248938E-31));
#3710=DIRECTION('',(-9.54097911787244E-16,-1.,6.18847395248938E-31));
#3711=DIRECTION('center_axis',(0.64261226197647,-0.766191543125793,-4.16811439964504E-16));
#3712=DIRECTION('ref_axis',(0.766191543125793,0.64261226197647,-4.96967486111525E-16));
#3713=DIRECTION('center_axis',(-0.766191543125792,0.642612261976472,4.96967486111524E-16));
#3714=DIRECTION('ref_axis',(0.642612261976472,0.766191543125792,-4.16811439964505E-16));
#3715=DIRECTION('center_axis',(-1.,9.54097911787244E-16,6.48620427320396E-16));
#3716=DIRECTION('ref_axis',(7.18552924789132E-16,0.0752231136458187,0.997166727871236));
#3717=DIRECTION('center_axis',(-0.642612261976472,-0.766191543125792,4.16811439964505E-16));
#3718=DIRECTION('ref_axis',(-0.766191543125792,0.642612261976472,4.96967486111524E-16));
#3719=DIRECTION('',(1.,-9.54097911787244E-16,-6.48620427320396E-16));
#3720=DIRECTION('center_axis',(1.,-9.54097911787244E-16,-6.48620427320396E-16));
#3721=DIRECTION('ref_axis',(-6.48620427320396E-16,8.75811540203011E-46,
-1.));
#3722=DIRECTION('center_axis',(-1.,9.54097911787244E-16,6.48620427320396E-16));
#3723=DIRECTION('ref_axis',(2.16005200766316E-16,0.707106781186547,-0.707106781186548));
#3724=DIRECTION('',(-6.48620427320396E-16,8.75811540203011E-46,-1.));
#3725=DIRECTION('',(9.54097911787244E-16,1.,-6.18847395248938E-31));
#3726=DIRECTION('',(-6.48620427320396E-16,8.75811540203011E-46,-1.));
#3727=DIRECTION('',(-6.48620427320396E-16,8.75811540203011E-46,-1.));
#3728=DIRECTION('',(9.54097911787244E-16,1.,-6.18847395248938E-31));
#3729=DIRECTION('',(-6.48620427320396E-16,8.75811540203011E-46,-1.));
#3730=DIRECTION('center_axis',(-1.,9.94914934751404E-16,6.48620427320396E-16));
#3731=DIRECTION('ref_axis',(6.48620427320396E-16,-8.75811540203011E-46,
1.));
#3732=DIRECTION('center_axis',(1.,-9.94914934751404E-16,-6.48620427320396E-16));
#3733=DIRECTION('ref_axis',(-1.13329300591505E-15,-0.707106781186547,-0.707106781186548));
#3734=DIRECTION('',(-6.48620427320396E-16,8.75811540203011E-46,-1.));
#3735=DIRECTION('',(-9.94914934751404E-16,-1.,6.45322150125898E-31));
#3736=DIRECTION('',(-6.48620427320396E-16,8.75811540203011E-46,-1.));
#3737=DIRECTION('',(-6.48620427320396E-16,8.75811540203011E-46,-1.));
#3738=DIRECTION('',(-9.94914934751404E-16,-1.,6.45322150125898E-31));
#3739=DIRECTION('',(-6.48620427320396E-16,8.75811540203011E-46,-1.));
#3740=DIRECTION('center_axis',(-1.,9.54097911787244E-16,6.48620427320396E-16));
#3741=DIRECTION('ref_axis',(2.16005200766316E-16,0.707106781186547,-0.707106781186548));
#3742=DIRECTION('',(1.,-9.54097911787244E-16,-6.48620427320396E-16));
#3743=DIRECTION('center_axis',(-1.,1.11736600364388E-15,6.48620427320396E-16));
#3744=DIRECTION('ref_axis',(-1.13329300591505E-15,-0.707106781186547,-0.707106781186548));
#3745=DIRECTION('',(-1.,9.54097911787244E-16,6.48620427320396E-16));
#3746=DIRECTION('center_axis',(1.,-1.28063409550052E-15,-6.48620427320396E-16));
#3747=DIRECTION('ref_axis',(-6.48620427320396E-16,8.75811540203011E-46,
-1.));
#3748=DIRECTION('center_axis',(-1.,1.28063409550052E-15,6.48620427320396E-16));
#3749=DIRECTION('ref_axis',(2.16005200766316E-16,0.707106781186547,-0.707106781186548));
#3750=DIRECTION('',(-6.48620427320396E-16,8.75811540203011E-46,-1.));
#3751=DIRECTION('',(1.28063409550052E-15,1.,-8.30645434264618E-31));
#3752=DIRECTION('',(-6.48620427320396E-16,8.75811540203011E-46,-1.));
#3753=DIRECTION('',(-6.48620427320396E-16,8.75811540203011E-46,-1.));
#3754=DIRECTION('',(1.28063409550052E-15,1.,-8.30645434264618E-31));
#3755=DIRECTION('',(-6.48620427320396E-16,8.75811540203011E-46,-1.));
#3756=DIRECTION('center_axis',(1.,-9.54097911787244E-16,-6.48620427320406E-16));
#3757=DIRECTION('ref_axis',(-1.13329300591505E-15,-0.707106781186547,-0.707106781186548));
#3758=DIRECTION('',(-1.,9.54097911787244E-16,6.48620427320406E-16));
#3759=DIRECTION('center_axis',(1.,-1.28063409550052E-15,-6.48620427320396E-16));
#3760=DIRECTION('ref_axis',(2.16005200766316E-16,0.707106781186547,-0.707106781186548));
#3761=DIRECTION('',(1.,-1.09015465500111E-15,-6.48620427320406E-16));
#3762=DIRECTION('center_axis',(1.,-9.54097911787244E-16,-6.48620427320392E-16));
#3763=DIRECTION('ref_axis',(-1.13329300591505E-15,-0.707106781186547,-0.707106781186548));
#3764=DIRECTION('',(-1.,9.54097911787244E-16,6.48620427320392E-16));
#3765=DIRECTION('center_axis',(1.,-9.54097911787244E-16,-6.48620427320396E-16));
#3766=DIRECTION('ref_axis',(2.16005200766316E-16,0.707106781186547,-0.707106781186548));
#3767=DIRECTION('',(1.,-1.09015465500111E-15,-6.48620427320392E-16));
#3768=DIRECTION('center_axis',(-9.54097911787244E-16,-1.,6.18847395248938E-31));
#3769=DIRECTION('ref_axis',(6.48620427320396E-16,-8.75811540203011E-46,
1.));
#3770=DIRECTION('',(1.,-9.54097911787244E-16,-6.48620427320396E-16));
#3771=DIRECTION('',(-6.48620427320396E-16,8.75811540203011E-46,-1.));
#3772=DIRECTION('center_axis',(1.09015465500111E-15,1.,-7.07096578172138E-31));
#3773=DIRECTION('ref_axis',(-6.48620427320396E-16,8.75811540203011E-46,
-1.));
#3774=DIRECTION('',(-6.48620427320396E-16,8.75811540203011E-46,-1.));
#3775=DIRECTION('',(-1.,1.09015465500111E-15,6.48620427320396E-16));
#3776=DIRECTION('center_axis',(9.54097911787244E-16,1.,-6.18847395248938E-31));
#3777=DIRECTION('ref_axis',(-6.48620427320396E-16,8.75811540203011E-46,
-1.));
#3778=DIRECTION('',(-1.,9.54097911787244E-16,6.48620427320396E-16));
#3779=DIRECTION('',(-6.48620427320396E-16,8.75811540203011E-46,-1.));
#3780=DIRECTION('center_axis',(-9.54097911787244E-16,-1.,6.18847395248938E-31));
#3781=DIRECTION('ref_axis',(6.48620427320396E-16,-8.75811540203011E-46,
1.));
#3782=DIRECTION('',(-6.48620427320396E-16,8.75811540203011E-46,-1.));
#3783=DIRECTION('',(1.,-9.54097911787244E-16,-6.48620427320396E-16));
#3784=DIRECTION('center_axis',(-9.54097911787244E-16,-1.,6.18847395248938E-31));
#3785=DIRECTION('ref_axis',(6.48620427320396E-16,-8.75811540203011E-46,
1.));
#3786=DIRECTION('',(1.,-9.54097911787244E-16,-6.48620427320396E-16));
#3787=DIRECTION('',(-6.48620427320396E-16,8.75811540203011E-46,-1.));
#3788=DIRECTION('center_axis',(1.09015465500111E-15,1.,-7.07096578172138E-31));
#3789=DIRECTION('ref_axis',(-6.48620427320396E-16,8.75811540203011E-46,
-1.));
#3790=DIRECTION('',(-6.48620427320396E-16,8.75811540203011E-46,-1.));
#3791=DIRECTION('',(-1.,1.09015465500111E-15,6.48620427320396E-16));
#3792=DIRECTION('center_axis',(-6.48620427320396E-16,8.75811540203011E-46,
-1.));
#3793=DIRECTION('ref_axis',(-1.,9.54097911787244E-16,6.48620427320396E-16));
#3794=DIRECTION('',(-1.28063409550052E-15,-1.,8.30645434264618E-31));
#3795=DIRECTION('',(-1.,9.54097911787244E-16,6.48620427320396E-16));
#3796=DIRECTION('center_axis',(-6.48620427320396E-16,8.75811540203011E-46,
-1.));
#3797=DIRECTION('ref_axis',(-1.,9.54097911787244E-16,6.48620427320396E-16));
#3798=DIRECTION('',(1.11736600364388E-15,1.,-7.24746414756778E-31));
#3799=DIRECTION('',(1.,-1.22621139821498E-15,-6.48620427320396E-16));
#3800=DIRECTION('center_axis',(-6.48620427320396E-16,8.75811540203011E-46,
-1.));
#3801=DIRECTION('ref_axis',(-1.,9.54097911787244E-16,6.48620427320396E-16));
#3802=DIRECTION('',(-9.54097911787244E-16,-1.,6.18847395248938E-31));
#3803=DIRECTION('',(-1.,4.09870938931774E-16,6.48620427320396E-16));
#3804=DIRECTION('center_axis',(-9.54097911787244E-16,-1.,6.18847395248938E-31));
#3805=DIRECTION('ref_axis',(6.48620427320396E-16,-8.75811540203011E-46,
1.));
#3806=DIRECTION('',(-6.48620427320396E-16,8.75811540203011E-46,-1.));
#3807=DIRECTION('center_axis',(-9.54097911787244E-16,-1.,6.18847395248938E-31));
#3808=DIRECTION('ref_axis',(6.48620427320396E-16,-8.75811540203011E-46,
1.));
#3809=DIRECTION('',(-6.48620427320396E-16,8.75811540203011E-46,-1.));
#3810=DIRECTION('',(1.,-9.54097911787244E-16,-6.48620427320396E-16));
#3811=DIRECTION('center_axis',(-9.54097911787244E-16,-1.,6.18847395248938E-31));
#3812=DIRECTION('ref_axis',(6.48620427320396E-16,-8.75811540203011E-46,
1.));
#3813=DIRECTION('',(-6.48620427320396E-16,8.75811540203011E-46,-1.));
#3814=DIRECTION('',(1.,-9.54097911787244E-16,-6.48620427320396E-16));
#3815=DIRECTION('center_axis',(4.09870938931774E-16,1.,-2.65850663556138E-31));
#3816=DIRECTION('ref_axis',(-6.48620427320396E-16,8.75811540203011E-46,
-1.));
#3817=DIRECTION('',(-6.48620427320396E-16,8.75811540203011E-46,-1.));
#3818=DIRECTION('center_axis',(4.09870938931774E-16,1.,-2.65850663556138E-31));
#3819=DIRECTION('ref_axis',(-6.48620427320396E-16,8.75811540203011E-46,
-1.));
#3820=DIRECTION('',(-6.48620427320396E-16,8.75811540203011E-46,-1.));
#3821=DIRECTION('center_axis',(4.09870938931774E-16,1.,-2.65850663556138E-31));
#3822=DIRECTION('ref_axis',(-6.48620427320396E-16,8.75811540203011E-46,
-1.));
#3823=DIRECTION('',(-6.48620427320396E-16,8.75811540203011E-46,-1.));
#3824=DIRECTION('',(-1.,9.54097911787244E-16,6.48620427320396E-16));
#3825=DIRECTION('center_axis',(9.54097911787244E-16,1.,-6.18847395248938E-31));
#3826=DIRECTION('ref_axis',(-0.0752231136458194,7.17702156476102E-17,-0.997166727871236));
#3827=DIRECTION('',(9.54097911787244E-16,1.,-6.18847395248938E-31));
#3828=DIRECTION('',(-9.54097911787244E-16,-1.,6.18847395248938E-31));
#3829=DIRECTION('center_axis',(1.,-1.11736600364388E-15,-6.48620427320396E-16));
#3830=DIRECTION('ref_axis',(-6.48620427320396E-16,8.75811540203011E-46,
-1.));
#3831=DIRECTION('',(1.11736600364388E-15,1.,-7.24746414756778E-31));
#3832=DIRECTION('center_axis',(-6.48620427320396E-16,8.75811540203011E-46,
-1.));
#3833=DIRECTION('ref_axis',(-1.,9.54097911787244E-16,6.48620427320396E-16));
#3834=DIRECTION('center_axis',(-1.,1.28063409550052E-15,6.48620427320396E-16));
#3835=DIRECTION('ref_axis',(6.48620427320396E-16,-8.75811540203011E-46,
1.));
#3836=DIRECTION('',(-1.28063409550052E-15,-1.,8.30645434264618E-31));
#3837=DIRECTION('center_axis',(-6.48620427320396E-16,8.75811540203011E-46,
-1.));
#3838=DIRECTION('ref_axis',(-1.,9.54097911787244E-16,6.48620427320396E-16));
#3839=DIRECTION('center_axis',(-1.,9.54097911787244E-16,6.48620427320396E-16));
#3840=DIRECTION('ref_axis',(6.48620427320396E-16,-8.75811540203011E-46,
1.));
#3841=DIRECTION('',(-9.54097911787244E-16,-1.,6.18847395248938E-31));
#3842=DIRECTION('center_axis',(-6.48620427320396E-16,8.75811540203011E-46,
-1.));
#3843=DIRECTION('ref_axis',(-1.,9.54097911787244E-16,6.48620427320396E-16));
#3844=DIRECTION('center_axis',(0.,0.,1.));
#3845=DIRECTION('ref_axis',(1.,0.,0.));
#3846=DIRECTION('',(1.,0.,0.));
#3847=DIRECTION('',(0.,-1.,0.));
#3848=DIRECTION('',(1.,0.,0.));
#3849=DIRECTION('',(0.,-1.,0.));
#3850=DIRECTION('center_axis',(0.978815743170911,0.,-0.204743109580706));
#3851=DIRECTION('ref_axis',(-0.204743109580706,0.,-0.978815743170911));
#3852=DIRECTION('',(-0.204743109580706,0.,-0.978815743170911));
#3853=DIRECTION('',(0.,-1.,0.));
#3854=DIRECTION('',(-0.204743109580706,0.,-0.978815743170911));
#3855=DIRECTION('center_axis',(0.,0.,1.));
#3856=DIRECTION('ref_axis',(1.,0.,0.));
#3857=DIRECTION('',(1.,0.,0.));
#3858=DIRECTION('',(0.,-1.,0.));
#3859=DIRECTION('',(1.,0.,0.));
#3860=DIRECTION('center_axis',(-0.978815743170912,0.,0.204743109580702));
#3861=DIRECTION('ref_axis',(0.204743109580702,0.,0.978815743170912));
#3862=DIRECTION('',(0.204743109580702,0.,0.978815743170912));
#3863=DIRECTION('',(0.,-1.,0.));
#3864=DIRECTION('',(0.204743109580702,0.,0.978815743170912));
#3865=DIRECTION('center_axis',(0.,0.,1.));
#3866=DIRECTION('ref_axis',(1.,0.,0.));
#3867=DIRECTION('',(1.,0.,0.));
#3868=DIRECTION('',(0.,-1.,0.));
#3869=DIRECTION('',(1.,0.,0.));
#3870=DIRECTION('center_axis',(0.978880989420911,0.,-0.204430938339428));
#3871=DIRECTION('ref_axis',(-0.204430938339428,0.,-0.978880989420911));
#3872=DIRECTION('',(-0.204430938339428,0.,-0.978880989420911));
#3873=DIRECTION('',(0.,-1.,0.));
#3874=DIRECTION('',(-0.204430938339428,0.,-0.978880989420911));
#3875=DIRECTION('center_axis',(0.,0.,-1.));
#3876=DIRECTION('ref_axis',(-1.,0.,0.));
#3877=DIRECTION('',(-1.,0.,0.));
#3878=DIRECTION('',(0.,-1.,0.));
#3879=DIRECTION('',(-1.,0.,0.));
#3880=DIRECTION('center_axis',(-0.978901278818657,0.,0.204333762083506));
#3881=DIRECTION('ref_axis',(0.204333762083506,0.,0.978901278818656));
#3882=DIRECTION('',(0.204333762083506,0.,0.978901278818656));
#3883=DIRECTION('',(0.,-1.,0.));
#3884=DIRECTION('',(0.204333762083506,0.,0.978901278818656));
#3885=DIRECTION('center_axis',(0.,0.,-1.));
#3886=DIRECTION('ref_axis',(-1.,0.,0.));
#3887=DIRECTION('',(-1.,0.,0.));
#3888=DIRECTION('',(0.,-1.,0.));
#3889=DIRECTION('',(-1.,0.,0.));
#3890=DIRECTION('center_axis',(0.978901278818657,0.,-0.204333762083506));
#3891=DIRECTION('ref_axis',(-0.204333762083506,0.,-0.978901278818656));
#3892=DIRECTION('',(-0.204333762083506,0.,-0.978901278818656));
#3893=DIRECTION('',(0.,-1.,0.));
#3894=DIRECTION('',(-0.204333762083506,0.,-0.978901278818656));
#3895=DIRECTION('center_axis',(0.,0.,-1.));
#3896=DIRECTION('ref_axis',(-1.,0.,0.));
#3897=DIRECTION('',(-1.,0.,0.));
#3898=DIRECTION('',(0.,-1.,0.));
#3899=DIRECTION('',(-1.,0.,0.));
#3900=DIRECTION('center_axis',(-0.978880989420911,0.,0.204430938339427));
#3901=DIRECTION('ref_axis',(0.204430938339427,0.,0.978880989420911));
#3902=DIRECTION('',(0.204430938339427,0.,0.978880989420911));
#3903=DIRECTION('',(0.204430938339427,0.,0.978880989420911));
#3904=DIRECTION('center_axis',(-4.78370501749861E-30,1.,4.69612804115987E-28));
#3905=DIRECTION('ref_axis',(0.,-4.69612804115987E-28,1.));
#3906=DIRECTION('',(0.,-1.,0.));
#3907=DIRECTION('',(0.,-1.,0.));
#3908=DIRECTION('',(0.,-1.,0.));
#3909=DIRECTION('',(0.,-1.,0.));
#3910=DIRECTION('',(0.,-1.,0.));
#3911=DIRECTION('',(0.,-1.,0.));
#3912=DIRECTION('center_axis',(0.0910832271694244,0.,-0.995843283719081));
#3913=DIRECTION('ref_axis',(-0.995843283719081,0.,-0.0910832271694244));
#3914=DIRECTION('',(-0.995843283719081,0.,-0.0910832271694244));
#3915=DIRECTION('',(0.,-1.,0.));
#3916=DIRECTION('',(-0.995843283719081,0.,-0.0910832271694244));
#3917=DIRECTION('',(0.,-1.,0.));
#3918=DIRECTION('',(0.,-1.,0.));
#3919=DIRECTION('',(0.,-1.,0.));
#3920=DIRECTION('',(0.,-1.,0.));
#3921=DIRECTION('',(0.,-1.,0.));
#3922=DIRECTION('center_axis',(0.136637397137023,0.,0.990621129243476));
#3923=DIRECTION('ref_axis',(0.990621129243476,0.,-0.136637397137023));
#3924=DIRECTION('',(0.990621129243476,0.,-0.136637397137023));
#3925=DIRECTION('',(0.990621129243476,0.,-0.136637397137023));
#3926=DIRECTION('center_axis',(-8.9688176048798E-29,1.,-1.42035266738399E-28));
#3927=DIRECTION('ref_axis',(0.,1.42035266738399E-28,1.));
#3928=DIRECTION('center_axis',(0.,0.,-1.));
#3929=DIRECTION('ref_axis',(-1.,0.,0.));
#3930=DIRECTION('',(-1.,0.,0.));
#3931=DIRECTION('',(0.,-1.,0.));
#3932=DIRECTION('',(-1.,0.,0.));
#3933=DIRECTION('',(0.,-1.,0.));
#3934=DIRECTION('center_axis',(-0.977706285237931,0.,0.209977188775936));
#3935=DIRECTION('ref_axis',(0.209977188775936,0.,0.977706285237931));
#3936=DIRECTION('',(0.209977188775936,0.,0.977706285237931));
#3937=DIRECTION('',(0.,-1.,0.));
#3938=DIRECTION('',(0.209977188775936,0.,0.977706285237931));
#3939=DIRECTION('center_axis',(0.,0.,1.));
#3940=DIRECTION('ref_axis',(1.,0.,0.));
#3941=DIRECTION('',(1.,0.,0.));
#3942=DIRECTION('',(0.,-1.,0.));
#3943=DIRECTION('',(1.,0.,0.));
#3944=DIRECTION('center_axis',(0.979035049341288,0.,-0.203691855903231));
#3945=DIRECTION('ref_axis',(-0.203691855903231,0.,-0.979035049341287));
#3946=DIRECTION('',(-0.203691855903231,0.,-0.979035049341287));
#3947=DIRECTION('',(0.,-1.,0.));
#3948=DIRECTION('',(-0.203691855903231,0.,-0.979035049341287));
#3949=DIRECTION('center_axis',(0.,0.,-1.));
#3950=DIRECTION('ref_axis',(-1.,0.,0.));
#3951=DIRECTION('',(-1.,0.,0.));
#3952=DIRECTION('',(0.,-1.,0.));
#3953=DIRECTION('',(-1.,0.,0.));
#3954=DIRECTION('center_axis',(0.978861214928253,0.,-0.204525602087331));
#3955=DIRECTION('ref_axis',(-0.204525602087331,0.,-0.978861214928253));
#3956=DIRECTION('',(-0.204525602087331,0.,-0.978861214928253));
#3957=DIRECTION('',(0.,-1.,0.));
#3958=DIRECTION('',(-0.204525602087331,0.,-0.978861214928253));
#3959=DIRECTION('center_axis',(0.,0.,-1.));
#3960=DIRECTION('ref_axis',(-1.,0.,0.));
#3961=DIRECTION('',(-1.,0.,0.));
#3962=DIRECTION('',(0.,-1.,0.));
#3963=DIRECTION('',(-1.,0.,0.));
#3964=DIRECTION('center_axis',(-0.978861214928253,0.,0.204525602087331));
#3965=DIRECTION('ref_axis',(0.204525602087331,0.,0.978861214928253));
#3966=DIRECTION('',(0.204525602087331,0.,0.978861214928253));
#3967=DIRECTION('',(0.204525602087331,0.,0.978861214928253));
#3968=DIRECTION('center_axis',(-1.01852023349276E-29,1.,3.17185215670131E-29));
#3969=DIRECTION('ref_axis',(0.,-3.17185215670131E-29,1.));
#3970=DIRECTION('center_axis',(0.,0.,1.));
#3971=DIRECTION('ref_axis',(1.,0.,0.));
#3972=DIRECTION('',(1.,0.,0.));
#3973=DIRECTION('',(0.,-1.,0.));
#3974=DIRECTION('',(1.,0.,0.));
#3975=DIRECTION('',(0.,-1.,0.));
#3976=DIRECTION('center_axis',(0.978880989420911,0.,-0.204430938339428));
#3977=DIRECTION('ref_axis',(-0.204430938339428,0.,-0.978880989420911));
#3978=DIRECTION('',(-0.204430938339428,0.,-0.978880989420911));
#3979=DIRECTION('',(0.,-1.,0.));
#3980=DIRECTION('',(-0.204430938339428,0.,-0.978880989420911));
#3981=DIRECTION('center_axis',(0.,0.,-1.));
#3982=DIRECTION('ref_axis',(-1.,0.,0.));
#3983=DIRECTION('',(-1.,0.,0.));
#3984=DIRECTION('',(0.,-1.,0.));
#3985=DIRECTION('',(-1.,0.,0.));
#3986=DIRECTION('center_axis',(-0.978880989420911,0.,0.204430938339428));
#3987=DIRECTION('ref_axis',(0.204430938339428,0.,0.978880989420911));
#3988=DIRECTION('',(0.204430938339428,0.,0.978880989420911));
#3989=DIRECTION('',(0.204430938339428,0.,0.978880989420911));
#3990=DIRECTION('center_axis',(1.07254292270983E-27,1.,-3.250519643751E-28));
#3991=DIRECTION('ref_axis',(0.,3.250519643751E-28,1.));
#3992=DIRECTION('center_axis',(0.,0.,1.));
#3993=DIRECTION('ref_axis',(1.,0.,0.));
#3994=DIRECTION('',(1.,0.,0.));
#3995=DIRECTION('',(0.,-1.,0.));
#3996=DIRECTION('',(1.,0.,0.));
#3997=DIRECTION('',(0.,-1.,0.));
#3998=DIRECTION('center_axis',(0.998933335558155,0.,0.0461756549564628));
#3999=DIRECTION('ref_axis',(0.0461756549564628,0.,-0.998933335558155));
#4000=DIRECTION('',(0.0461756549564628,0.,-0.998933335558155));
#4001=DIRECTION('',(0.,-1.,0.));
#4002=DIRECTION('',(0.0461756549564628,0.,-0.998933335558155));
#4003=DIRECTION('',(0.,-1.,0.));
#4004=DIRECTION('',(0.,-1.,0.));
#4005=DIRECTION('',(0.,-1.,0.));
#4006=DIRECTION('',(0.,-1.,0.));
#4007=DIRECTION('center_axis',(-0.88364553054371,0.,0.46815657247349));
#4008=DIRECTION('ref_axis',(0.46815657247349,0.,0.88364553054371));
#4009=DIRECTION('',(0.46815657247349,0.,0.88364553054371));
#4010=DIRECTION('',(0.,-1.,0.));
#4011=DIRECTION('',(0.46815657247349,0.,0.88364553054371));
#4012=DIRECTION('center_axis',(0.,0.,1.));
#4013=DIRECTION('ref_axis',(1.,0.,0.));
#4014=DIRECTION('',(1.,0.,0.));
#4015=DIRECTION('',(0.,-1.,0.));
#4016=DIRECTION('',(1.,0.,0.));
#4017=DIRECTION('center_axis',(0.998358600381303,0.,0.057272201325655));
#4018=DIRECTION('ref_axis',(0.057272201325655,0.,-0.998358600381303));
#4019=DIRECTION('',(0.057272201325655,0.,-0.998358600381303));
#4020=DIRECTION('',(0.,-1.,0.));
#4021=DIRECTION('',(0.057272201325655,0.,-0.998358600381303));
#4022=DIRECTION('',(0.,-1.,0.));
#4023=DIRECTION('',(0.,-1.,0.));
#4024=DIRECTION('',(0.,-1.,0.));
#4025=DIRECTION('center_axis',(-0.892489158078713,0.,0.451068844758701));
#4026=DIRECTION('ref_axis',(0.451068844758701,0.,0.892489158078713));
#4027=DIRECTION('',(0.451068844758701,0.,0.892489158078713));
#4028=DIRECTION('',(0.,-1.,0.));
#4029=DIRECTION('',(0.451068844758701,0.,0.892489158078713));
#4030=DIRECTION('center_axis',(0.,0.,1.));
#4031=DIRECTION('ref_axis',(1.,0.,0.));
#4032=DIRECTION('',(1.,0.,0.));
#4033=DIRECTION('',(0.,-1.,0.));
#4034=DIRECTION('',(1.,0.,0.));
#4035=DIRECTION('center_axis',(0.891143142778128,0.,-0.453722270865693));
#4036=DIRECTION('ref_axis',(-0.453722270865693,0.,-0.891143142778128));
#4037=DIRECTION('',(-0.453722270865693,0.,-0.891143142778128));
#4038=DIRECTION('',(0.,-1.,0.));
#4039=DIRECTION('',(-0.453722270865693,0.,-0.891143142778128));
#4040=DIRECTION('center_axis',(0.,0.,-1.));
#4041=DIRECTION('ref_axis',(-1.,0.,0.));
#4042=DIRECTION('',(-1.,0.,0.));
#4043=DIRECTION('',(0.,-1.,0.));
#4044=DIRECTION('',(-1.,0.,0.));
#4045=DIRECTION('center_axis',(-0.998607399995072,0.,-0.0527566173582302));
#4046=DIRECTION('ref_axis',(-0.0527566173582302,0.,0.998607399995072));
#4047=DIRECTION('',(-0.0527566173582302,0.,0.998607399995072));
#4048=DIRECTION('',(0.,-1.,0.));
#4049=DIRECTION('',(-0.0527566173582302,0.,0.998607399995072));
#4050=DIRECTION('',(0.,-1.,0.));
#4051=DIRECTION('',(0.,-1.,0.));
#4052=DIRECTION('center_axis',(0.882524922744538,0.,-0.470265627847441));
#4053=DIRECTION('ref_axis',(-0.470265627847441,0.,-0.882524922744538));
#4054=DIRECTION('',(-0.470265627847441,0.,-0.882524922744538));
#4055=DIRECTION('',(0.,-1.,0.));
#4056=DIRECTION('',(-0.470265627847441,0.,-0.882524922744538));
#4057=DIRECTION('center_axis',(0.,0.,-1.));
#4058=DIRECTION('ref_axis',(-1.,0.,0.));
#4059=DIRECTION('',(-1.,0.,0.));
#4060=DIRECTION('',(0.,-1.,0.));
#4061=DIRECTION('',(-1.,0.,0.));
#4062=DIRECTION('center_axis',(-0.998146155389155,0.,-0.0608625704505582));
#4063=DIRECTION('ref_axis',(-0.0608625704505582,0.,0.998146155389155));
#4064=DIRECTION('',(-0.0608625704505582,0.,0.998146155389155));
#4065=DIRECTION('',(-0.0608625704505582,0.,0.998146155389155));
#4066=DIRECTION('center_axis',(7.16896931060599E-30,1.,-5.27984066274971E-29));
#4067=DIRECTION('ref_axis',(0.,5.27984066274971E-29,1.));
#4068=DIRECTION('center_axis',(0.99905615835506,0.,-0.0434372242763088));
#4069=DIRECTION('ref_axis',(-0.0434372242763088,0.,-0.999056158355059));
#4070=DIRECTION('',(-0.0434372242763088,0.,-0.999056158355059));
#4071=DIRECTION('',(0.,-1.,0.));
#4072=DIRECTION('',(-0.0434372242763088,0.,-0.999056158355059));
#4073=DIRECTION('',(0.,-1.,0.));
#4074=DIRECTION('',(0.,-1.,0.));
#4075=DIRECTION('',(0.,-1.,0.));
#4076=DIRECTION('',(0.,-1.,0.));
#4077=DIRECTION('',(0.,-1.,0.));
#4078=DIRECTION('',(0.,-1.,0.));
#4079=DIRECTION('',(0.,-1.,0.));
#4080=DIRECTION('',(0.,-1.,0.));
#4081=DIRECTION('',(0.,-1.,0.));
#4082=DIRECTION('',(0.,-1.,0.));
#4083=DIRECTION('center_axis',(0.0766964988847331,0.,-0.997054485501582));
#4084=DIRECTION('ref_axis',(-0.997054485501582,0.,-0.0766964988847331));
#4085=DIRECTION('',(-0.997054485501582,0.,-0.0766964988847331));
#4086=DIRECTION('',(0.,-1.,0.));
#4087=DIRECTION('',(-0.997054485501582,0.,-0.0766964988847331));
#4088=DIRECTION('',(0.,-1.,0.));
#4089=DIRECTION('',(0.,-1.,0.));
#4090=DIRECTION('',(0.,-1.,0.));
#4091=DIRECTION('',(0.,-1.,0.));
#4092=DIRECTION('',(0.,-1.,0.));
#4093=DIRECTION('',(0.,-1.,0.));
#4094=DIRECTION('',(0.,-1.,0.));
#4095=DIRECTION('',(0.,-1.,0.));
#4096=DIRECTION('',(0.,-1.,0.));
#4097=DIRECTION('',(0.,-1.,0.));
#4098=DIRECTION('center_axis',(-0.0926233689294999,0.,0.995701215992102));
#4099=DIRECTION('ref_axis',(0.995701215992102,0.,0.0926233689294999));
#4100=DIRECTION('',(0.995701215992102,0.,0.0926233689294999));
#4101=DIRECTION('',(0.995701215992102,0.,0.0926233689294999));
#4102=DIRECTION('center_axis',(-2.15280098646712E-28,1.,1.12381298705073E-27));
#4103=DIRECTION('ref_axis',(0.,-1.12381298705073E-27,1.));
#4104=DIRECTION('center_axis',(0.946539646790181,0.,-0.322587502941946));
#4105=DIRECTION('ref_axis',(-0.322587502941946,0.,-0.946539646790181));
#4106=DIRECTION('',(-0.322587502941946,0.,-0.946539646790181));
#4107=DIRECTION('',(0.,-1.,0.));
#4108=DIRECTION('',(-0.322587502941946,0.,-0.946539646790181));
#4109=DIRECTION('',(0.,-1.,0.));
#4110=DIRECTION('center_axis',(0.,0.,-1.));
#4111=DIRECTION('ref_axis',(-1.,0.,0.));
#4112=DIRECTION('',(-1.,0.,0.));
#4113=DIRECTION('',(0.,-1.,0.));
#4114=DIRECTION('',(-1.,0.,0.));
#4115=DIRECTION('center_axis',(-0.94653964679018,0.,0.322587502941947));
#4116=DIRECTION('ref_axis',(0.322587502941947,0.,0.94653964679018));
#4117=DIRECTION('',(0.322587502941947,0.,0.94653964679018));
#4118=DIRECTION('',(0.,-1.,0.));
#4119=DIRECTION('',(0.322587502941947,0.,0.94653964679018));
#4120=DIRECTION('center_axis',(0.,0.,1.));
#4121=DIRECTION('ref_axis',(1.,0.,0.));
#4122=DIRECTION('',(1.,0.,0.));
#4123=DIRECTION('',(1.,0.,0.));
#4124=DIRECTION('center_axis',(-1.22414616475644E-28,1.,1.46167438395409E-27));
#4125=DIRECTION('ref_axis',(0.,-1.46167438395409E-27,1.));
#4126=DIRECTION('center_axis',(0.94739525933664,0.,-0.320065965992108));
#4127=DIRECTION('ref_axis',(-0.320065965992108,0.,-0.94739525933664));
#4128=DIRECTION('',(-0.320065965992108,0.,-0.94739525933664));
#4129=DIRECTION('',(0.,-1.,0.));
#4130=DIRECTION('',(-0.320065965992108,0.,-0.94739525933664));
#4131=DIRECTION('',(0.,-1.,0.));
#4132=DIRECTION('center_axis',(0.,0.,-1.));
#4133=DIRECTION('ref_axis',(-1.,0.,0.));
#4134=DIRECTION('',(-1.,0.,0.));
#4135=DIRECTION('',(0.,-1.,0.));
#4136=DIRECTION('',(-1.,0.,0.));
#4137=DIRECTION('center_axis',(0.946947514145126,0.,-0.321388247225014));
#4138=DIRECTION('ref_axis',(-0.321388247225014,0.,-0.946947514145126));
#4139=DIRECTION('',(-0.321388247225014,0.,-0.946947514145126));
#4140=DIRECTION('',(0.,-1.,0.));
#4141=DIRECTION('',(-0.321388247225014,0.,-0.946947514145126));
#4142=DIRECTION('center_axis',(0.,0.,1.));
#4143=DIRECTION('ref_axis',(1.,0.,0.));
#4144=DIRECTION('',(1.,0.,0.));
#4145=DIRECTION('',(0.,-1.,0.));
#4146=DIRECTION('',(1.,0.,0.));
#4147=DIRECTION('center_axis',(0.946881588720455,0.,-0.321582426357889));
#4148=DIRECTION('ref_axis',(-0.321582426357889,0.,-0.946881588720455));
#4149=DIRECTION('',(-0.321582426357889,0.,-0.946881588720455));
#4150=DIRECTION('',(0.,-1.,0.));
#4151=DIRECTION('',(-0.321582426357889,0.,-0.946881588720455));
#4152=DIRECTION('center_axis',(0.,0.,-1.));
#4153=DIRECTION('ref_axis',(-1.,0.,0.));
#4154=DIRECTION('',(-1.,0.,0.));
#4155=DIRECTION('',(0.,-1.,0.));
#4156=DIRECTION('',(-1.,0.,0.));
#4157=DIRECTION('center_axis',(0.946349856067995,0.,-0.323143853291511));
#4158=DIRECTION('ref_axis',(-0.323143853291511,0.,-0.946349856067995));
#4159=DIRECTION('',(-0.323143853291511,0.,-0.946349856067995));
#4160=DIRECTION('',(0.,-1.,0.));
#4161=DIRECTION('',(-0.323143853291511,0.,-0.946349856067995));
#4162=DIRECTION('center_axis',(0.,0.,1.));
#4163=DIRECTION('ref_axis',(1.,0.,0.));
#4164=DIRECTION('',(1.,0.,0.));
#4165=DIRECTION('',(0.,-1.,0.));
#4166=DIRECTION('',(1.,0.,0.));
#4167=DIRECTION('center_axis',(0.946649906050144,0.,-0.322263797804305));
#4168=DIRECTION('ref_axis',(-0.322263797804305,0.,-0.946649906050144));
#4169=DIRECTION('',(-0.322263797804305,0.,-0.946649906050144));
#4170=DIRECTION('',(0.,-1.,0.));
#4171=DIRECTION('',(-0.322263797804305,0.,-0.946649906050144));
#4172=DIRECTION('center_axis',(0.,0.,-1.));
#4173=DIRECTION('ref_axis',(-1.,0.,0.));
#4174=DIRECTION('',(-1.,0.,0.));
#4175=DIRECTION('',(0.,-1.,0.));
#4176=DIRECTION('',(-1.,0.,0.));
#4177=DIRECTION('center_axis',(-0.946844932614757,0.,0.321690338029845));
#4178=DIRECTION('ref_axis',(0.321690338029845,0.,0.946844932614757));
#4179=DIRECTION('',(0.321690338029845,0.,0.946844932614757));
#4180=DIRECTION('',(0.,-1.,0.));
#4181=DIRECTION('',(0.321690338029845,0.,0.946844932614757));
#4182=DIRECTION('center_axis',(0.,0.,1.));
#4183=DIRECTION('ref_axis',(1.,0.,0.));
#4184=DIRECTION('',(1.,0.,0.));
#4185=DIRECTION('',(1.,0.,0.));
#4186=DIRECTION('center_axis',(1.46796675203773E-28,1.,-5.74913643032787E-28));
#4187=DIRECTION('ref_axis',(0.,5.74913643032787E-28,1.));
#4188=DIRECTION('center_axis',(0.,-1.,0.));
#4189=DIRECTION('ref_axis',(0.,0.,-1.));
#4190=DIRECTION('',(-1.,0.,0.));
#4191=DIRECTION('',(0.,0.,1.));
#4192=DIRECTION('',(1.,0.,0.));
#4193=DIRECTION('',(0.,0.,-1.));
#4194=DIRECTION('center_axis',(2.77555756156289E-16,1.,0.));
#4195=DIRECTION('ref_axis',(0.,0.,1.));
#4196=DIRECTION('',(1.,-2.77555756156289E-16,0.));
#4197=DIRECTION('',(0.,0.,1.));
#4198=DIRECTION('',(-1.,2.77555756156289E-16,0.));
#4199=DIRECTION('',(0.,0.,1.));
#4200=DIRECTION('center_axis',(-1.,0.,0.));
#4201=DIRECTION('ref_axis',(0.,0.,1.));
#4202=DIRECTION('',(0.,1.,0.));
#4203=DIRECTION('',(0.,-1.,0.));
#4204=DIRECTION('',(0.,0.,-1.));
#4205=DIRECTION('center_axis',(1.,-1.38777878078144E-15,0.));
#4206=DIRECTION('ref_axis',(0.,0.,-1.));
#4207=DIRECTION('',(-1.38777878078144E-15,-1.,0.));
#4208=DIRECTION('',(0.,0.,1.));
#4209=DIRECTION('',(1.38777878078144E-15,1.,0.));
#4210=DIRECTION('',(0.,0.,1.));
#4211=DIRECTION('center_axis',(0.,1.,0.));
#4212=DIRECTION('ref_axis',(0.,0.,1.));
#4213=DIRECTION('',(1.,0.,0.));
#4214=DIRECTION('',(-1.,0.,0.));
#4215=DIRECTION('',(0.,0.,-1.));
#4216=DIRECTION('center_axis',(-5.55111512312578E-16,-1.,0.));
#4217=DIRECTION('ref_axis',(0.,0.,-1.));
#4218=DIRECTION('',(-1.,5.55111512312578E-16,0.));
#4219=DIRECTION('',(0.,0.,1.));
#4220=DIRECTION('',(1.,-5.55111512312578E-16,0.));
#4221=DIRECTION('',(0.,0.,1.));
#4222=DIRECTION('center_axis',(1.,1.38777878078145E-15,0.));
#4223=DIRECTION('ref_axis',(0.,0.,-1.));
#4224=DIRECTION('',(1.38777878078145E-15,-1.,0.));
#4225=DIRECTION('',(-1.38777878078145E-15,1.,0.));
#4226=DIRECTION('',(0.,0.,-1.));
#4227=DIRECTION('center_axis',(-1.,0.,0.));
#4228=DIRECTION('ref_axis',(0.,0.,1.));
#4229=DIRECTION('',(0.,1.,0.));
#4230=DIRECTION('',(0.,0.,1.));
#4231=DIRECTION('',(0.,-1.,0.));
#4232=DIRECTION('center_axis',(0.,0.,1.));
#4233=DIRECTION('ref_axis',(1.,0.,0.));
#4234=DIRECTION('',(0.,-1.,0.));
#4235=DIRECTION('',(-1.,6.82793988084352E-17,0.));
#4236=DIRECTION('',(2.18547839493141E-16,1.,0.));
#4237=DIRECTION('',(1.,0.,0.));
#4238=DIRECTION('center_axis',(-1.,0.,0.));
#4239=DIRECTION('ref_axis',(0.,0.,1.));
#4240=DIRECTION('',(0.,1.,0.));
#4241=DIRECTION('',(0.,0.,1.));
#4242=DIRECTION('',(0.,1.,0.));
#4243=DIRECTION('',(0.,0.,1.));
#4244=DIRECTION('',(0.,1.,0.));
#4245=DIRECTION('center_axis',(0.,0.,1.));
#4246=DIRECTION('ref_axis',(1.,0.,0.));
#4247=DIRECTION('',(-1.,0.,0.));
#4248=DIRECTION('center_axis',(0.,0.,1.));
#4249=DIRECTION('ref_axis',(1.,0.,0.));
#4250=DIRECTION('',(-2.18547839493141E-16,-1.,0.));
#4251=DIRECTION('',(-1.,0.,0.));
#4252=DIRECTION('center_axis',(0.,0.,1.));
#4253=DIRECTION('ref_axis',(1.,0.,0.));
#4254=DIRECTION('',(1.,-6.82793988084352E-17,0.));
#4255=DIRECTION('',(-2.18547839493141E-16,-1.,0.));
#4256=DIRECTION('center_axis',(0.,0.,1.));
#4257=DIRECTION('ref_axis',(1.,0.,0.));
#4258=DIRECTION('',(1.,-6.82793988084352E-17,0.));
#4259=DIRECTION('center_axis',(0.,-1.,0.));
#4260=DIRECTION('ref_axis',(0.,0.,-1.));
#4261=DIRECTION('',(0.,0.,1.));
#4262=DIRECTION('',(-1.,0.,0.));
#4263=DIRECTION('center_axis',(1.,-2.18547839493141E-16,0.));
#4264=DIRECTION('ref_axis',(0.,0.,-1.));
#4265=DIRECTION('',(0.,0.,1.));
#4266=DIRECTION('',(-2.18547839493141E-16,-1.,0.));
#4267=DIRECTION('center_axis',(6.82793988084352E-17,1.,0.));
#4268=DIRECTION('ref_axis',(0.,0.,1.));
#4269=DIRECTION('',(1.,-6.82793988084352E-17,0.));
#4270=DIRECTION('center_axis',(0.,0.,1.));
#4271=DIRECTION('ref_axis',(1.,0.,0.));
#4272=CARTESIAN_POINT('',(0.,0.,0.));
#4273=CARTESIAN_POINT('Origin',(-1.11355287256601,1.35,10.14));
#4274=CARTESIAN_POINT('',(-1.11355287256601,1.35,13.54));
#4275=CARTESIAN_POINT('',(1.113552872566,1.35,13.54));
#4276=CARTESIAN_POINT('',(-0.556776436283005,1.35,13.54));
#4277=CARTESIAN_POINT('',(-1.11355287256601,1.35,10.14));
#4278=CARTESIAN_POINT('',(-1.11355287256601,1.35,10.14));
#4279=CARTESIAN_POINT('',(1.113552872566,1.35,10.14));
#4280=CARTESIAN_POINT('',(-0.556776436283005,1.35,10.14));
#4281=CARTESIAN_POINT('',(1.113552872566,1.35,10.14));
#4282=CARTESIAN_POINT('',(-2.95508102593206E-15,1.35,10.6354973742437));
#4283=CARTESIAN_POINT('Origin',(-3.06585065047735E-15,1.35,11.54));
#4284=CARTESIAN_POINT('Origin',(1.11355287256601,-1.35,10.14));
#4285=CARTESIAN_POINT('',(1.11355287256601,-1.35,13.54));
#4286=CARTESIAN_POINT('',(-1.113552872566,-1.35,13.54));
#4287=CARTESIAN_POINT('',(0.556776436283006,-1.35,13.54));
#4288=CARTESIAN_POINT('',(1.11355287256601,-1.35,10.14));
#4289=CARTESIAN_POINT('',(1.11355287256601,-1.35,10.14));
#4290=CARTESIAN_POINT('',(-1.113552872566,-1.35,10.14));
#4291=CARTESIAN_POINT('',(0.556776436283005,-1.35,10.14));
#4292=CARTESIAN_POINT('',(-1.113552872566,-1.35,10.14));
#4293=CARTESIAN_POINT('',(3.17662027502263E-15,-1.35,12.4445026257563));
#4294=CARTESIAN_POINT('Origin',(3.06585065047735E-15,-1.35,11.54));
#4295=CARTESIAN_POINT('Origin',(1.84617428860887E-16,-3.4694469519533E-17,
10.14));
#4296=CARTESIAN_POINT('Origin',(1.84617428860887E-16,-3.4694469519533E-17,
10.14));
#4297=CARTESIAN_POINT('Origin',(1.84617428860887E-16,-3.4694469519533E-17,
10.14));
#4298=CARTESIAN_POINT('',(-1.05738159394533E-16,-0.825000000000021,10.14));
#4299=CARTESIAN_POINT('',(0.82500000000002,-3.4893429112413E-16,10.14));
#4300=CARTESIAN_POINT('Origin',(-2.06771520324192E-16,3.88578058618775E-17,
10.14));
#4301=CARTESIAN_POINT('Origin',(-2.06771520324192E-16,3.88578058618775E-17,
10.14));
#4302=CARTESIAN_POINT('Origin',(1.84617428860887E-16,-3.4694469519533E-17,
10.14));
#4303=CARTESIAN_POINT('Origin',(6.86776835362501E-16,-1.29063426612663E-16,
13.54));
#4304=CARTESIAN_POINT('Origin',(1.84617428860887E-16,-3.4694469519533E-17,
10.14));
#4305=CARTESIAN_POINT('Origin',(6.86776835362501E-16,-1.29063426612663E-16,
13.54));
#4306=CARTESIAN_POINT('Origin',(-1.28062484748657,1.85,10.14));
#4307=CARTESIAN_POINT('',(-1.28062484748657,1.85,13.54));
#4308=CARTESIAN_POINT('',(1.28062484748657,1.85,13.54));
#4309=CARTESIAN_POINT('',(-1.28062484748657,1.85,13.54));
#4310=CARTESIAN_POINT('',(1.28062484748657,1.85,10.14));
#4311=CARTESIAN_POINT('',(1.28062484748657,1.85,10.14));
#4312=CARTESIAN_POINT('',(-1.28062484748657,1.85,10.14));
#4313=CARTESIAN_POINT('',(-0.640312423743289,1.85,10.14));
#4314=CARTESIAN_POINT('',(-1.28062484748657,1.85,10.14));
#4315=CARTESIAN_POINT('Origin',(1.84617428860887E-16,-3.4694469519533E-17,
10.14));
#4316=CARTESIAN_POINT('',(1.28062484748657,-1.85,13.54));
#4317=CARTESIAN_POINT('Origin',(6.86776835362501E-16,-1.29063426612663E-16,
13.54));
#4318=CARTESIAN_POINT('',(1.28062484748657,-1.85,10.14));
#4319=CARTESIAN_POINT('',(1.28062484748657,-1.85,10.14));
#4320=CARTESIAN_POINT('Origin',(1.84617428860887E-16,-3.4694469519533E-17,
10.14));
#4321=CARTESIAN_POINT('Origin',(1.28062484748657,-1.85,10.14));
#4322=CARTESIAN_POINT('',(-1.28062484748656,-1.85,13.54));
#4323=CARTESIAN_POINT('',(1.28062484748657,-1.85,13.54));
#4324=CARTESIAN_POINT('',(-1.28062484748656,-1.85,10.14));
#4325=CARTESIAN_POINT('',(-1.28062484748656,-1.85,10.14));
#4326=CARTESIAN_POINT('',(0.640312423743289,-1.85,10.14));
#4327=CARTESIAN_POINT('Origin',(1.84617428860887E-16,-3.4694469519533E-17,
10.14));
#4328=CARTESIAN_POINT('Origin',(6.86776835362501E-16,-1.29063426612663E-16,
13.54));
#4329=CARTESIAN_POINT('Origin',(1.84617428860887E-16,-3.4694469519533E-17,
10.14));
#4330=CARTESIAN_POINT('Origin',(6.17387896323429E-16,-1.98452365651735E-16,
13.54));
#4331=CARTESIAN_POINT('Origin',(1.84617428860887E-16,-3.4694469519533E-17,
10.14));
#4332=CARTESIAN_POINT('',(2.4,5.70961221180201E-15,10.14));
#4333=CARTESIAN_POINT('Origin',(1.84617428860887E-16,-3.4694469519533E-17,
10.14));
#4334=CARTESIAN_POINT('Origin',(2.25795162708589E-46,-2.7394427528964E-32,
8.89));
#4335=CARTESIAN_POINT('',(2.4,5.74430668132154E-15,8.89));
#4336=CARTESIAN_POINT('',(2.4,5.74431638819953E-15,8.89));
#4337=CARTESIAN_POINT('Origin',(2.32088287065364E-46,-2.7394427528964E-32,
8.89));
#4338=CARTESIAN_POINT('Origin',(-1.42003684828515,2.45421154100668E-15,
18.2207481130119));
#4339=CARTESIAN_POINT('',(-1.68408469562368,2.91055834292154E-15,19.4629955659438));
#4340=CARTESIAN_POINT('',(-0.177789395353216,2.80276353065605E-15,18.4847959603504));
#4341=CARTESIAN_POINT('Origin',(-1.42003684828515,2.45421154100668E-15,
18.2207481130119));
#4342=CARTESIAN_POINT('',(-2.66228430121709,2.26118969484903E-15,17.9567002656734));
#4343=CARTESIAN_POINT('Origin',(-1.42003684828515,2.45421154100668E-15,
18.2207481130119));
#4344=CARTESIAN_POINT('Origin',(-1.42003684828515,2.45421154100668E-15,
18.2207481130119));
#4345=CARTESIAN_POINT('Origin',(-0.850671297648143,1.47019235367896E-15,
15.542093800185));
#4346=CARTESIAN_POINT('',(0.599027093649297,7.33178513346851E-16,13.050560009094));
#4347=CARTESIAN_POINT('',(-1.16163858767156,3.49386031278888E-16,12.6763189656221));
#4348=CARTESIAN_POINT('Origin',(-0.281305747011132,4.86173166351239E-16,
12.863439487358));
#4349=CARTESIAN_POINT('Origin',(-0.281305747011132,4.86173166351239E-16,
12.863439487358));
#4350=CARTESIAN_POINT('',(-1.91196144444433,1.30528786306396E-15,15.3165096156477));
#4351=CARTESIAN_POINT('Origin',(2.29667145868352E-31,8.62816615085482E-31,
11.54));
#4352=CARTESIAN_POINT('Origin',(2.29667145868352E-31,8.62816615085482E-31,
11.54));
#4353=CARTESIAN_POINT('Ctrl Pts',(3.7994072489732,1.8364490184412,0.65032493630523));
#4354=CARTESIAN_POINT('Ctrl Pts',(3.59763901471907,1.59587920067666,0.635793795844034));
#4355=CARTESIAN_POINT('Ctrl Pts',(3.2011428436909,1.12313376598923,0.510882336241126));
#4356=CARTESIAN_POINT('Ctrl Pts',(2.90335267927987,0.768076262268385,0.220825265373728));
#4357=CARTESIAN_POINT('Ctrl Pts',(2.795,0.638886529280849,0.0499999999999974));
#4358=CARTESIAN_POINT('Ctrl Pts',(3.79599841873001,1.83987552937355,0.650079435861341));
#4359=CARTESIAN_POINT('Ctrl Pts',(3.58691588516879,1.60673475999912,0.634488203939996));
#4360=CARTESIAN_POINT('Ctrl Pts',(3.17714130031616,1.14904979982266,0.499813322365864));
#4361=CARTESIAN_POINT('Ctrl Pts',(2.88282758093169,0.812627525532547,0.197143748158308));
#4362=CARTESIAN_POINT('Ctrl Pts',(2.77958721814464,0.692608762310595,0.0257007157728973));
#4363=CARTESIAN_POINT('Ctrl Pts',(3.79001529618275,1.84587192249483,0.64989517088268));
#4364=CARTESIAN_POINT('Ctrl Pts',(3.5680180932735,1.62573196659737,0.633507956897533));
#4365=CARTESIAN_POINT('Ctrl Pts',(3.1328686080547,1.19438647245213,0.491615574882136));
#4366=CARTESIAN_POINT('Ctrl Pts',(2.82473578016571,0.89067103711253,0.177557960279733));
#4367=CARTESIAN_POINT('Ctrl Pts',(2.71831140427144,0.786218223168643,0.00519182164629751));
#4368=CARTESIAN_POINT('Ctrl Pts',(3.78401890164047,1.8518506262908,0.650140810972313));
#4369=CARTESIAN_POINT('Ctrl Pts',(3.54902086666717,1.64459666357551,0.634814684945744));
#4370=CARTESIAN_POINT('Ctrl Pts',(3.08755690027692,1.23812645543842,0.502574309622043));
#4371=CARTESIAN_POINT('Ctrl Pts',(2.74656170950326,0.943038743831225,0.203022282594538));
#4372=CARTESIAN_POINT('Ctrl Pts',(2.62417820405316,0.838440413608476,0.0317755368296727));
#4373=CARTESIAN_POINT('Ctrl Pts',(3.7814490184412,1.85440724897319,0.65032493630523));
#4374=CARTESIAN_POINT('Ctrl Pts',(3.54087920067666,1.65263901471907,0.635793795844034));
#4375=CARTESIAN_POINT('Ctrl Pts',(3.06813376598924,1.2561428436909,0.510882336241126));
#4376=CARTESIAN_POINT('Ctrl Pts',(2.71307626226839,0.958352679279866,0.220825265373728));
#4377=CARTESIAN_POINT('Ctrl Pts',(2.58388652928085,0.849999999999997,0.0499999999999979));
#4378=CARTESIAN_POINT('',(2.63101603926049,0.849999999999997,0.0554123032193232));
#4379=CARTESIAN_POINT('',(2.61375591399851,0.875051742021461,0.0880077919964489));
#4380=CARTESIAN_POINT('Ctrl Pts',(2.63103219856994,0.849976448729004,0.0554206890211538));
#4381=CARTESIAN_POINT('Ctrl Pts',(2.6254917394031,0.858592585823002,0.0654249600035199));
#4382=CARTESIAN_POINT('Ctrl Pts',(2.61994251644653,0.866678905556494,0.0758702669197258));
#4383=CARTESIAN_POINT('Ctrl Pts',(2.61443110042578,0.874162873887231,0.0866948619163302));
#4384=CARTESIAN_POINT('Ctrl Pts',(2.61420984042023,0.874463323511827,0.0871294235498663));
#4385=CARTESIAN_POINT('Ctrl Pts',(2.61398861630993,0.874762834540838,0.0875646462779657));
#4386=CARTESIAN_POINT('Ctrl Pts',(2.61376743097835,0.875061401423705,0.088000527026127));
#4387=CARTESIAN_POINT('',(3.77619422158855,1.85,0.649999999999999));
#4388=CARTESIAN_POINT('Origin',(3.89279004773956,1.94779004773956,-0.646316746232608));
#4389=CARTESIAN_POINT('',(3.795,1.83119422158854,0.649999999999997));
#4390=CARTESIAN_POINT('Ctrl Pts',(3.79500002010628,1.83119424556142,0.649999870008988));
#4391=CARTESIAN_POINT('Ctrl Pts',(3.79500001160437,1.8340291622263,0.649999920926862));
#4392=CARTESIAN_POINT('Ctrl Pts',(3.7947075087696,1.83671858429738,0.649999954487053));
#4393=CARTESIAN_POINT('Ctrl Pts',(3.79399107337007,1.83912769785045,0.649999988159939));
#4394=CARTESIAN_POINT('Ctrl Pts',(3.79387121655557,1.83953073303885,0.649999993793279));
#4395=CARTESIAN_POINT('Ctrl Pts',(3.793739411086,1.83992600671193,0.649999997571927));
#4396=CARTESIAN_POINT('Ctrl Pts',(3.79359493711525,1.84031299198965,0.649999999574291));
#4397=CARTESIAN_POINT('Ctrl Pts',(3.79293432328843,1.84208249983877,0.650000008730193));
#4398=CARTESIAN_POINT('Ctrl Pts',(3.79200120536105,1.84370016961622,0.650000004967577));
#4399=CARTESIAN_POINT('Ctrl Pts',(3.79071251362658,1.84508241676301,0.650000001431449));
#4400=CARTESIAN_POINT('Ctrl Pts',(3.79019096343329,1.84564183004029,0.650000000000333));
#4401=CARTESIAN_POINT('Ctrl Pts',(3.78962777277142,1.84614492215638,0.649999997313109));
#4402=CARTESIAN_POINT('Ctrl Pts',(3.78902633215631,1.84659609585497,0.649999995870995));
#4403=CARTESIAN_POINT('Ctrl Pts',(3.7882814080314,1.84715490442918,0.64999999408484));
#4404=CARTESIAN_POINT('Ctrl Pts',(3.78747777681706,1.84763409741062,0.649999997131268));
#4405=CARTESIAN_POINT('Ctrl Pts',(3.78662270315998,1.84804121609534,0.649999995451655));
#4406=CARTESIAN_POINT('Ctrl Pts',(3.78517952936049,1.84872834171804,0.649999992616844));
#4407=CARTESIAN_POINT('Ctrl Pts',(3.78363251193677,1.84918986999285,0.64999998399614));
#4408=CARTESIAN_POINT('Ctrl Pts',(3.78206388573497,1.84949170464945,0.649999965659358));
#4409=CARTESIAN_POINT('Ctrl Pts',(3.78014499752557,1.84986093663287,0.649999943228115));
#4410=CARTESIAN_POINT('Ctrl Pts',(3.77814632463728,1.85000001382593,0.649999905499658));
#4411=CARTESIAN_POINT('Ctrl Pts',(3.77619424556139,1.85000002010625,0.649999870008986));
#4412=CARTESIAN_POINT('',(2.795,0.63888652928085,0.0499999999999978));
#4413=CARTESIAN_POINT('Origin',(3.89279004773956,1.94779004773956,-0.646316746232608));
#4414=CARTESIAN_POINT('',(2.795,0.849999999537806,0.128966058891691));
#4415=CARTESIAN_POINT('Ctrl Pts',(2.79512618335097,0.850139146798676,0.128931753989372));
#4416=CARTESIAN_POINT('Ctrl Pts',(2.79508865766999,0.837012363785697,0.120675214618474));
#4417=CARTESIAN_POINT('Ctrl Pts',(2.79502801450889,0.823416402519555,0.112605999931264));
#4418=CARTESIAN_POINT('Ctrl Pts',(2.79498533849874,0.809529695648734,0.10497347018991));
#4419=CARTESIAN_POINT('Ctrl Pts',(2.79493943030452,0.794591241138839,0.0967628699808571));
#4420=CARTESIAN_POINT('Ctrl Pts',(2.79491354383871,0.779315385789327,0.0890582404919672));
#4421=CARTESIAN_POINT('Ctrl Pts',(2.79490236225075,0.763945710671986,0.082157016609757));
#4422=CARTESIAN_POINT('Ctrl Pts',(2.79489770878812,0.757549283889347,0.0792849212052576));
#4423=CARTESIAN_POINT('Ctrl Pts',(2.79489504019643,0.751136937044689,0.0765517717030525));
#4424=CARTESIAN_POINT('Ctrl Pts',(2.79489218129935,0.744727820298132,0.0739780914422671));
#4425=CARTESIAN_POINT('Ctrl Pts',(2.79488569958121,0.730197011019773,0.0681430195451857));
#4426=CARTESIAN_POINT('Ctrl Pts',(2.79488910366599,0.715622167539006,0.0631094009064609));
#4427=CARTESIAN_POINT('Ctrl Pts',(2.79490858046506,0.701168112073484,0.0591775320767357));
#4428=CARTESIAN_POINT('Ctrl Pts',(2.79492740274771,0.687199784094357,0.0553777934140802));
#4429=CARTESIAN_POINT('Ctrl Pts',(2.79495971885214,0.673342897900515,0.0526070409795327));
#4430=CARTESIAN_POINT('Ctrl Pts',(2.794981100866,0.659775907696171,0.0511541117999924));
#4431=CARTESIAN_POINT('Ctrl Pts',(2.79499221535446,0.652723711533316,0.050398871217481));
#4432=CARTESIAN_POINT('Ctrl Pts',(2.795,0.645750459261639,0.0499999999999985));
#4433=CARTESIAN_POINT('Ctrl Pts',(2.795,0.638886529280849,0.0499999999999985));
#4434=CARTESIAN_POINT('Ctrl Pts',(2.63101603926049,0.849999999999997,0.0554123032193236));
#4435=CARTESIAN_POINT('Ctrl Pts',(2.64050692097599,0.849999999999997,0.0574613872781736));
#4436=CARTESIAN_POINT('Ctrl Pts',(2.64987338688911,0.849999999999997,0.0599959568786798));
#4437=CARTESIAN_POINT('Ctrl Pts',(2.70567152469402,0.849999999999997,0.0774393957119876));
#4438=CARTESIAN_POINT('Ctrl Pts',(2.75330403047919,0.849999999999997,0.102635841241833));
#4439=CARTESIAN_POINT('Ctrl Pts',(2.79481099098669,0.849999999999997,0.128846627924267));
#4440=CARTESIAN_POINT('Ctrl Pts',(2.7949054962465,0.849999999999997,0.128906331468049));
#4441=CARTESIAN_POINT('Ctrl Pts',(2.79499999973615,0.849999999999997,0.128966059309162));
#4442=CARTESIAN_POINT('Origin',(3.89279004773956,-3.94863746952655E-15,
-0.64631674623261));
#4443=CARTESIAN_POINT('',(3.795,-1.83119422158855,0.649999999999997));
#4444=CARTESIAN_POINT('',(3.79500000000004,-3.85533618918469E-15,0.65));
#4445=CARTESIAN_POINT('',(2.795,-0.638886529280856,0.0499999999999978));
#4446=CARTESIAN_POINT('Origin',(3.89279004773956,-1.94779004773957,-0.646316746232608));
#4447=CARTESIAN_POINT('',(2.795,-2.90123827739741E-15,0.0499999999999978));
#4448=CARTESIAN_POINT('Origin',(1.70739427541408E-15,1.94779004773956,-0.646316746232605));
#4449=CARTESIAN_POINT('',(-7.96526110108016E-16,0.886110390101364,0.10390742330423));
#4450=CARTESIAN_POINT('Ctrl Pts',(4.37249362303209E-7,0.886107915335805,
0.103907077046767));
#4451=CARTESIAN_POINT('Ctrl Pts',(0.487786562473561,0.958024606699166,0.205875194547137));
#4452=CARTESIAN_POINT('Ctrl Pts',(1.37880680413864,1.03857447176188,0.281498869651688));
#4453=CARTESIAN_POINT('Ctrl Pts',(2.25522434351129,0.929554111188708,0.167614490401317));
#4454=CARTESIAN_POINT('Ctrl Pts',(2.61375582278824,0.875051779047482,0.0880073558577341));
#4455=CARTESIAN_POINT('',(-2.61375591399881,0.875051742021521,0.0880077919963634));
#4456=CARTESIAN_POINT('Ctrl Pts',(-2.61375582305537,0.875051779122447,0.0880073570082824));
#4457=CARTESIAN_POINT('Ctrl Pts',(-2.25521988548934,0.929554792020284,0.167615511530891));
#4458=CARTESIAN_POINT('Ctrl Pts',(-1.37880724925017,1.03857396201768,0.281498131243385));
#4459=CARTESIAN_POINT('Ctrl Pts',(-0.487791017524016,0.958025267920232,
0.205876140824651));
#4460=CARTESIAN_POINT('Ctrl Pts',(-4.37192866850795E-7,0.886107915397112,
0.103907077273948));
#4461=CARTESIAN_POINT('',(-3.77619422158854,1.85,0.650000000000004));
#4462=CARTESIAN_POINT('Origin',(-3.89279004773956,1.94779004773957,-0.646316746232603));
#4463=CARTESIAN_POINT('',(2.45491051695614E-15,1.84999999999998,0.65));
#4464=CARTESIAN_POINT('Ctrl Pts',(-2.795,0.638886529280855,0.0500000000000028));
#4465=CARTESIAN_POINT('Ctrl Pts',(-2.90335267927987,0.768076262268389,0.220825265373731));
#4466=CARTESIAN_POINT('Ctrl Pts',(-3.20114284369089,1.12313376598923,0.510882336241124));
#4467=CARTESIAN_POINT('Ctrl Pts',(-3.59763901471905,1.59587920067665,0.635793795844036));
#4468=CARTESIAN_POINT('Ctrl Pts',(-3.79940724897317,1.83644901844118,0.650324936305235));
#4469=CARTESIAN_POINT('Ctrl Pts',(-2.77958721814464,0.692608762310601,0.0257007157729028));
#4470=CARTESIAN_POINT('Ctrl Pts',(-2.88282758093168,0.812627525532551,0.197143748158311));
#4471=CARTESIAN_POINT('Ctrl Pts',(-3.17714130031615,1.14904979982266,0.499813322365862));
#4472=CARTESIAN_POINT('Ctrl Pts',(-3.58691588516877,1.6067347599991,0.634488203939998));
#4473=CARTESIAN_POINT('Ctrl Pts',(-3.79599841872999,1.83987552937353,0.650079435861346));
#4474=CARTESIAN_POINT('Ctrl Pts',(-2.71831140427144,0.786218223168648,0.00519182164630296));
#4475=CARTESIAN_POINT('Ctrl Pts',(-2.8247357801657,0.890671037112533,0.177557960279735));
#4476=CARTESIAN_POINT('Ctrl Pts',(-3.13286860805469,1.19438647245213,0.491615574882134));
#4477=CARTESIAN_POINT('Ctrl Pts',(-3.56801809327348,1.62573196659736,0.633507956897534));
#4478=CARTESIAN_POINT('Ctrl Pts',(-3.79001529618272,1.84587192249481,0.649895170882685));
#4479=CARTESIAN_POINT('Ctrl Pts',(-2.62417820405316,0.838440413608481,0.0317755368296778));
#4480=CARTESIAN_POINT('Ctrl Pts',(-2.74656170950325,0.943038743831228,0.203022282594541));
#4481=CARTESIAN_POINT('Ctrl Pts',(-3.0875569002769,1.23812645543842,0.502574309622041));
#4482=CARTESIAN_POINT('Ctrl Pts',(-3.54902086666715,1.6445966635755,0.634814684945745));
#4483=CARTESIAN_POINT('Ctrl Pts',(-3.78401890164044,1.85185062629079,0.650140810972318));
#4484=CARTESIAN_POINT('Ctrl Pts',(-2.58388652928085,0.850000000000002,0.0500000000000028));
#4485=CARTESIAN_POINT('Ctrl Pts',(-2.71307626226839,0.958352679279869,0.220825265373731));
#4486=CARTESIAN_POINT('Ctrl Pts',(-3.06813376598922,1.2561428436909,0.510882336241124));
#4487=CARTESIAN_POINT('Ctrl Pts',(-3.54087920067664,1.65263901471905,0.635793795844036));
#4488=CARTESIAN_POINT('Ctrl Pts',(-3.78144901844117,1.85440724897318,0.650324936305235));
#4489=CARTESIAN_POINT('',(-2.795,0.849999999772464,0.128966059188307));
#4490=CARTESIAN_POINT('',(-2.795,0.638886529280855,0.0500000000000027));
#4491=CARTESIAN_POINT('Ctrl Pts',(-2.795,0.638886529280855,0.0500000000000029));
#4492=CARTESIAN_POINT('Ctrl Pts',(-2.795,0.664125054444092,0.0500000000000029));
#4493=CARTESIAN_POINT('Ctrl Pts',(-2.795,0.689927396302794,0.0553235881787231));
#4494=CARTESIAN_POINT('Ctrl Pts',(-2.795,0.76067152469402,0.0774393957119911));
#4495=CARTESIAN_POINT('Ctrl Pts',(-2.795,0.808304030479187,0.102635841241837));
#4496=CARTESIAN_POINT('Ctrl Pts',(-2.795,0.849810990977144,0.128846627918242));
#4497=CARTESIAN_POINT('Ctrl Pts',(-2.795,0.849905496227411,0.128906331455992));
#4498=CARTESIAN_POINT('Ctrl Pts',(-2.795,0.849999999707518,0.128966059291067));
#4499=CARTESIAN_POINT('',(-3.795,1.83119422158855,0.650000000000004));
#4500=CARTESIAN_POINT('Origin',(-3.89279004773956,1.94779004773957,-0.646316746232603));
#4501=CARTESIAN_POINT('Ctrl Pts',(-3.77619424556131,1.85000002010619,0.649999870008988));
#4502=CARTESIAN_POINT('Ctrl Pts',(-3.77902916281,1.85000001098556,0.649999921550505));
#4503=CARTESIAN_POINT('Ctrl Pts',(-3.78171858637441,1.84970750842617,0.649999950660576));
#4504=CARTESIAN_POINT('Ctrl Pts',(-3.78412770088992,1.8489910726447,0.649999981332635));
#4505=CARTESIAN_POINT('Ctrl Pts',(-3.78453073500777,1.84887121613256,0.649999986463934));
#4506=CARTESIAN_POINT('Ctrl Pts',(-3.78492600764565,1.84873941102241,0.64999998979538));
#4507=CARTESIAN_POINT('Ctrl Pts',(-3.78531299192546,1.84859493747126,0.6499999914513));
#4508=CARTESIAN_POINT('Ctrl Pts',(-3.78664930697334,1.8480960485228,0.649999997169439));
#4509=CARTESIAN_POINT('Ctrl Pts',(-3.78789943238352,1.84744134147013,0.649999988887638));
#4510=CARTESIAN_POINT('Ctrl Pts',(-3.78902632174941,1.84659608570609,0.649999995131169));
#4511=CARTESIAN_POINT('Ctrl Pts',(-3.78939162521617,1.84632207933931,0.649999997155132));
#4512=CARTESIAN_POINT('Ctrl Pts',(-3.78974402897284,1.84602799834237,0.649999999061678));
#4513=CARTESIAN_POINT('Ctrl Pts',(-3.79008241660545,1.84571251388783,0.649999999833693));
#4514=CARTESIAN_POINT('Ctrl Pts',(-3.79133470015617,1.84454498897007,0.650000002690718));
#4515=CARTESIAN_POINT('Ctrl Pts',(-3.79230539535364,1.84316815043578,0.650000007525321));
#4516=CARTESIAN_POINT('Ctrl Pts',(-3.79304121565805,1.84162270312267,0.650000004295313));
#4517=CARTESIAN_POINT('Ctrl Pts',(-3.79372834138256,1.84017952929567,0.650000001279057));
#4518=CARTESIAN_POINT('Ctrl Pts',(-3.79418986988704,1.83863251197264,0.649999990159664));
#4519=CARTESIAN_POINT('Ctrl Pts',(-3.79449170472893,1.83706388584882,0.649999969731255));
#4520=CARTESIAN_POINT('Ctrl Pts',(-3.79486093692447,1.83514499781042,0.649999944741343));
#4521=CARTESIAN_POINT('Ctrl Pts',(-3.79500001425191,1.83314632503621,0.649999905070244));
#4522=CARTESIAN_POINT('Ctrl Pts',(-3.79500002010619,1.83119424556132,0.649999870008988));
#4523=CARTESIAN_POINT('',(-2.63101603926048,0.85,0.0554123032193234));
#4524=CARTESIAN_POINT('Ctrl Pts',(-2.61376743097835,0.875061401423709,0.088000527026131));
#4525=CARTESIAN_POINT('Ctrl Pts',(-2.61398861631023,0.87476283454043,0.0875646462773676));
#4526=CARTESIAN_POINT('Ctrl Pts',(-2.61420984041983,0.87446332351219,0.0871294235503881));
#4527=CARTESIAN_POINT('Ctrl Pts',(-2.61443110042572,0.874162873887186,0.0866948619162615));
#4528=CARTESIAN_POINT('Ctrl Pts',(-2.61994251644888,0.866678905554287,0.075870266916535));
#4529=CARTESIAN_POINT('Ctrl Pts',(-2.62549173940442,0.858592585820933,0.0654249600011153));
#4530=CARTESIAN_POINT('Ctrl Pts',(-2.63103219856993,0.849976448729006,0.055420689021155));
#4531=CARTESIAN_POINT('Ctrl Pts',(-2.79499999987011,0.85,0.128966059393827));
#4532=CARTESIAN_POINT('Ctrl Pts',(-2.76193221498896,0.85,0.108066647008274));
#4533=CARTESIAN_POINT('Ctrl Pts',(-2.72584839368267,0.85,0.08837161271429));
#4534=CARTESIAN_POINT('Ctrl Pts',(-2.67013386412479,0.849999999999999,0.0659914221031593));
#4535=CARTESIAN_POINT('Ctrl Pts',(-2.65039486720068,0.85,0.0595961976773695));
#4536=CARTESIAN_POINT('Ctrl Pts',(-2.63101603926048,0.85,0.0554123032193241));
#4537=CARTESIAN_POINT('Ctrl Pts',(-0.0455755810554579,0.679175969248872,
0.00186711947073141));
#4538=CARTESIAN_POINT('Ctrl Pts',(-0.514596172309069,0.766495515850853,
0.120330114609542));
#4539=CARTESIAN_POINT('Ctrl Pts',(-1.37794244905112,0.865609605301702,0.209032881131158));
#4540=CARTESIAN_POINT('Ctrl Pts',(-2.22689542782164,0.730816875462887,0.0750415804651199));
#4541=CARTESIAN_POINT('Ctrl Pts',(-2.57659505864682,0.663625590081062,-0.0196312255081116));
#4542=CARTESIAN_POINT('Ctrl Pts',(-0.0321612616047638,0.759657462122104,
-0.00152100567667552));
#4543=CARTESIAN_POINT('Ctrl Pts',(-0.504543368844776,0.838193026821261,
0.119448942570851));
#4544=CARTESIAN_POINT('Ctrl Pts',(-1.37976402532335,0.929792231898062,0.210821592817453));
#4545=CARTESIAN_POINT('Ctrl Pts',(-2.23866276450174,0.805910326473903,0.0731737302065451));
#4546=CARTESIAN_POINT('Ctrl Pts',(-2.5905823908642,0.745665382013472,-0.0234179609586901));
#4547=CARTESIAN_POINT('Ctrl Pts',(-0.0084345647295952,0.838957452113468,
0.0367492188658833));
#4548=CARTESIAN_POINT('Ctrl Pts',(-0.490686272909953,0.909453136541298,
0.150990292426825));
#4549=CARTESIAN_POINT('Ctrl Pts',(-1.38157215376305,0.993659699739137,0.237947122588486));
#4550=CARTESIAN_POINT('Ctrl Pts',(-2.25664636910669,0.880331964630196,0.107235508065737));
#4551=CARTESIAN_POINT('Ctrl Pts',(-2.61604824748744,0.826403055351636,0.0160744742875693));
#4552=CARTESIAN_POINT('Ctrl Pts',(0.0156456398917695,0.883791143198984,
0.100614529813889));
#4553=CARTESIAN_POINT('Ctrl Pts',(-0.476825980924523,0.957026891961936,
0.204938393274842));
#4554=CARTESIAN_POINT('Ctrl Pts',(-1.38333957150367,1.04015483795297,0.283054055405168));
#4555=CARTESIAN_POINT('Ctrl Pts',(-2.27474019921272,0.927102870991383,0.165055264818625));
#4556=CARTESIAN_POINT('Ctrl Pts',(-2.64192481157916,0.870748889703401,0.0816821163325212));
#4557=CARTESIAN_POINT('',(-4.90414949463888E-15,0.849999999999998,0.0623915722899895));
#4558=CARTESIAN_POINT('Ctrl Pts',(-5.31019514624087E-7,0.886107929230434,
0.103907096887724));
#4559=CARTESIAN_POINT('Ctrl Pts',(-5.1353325652692E-7,0.88588316336157,
0.103589049091297));
#4560=CARTESIAN_POINT('Ctrl Pts',(-4.88953884176327E-7,0.885657682656152,
0.103271536027132));
#4561=CARTESIAN_POINT('Ctrl Pts',(-4.57426172252584E-7,0.885431489958581,
0.102954558634204));
#4562=CARTESIAN_POINT('Ctrl Pts',(8.53200108832897E-7,0.876028521124369,
0.0897776144673852));
#4563=CARTESIAN_POINT('Ctrl Pts',(1.41834322668389E-5,0.865419792833247,
0.0775532799951806));
#4564=CARTESIAN_POINT('Ctrl Pts',(2.90511600682039E-5,0.853804503751453,
0.0663537806679379));
#4565=CARTESIAN_POINT('Ctrl Pts',(3.07182572275909E-5,0.852502097916989,
0.0650979967469215));
#4566=CARTESIAN_POINT('Ctrl Pts',(3.24113217241943E-5,0.851186998492401,
0.0638551347717429));
#4567=CARTESIAN_POINT('Ctrl Pts',(3.41211922544743E-5,0.849859459529956,
0.062625325406172));
#4568=CARTESIAN_POINT('',(-0.254999999999999,0.849999994560798,0.0878287821280327));
#4569=CARTESIAN_POINT('Ctrl Pts',(-0.254999999299894,0.849999999999999,
0.0878287886716539));
#4570=CARTESIAN_POINT('Ctrl Pts',(-0.164445637052849,0.849999999999999,
0.0781403452312209));
#4571=CARTESIAN_POINT('Ctrl Pts',(-0.0787130895702299,0.849999999999998,
0.0691632227940375));
#4572=CARTESIAN_POINT('Ctrl Pts',(-4.94829871522384E-15,0.849999999999998,
0.0623915722899898));
#4573=CARTESIAN_POINT('',(-0.255000000000173,0.716201936732942,0.0500000000000346));
#4574=CARTESIAN_POINT('Ctrl Pts',(-0.255086190961697,0.715742728767979,
0.0499456799659967));
#4575=CARTESIAN_POINT('Ctrl Pts',(-0.255082467759369,0.730983883313893,
0.0499598271679158));
#4576=CARTESIAN_POINT('Ctrl Pts',(-0.255067355551263,0.746127269364176,
0.0514471101705125));
#4577=CARTESIAN_POINT('Ctrl Pts',(-0.25505504786131,0.76102105671073,0.0542641119544018));
#4578=CARTESIAN_POINT('Ctrl Pts',(-0.255042238384048,0.776522067142947,
0.0571959635394683));
#4579=CARTESIAN_POINT('Ctrl Pts',(-0.255032279024761,0.791754051392517,
0.0615683678181914));
#4580=CARTESIAN_POINT('Ctrl Pts',(-0.255029625240659,0.806546365943193,
0.0672732478132105));
#4581=CARTESIAN_POINT('Ctrl Pts',(-0.255029356031902,0.808046947931125,
0.0678519699688618));
#4582=CARTESIAN_POINT('Ctrl Pts',(-0.25502915409502,0.80954299522632,0.0684444464675422));
#4583=CARTESIAN_POINT('Ctrl Pts',(-0.255029019056363,0.811034321124851,
0.0690505924035769));
#4584=CARTESIAN_POINT('Ctrl Pts',(-0.255027821706269,0.824257491759318,
0.0744251192923465));
#4585=CARTESIAN_POINT('Ctrl Pts',(-0.255032777462856,0.83702828282644,0.0808384554612866));
#4586=CARTESIAN_POINT('Ctrl Pts',(-0.255042612921363,0.84922602287184,0.0882099277869996));
#4587=CARTESIAN_POINT('',(-2.285,0.716201936732887,0.0500000000000009));
#4588=CARTESIAN_POINT('Ctrl Pts',(-0.25501408798729,0.716202130843785,0.0499317057313821));
#4589=CARTESIAN_POINT('Ctrl Pts',(-0.660307720519875,0.78199359330476,0.133724839688043));
#4590=CARTESIAN_POINT('Ctrl Pts',(-1.34801470893449,0.845260020732547,0.189481055189399));
#4591=CARTESIAN_POINT('Ctrl Pts',(-2.02655743269838,0.759786153241165,0.103536451719801));
#4592=CARTESIAN_POINT('Ctrl Pts',(-2.28507150360645,0.71670307620283,0.0499594249093979));
#4593=CARTESIAN_POINT('',(-2.285,0.849999995019446,0.0878287826861253));
#4594=CARTESIAN_POINT('Ctrl Pts',(-2.28496624337484,0.849792400442668,0.0883009923878948));
#4595=CARTESIAN_POINT('Ctrl Pts',(-2.28496793497677,0.847636091170045,0.0869987234238283));
#4596=CARTESIAN_POINT('Ctrl Pts',(-2.28496947332425,0.845460588593538,0.0857256073907916));
#4597=CARTESIAN_POINT('Ctrl Pts',(-2.28497084332905,0.843266505199827,0.0844821196493606));
#4598=CARTESIAN_POINT('Ctrl Pts',(-2.28497952507439,0.829362558823,0.0766021152125862));
#4599=CARTESIAN_POINT('Ctrl Pts',(-2.28498124832408,0.814801855959819,0.0699578907372487));
#4600=CARTESIAN_POINT('Ctrl Pts',(-2.28497468317364,0.799760154738284,0.0646543578459373));
#4601=CARTESIAN_POINT('Ctrl Pts',(-2.28497211054025,0.793865882670335,0.0625761045072825));
#4602=CARTESIAN_POINT('Ctrl Pts',(-2.28496836968559,0.78789758558469,0.0607042432039693));
#4603=CARTESIAN_POINT('Ctrl Pts',(-2.28496384381781,0.781865488398926,0.0590472191365985));
#4604=CARTESIAN_POINT('Ctrl Pts',(-2.28495263136191,0.766921476089588,0.0549420816865426));
#4605=CARTESIAN_POINT('Ctrl Pts',(-2.28493561253062,0.751667647088539,0.0521745830445314));
#4606=CARTESIAN_POINT('Ctrl Pts',(-2.2849219831621,0.736263849683409,0.0508627662170501));
#4607=CARTESIAN_POINT('Ctrl Pts',(-2.28491610392795,0.729619188801307,0.0502968941967425));
#4608=CARTESIAN_POINT('Ctrl Pts',(-2.28491098097517,0.722946591554461,0.0500025074662657));
#4609=CARTESIAN_POINT('Ctrl Pts',(-2.28490800062222,0.716259147544181,0.0499920576507225));
#4610=CARTESIAN_POINT('Ctrl Pts',(-2.63101603926048,0.85,0.0554123032193234));
#4611=CARTESIAN_POINT('Ctrl Pts',(-2.52959760622558,0.85,0.0620662593984348));
#4612=CARTESIAN_POINT('Ctrl Pts',(-2.41261711239836,0.849999999999999,0.0741749884786009));
#4613=CARTESIAN_POINT('Ctrl Pts',(-2.28500000064107,0.849999999999999,0.0878287886779713));
#4614=CARTESIAN_POINT('Origin',(-1.27000000000001,9.77169734017737E-16,
-4.84589368757125));
#4615=CARTESIAN_POINT('',(-0.255000000000001,-0.716201936732884,0.0499999999999988));
#4616=CARTESIAN_POINT('',(-0.255,8.76035355368258E-18,0.0499999999999985));
#4617=CARTESIAN_POINT('',(-2.28499999999982,-0.716201936732944,0.0500000000000392));
#4618=CARTESIAN_POINT('Ctrl Pts',(-2.28500118689391,-0.716243511615103,
0.0499722720541656));
#4619=CARTESIAN_POINT('Ctrl Pts',(-2.02650996881,-0.759349261102393,0.103539708312147));
#4620=CARTESIAN_POINT('Ctrl Pts',(-1.34800356202852,-0.844867699881899,
0.189475274829557));
#4621=CARTESIAN_POINT('Ctrl Pts',(-0.660342999500583,-0.781569267316305,
0.133723796187204));
#4622=CARTESIAN_POINT('Ctrl Pts',(-0.25508426051528,-0.715742345390603,
0.0499450844379561));
#4623=CARTESIAN_POINT('',(-2.285,1.94557911448179E-15,0.0500000000000004));
#4624=CARTESIAN_POINT('Ctrl Pts',(2.57659505864682,0.663625590081056,-0.0196312255081156));
#4625=CARTESIAN_POINT('Ctrl Pts',(2.22690001591763,0.730815993906139,0.0750403383479292));
#4626=CARTESIAN_POINT('Ctrl Pts',(1.37794211177452,0.865610259117477,0.209033773545218));
#4627=CARTESIAN_POINT('Ctrl Pts',(0.514591784317428,0.766494698919895,0.120329006311438));
#4628=CARTESIAN_POINT('Ctrl Pts',(0.045575581055449,0.679175969248871,0.00186711947072975));
#4629=CARTESIAN_POINT('Ctrl Pts',(2.59058239086421,0.745665382013466,-0.0234179609586942));
#4630=CARTESIAN_POINT('Ctrl Pts',(2.23866738172432,0.80590953605388,0.0731724629133785));
#4631=CARTESIAN_POINT('Ctrl Pts',(1.37976368597626,0.929792818920432,0.210822505439192));
#4632=CARTESIAN_POINT('Ctrl Pts',(0.504538949403974,0.838192292070147,0.119447810818576));
#4633=CARTESIAN_POINT('Ctrl Pts',(0.0321612616047549,0.759657462122103,
-0.00152100567667721));
#4634=CARTESIAN_POINT('Ctrl Pts',(2.61604824748745,0.826403055351631,0.0160744742875653));
#4635=CARTESIAN_POINT('Ctrl Pts',(2.2566510844972,0.880331257077221,0.107234312023367));
#4636=CARTESIAN_POINT('Ctrl Pts',(1.38157180717097,0.993660226109844,0.237947984327221));
#4637=CARTESIAN_POINT('Ctrl Pts',(0.490681761132637,0.909452477008475,0.150989223627533));
#4638=CARTESIAN_POINT('Ctrl Pts',(0.00843456472958637,0.838957452113466,
0.0367492188658816));
#4639=CARTESIAN_POINT('Ctrl Pts',(2.64192481157916,0.870748889703396,0.0816821163325172));
#4640=CARTESIAN_POINT('Ctrl Pts',(2.27474501671352,0.927102131621207,0.165054170954131));
#4641=CARTESIAN_POINT('Ctrl Pts',(1.38333921736324,1.04015538631459,0.283054841305292));
#4642=CARTESIAN_POINT('Ctrl Pts',(0.4768213735333,0.957026206794036,0.204937417257479));
#4643=CARTESIAN_POINT('Ctrl Pts',(-0.0156456398917783,0.883791143198983,
0.100614529813888));
#4644=CARTESIAN_POINT('',(2.285,0.849999994560797,0.087828782128033));
#4645=CARTESIAN_POINT('Ctrl Pts',(2.28500000070011,0.849999999999998,0.0878287886716538));
#4646=CARTESIAN_POINT('Ctrl Pts',(2.41181355964981,0.849999999999998,0.0742609608732272));
#4647=CARTESIAN_POINT('Ctrl Pts',(2.52916013445139,0.849999999999997,0.0620949614590753));
#4648=CARTESIAN_POINT('Ctrl Pts',(2.63101603926049,0.849999999999997,0.0554123032193233));
#4649=CARTESIAN_POINT('',(2.28499999999983,0.716201936732941,0.0500000000000349));
#4650=CARTESIAN_POINT('Ctrl Pts',(2.28490836386546,0.716259067040386,0.0499918853155501));
#4651=CARTESIAN_POINT('Ctrl Pts',(2.2849151655901,0.731510855591985,0.0500157153985399));
#4652=CARTESIAN_POINT('Ctrl Pts',(2.28493281735922,0.746666261044777,0.0515128537609476));
#4653=CARTESIAN_POINT('Ctrl Pts',(2.28494717957864,0.761572915501593,0.0543396661327216));
#4654=CARTESIAN_POINT('Ctrl Pts',(2.28496212921072,0.777089249929513,0.0572820947140301));
#4655=CARTESIAN_POINT('Ctrl Pts',(2.28497370290498,0.792337415529178,0.0616653888972281));
#4656=CARTESIAN_POINT('Ctrl Pts',(2.28497750637657,0.807146028778945,0.0673811650610023));
#4657=CARTESIAN_POINT('Ctrl Pts',(2.28497788710638,0.808628379926692,0.0679533177139032));
#4658=CARTESIAN_POINT('Ctrl Pts',(2.28497819767936,0.810106316700197,0.0685388630489334));
#4659=CARTESIAN_POINT('Ctrl Pts',(2.28497843851013,0.811579658907766,0.0691377191265501));
#4660=CARTESIAN_POINT('Ctrl Pts',(2.28498060099879,0.824809221781604,0.0745150198585263));
#4661=CARTESIAN_POINT('Ctrl Pts',(2.28497624191197,0.837587112259017,0.0809296604979261));
#4662=CARTESIAN_POINT('Ctrl Pts',(2.28496667650176,0.849792323788966,0.0883008050034988));
#4663=CARTESIAN_POINT('',(0.255000000000001,0.716201936732884,0.05));
#4664=CARTESIAN_POINT('Ctrl Pts',(2.28500127201647,0.716243574179819,0.0499726325999855));
#4665=CARTESIAN_POINT('Ctrl Pts',(2.02650297965652,0.759350640095034,0.103542002756109));
#4666=CARTESIAN_POINT('Ctrl Pts',(1.34800632616548,0.844866770706059,0.189473774723607));
#4667=CARTESIAN_POINT('Ctrl Pts',(0.660353319195249,0.781571196923885,0.13372659408134));
#4668=CARTESIAN_POINT('Ctrl Pts',(0.25508422201401,0.715742394866649,0.0499452331291087));
#4669=CARTESIAN_POINT('',(0.255000000000001,0.849999995019445,0.087828782686125));
#4670=CARTESIAN_POINT('Ctrl Pts',(0.25504208004059,0.849225938565352,0.0882097804572032));
#4671=CARTESIAN_POINT('Ctrl Pts',(0.255040345020697,0.847070949532773,0.0869074539775939));
#4672=CARTESIAN_POINT('Ctrl Pts',(0.255038752956363,0.844896756432404,0.0856343316399692));
#4673=CARTESIAN_POINT('Ctrl Pts',(0.255037318696911,0.842703969793249,0.0843908878329134));
#4674=CARTESIAN_POINT('Ctrl Pts',(0.255028236518964,0.828818561240071,0.0765170140297852));
#4675=CARTESIAN_POINT('Ctrl Pts',(0.255025682927653,0.814276804072011,0.0698790897447783));
#4676=CARTESIAN_POINT('Ctrl Pts',(0.255030931915071,0.79925362077889,0.0645815548347424));
#4677=CARTESIAN_POINT('Ctrl Pts',(0.255032994224137,0.793351063840216,0.06250017162647));
#4678=CARTESIAN_POINT('Ctrl Pts',(0.255036156154567,0.787374025697114,0.060626224734902));
#4679=CARTESIAN_POINT('Ctrl Pts',(0.255040028157369,0.781332765308911,0.0589682000839744));
#4680=CARTESIAN_POINT('Ctrl Pts',(0.25504959645906,0.766403901630945,0.0548709716253664));
#4681=CARTESIAN_POINT('Ctrl Pts',(0.255064496652306,0.751164480945802,0.0521112918071561));
#4682=CARTESIAN_POINT('Ctrl Pts',(0.255075487646832,0.735773743241959,0.0508069141302274));
#4683=CARTESIAN_POINT('Ctrl Pts',(0.255080238828897,0.729120642217006,0.0502430583472044));
#4684=CARTESIAN_POINT('Ctrl Pts',(0.255084133626164,0.722439234798591,0.0499517685652903));
#4685=CARTESIAN_POINT('Ctrl Pts',(0.255085773272745,0.715742646841069,0.0499455538208773));
#4686=CARTESIAN_POINT('Ctrl Pts',(-4.90059381963448E-15,0.849999999999998,
0.0623915722899892));
#4687=CARTESIAN_POINT('Ctrl Pts',(0.0784008008860239,0.849999999999998,
0.0691363567437103));
#4688=CARTESIAN_POINT('Ctrl Pts',(0.163995904582575,0.849999999999998,0.0780922281941061));
#4689=CARTESIAN_POINT('Ctrl Pts',(0.254999999358931,0.849999999999998,0.0878287886779706));
#4690=CARTESIAN_POINT('Origin',(1.27,-1.44623896192186E-15,-4.84589368757125));
#4691=CARTESIAN_POINT('',(2.285,-0.716201936732887,0.0499999999999984));
#4692=CARTESIAN_POINT('',(2.285,-2.41464834238592E-15,0.0499999999999975));
#4693=CARTESIAN_POINT('',(0.255000000000156,-0.716201936732937,0.0500000000000324));
#4694=CARTESIAN_POINT('Ctrl Pts',(0.255012194866634,-0.716153006018341,
0.0499786077722177));
#4695=CARTESIAN_POINT('Ctrl Pts',(0.541398167635569,-0.763702919742643,
0.109304945221767));
#4696=CARTESIAN_POINT('Ctrl Pts',(1.22188366477406,-0.845612069325295,0.189561925284784));
#4697=CARTESIAN_POINT('Ctrl Pts',(1.90743844915171,-0.77685103747499,0.127937320185916));
#4698=CARTESIAN_POINT('Ctrl Pts',(2.28487398169885,-0.715520793605914,0.049913470737295));
#4699=CARTESIAN_POINT('',(0.255,-4.77829581457812E-16,0.0499999999999994));
#4700=CARTESIAN_POINT('Ctrl Pts',(0.0455755810554501,-0.679175969248872,
0.0018671194707303));
#4701=CARTESIAN_POINT('Ctrl Pts',(0.39736569770245,-0.74467022271559,0.0907205976663194));
#4702=CARTESIAN_POINT('Ctrl Pts',(1.24984022909901,-0.86736178617799,0.210174219726184));
#4703=CARTESIAN_POINT('Ctrl Pts',(2.1102829068667,-0.753222804677305,0.106611629722433));
#4704=CARTESIAN_POINT('Ctrl Pts',(2.57659505864682,-0.663625590081061,-0.019631225508116));
#4705=CARTESIAN_POINT('Ctrl Pts',(0.0321612616047559,-0.759657462122103,
-0.00152100567667659));
#4706=CARTESIAN_POINT('Ctrl Pts',(0.386472692076818,-0.818563267073245,
0.0892128192307413));
#4707=CARTESIAN_POINT('Ctrl Pts',(1.249300875729,-0.931439389014489,0.212002405223727));
#4708=CARTESIAN_POINT('Ctrl Pts',(2.12130995315674,-0.825999895432679,0.105383660149847));
#4709=CARTESIAN_POINT('Ctrl Pts',(2.59058239086421,-0.745665382013471,-0.0234179609586945));
#4710=CARTESIAN_POINT('Ctrl Pts',(0.00843456472958728,-0.838957452113467,
0.0367492188658822));
#4711=CARTESIAN_POINT('Ctrl Pts',(0.370148715105233,-0.891832923916722,
0.122436033780477));
#4712=CARTESIAN_POINT('Ctrl Pts',(1.24904591298273,-0.995193490966479,0.239081432156359));
#4713=CARTESIAN_POINT('Ctrl Pts',(2.13679849001393,-0.898315358117011,0.137634504875212));
#4714=CARTESIAN_POINT('Ctrl Pts',(2.61604824748745,-0.826403055351636,0.016074474287565));
#4715=CARTESIAN_POINT('Ctrl Pts',(-0.0156456398917774,-0.883791143198983,
0.100614529813888));
#4716=CARTESIAN_POINT('Ctrl Pts',(0.353733982587572,-0.938721807396876,
0.178862915450649));
#4717=CARTESIAN_POINT('Ctrl Pts',(1.24883224055396,-1.0416244090105,0.284059169716272));
#4718=CARTESIAN_POINT('Ctrl Pts',(2.15229705221004,-0.945894940655089,0.192857275938774));
#4719=CARTESIAN_POINT('Ctrl Pts',(2.64192481157916,-0.870748889703401,0.081682116332517));
#4720=CARTESIAN_POINT('',(2.63101603926049,-0.850000000000003,0.0554123032193232));
#4721=CARTESIAN_POINT('',(2.61375591399879,-0.875051742021518,0.0880077919963657));
#4722=CARTESIAN_POINT('Ctrl Pts',(2.6310353458115,-0.849920135074343,0.0555375998769451));
#4723=CARTESIAN_POINT('Ctrl Pts',(2.62548854801339,-0.858565094509905,0.0654786230255527));
#4724=CARTESIAN_POINT('Ctrl Pts',(2.61993259939473,-0.866666932263196,0.0758797665454297));
#4725=CARTESIAN_POINT('Ctrl Pts',(2.61441846503169,-0.87414708706187,0.0867013088424215));
#4726=CARTESIAN_POINT('Ctrl Pts',(2.61419709589631,-0.874447383589173,0.0871357479228026));
#4727=CARTESIAN_POINT('Ctrl Pts',(2.61397576910154,-0.874746710556078,0.0875709141750695));
#4728=CARTESIAN_POINT('Ctrl Pts',(2.61375448780928,-0.875045062045577,0.0880068059506813));
#4729=CARTESIAN_POINT('',(-2.76495401188169E-15,-0.886110390101364,0.10390742330423));
#4730=CARTESIAN_POINT('Ctrl Pts',(2.61375466975782,-0.875045034474876,0.0880067655622642));
#4731=CARTESIAN_POINT('Ctrl Pts',(2.1325167153726,-0.947967129426574,0.194830601307569));
#4732=CARTESIAN_POINT('Ctrl Pts',(1.24449648644042,-1.03993209256827,0.282368977015058));
#4733=CARTESIAN_POINT('Ctrl Pts',(0.364560845597924,-0.93995918897777,0.180128121345522));
#4734=CARTESIAN_POINT('Ctrl Pts',(8.66663116255023E-8,-0.886110027843727,
0.103907264714217));
#4735=CARTESIAN_POINT('',(-4.49215266909439E-15,-0.850000000000001,0.0623915722899911));
#4736=CARTESIAN_POINT('Ctrl Pts',(4.90445089040836E-7,-0.886110087485765,
0.1039073491346));
#4737=CARTESIAN_POINT('Ctrl Pts',(4.73515727195623E-7,-0.885885292421789,
0.103589298418444));
#4738=CARTESIAN_POINT('Ctrl Pts',(4.49487619644575E-7,-0.885659782784292,
0.103271782443061));
#4739=CARTESIAN_POINT('Ctrl Pts',(4.18506353537518E-7,-0.885433561420314,
0.102954802148964));
#4740=CARTESIAN_POINT('Ctrl Pts',(-8.69217831341981E-7,-0.876030759103076,
0.0897796404778582));
#4741=CARTESIAN_POINT('Ctrl Pts',(-1.41825494881508E-5,-0.865423013820016,
0.077556836369297));
#4742=CARTESIAN_POINT('Ctrl Pts',(-2.90451176849435E-5,-0.853809563782879,
0.0663586412134454));
#4743=CARTESIAN_POINT('Ctrl Pts',(-3.07140263177831E-5,-0.852505496627903,
0.0651012027734418));
#4744=CARTESIAN_POINT('Ctrl Pts',(-3.24091170991088E-5,-0.851188710164414,
0.06385672043539));
#4745=CARTESIAN_POINT('Ctrl Pts',(-3.41211922632659E-5,-0.849859459529958,
0.0626253254061736));
#4746=CARTESIAN_POINT('',(0.254999999999999,-0.8499999945608,0.0878287821280345));
#4747=CARTESIAN_POINT('Ctrl Pts',(0.254999999299895,-0.850000000000001,
0.0878287886716553));
#4748=CARTESIAN_POINT('Ctrl Pts',(0.164477473157387,-0.850000000000001,
0.0781437513873759));
#4749=CARTESIAN_POINT('Ctrl Pts',(0.0787345631461409,-0.850000000000001,
0.0691650701557922));
#4750=CARTESIAN_POINT('Ctrl Pts',(-4.50160742015981E-15,-0.850000000000001,
0.062391572289991));
#4751=CARTESIAN_POINT('Ctrl Pts',(0.255079214739127,-0.7161641333757,0.0499924908077578));
#4752=CARTESIAN_POINT('Ctrl Pts',(0.255075153363322,-0.731415863949692,
0.050009441969547));
#4753=CARTESIAN_POINT('Ctrl Pts',(0.25505971122199,-0.746570424088376,0.0515005431695841));
#4754=CARTESIAN_POINT('Ctrl Pts',(0.255047092987753,-0.76147552531066,0.0543220775790156));
#4755=CARTESIAN_POINT('Ctrl Pts',(0.255033959072203,-0.776989767401958,
0.057258922303787));
#4756=CARTESIAN_POINT('Ctrl Pts',(0.255023696679515,-0.792235088878656,
0.061637366681614));
#4757=CARTESIAN_POINT('Ctrl Pts',(0.255020763979427,-0.807040210370284,
0.0673489475768723));
#4758=CARTESIAN_POINT('Ctrl Pts',(0.255020468833473,-0.808530192837875,
0.0679237591649414));
#4759=CARTESIAN_POINT('Ctrl Pts',(0.255020240131904,-0.810015706711073,
0.0685121146943006));
#4760=CARTESIAN_POINT('Ctrl Pts',(0.255020077510162,-0.811496568979641,
0.0691139308275705));
#4761=CARTESIAN_POINT('Ctrl Pts',(0.255018624703806,-0.824726079916129,
0.074490347855569));
#4762=CARTESIAN_POINT('Ctrl Pts',(0.255023340889994,-0.837503122416384,
0.0809051873173841));
#4763=CARTESIAN_POINT('Ctrl Pts',(0.255032954733965,-0.849706678961281,
0.0882775057365552));
#4764=CARTESIAN_POINT('',(2.285,-0.84999999501945,0.0878287826861252));
#4765=CARTESIAN_POINT('Ctrl Pts',(2.28492104458374,-0.84900556973194,0.0881938130198995));
#4766=CARTESIAN_POINT('Ctrl Pts',(2.28492288298415,-0.846849950034394,0.0868916421944917));
#4767=CARTESIAN_POINT('Ctrl Pts',(2.28492456828444,-0.844675162942471,0.085618659907448));
#4768=CARTESIAN_POINT('Ctrl Pts',(2.2849260854023,-0.84248181845532,0.0843753392961272));
#4769=CARTESIAN_POINT('Ctrl Pts',(2.28493569387404,-0.828590551959717,0.0765009273865924));
#4770=CARTESIAN_POINT('Ctrl Pts',(2.28493835345132,-0.814044188110506,0.0698621985327759));
#4771=CARTESIAN_POINT('Ctrl Pts',(2.28493273398655,-0.799017557622683,0.064563341699502));
#4772=CARTESIAN_POINT('Ctrl Pts',(2.28493052742834,-0.793117149620213,0.0624826744941475));
#4773=CARTESIAN_POINT('Ctrl Pts',(2.28492714894913,-0.787142527625593,0.0606091179304856));
#4774=CARTESIAN_POINT('Ctrl Pts',(2.28492298329262,-0.781103927117191,0.058951127450746));
#4775=CARTESIAN_POINT('Ctrl Pts',(2.28491268337137,-0.766173000954676,0.0548516124394943));
#4776=CARTESIAN_POINT('Ctrl Pts',(2.28489657964088,-0.750932576571925,0.0520890097709214));
#4777=CARTESIAN_POINT('Ctrl Pts',(2.2848838547507,-0.735541780762332,0.0507808447436657));
#4778=CARTESIAN_POINT('Ctrl Pts',(2.28487835681847,-0.728892013953105,0.0502156372984592));
#4779=CARTESIAN_POINT('Ctrl Pts',(2.28487361529561,-0.722214146044664,0.049922559512856));
#4780=CARTESIAN_POINT('Ctrl Pts',(2.28487102143538,-0.715521274624464,0.0499140826849759));
#4781=CARTESIAN_POINT('Ctrl Pts',(2.63101603926049,-0.850000000000003,0.0554123032193232));
#4782=CARTESIAN_POINT('Ctrl Pts',(2.52960094178703,-0.850000000000003,0.0620660405557734));
#4783=CARTESIAN_POINT('Ctrl Pts',(2.41261975295104,-0.850000000000003,0.0741747059649286));
#4784=CARTESIAN_POINT('Ctrl Pts',(2.28500000064107,-0.850000000000003,0.0878287886779702));
#4785=CARTESIAN_POINT('Ctrl Pts',(-2.57659505864682,-0.663625590081058,
-0.0196312255081109));
#4786=CARTESIAN_POINT('Ctrl Pts',(-2.22691797419403,-0.730812543403,0.0750354765743779));
#4787=CARTESIAN_POINT('Ctrl Pts',(-1.37794087654436,-0.865612819465796,
0.209037269078195));
#4788=CARTESIAN_POINT('Ctrl Pts',(-0.514574585474624,-0.766491496938609,
0.120324662309341));
#4789=CARTESIAN_POINT('Ctrl Pts',(-0.0455755810554581,-0.679175969248872,
0.00186711947073107));
#4790=CARTESIAN_POINT('Ctrl Pts',(-2.5905823908642,-0.745665382013468,-0.0234179609586894));
#4791=CARTESIAN_POINT('Ctrl Pts',(-2.2386854540051,-0.805906442269191,0.0731675025984862));
#4792=CARTESIAN_POINT('Ctrl Pts',(-1.37976244364864,-0.929795117664025,
0.210826080105523));
#4793=CARTESIAN_POINT('Ctrl Pts',(-0.5045216272954,-0.838189412194813,0.119443374887269));
#4794=CARTESIAN_POINT('Ctrl Pts',(-0.0321612616047641,-0.759657462122104,
-0.00152100567667592));
#4795=CARTESIAN_POINT('Ctrl Pts',(-2.61604824748744,-0.826403055351633,
0.0160744742875702));
#4796=CARTESIAN_POINT('Ctrl Pts',(-2.25666954101731,-0.880328487642618,
0.107229630591373));
#4797=CARTESIAN_POINT('Ctrl Pts',(-1.38157053809507,-0.99366228731022,0.237951359678135));
#4798=CARTESIAN_POINT('Ctrl Pts',(-0.490664077108789,-0.909449891953112,
0.15098503444202));
#4799=CARTESIAN_POINT('Ctrl Pts',(-0.00843456472959566,-0.838957452113468,
0.0367492188658829));
#4800=CARTESIAN_POINT('Ctrl Pts',(-2.64192481157916,-0.870748889703398,
0.0816821163325221));
#4801=CARTESIAN_POINT('Ctrl Pts',(-2.27476387290373,-0.927099237650833,
0.165049889456778));
#4802=CARTESIAN_POINT('Ctrl Pts',(-1.38333792037158,-1.0401575337035,0.283057919629494));
#4803=CARTESIAN_POINT('Ctrl Pts',(-0.476803314748357,-0.957023521261344,
0.204933591733052));
#4804=CARTESIAN_POINT('Ctrl Pts',(0.0156456398917689,-0.883791143198984,
0.100614529813889));
#4805=CARTESIAN_POINT('',(-2.61375591399455,-0.875051742020734,0.0880077919976148));
#4806=CARTESIAN_POINT('Ctrl Pts',(-4.37472008082626E-7,-0.886107915092756,
0.103907076152514));
#4807=CARTESIAN_POINT('Ctrl Pts',(-0.487769101901504,-0.958022015006821,
0.20587148556884));
#4808=CARTESIAN_POINT('Ctrl Pts',(-1.37880514951356,-1.03857646789695,0.281501761946318));
#4809=CARTESIAN_POINT('Ctrl Pts',(-2.25524179445851,-0.929551446386455,
0.167610493667091));
#4810=CARTESIAN_POINT('Ctrl Pts',(-2.61375582174538,-0.875051778765713,
0.0880073513715819));
#4811=CARTESIAN_POINT('',(-2.63101603926048,-0.849999999999998,0.0554123032193265));
#4812=CARTESIAN_POINT('Ctrl Pts',(-2.61375490429701,-0.875051918232007,
0.088007555078383));
#4813=CARTESIAN_POINT('Ctrl Pts',(-2.6139761750441,-0.874753397546426,0.0875716465676365));
#4814=CARTESIAN_POINT('Ctrl Pts',(-2.61419749148665,-0.874453904226776,
0.0871364637450703));
#4815=CARTESIAN_POINT('Ctrl Pts',(-2.61441885046495,-0.87415344422374,0.0867020082713445));
#4816=CARTESIAN_POINT('Ctrl Pts',(-2.61993273181923,-0.866669217375625,
0.0758800576359304));
#4817=CARTESIAN_POINT('Ctrl Pts',(-2.62548854801431,-0.85856509450846,0.0654786230239001));
#4818=CARTESIAN_POINT('Ctrl Pts',(-2.6310353458115,-0.849920135074338,0.0555375998769488));
#4819=CARTESIAN_POINT('',(-2.285,-0.849999994560797,0.0878287821280357));
#4820=CARTESIAN_POINT('Ctrl Pts',(-2.28500000070011,-0.849999999999998,
0.0878287886716566));
#4821=CARTESIAN_POINT('Ctrl Pts',(-2.41184770899936,-0.849999999999998,
0.0742573072221697));
#4822=CARTESIAN_POINT('Ctrl Pts',(-2.52917798832805,-0.849999999999998,
0.0620937900851044));
#4823=CARTESIAN_POINT('Ctrl Pts',(-2.63101603926048,-0.849999999999998,
0.0554123032193267));
#4824=CARTESIAN_POINT('Ctrl Pts',(-2.28490976915508,-0.716258755901555,
0.049991215770901));
#4825=CARTESIAN_POINT('Ctrl Pts',(-2.28491658844602,-0.731510541858212,
0.0500150365450788));
#4826=CARTESIAN_POINT('Ctrl Pts',(-2.28493426210809,-0.746665944332032,
0.0515121652357668));
#4827=CARTESIAN_POINT('Ctrl Pts',(-2.28494865001545,-0.761572595334156,
0.054338967762818));
#4828=CARTESIAN_POINT('Ctrl Pts',(-2.28496362638653,-0.777088926608957,
0.0572813861807389));
#4829=CARTESIAN_POINT('Ctrl Pts',(-2.28497523092998,-0.792337088527581,
0.0616646700995197));
#4830=CARTESIAN_POINT('Ctrl Pts',(-2.28497906891041,-0.807145697296403,
0.0673804360658345));
#4831=CARTESIAN_POINT('Ctrl Pts',(-2.28497945309796,-0.808628061068342,
0.0679525927437251));
#4832=CARTESIAN_POINT('Ctrl Pts',(-2.28497976716425,-0.810106010380023,
0.0685381423405714));
#4833=CARTESIAN_POINT('Ctrl Pts',(-2.28498001152353,-0.811579365034604,
0.0691370029148095));
#4834=CARTESIAN_POINT('Ctrl Pts',(-2.2849822056774,-0.824808929237187,0.0745142991351381));
#4835=CARTESIAN_POINT('Ctrl Pts',(-2.28497788095653,-0.837586819881826,
0.0809289363110507));
#4836=CARTESIAN_POINT('Ctrl Pts',(-2.28496835213742,-0.849792029939144,
0.0883000784161048));
#4837=CARTESIAN_POINT('',(-0.255000000000001,-0.849999995019446,0.0878287826861249));
#4838=CARTESIAN_POINT('Ctrl Pts',(-0.255040014079651,-0.849225608292931,
0.0882092051266313));
#4839=CARTESIAN_POINT('Ctrl Pts',(-0.255038289228989,-0.847070619948981,
0.0869068797834989));
#4840=CARTESIAN_POINT('Ctrl Pts',(-0.255036707243493,-0.844896427501441,
0.0856337586097415));
#4841=CARTESIAN_POINT('Ctrl Pts',(-0.255035282969187,-0.842703641481357,
0.084390315993022));
#4842=CARTESIAN_POINT('Ctrl Pts',(-0.255026264022942,-0.828818240928938,
0.0765164520414284));
#4843=CARTESIAN_POINT('Ctrl Pts',(-0.255023769481226,-0.814276490784004,
0.0698785378942235));
#4844=CARTESIAN_POINT('Ctrl Pts',(-0.255029072720597,-0.79925331382966,
0.0645810130397457));
#4845=CARTESIAN_POINT('Ctrl Pts',(-0.25503115634715,-0.793350753486298,
0.0624996317034916));
#4846=CARTESIAN_POINT('Ctrl Pts',(-0.25503433885576,-0.787373711681664,
0.0606256870845474));
#4847=CARTESIAN_POINT('Ctrl Pts',(-0.255038230654934,-0.781332447414518,
0.0589676651079378));
#4848=CARTESIAN_POINT('Ctrl Pts',(-0.255047847864964,-0.766403591970798,
0.0548704481485797));
#4849=CARTESIAN_POINT('Ctrl Pts',(-0.255062791931826,-0.751164179056008,
0.0521107790660659));
#4850=CARTESIAN_POINT('Ctrl Pts',(-0.255073821412556,-0.735773448622727,
0.0508064109779957));
#4851=CARTESIAN_POINT('Ctrl Pts',(-0.255078589239318,-0.729120339719331,
0.0502425584059774));
#4852=CARTESIAN_POINT('Ctrl Pts',(-0.255082499670784,-0.72243892423322,
0.0499512725229539));
#4853=CARTESIAN_POINT('Ctrl Pts',(-0.255084153900348,-0.715742328072943,
0.0499450623975626));
#4854=CARTESIAN_POINT('Ctrl Pts',(-4.71844785465692E-15,-0.850000000000001,
0.0623915722899911));
#4855=CARTESIAN_POINT('Ctrl Pts',(-0.078401305344109,-0.85,0.0691364001420059));
#4856=CARTESIAN_POINT('Ctrl Pts',(-0.163996693018863,-0.850000000000001,
0.0780923125491857));
#4857=CARTESIAN_POINT('Ctrl Pts',(-0.254999999358931,-0.85,0.0878287886779711));
#4858=CARTESIAN_POINT('Ctrl Pts',(-3.79940724897317,-1.83644901844117,0.650324936305235));
#4859=CARTESIAN_POINT('Ctrl Pts',(-3.59763901471905,-1.59587920067664,0.635793795844036));
#4860=CARTESIAN_POINT('Ctrl Pts',(-3.20114284369089,-1.12313376598922,0.510882336241124));
#4861=CARTESIAN_POINT('Ctrl Pts',(-2.90335267927987,-0.768076262268384,
0.22082526537373));
#4862=CARTESIAN_POINT('Ctrl Pts',(-2.795,-0.63888652928085,0.0500000000000023));
#4863=CARTESIAN_POINT('Ctrl Pts',(-3.79599841872999,-1.83987552937352,0.650079435861346));
#4864=CARTESIAN_POINT('Ctrl Pts',(-3.58691588516877,-1.6067347599991,0.634488203939998));
#4865=CARTESIAN_POINT('Ctrl Pts',(-3.17714130031615,-1.14904979982265,0.499813322365862));
#4866=CARTESIAN_POINT('Ctrl Pts',(-2.88282758093168,-0.812627525532546,
0.19714374815831));
#4867=CARTESIAN_POINT('Ctrl Pts',(-2.77958721814464,-0.692608762310597,
0.0257007157729021));
#4868=CARTESIAN_POINT('Ctrl Pts',(-3.79001529618273,-1.84587192249481,0.649895170882685));
#4869=CARTESIAN_POINT('Ctrl Pts',(-3.56801809327348,-1.62573196659735,0.633507956897534));
#4870=CARTESIAN_POINT('Ctrl Pts',(-3.13286860805469,-1.19438647245212,0.491615574882134));
#4871=CARTESIAN_POINT('Ctrl Pts',(-2.82473578016571,-0.890671037112529,
0.177557960279734));
#4872=CARTESIAN_POINT('Ctrl Pts',(-2.71831140427144,-0.786218223168644,
0.00519182164630204));
#4873=CARTESIAN_POINT('Ctrl Pts',(-3.78401890164044,-1.85185062629078,0.650140810972318));
#4874=CARTESIAN_POINT('Ctrl Pts',(-3.54902086666715,-1.64459666357549,0.634814684945745));
#4875=CARTESIAN_POINT('Ctrl Pts',(-3.0875569002769,-1.23812645543842,0.502574309622041));
#4876=CARTESIAN_POINT('Ctrl Pts',(-2.74656170950326,-0.943038743831224,
0.20302228259454));
#4877=CARTESIAN_POINT('Ctrl Pts',(-2.62417820405316,-0.838440413608478,
0.031775536829677));
#4878=CARTESIAN_POINT('Ctrl Pts',(-3.78144901844118,-1.85440724897317,0.650324936305235));
#4879=CARTESIAN_POINT('Ctrl Pts',(-3.54087920067664,-1.65263901471905,0.635793795844036));
#4880=CARTESIAN_POINT('Ctrl Pts',(-3.06813376598923,-1.25614284369089,0.510882336241124));
#4881=CARTESIAN_POINT('Ctrl Pts',(-2.71307626226839,-0.958352679279866,
0.22082526537373));
#4882=CARTESIAN_POINT('Ctrl Pts',(-2.58388652928085,-0.849999999999998,
0.0500000000000022));
#4883=CARTESIAN_POINT('',(-3.77619422158855,-1.85,0.650000000000004));
#4884=CARTESIAN_POINT('Origin',(-3.89279004773957,-1.94779004773956,-0.646316746232603));
#4885=CARTESIAN_POINT('',(-3.795,-1.83119422158854,0.650000000000004));
#4886=CARTESIAN_POINT('Ctrl Pts',(-3.79500002010619,-1.83119424556131,0.649999870008988));
#4887=CARTESIAN_POINT('Ctrl Pts',(-3.79500001160428,-1.8340291622255,0.649999920926862));
#4888=CARTESIAN_POINT('Ctrl Pts',(-3.79470750876965,-1.83671858429617,0.649999954487053));
#4889=CARTESIAN_POINT('Ctrl Pts',(-3.79399107337037,-1.83912769784901,0.649999988159939));
#4890=CARTESIAN_POINT('Ctrl Pts',(-3.79387121655577,-1.83953073303787,0.649999993793279));
#4891=CARTESIAN_POINT('Ctrl Pts',(-3.79373941108607,-1.8399260067114,0.649999997571927));
#4892=CARTESIAN_POINT('Ctrl Pts',(-3.79359493711516,-1.84031299198955,0.649999999574291));
#4893=CARTESIAN_POINT('Ctrl Pts',(-3.79293432328833,-1.8420824998387,0.650000008730193));
#4894=CARTESIAN_POINT('Ctrl Pts',(-3.79200120536094,-1.84370016961613,0.650000004967576));
#4895=CARTESIAN_POINT('Ctrl Pts',(-3.79071251362648,-1.84508241676291,0.650000001431449));
#4896=CARTESIAN_POINT('Ctrl Pts',(-3.79019096343319,-1.84564183004019,0.650000000000332));
#4897=CARTESIAN_POINT('Ctrl Pts',(-3.78962777277132,-1.84614492215628,0.649999997313109));
#4898=CARTESIAN_POINT('Ctrl Pts',(-3.78902633215621,-1.84659609585488,0.649999995870995));
#4899=CARTESIAN_POINT('Ctrl Pts',(-3.78828140803131,-1.84715490442908,0.64999999408484));
#4900=CARTESIAN_POINT('Ctrl Pts',(-3.78747777681697,-1.84763409741052,0.649999997131268));
#4901=CARTESIAN_POINT('Ctrl Pts',(-3.78662270315988,-1.84804121609525,0.649999995451655));
#4902=CARTESIAN_POINT('Ctrl Pts',(-3.78517952936039,-1.84872834171795,0.649999992616844));
#4903=CARTESIAN_POINT('Ctrl Pts',(-3.78363251193667,-1.84918986999276,0.649999983996141));
#4904=CARTESIAN_POINT('Ctrl Pts',(-3.78206388573487,-1.84949170464936,0.649999965659358));
#4905=CARTESIAN_POINT('Ctrl Pts',(-3.78014499752554,-1.84986093663277,0.649999943228115));
#4906=CARTESIAN_POINT('Ctrl Pts',(-3.77814632463743,-1.85000001382586,0.649999905499659));
#4907=CARTESIAN_POINT('Ctrl Pts',(-3.77619424556131,-1.85000002010618,0.649999870008988));
#4908=CARTESIAN_POINT('',(-2.795,-0.638886529280851,0.0500000000000027));
#4909=CARTESIAN_POINT('Origin',(-3.89279004773957,-1.94779004773956,-0.646316746232603));
#4910=CARTESIAN_POINT('',(-2.79499999977246,-0.849999999999998,0.128966059188309));
#4911=CARTESIAN_POINT('Ctrl Pts',(-2.7951261833523,-0.850139147263697,0.128931754281867));
#4912=CARTESIAN_POINT('Ctrl Pts',(-2.79508865767147,-0.837012364266333,
0.120675214909097));
#4913=CARTESIAN_POINT('Ctrl Pts',(-2.79502801451017,-0.82341640301397,0.112606000217037));
#4914=CARTESIAN_POINT('Ctrl Pts',(-2.79498533849977,-0.809529696154799,
0.104973470467652));
#4915=CARTESIAN_POINT('Ctrl Pts',(-2.79493943030528,-0.79459124165909,0.0967628702508667));
#4916=CARTESIAN_POINT('Ctrl Pts',(-2.79491354383915,-0.779315386321377,
0.0890582407504542));
#4917=CARTESIAN_POINT('Ctrl Pts',(-2.79490236225106,-0.763945711212936,
0.0821570168525748));
#4918=CARTESIAN_POINT('Ctrl Pts',(-2.79489770878824,-0.757549284250861,
0.0792849213593221));
#4919=CARTESIAN_POINT('Ctrl Pts',(-2.79489504019652,-0.751136937225348,
0.0765517717756041));
#4920=CARTESIAN_POINT('Ctrl Pts',(-2.79489218129935,-0.744727820298134,
0.073978091442273));
#4921=CARTESIAN_POINT('Ctrl Pts',(-2.79488569958121,-0.730197011019938,
0.0681430195452567));
#4922=CARTESIAN_POINT('Ctrl Pts',(-2.79488910366599,-0.715622167539308,
0.0631094009065683));
#4923=CARTESIAN_POINT('Ctrl Pts',(-2.79490858046506,-0.701168112073901,
0.0591775320768535));
#4924=CARTESIAN_POINT('Ctrl Pts',(-2.79492740274771,-0.687199784094851,
0.0553777934141991));
#4925=CARTESIAN_POINT('Ctrl Pts',(-2.79495971885213,-0.673342897901067,
0.0526070409796335));
#4926=CARTESIAN_POINT('Ctrl Pts',(-2.794981100866,-0.659775907696765,0.0511541118000603));
#4927=CARTESIAN_POINT('Ctrl Pts',(-2.79499221535446,-0.652723711533711,
0.0503988712175082));
#4928=CARTESIAN_POINT('Ctrl Pts',(-2.795,-0.645750459261835,0.0500000000000029));
#4929=CARTESIAN_POINT('Ctrl Pts',(-2.795,-0.638886529280851,0.0500000000000029));
#4930=CARTESIAN_POINT('Ctrl Pts',(-2.63101603926048,-0.849999999999998,
0.0554123032193266));
#4931=CARTESIAN_POINT('Ctrl Pts',(-2.64050692097599,-0.849999999999998,
0.0574613872781766));
#4932=CARTESIAN_POINT('Ctrl Pts',(-2.64987338688911,-0.849999999999998,
0.0599959568786824));
#4933=CARTESIAN_POINT('Ctrl Pts',(-2.70567152469402,-0.849999999999998,
0.0774393957119911));
#4934=CARTESIAN_POINT('Ctrl Pts',(-2.75330403047919,-0.849999999999998,
0.102635841241838));
#4935=CARTESIAN_POINT('Ctrl Pts',(-2.79481099097714,-0.849999999999998,
0.128846627918243));
#4936=CARTESIAN_POINT('Ctrl Pts',(-2.79490549622741,-0.849999999999998,
0.128906331455994));
#4937=CARTESIAN_POINT('Ctrl Pts',(-2.79499999970752,-0.849999999999998,
0.128966059291068));
#4938=CARTESIAN_POINT('Origin',(-2.00937055888251E-15,-1.94779004773956,
-0.646316746232605));
#4939=CARTESIAN_POINT('',(3.77619422158854,-1.85,0.65));
#4940=CARTESIAN_POINT('Origin',(3.89279004773956,-1.94779004773957,-0.646316746232608));
#4941=CARTESIAN_POINT('',(-1.07525175665662E-15,-1.84999999999997,0.65));
#4942=CARTESIAN_POINT('Ctrl Pts',(2.795,-0.638886529280855,0.0499999999999981));
#4943=CARTESIAN_POINT('Ctrl Pts',(2.90335267927987,-0.768076262268391,0.220825265373728));
#4944=CARTESIAN_POINT('Ctrl Pts',(3.2011428436909,-1.12313376598924,0.510882336241125));
#4945=CARTESIAN_POINT('Ctrl Pts',(3.59763901471906,-1.59587920067666,0.635793795844033));
#4946=CARTESIAN_POINT('Ctrl Pts',(3.79940724897319,-1.8364490184412,0.650324936305229));
#4947=CARTESIAN_POINT('Ctrl Pts',(2.77958721814464,-0.692608762310602,0.025700715772898));
#4948=CARTESIAN_POINT('Ctrl Pts',(2.88282758093168,-0.812627525532553,0.197143748158308));
#4949=CARTESIAN_POINT('Ctrl Pts',(3.17714130031616,-1.14904979982267,0.499813322365863));
#4950=CARTESIAN_POINT('Ctrl Pts',(3.58691588516878,-1.60673475999912,0.634488203939996));
#4951=CARTESIAN_POINT('Ctrl Pts',(3.79599841873001,-1.83987552937355,0.65007943586134));
#4952=CARTESIAN_POINT('Ctrl Pts',(2.71831140427144,-0.786218223168649,0.00519182164629811));
#4953=CARTESIAN_POINT('Ctrl Pts',(2.82473578016571,-0.890671037112536,0.177557960279732));
#4954=CARTESIAN_POINT('Ctrl Pts',(3.1328686080547,-1.19438647245213,0.491615574882135));
#4955=CARTESIAN_POINT('Ctrl Pts',(3.5680180932735,-1.62573196659738,0.633507956897532));
#4956=CARTESIAN_POINT('Ctrl Pts',(3.79001529618274,-1.84587192249483,0.64989517088268));
#4957=CARTESIAN_POINT('Ctrl Pts',(2.62417820405316,-0.838440413608482,0.0317755368296731));
#4958=CARTESIAN_POINT('Ctrl Pts',(2.74656170950326,-0.943038743831231,0.203022282594538));
#4959=CARTESIAN_POINT('Ctrl Pts',(3.08755690027691,-1.23812645543843,0.502574309622042));
#4960=CARTESIAN_POINT('Ctrl Pts',(3.54902086666717,-1.64459666357552,0.634814684945743));
#4961=CARTESIAN_POINT('Ctrl Pts',(3.78401890164046,-1.85185062629081,0.650140810972313));
#4962=CARTESIAN_POINT('Ctrl Pts',(2.58388652928085,-0.850000000000003,0.0499999999999983));
#4963=CARTESIAN_POINT('Ctrl Pts',(2.71307626226839,-0.958352679279872,0.220825265373728));
#4964=CARTESIAN_POINT('Ctrl Pts',(3.06813376598923,-1.2561428436909,0.510882336241125));
#4965=CARTESIAN_POINT('Ctrl Pts',(3.54087920067666,-1.65263901471907,0.635793795844033));
#4966=CARTESIAN_POINT('Ctrl Pts',(3.7814490184412,-1.8544072489732,0.650324936305229));
#4967=CARTESIAN_POINT('',(2.79499999953781,-0.850000000000003,0.128966058891691));
#4968=CARTESIAN_POINT('Ctrl Pts',(2.79499999940588,-0.850000000000003,0.128966059100426));
#4969=CARTESIAN_POINT('Ctrl Pts',(2.76193221465125,-0.850000000000003,0.108066646823952));
#4970=CARTESIAN_POINT('Ctrl Pts',(2.72584839351373,-0.850000000000003,0.0883716126464236));
#4971=CARTESIAN_POINT('Ctrl Pts',(2.67013386412486,-0.850000000000003,0.0659914221031869));
#4972=CARTESIAN_POINT('Ctrl Pts',(2.65039486720074,-0.850000000000003,0.0595961976773808));
#4973=CARTESIAN_POINT('Ctrl Pts',(2.63101603926049,-0.850000000000003,0.0554123032193228));
#4974=CARTESIAN_POINT('Ctrl Pts',(2.795,-0.638886529280855,0.0499999999999993));
#4975=CARTESIAN_POINT('Ctrl Pts',(2.795,-0.664125054444093,0.0499999999999991));
#4976=CARTESIAN_POINT('Ctrl Pts',(2.795,-0.689927396302795,0.0553235881787183));
#4977=CARTESIAN_POINT('Ctrl Pts',(2.795,-0.760671524694022,0.0774393957119867));
#4978=CARTESIAN_POINT('Ctrl Pts',(2.795,-0.808304030479193,0.102635841241836));
#4979=CARTESIAN_POINT('Ctrl Pts',(2.795,-0.849810990986692,0.128846627924267));
#4980=CARTESIAN_POINT('Ctrl Pts',(2.795,-0.849905496246503,0.128906331468048));
#4981=CARTESIAN_POINT('Ctrl Pts',(2.795,-0.849999999736155,0.128966059309161));
#4982=CARTESIAN_POINT('Ctrl Pts',(3.77619424556138,-1.85000002010626,0.649999870008986));
#4983=CARTESIAN_POINT('Ctrl Pts',(3.7790291628185,-1.85000001098563,0.649999921550503));
#4984=CARTESIAN_POINT('Ctrl Pts',(3.78171858638676,-1.84970750842441,0.649999950660571));
#4985=CARTESIAN_POINT('Ctrl Pts',(3.78412770090327,-1.84899107264082,0.649999981332633));
#4986=CARTESIAN_POINT('Ctrl Pts',(3.7845307351239,-1.84887121609781,0.649999986463934));
#4987=CARTESIAN_POINT('Ctrl Pts',(3.78492600786054,-1.84873941095069,0.649999989795381));
#4988=CARTESIAN_POINT('Ctrl Pts',(3.78531299223468,-1.84859493735594,0.6499999914513));
#4989=CARTESIAN_POINT('Ctrl Pts',(3.78664930716979,-1.84809604842063,0.649999997169438));
#4990=CARTESIAN_POINT('Ctrl Pts',(3.78789943247315,-1.84744134140307,0.649999988887638));
#4991=CARTESIAN_POINT('Ctrl Pts',(3.7890263217495,-1.84659608570617,0.649999995131168));
#4992=CARTESIAN_POINT('Ctrl Pts',(3.78939162528425,-1.8463220792884,0.649999997155132));
#4993=CARTESIAN_POINT('Ctrl Pts',(3.78974402910385,-1.84602799823318,0.649999999061678));
#4994=CARTESIAN_POINT('Ctrl Pts',(3.79008241679378,-1.84571251371242,0.649999999833693));
#4995=CARTESIAN_POINT('Ctrl Pts',(3.79133470032687,-1.84454498876384,0.650000002690718));
#4996=CARTESIAN_POINT('Ctrl Pts',(3.79230539550056,-1.84316815020061,0.650000007525321));
#4997=CARTESIAN_POINT('Ctrl Pts',(3.79304121578006,-1.84162270286671,0.650000004295312));
#4998=CARTESIAN_POINT('Ctrl Pts',(3.79372834144276,-1.84017952910124,0.650000001279056));
#4999=CARTESIAN_POINT('Ctrl Pts',(3.7941898699124,-1.83863251185506,0.649999990159662));
#5000=CARTESIAN_POINT('Ctrl Pts',(3.79449170473628,-1.8370638858112,0.649999969731255));
#5001=CARTESIAN_POINT('Ctrl Pts',(3.79486093692635,-1.83514499778454,0.649999944741343));
#5002=CARTESIAN_POINT('Ctrl Pts',(3.795000014252,-1.83314632502375,0.649999905070243));
#5003=CARTESIAN_POINT('Ctrl Pts',(3.79500002010628,-1.83119424556142,0.649999870008988));
#5004=CARTESIAN_POINT('Origin',(2.795,-0.850000000000003,0.649999999999998));
#5005=CARTESIAN_POINT('',(2.795,0.379999999999997,-2.92));
#5006=CARTESIAN_POINT('',(2.795,-0.380000000000003,-2.92));
#5007=CARTESIAN_POINT('Origin',(2.795,-2.69307146028019E-15,-2.92));
#5008=CARTESIAN_POINT('',(2.795,0.379999999999997,-1.80411241501588E-15));
#5009=CARTESIAN_POINT('',(2.795,0.379999999999997,-1.80411241501588E-15));
#5010=CARTESIAN_POINT('',(2.795,0.849999999999997,-1.80411241501588E-15));
#5011=CARTESIAN_POINT('',(2.795,-0.850000000000003,-1.80411241501588E-15));
#5012=CARTESIAN_POINT('',(2.795,0.849999999999997,0.649999999999998));
#5013=CARTESIAN_POINT('',(2.795,-0.850000000000003,-1.80411241501588E-15));
#5014=CARTESIAN_POINT('',(2.795,-0.850000000000003,0.649999999999998));
#5015=CARTESIAN_POINT('',(2.795,-0.380000000000003,-1.80411241501588E-15));
#5016=CARTESIAN_POINT('',(2.795,-0.850000000000003,-1.80411241501588E-15));
#5017=CARTESIAN_POINT('',(2.795,-0.380000000000003,-1.80411241501588E-15));
#5018=CARTESIAN_POINT('Origin',(-0.254999999999999,0.85,0.65));
#5019=CARTESIAN_POINT('',(-0.255000000000002,-0.38,-2.92));
#5020=CARTESIAN_POINT('',(-0.255000000000001,0.38,-2.92));
#5021=CARTESIAN_POINT('Origin',(-0.255000000000002,8.76035355368255E-18,
-2.92));
#5022=CARTESIAN_POINT('',(-0.255,-0.38,1.38777878078145E-16));
#5023=CARTESIAN_POINT('',(-0.255,-0.38,1.38777878078145E-16));
#5024=CARTESIAN_POINT('',(-0.255000000000001,-0.85,1.38777878078145E-16));
#5025=CARTESIAN_POINT('',(-0.254999999999999,0.85,1.38777878078145E-16));
#5026=CARTESIAN_POINT('',(-0.255,-0.85,0.65));
#5027=CARTESIAN_POINT('',(-0.254999999999999,0.85,1.38777878078145E-16));
#5028=CARTESIAN_POINT('',(-0.254999999999999,0.85,0.65));
#5029=CARTESIAN_POINT('',(-0.254999999999999,0.38,1.38777878078145E-16));
#5030=CARTESIAN_POINT('',(-0.254999999999999,0.85,1.38777878078145E-16));
#5031=CARTESIAN_POINT('',(-0.254999999999999,0.38,1.38777878078145E-16));
#5032=CARTESIAN_POINT('Origin',(0.127499999999998,-3.56182097704938E-16,
-2.92));
#5033=CARTESIAN_POINT('',(0.254999999999999,0.38,-2.92));
#5034=CARTESIAN_POINT('',(0.127499999999999,0.38,-2.92));
#5035=CARTESIAN_POINT('',(0.254999999999998,-0.380000000000001,-2.92));
#5036=CARTESIAN_POINT('Origin',(0.254999999999998,-4.77829581457811E-16,
-2.92));
#5037=CARTESIAN_POINT('',(-0.127500000000002,-0.38,-2.92));
#5038=CARTESIAN_POINT('Origin',(-2.285,-0.849999999999998,0.650000000000002));
#5039=CARTESIAN_POINT('',(-2.285,0.380000000000002,-2.92));
#5040=CARTESIAN_POINT('',(-2.285,-0.379999999999998,-2.92));
#5041=CARTESIAN_POINT('Origin',(-2.285,1.6680233583255E-15,-2.92));
#5042=CARTESIAN_POINT('',(-2.285,0.380000000000002,1.52655665885959E-15));
#5043=CARTESIAN_POINT('',(-2.285,0.380000000000002,1.52655665885959E-15));
#5044=CARTESIAN_POINT('',(-2.285,0.850000000000002,1.52655665885959E-15));
#5045=CARTESIAN_POINT('',(-2.285,-0.849999999999998,1.52655665885959E-15));
#5046=CARTESIAN_POINT('',(-2.285,0.850000000000002,0.650000000000002));
#5047=CARTESIAN_POINT('',(-2.285,-0.849999999999998,1.52655665885959E-15));
#5048=CARTESIAN_POINT('',(-2.285,-0.849999999999998,0.650000000000002));
#5049=CARTESIAN_POINT('',(-2.285,-0.379999999999998,1.52655665885959E-15));
#5050=CARTESIAN_POINT('',(-2.285,-0.849999999999998,1.52655665885959E-15));
#5051=CARTESIAN_POINT('',(-2.285,-0.379999999999998,1.52655665885959E-15));
#5052=CARTESIAN_POINT('Origin',(-2.6675,2.31052156574041E-15,-2.92));
#5053=CARTESIAN_POINT('',(-2.795,-0.379999999999998,-2.92));
#5054=CARTESIAN_POINT('',(-2.6675,-0.379999999999998,-2.92));
#5055=CARTESIAN_POINT('',(-2.795,0.380000000000002,-2.92));
#5056=CARTESIAN_POINT('Origin',(-2.795,2.22400223237606E-15,-2.92));
#5057=CARTESIAN_POINT('',(-2.4125,0.380000000000002,-2.92));
#5058=CARTESIAN_POINT('Origin',(2.4125,-2.53629582613879E-15,-2.92));
#5059=CARTESIAN_POINT('',(2.285,-0.380000000000002,-2.92));
#5060=CARTESIAN_POINT('',(2.4125,-0.380000000000003,-2.92));
#5061=CARTESIAN_POINT('',(2.285,0.379999999999998,-2.92));
#5062=CARTESIAN_POINT('Origin',(2.285,-2.13709258622963E-15,-2.92));
#5063=CARTESIAN_POINT('',(2.6675,0.379999999999998,-2.92));
#5064=CARTESIAN_POINT('Origin',(-2.795,-0.379999999999998,1.80411241501588E-15));
#5065=CARTESIAN_POINT('',(-2.795,-0.379999999999998,1.80411241501588E-15));
#5066=CARTESIAN_POINT('',(-2.6675,-0.379999999999998,1.66533453693773E-15));
#5067=CARTESIAN_POINT('',(-2.795,-0.379999999999998,1.80411241501588E-15));
#5068=CARTESIAN_POINT('Origin',(-2.285,0.380000000000002,1.52655665885959E-15));
#5069=CARTESIAN_POINT('',(-2.795,0.380000000000002,1.80411241501588E-15));
#5070=CARTESIAN_POINT('',(-2.795,0.380000000000002,1.80411241501588E-15));
#5071=CARTESIAN_POINT('',(-2.4125,0.380000000000002,1.52655665885959E-15));
#5072=CARTESIAN_POINT('Origin',(0.255000000000001,0.38,-1.38777878078145E-16));
#5073=CARTESIAN_POINT('',(0.255000000000001,0.38,-1.38777878078145E-16));
#5074=CARTESIAN_POINT('',(0.127500000000001,0.38,-1.38777878078145E-16));
#5075=CARTESIAN_POINT('',(0.255000000000001,0.38,-1.38777878078145E-16));
#5076=CARTESIAN_POINT('Origin',(-0.255,-0.38,1.38777878078145E-16));
#5077=CARTESIAN_POINT('',(0.255,-0.380000000000001,-1.38777878078145E-16));
#5078=CARTESIAN_POINT('',(0.255,-0.380000000000001,-1.38777878078145E-16));
#5079=CARTESIAN_POINT('',(-0.1275,-0.38,1.38777878078145E-16));
#5080=CARTESIAN_POINT('Origin',(2.285,-0.380000000000002,-1.52655665885959E-15));
#5081=CARTESIAN_POINT('',(2.285,-0.380000000000002,-1.52655665885959E-15));
#5082=CARTESIAN_POINT('',(2.4125,-0.380000000000003,-1.52655665885959E-15));
#5083=CARTESIAN_POINT('',(2.285,-0.380000000000002,-1.52655665885959E-15));
#5084=CARTESIAN_POINT('Origin',(2.795,0.379999999999997,-1.80411241501588E-15));
#5085=CARTESIAN_POINT('',(2.285,0.379999999999998,-1.52655665885959E-15));
#5086=CARTESIAN_POINT('',(2.285,0.379999999999998,-1.52655665885959E-15));
#5087=CARTESIAN_POINT('',(2.6675,0.379999999999998,-1.66533453693773E-15));
#5088=CARTESIAN_POINT('Origin',(-2.54,2.04184716919845E-15,1.66533453693773E-15));
#5089=CARTESIAN_POINT('',(-2.795,0.850000000000002,1.80411241501588E-15));
#5090=CARTESIAN_POINT('',(-2.795,0.850000000000002,1.80411241501588E-15));
#5091=CARTESIAN_POINT('',(-2.285,0.850000000000002,1.52655665885959E-15));
#5092=CARTESIAN_POINT('Origin',(1.98837163352429E-16,-2.19249637870031E-16,
0.));
#5093=CARTESIAN_POINT('',(0.254999999999999,-0.850000000000001,-1.38777878078145E-16));
#5094=CARTESIAN_POINT('',(0.254999999999999,-0.850000000000001,-1.38777878078145E-16));
#5095=CARTESIAN_POINT('',(-0.255000000000001,-0.85,1.38777878078145E-16));
#5096=CARTESIAN_POINT('Origin',(2.54,-2.73558128364167E-15,-1.66533453693773E-15));
#5097=CARTESIAN_POINT('',(2.285,0.849999999999997,-1.52655665885959E-15));
#5098=CARTESIAN_POINT('',(2.285,0.849999999999997,-1.52655665885959E-15));
#5099=CARTESIAN_POINT('',(2.795,0.849999999999997,-1.80411241501588E-15));
#5100=CARTESIAN_POINT('Origin',(2.285,-0.850000000000003,0.649999999999998));
#5101=CARTESIAN_POINT('',(0.255,-0.850000000000001,0.65));
#5102=CARTESIAN_POINT('Origin',(2.285,-0.850000000000003,0.649999999999998));
#5103=CARTESIAN_POINT('',(-2.795,-0.849999999999998,1.80411241501588E-15));
#5104=CARTESIAN_POINT('',(-2.795,-0.849999999999998,0.650000000000002));
#5105=CARTESIAN_POINT('',(-2.795,-0.849999999999998,1.80411241501588E-15));
#5106=CARTESIAN_POINT('Origin',(2.285,-0.850000000000003,0.649999999999998));
#5107=CARTESIAN_POINT('',(2.285,-0.850000000000003,-1.52655665885959E-15));
#5108=CARTESIAN_POINT('',(2.285,-0.850000000000003,0.649999999999998));
#5109=CARTESIAN_POINT('',(2.285,-0.850000000000003,-1.52655665885959E-15));
#5110=CARTESIAN_POINT('Origin',(2.795,0.849999999999997,0.649999999999998));
#5111=CARTESIAN_POINT('',(2.285,0.849999999999997,0.649999999999998));
#5112=CARTESIAN_POINT('Origin',(2.795,0.849999999999997,0.649999999999998));
#5113=CARTESIAN_POINT('',(-2.795,0.850000000000002,0.650000000000002));
#5114=CARTESIAN_POINT('Origin',(2.795,0.849999999999997,0.649999999999998));
#5115=CARTESIAN_POINT('',(0.255000000000001,0.85,-1.38777878078145E-16));
#5116=CARTESIAN_POINT('',(0.255000000000002,0.85,0.65));
#5117=CARTESIAN_POINT('',(0.255000000000001,0.85,-1.38777878078145E-16));
#5118=CARTESIAN_POINT('Origin',(-3.89279004773956,3.47956824162242E-15,
-0.646316746232603));
#5119=CARTESIAN_POINT('',(-2.795,2.43216904949328E-15,0.0500000000000027));
#5120=CARTESIAN_POINT('',(-3.79499999999995,3.38626696128048E-15,0.65));
#5121=CARTESIAN_POINT('Origin',(0.255,-0.850000000000001,0.65));
#5122=CARTESIAN_POINT('',(0.254999999999999,-0.850000000000001,-1.38777878078145E-16));
#5123=CARTESIAN_POINT('Origin',(1.98837163352429E-16,-2.19249637870031E-16,
0.));
#5124=CARTESIAN_POINT('Origin',(-2.795,0.850000000000002,0.650000000000002));
#5125=CARTESIAN_POINT('',(-2.795,0.850000000000002,1.80411241501588E-15));
#5126=CARTESIAN_POINT('Origin',(-2.54,2.04184716919845E-15,1.66533453693773E-15));
#5127=CARTESIAN_POINT('Origin',(2.285,0.849999999999997,0.649999999999998));
#5128=CARTESIAN_POINT('',(2.285,0.849999999999997,-1.52655665885959E-15));
#5129=CARTESIAN_POINT('Origin',(2.54,-2.73558128364167E-15,-1.66533453693773E-15));
#5130=CARTESIAN_POINT('Origin',(2.07116493593037,-2.54,7.25069077358312));
#5131=CARTESIAN_POINT('',(2.07116493593037,-2.543,7.25069077358312));
#5132=CARTESIAN_POINT('',(2.17120304966162,-2.543,7.25069077358312));
#5133=CARTESIAN_POINT('',(2.07116493593037,-2.543,7.25069077358312));
#5134=CARTESIAN_POINT('',(2.17120304966162,-2.54,7.25069077358312));
#5135=CARTESIAN_POINT('',(2.17120304966162,-2.54,7.25069077358312));
#5136=CARTESIAN_POINT('',(2.07116493593037,-2.54,7.25069077358312));
#5137=CARTESIAN_POINT('',(3.06808246796518,-2.54,7.25069077358312));
#5138=CARTESIAN_POINT('',(2.07116493593037,-2.54,7.25069077358312));
#5139=CARTESIAN_POINT('Origin',(2.17120304966162,-2.54,7.25069077358312));
#5140=CARTESIAN_POINT('',(2.10603536414526,-2.543,6.93914350510578));
#5141=CARTESIAN_POINT('',(2.17120304966162,-2.543,7.25069077358312));
#5142=CARTESIAN_POINT('',(2.10603536414526,-2.54,6.93914350510578));
#5143=CARTESIAN_POINT('',(2.10603536414526,-2.54,6.93914350510578));
#5144=CARTESIAN_POINT('',(1.4843566221678,-2.54,3.9670828526697));
#5145=CARTESIAN_POINT('Origin',(2.10603536414526,-2.54,6.93914350510578));
#5146=CARTESIAN_POINT('',(2.49704147724342,-2.543,6.93914350510578));
#5147=CARTESIAN_POINT('',(2.10603536414526,-2.543,6.93914350510578));
#5148=CARTESIAN_POINT('',(2.49704147724342,-2.54,6.93914350510578));
#5149=CARTESIAN_POINT('',(2.49704147724342,-2.54,6.93914350510578));
#5150=CARTESIAN_POINT('',(3.08551768207263,-2.54,6.93914350510578));
#5151=CARTESIAN_POINT('Origin',(2.49704147724342,-2.54,6.93914350510578));
#5152=CARTESIAN_POINT('',(2.56220916275978,-2.543,7.25069077358312));
#5153=CARTESIAN_POINT('',(2.49704147724342,-2.543,6.93914350510578));
#5154=CARTESIAN_POINT('',(2.56220916275978,-2.54,7.25069077358312));
#5155=CARTESIAN_POINT('',(2.56220916275978,-2.54,7.25069077358312));
#5156=CARTESIAN_POINT('',(1.83458345502804,-2.54,3.77212927609358));
#5157=CARTESIAN_POINT('Origin',(2.56220916275978,-2.54,7.25069077358312));
#5158=CARTESIAN_POINT('',(2.66224727649104,-2.543,7.25069077358312));
#5159=CARTESIAN_POINT('',(2.56220916275978,-2.543,7.25069077358312));
#5160=CARTESIAN_POINT('',(2.66224727649104,-2.54,7.25069077358312));
#5161=CARTESIAN_POINT('',(2.66224727649104,-2.54,7.25069077358312));
#5162=CARTESIAN_POINT('',(3.31360458137989,-2.54,7.25069077358312));
#5163=CARTESIAN_POINT('Origin',(2.66224727649104,-2.54,7.25069077358312));
#5164=CARTESIAN_POINT('',(2.5056161727061,-2.543,6.5006907437808));
#5165=CARTESIAN_POINT('',(2.66224727649104,-2.543,7.25069077358312));
#5166=CARTESIAN_POINT('',(2.5056161727061,-2.54,6.5006907437808));
#5167=CARTESIAN_POINT('',(2.5056161727061,-2.54,6.5006907437808));
#5168=CARTESIAN_POINT('',(1.96607843475478,-2.54,3.91721077227667));
#5169=CARTESIAN_POINT('Origin',(2.5056161727061,-2.54,6.5006907437808));
#5170=CARTESIAN_POINT('',(2.40557805897485,-2.543,6.5006907437808));
#5171=CARTESIAN_POINT('',(2.5056161727061,-2.543,6.5006907437808));
#5172=CARTESIAN_POINT('',(2.40557805897485,-2.54,6.5006907437808));
#5173=CARTESIAN_POINT('',(2.40557805897485,-2.54,6.5006907437808));
#5174=CARTESIAN_POINT('',(3.28530808635305,-2.54,6.5006907437808));
#5175=CARTESIAN_POINT('Origin',(2.40557805897485,-2.54,6.5006907437808));
#5176=CARTESIAN_POINT('',(2.47932043995389,-2.543,6.85396819684317));
#5177=CARTESIAN_POINT('',(2.40557805897485,-2.543,6.5006907437808));
#5178=CARTESIAN_POINT('',(2.47932043995389,-2.54,6.85396819684317));
#5179=CARTESIAN_POINT('',(2.47932043995389,-2.54,6.85396819684317));
#5180=CARTESIAN_POINT('',(1.79007791852712,-2.54,3.55201565233357));
#5181=CARTESIAN_POINT('Origin',(2.47932043995389,-2.54,6.85396819684317));
#5182=CARTESIAN_POINT('',(2.08831432685573,-2.543,6.85396819684317));
#5183=CARTESIAN_POINT('',(2.47932043995389,-2.543,6.85396819684317));
#5184=CARTESIAN_POINT('',(2.08831432685573,-2.54,6.85396819684317));
#5185=CARTESIAN_POINT('',(2.08831432685573,-2.54,6.85396819684317));
#5186=CARTESIAN_POINT('',(3.27216021997694,-2.54,6.85396819684317));
#5187=CARTESIAN_POINT('Origin',(2.08831432685573,-2.54,6.85396819684317));
#5188=CARTESIAN_POINT('',(2.01457194587669,-2.543,6.5006907437808));
#5189=CARTESIAN_POINT('',(2.08831432685573,-2.543,6.85396819684317));
#5190=CARTESIAN_POINT('',(2.01457194587669,-2.54,6.5006907437808));
#5191=CARTESIAN_POINT('',(2.01457194587669,-2.54,6.5006907437808));
#5192=CARTESIAN_POINT('',(1.44410569551336,-2.54,3.76775940483092));
#5193=CARTESIAN_POINT('Origin',(2.01457194587669,-2.54,6.5006907437808));
#5194=CARTESIAN_POINT('',(1.91453383214543,-2.543,6.5006907437808));
#5195=CARTESIAN_POINT('',(2.01457194587669,-2.543,6.5006907437808));
#5196=CARTESIAN_POINT('',(1.91453383214543,-2.54,6.5006907437808));
#5197=CARTESIAN_POINT('',(1.91453383214543,-2.54,6.5006907437808));
#5198=CARTESIAN_POINT('',(3.03978597293834,-2.54,6.5006907437808));
#5199=CARTESIAN_POINT('Origin',(1.91453383214543,-2.54,6.5006907437808));
#5200=CARTESIAN_POINT('',(1.91453383214543,-2.543,6.5006907437808));
#5201=CARTESIAN_POINT('',(1.30903180141698,-2.54,3.60135255284746));
#5202=CARTESIAN_POINT('Origin',(2.28901683908373,-2.543,6.87880843675383));
#5203=CARTESIAN_POINT('Ctrl Pts',(1.50523503539355,-2.54,6.48811452376887));
#5204=CARTESIAN_POINT('Ctrl Pts',(1.50523503539355,-2.543,6.48811452376887));
#5205=CARTESIAN_POINT('Ctrl Pts',(1.61727772277256,-2.54,6.48811452376887));
#5206=CARTESIAN_POINT('Ctrl Pts',(1.61727772277256,-2.543,6.48811452376887));
#5207=CARTESIAN_POINT('Ctrl Pts',(1.797917973853,-2.54,6.62130812662248));
#5208=CARTESIAN_POINT('Ctrl Pts',(1.797917973853,-2.543,6.62130812662248));
#5209=CARTESIAN_POINT('Ctrl Pts',(1.84479297571564,-2.54,6.75107185129102));
#5210=CARTESIAN_POINT('Ctrl Pts',(1.84479297571564,-2.543,6.75107185129102));
#5211=CARTESIAN_POINT('',(1.84479297571564,-2.543,6.75107185129102));
#5212=CARTESIAN_POINT('',(1.50523503539355,-2.543,6.48811452376887));
#5213=CARTESIAN_POINT('Ctrl Pts',(1.84479297571564,-2.543,6.75107185129102));
#5214=CARTESIAN_POINT('Ctrl Pts',(1.797917973853,-2.543,6.62130812662248));
#5215=CARTESIAN_POINT('Ctrl Pts',(1.61727772277256,-2.543,6.48811452376887));
#5216=CARTESIAN_POINT('Ctrl Pts',(1.50523503539355,-2.543,6.48811452376887));
#5217=CARTESIAN_POINT('',(1.50523503539355,-2.54,6.48811452376887));
#5218=CARTESIAN_POINT('',(1.50523503539355,-2.54,6.48811452376887));
#5219=CARTESIAN_POINT('',(1.84479297571564,-2.54,6.75107185129102));
#5220=CARTESIAN_POINT('Ctrl Pts',(1.84479297571564,-2.54,6.75107185129102));
#5221=CARTESIAN_POINT('Ctrl Pts',(1.797917973853,-2.54,6.62130812662248));
#5222=CARTESIAN_POINT('Ctrl Pts',(1.61727772277256,-2.54,6.48811452376887));
#5223=CARTESIAN_POINT('Ctrl Pts',(1.50523503539355,-2.54,6.48811452376887));
#5224=CARTESIAN_POINT('',(1.84479297571564,-2.54,6.75107185129102));
#5225=CARTESIAN_POINT('Ctrl Pts',(1.20797892602068,-2.54,6.8105230731656));
#5226=CARTESIAN_POINT('Ctrl Pts',(1.20797892602068,-2.543,6.8105230731656));
#5227=CARTESIAN_POINT('Ctrl Pts',(1.20797892602068,-2.54,6.65503526210902));
#5228=CARTESIAN_POINT('Ctrl Pts',(1.20797892602068,-2.543,6.65503526210902));
#5229=CARTESIAN_POINT('Ctrl Pts',(1.36861155435487,-2.54,6.48811452376887));
#5230=CARTESIAN_POINT('Ctrl Pts',(1.36861155435487,-2.543,6.48811452376887));
#5231=CARTESIAN_POINT('Ctrl Pts',(1.50523503539355,-2.54,6.48811452376887));
#5232=CARTESIAN_POINT('Ctrl Pts',(1.50523503539355,-2.543,6.48811452376887));
#5233=CARTESIAN_POINT('',(1.20797892602068,-2.543,6.8105230731656));
#5234=CARTESIAN_POINT('Ctrl Pts',(1.50523503539355,-2.543,6.48811452376887));
#5235=CARTESIAN_POINT('Ctrl Pts',(1.36861155435487,-2.543,6.48811452376887));
#5236=CARTESIAN_POINT('Ctrl Pts',(1.20797892602068,-2.543,6.65503526210902));
#5237=CARTESIAN_POINT('Ctrl Pts',(1.20797892602068,-2.543,6.8105230731656));
#5238=CARTESIAN_POINT('',(1.20797892602068,-2.54,6.8105230731656));
#5239=CARTESIAN_POINT('',(1.20797892602068,-2.54,6.8105230731656));
#5240=CARTESIAN_POINT('Ctrl Pts',(1.50523503539355,-2.54,6.48811452376887));
#5241=CARTESIAN_POINT('Ctrl Pts',(1.36861155435487,-2.54,6.48811452376887));
#5242=CARTESIAN_POINT('Ctrl Pts',(1.20797892602068,-2.54,6.65503526210902));
#5243=CARTESIAN_POINT('Ctrl Pts',(1.20797892602068,-2.54,6.8105230731656));
#5244=CARTESIAN_POINT('Ctrl Pts',(1.32973960159072,-2.54,7.14493619621008));
#5245=CARTESIAN_POINT('Ctrl Pts',(1.32973960159072,-2.543,7.14493619621008));
#5246=CARTESIAN_POINT('Ctrl Pts',(1.20797892602068,-2.54,7.01288588608482));
#5247=CARTESIAN_POINT('Ctrl Pts',(1.20797892602068,-2.543,7.01288588608482));
#5248=CARTESIAN_POINT('Ctrl Pts',(1.20797892602068,-2.54,6.8105230731656));
#5249=CARTESIAN_POINT('Ctrl Pts',(1.20797892602068,-2.543,6.8105230731656));
#5250=CARTESIAN_POINT('',(1.32973960159072,-2.543,7.14493619621008));
#5251=CARTESIAN_POINT('Ctrl Pts',(1.20797892602068,-2.543,6.8105230731656));
#5252=CARTESIAN_POINT('Ctrl Pts',(1.20797892602068,-2.543,7.01288588608482));
#5253=CARTESIAN_POINT('Ctrl Pts',(1.32973960159072,-2.543,7.14493619621008));
#5254=CARTESIAN_POINT('',(1.32973960159072,-2.54,7.14493619621008));
#5255=CARTESIAN_POINT('',(1.32973960159072,-2.54,7.14493619621008));
#5256=CARTESIAN_POINT('Ctrl Pts',(1.20797892602068,-2.54,6.8105230731656));
#5257=CARTESIAN_POINT('Ctrl Pts',(1.20797892602068,-2.54,7.01288588608482));
#5258=CARTESIAN_POINT('Ctrl Pts',(1.32973960159072,-2.54,7.14493619621008));
#5259=CARTESIAN_POINT('Ctrl Pts',(1.59955668548302,-2.54,7.26326699359505));
#5260=CARTESIAN_POINT('Ctrl Pts',(1.59955668548302,-2.543,7.26326699359505));
#5261=CARTESIAN_POINT('Ctrl Pts',(1.43835241078466,-2.54,7.26326699359505));
#5262=CARTESIAN_POINT('Ctrl Pts',(1.43835241078466,-2.543,7.26326699359505));
#5263=CARTESIAN_POINT('Ctrl Pts',(1.32973960159072,-2.54,7.14493619621008));
#5264=CARTESIAN_POINT('Ctrl Pts',(1.32973960159072,-2.543,7.14493619621008));
#5265=CARTESIAN_POINT('',(1.59955668548302,-2.543,7.26326699359505));
#5266=CARTESIAN_POINT('Ctrl Pts',(1.32973960159072,-2.543,7.14493619621008));
#5267=CARTESIAN_POINT('Ctrl Pts',(1.43835241078466,-2.543,7.26326699359505));
#5268=CARTESIAN_POINT('Ctrl Pts',(1.59955668548302,-2.543,7.26326699359505));
#5269=CARTESIAN_POINT('',(1.59955668548302,-2.54,7.26326699359505));
#5270=CARTESIAN_POINT('',(1.59955668548302,-2.54,7.26326699359505));
#5271=CARTESIAN_POINT('Ctrl Pts',(1.32973960159072,-2.54,7.14493619621008));
#5272=CARTESIAN_POINT('Ctrl Pts',(1.43835241078466,-2.54,7.26326699359505));
#5273=CARTESIAN_POINT('Ctrl Pts',(1.59955668548302,-2.54,7.26326699359505));
#5274=CARTESIAN_POINT('Ctrl Pts',(1.87852011120218,-2.54,7.02717704518929));
#5275=CARTESIAN_POINT('Ctrl Pts',(1.87852011120218,-2.543,7.02717704518929));
#5276=CARTESIAN_POINT('Ctrl Pts',(1.86651553755443,-2.54,7.13521820801904));
#5277=CARTESIAN_POINT('Ctrl Pts',(1.86651553755443,-2.543,7.13521820801904));
#5278=CARTESIAN_POINT('Ctrl Pts',(1.71903077559635,-2.54,7.26326699359505));
#5279=CARTESIAN_POINT('Ctrl Pts',(1.71903077559635,-2.543,7.26326699359505));
#5280=CARTESIAN_POINT('Ctrl Pts',(1.59955668548302,-2.54,7.26326699359505));
#5281=CARTESIAN_POINT('Ctrl Pts',(1.59955668548302,-2.543,7.26326699359505));
#5282=CARTESIAN_POINT('',(1.87852011120218,-2.543,7.02717704518929));
#5283=CARTESIAN_POINT('Ctrl Pts',(1.59955668548302,-2.543,7.26326699359505));
#5284=CARTESIAN_POINT('Ctrl Pts',(1.71903077559635,-2.543,7.26326699359505));
#5285=CARTESIAN_POINT('Ctrl Pts',(1.86651553755443,-2.543,7.13521820801904));
#5286=CARTESIAN_POINT('Ctrl Pts',(1.87852011120218,-2.543,7.02717704518929));
#5287=CARTESIAN_POINT('',(1.87852011120218,-2.54,7.02717704518929));
#5288=CARTESIAN_POINT('',(1.87852011120218,-2.54,7.02717704518929));
#5289=CARTESIAN_POINT('Ctrl Pts',(1.59955668548302,-2.54,7.26326699359505));
#5290=CARTESIAN_POINT('Ctrl Pts',(1.71903077559635,-2.54,7.26326699359505));
#5291=CARTESIAN_POINT('Ctrl Pts',(1.86651553755443,-2.54,7.13521820801904));
#5292=CARTESIAN_POINT('Ctrl Pts',(1.87852011120218,-2.54,7.02717704518929));
#5293=CARTESIAN_POINT('Origin',(1.87852011120218,-2.54,7.02717704518929));
#5294=CARTESIAN_POINT('',(1.78477010747689,-2.543,7.01860234972661));
#5295=CARTESIAN_POINT('',(1.87852011120218,-2.543,7.02717704518929));
#5296=CARTESIAN_POINT('',(1.78477010747689,-2.54,7.01860234972661));
#5297=CARTESIAN_POINT('',(1.78477010747689,-2.54,7.01860234972661));
#5298=CARTESIAN_POINT('',(2.64399165646123,-2.54,7.09718968652395));
#5299=CARTESIAN_POINT('Ctrl Pts',(1.60412985639645,-2.54,7.18037827078915));
#5300=CARTESIAN_POINT('Ctrl Pts',(1.60412985639645,-2.543,7.18037827078915));
#5301=CARTESIAN_POINT('Ctrl Pts',(1.67730059101131,-2.54,7.18037827078915));
#5302=CARTESIAN_POINT('Ctrl Pts',(1.67730059101131,-2.543,7.18037827078915));
#5303=CARTESIAN_POINT('Ctrl Pts',(1.76990730200824,-2.54,7.09977613343997));
#5304=CARTESIAN_POINT('Ctrl Pts',(1.76990730200824,-2.543,7.09977613343997));
#5305=CARTESIAN_POINT('Ctrl Pts',(1.78477010747689,-2.54,7.01860234972661));
#5306=CARTESIAN_POINT('Ctrl Pts',(1.78477010747689,-2.543,7.01860234972661));
#5307=CARTESIAN_POINT('',(1.60412985639645,-2.543,7.18037827078915));
#5308=CARTESIAN_POINT('Ctrl Pts',(1.78477010747689,-2.543,7.01860234972661));
#5309=CARTESIAN_POINT('Ctrl Pts',(1.76990730200824,-2.543,7.09977613343997));
#5310=CARTESIAN_POINT('Ctrl Pts',(1.67730059101131,-2.543,7.18037827078915));
#5311=CARTESIAN_POINT('Ctrl Pts',(1.60412985639645,-2.543,7.18037827078915));
#5312=CARTESIAN_POINT('',(1.60412985639645,-2.54,7.18037827078915));
#5313=CARTESIAN_POINT('',(1.60412985639645,-2.54,7.18037827078915));
#5314=CARTESIAN_POINT('Ctrl Pts',(1.78477010747689,-2.54,7.01860234972661));
#5315=CARTESIAN_POINT('Ctrl Pts',(1.76990730200824,-2.54,7.09977613343997));
#5316=CARTESIAN_POINT('Ctrl Pts',(1.67730059101131,-2.54,7.18037827078915));
#5317=CARTESIAN_POINT('Ctrl Pts',(1.60412985639645,-2.54,7.18037827078915));
#5318=CARTESIAN_POINT('Ctrl Pts',(1.38175942073098,-2.54,7.05804594885493));
#5319=CARTESIAN_POINT('Ctrl Pts',(1.38175942073098,-2.543,7.05804594885493));
#5320=CARTESIAN_POINT('Ctrl Pts',(1.46636308262941,-2.54,7.18037827078915));
#5321=CARTESIAN_POINT('Ctrl Pts',(1.46636308262941,-2.543,7.18037827078915));
#5322=CARTESIAN_POINT('Ctrl Pts',(1.60412985639645,-2.54,7.18037827078915));
#5323=CARTESIAN_POINT('Ctrl Pts',(1.60412985639645,-2.543,7.18037827078915));
#5324=CARTESIAN_POINT('',(1.38175942073098,-2.543,7.05804594885493));
#5325=CARTESIAN_POINT('Ctrl Pts',(1.60412985639645,-2.543,7.18037827078915));
#5326=CARTESIAN_POINT('Ctrl Pts',(1.46636308262941,-2.543,7.18037827078915));
#5327=CARTESIAN_POINT('Ctrl Pts',(1.38175942073098,-2.543,7.05804594885493));
#5328=CARTESIAN_POINT('',(1.38175942073098,-2.54,7.05804594885493));
#5329=CARTESIAN_POINT('',(1.38175942073098,-2.54,7.05804594885493));
#5330=CARTESIAN_POINT('Ctrl Pts',(1.60412985639645,-2.54,7.18037827078915));
#5331=CARTESIAN_POINT('Ctrl Pts',(1.46636308262941,-2.54,7.18037827078915));
#5332=CARTESIAN_POINT('Ctrl Pts',(1.38175942073098,-2.54,7.05804594885493));
#5333=CARTESIAN_POINT('Ctrl Pts',(1.30801703975194,-2.54,6.80823648770888));
#5334=CARTESIAN_POINT('Ctrl Pts',(1.30801703975194,-2.543,6.80823648770888));
#5335=CARTESIAN_POINT('Ctrl Pts',(1.30801703975194,-2.54,6.95286301784607));
#5336=CARTESIAN_POINT('Ctrl Pts',(1.30801703975194,-2.543,6.95286301784607));
#5337=CARTESIAN_POINT('Ctrl Pts',(1.38175942073098,-2.54,7.05804594885493));
#5338=CARTESIAN_POINT('Ctrl Pts',(1.38175942073098,-2.543,7.05804594885493));
#5339=CARTESIAN_POINT('',(1.30801703975194,-2.543,6.80823648770888));
#5340=CARTESIAN_POINT('Ctrl Pts',(1.38175942073098,-2.543,7.05804594885493));
#5341=CARTESIAN_POINT('Ctrl Pts',(1.30801703975194,-2.543,6.95286301784607));
#5342=CARTESIAN_POINT('Ctrl Pts',(1.30801703975194,-2.543,6.80823648770888));
#5343=CARTESIAN_POINT('',(1.30801703975194,-2.54,6.80823648770888));
#5344=CARTESIAN_POINT('',(1.30801703975194,-2.54,6.80823648770888));
#5345=CARTESIAN_POINT('Ctrl Pts',(1.38175942073098,-2.54,7.05804594885493));
#5346=CARTESIAN_POINT('Ctrl Pts',(1.30801703975194,-2.54,6.95286301784607));
#5347=CARTESIAN_POINT('Ctrl Pts',(1.30801703975194,-2.54,6.80823648770888));
#5348=CARTESIAN_POINT('Ctrl Pts',(1.51266643812787,-2.54,6.57100324657477));
#5349=CARTESIAN_POINT('Ctrl Pts',(1.51266643812787,-2.543,6.57100324657477));
#5350=CARTESIAN_POINT('Ctrl Pts',(1.42177466622348,-2.54,6.57100324657477));
#5351=CARTESIAN_POINT('Ctrl Pts',(1.42177466622348,-2.543,6.57100324657477));
#5352=CARTESIAN_POINT('Ctrl Pts',(1.30801703975194,-2.54,6.69276392214481));
#5353=CARTESIAN_POINT('Ctrl Pts',(1.30801703975194,-2.543,6.69276392214481));
#5354=CARTESIAN_POINT('Ctrl Pts',(1.30801703975194,-2.54,6.80823648770888));
#5355=CARTESIAN_POINT('Ctrl Pts',(1.30801703975194,-2.543,6.80823648770888));
#5356=CARTESIAN_POINT('',(1.51266643812787,-2.543,6.57100324657477));
#5357=CARTESIAN_POINT('Ctrl Pts',(1.30801703975194,-2.543,6.80823648770888));
#5358=CARTESIAN_POINT('Ctrl Pts',(1.30801703975194,-2.543,6.69276392214481));
#5359=CARTESIAN_POINT('Ctrl Pts',(1.42177466622348,-2.543,6.57100324657477));
#5360=CARTESIAN_POINT('Ctrl Pts',(1.51266643812787,-2.543,6.57100324657477));
#5361=CARTESIAN_POINT('',(1.51266643812787,-2.54,6.57100324657477));
#5362=CARTESIAN_POINT('',(1.51266643812787,-2.54,6.57100324657477));
#5363=CARTESIAN_POINT('Ctrl Pts',(1.30801703975194,-2.54,6.80823648770888));
#5364=CARTESIAN_POINT('Ctrl Pts',(1.30801703975194,-2.54,6.69276392214481));
#5365=CARTESIAN_POINT('Ctrl Pts',(1.42177466622348,-2.54,6.57100324657477));
#5366=CARTESIAN_POINT('Ctrl Pts',(1.51266643812787,-2.54,6.57100324657477));
#5367=CARTESIAN_POINT('Ctrl Pts',(1.74532650834857,-2.54,6.76479136403131));
#5368=CARTESIAN_POINT('Ctrl Pts',(1.74532650834857,-2.543,6.76479136403131));
#5369=CARTESIAN_POINT('Ctrl Pts',(1.71674419013964,-2.54,6.67218465303438));
#5370=CARTESIAN_POINT('Ctrl Pts',(1.71674419013964,-2.543,6.67218465303438));
#5371=CARTESIAN_POINT('Ctrl Pts',(1.59041034365617,-2.54,6.57100324657477));
#5372=CARTESIAN_POINT('Ctrl Pts',(1.59041034365617,-2.543,6.57100324657477));
#5373=CARTESIAN_POINT('Ctrl Pts',(1.51266643812787,-2.54,6.57100324657477));
#5374=CARTESIAN_POINT('Ctrl Pts',(1.51266643812787,-2.543,6.57100324657477));
#5375=CARTESIAN_POINT('',(1.74532650834857,-2.543,6.76479136403131));
#5376=CARTESIAN_POINT('Ctrl Pts',(1.51266643812787,-2.543,6.57100324657477));
#5377=CARTESIAN_POINT('Ctrl Pts',(1.59041034365617,-2.543,6.57100324657477));
#5378=CARTESIAN_POINT('Ctrl Pts',(1.71674419013964,-2.543,6.67218465303438));
#5379=CARTESIAN_POINT('Ctrl Pts',(1.74532650834857,-2.543,6.76479136403131));
#5380=CARTESIAN_POINT('',(1.74532650834857,-2.54,6.76479136403131));
#5381=CARTESIAN_POINT('',(1.74532650834857,-2.54,6.76479136403131));
#5382=CARTESIAN_POINT('Ctrl Pts',(1.51266643812787,-2.54,6.57100324657477));
#5383=CARTESIAN_POINT('Ctrl Pts',(1.59041034365617,-2.54,6.57100324657477));
#5384=CARTESIAN_POINT('Ctrl Pts',(1.71674419013964,-2.54,6.67218465303438));
#5385=CARTESIAN_POINT('Ctrl Pts',(1.74532650834857,-2.54,6.76479136403131));
#5386=CARTESIAN_POINT('Origin',(1.74532650834857,-2.54,6.76479136403131));
#5387=CARTESIAN_POINT('',(1.74532650834857,-2.543,6.76479136403131));
#5388=CARTESIAN_POINT('',(3.34133654610029,-2.54,6.54465204847936));
#5389=CARTESIAN_POINT('Origin',(1.52118171733774,-2.543,6.87479410567689));
#5390=CARTESIAN_POINT('Origin',(0.854129826594129,-2.54,7.16551546532051));
#5391=CARTESIAN_POINT('',(0.854129826594129,-2.543,7.16551546532051));
#5392=CARTESIAN_POINT('',(0.602605426355545,-2.543,7.16551546532051));
#5393=CARTESIAN_POINT('',(0.854129826594129,-2.543,7.16551546532051));
#5394=CARTESIAN_POINT('',(0.602605426355545,-2.54,7.16551546532051));
#5395=CARTESIAN_POINT('',(0.602605426355545,-2.54,7.16551546532051));
#5396=CARTESIAN_POINT('',(0.854129826594129,-2.54,7.16551546532051));
#5397=CARTESIAN_POINT('',(2.45956491329706,-2.54,7.16551546532051));
#5398=CARTESIAN_POINT('',(0.854129826594129,-2.54,7.16551546532051));
#5399=CARTESIAN_POINT('Origin',(0.602605426355545,-2.54,7.16551546532051));
#5400=CARTESIAN_POINT('',(0.620898110009261,-2.543,7.25069077358312));
#5401=CARTESIAN_POINT('',(0.602605426355545,-2.543,7.16551546532051));
#5402=CARTESIAN_POINT('',(0.620898110009261,-2.54,7.25069077358312));
#5403=CARTESIAN_POINT('',(0.620898110009261,-2.54,7.25069077358312));
#5404=CARTESIAN_POINT('',(-0.0565912516904557,-2.54,4.09613093316888));
#5405=CARTESIAN_POINT('Origin',(0.620898110009261,-2.54,7.25069077358312));
#5406=CARTESIAN_POINT('',(1.21598197511918,-2.543,7.25069077358312));
#5407=CARTESIAN_POINT('',(0.620898110009261,-2.543,7.25069077358312));
#5408=CARTESIAN_POINT('',(1.21598197511918,-2.54,7.25069077358312));
#5409=CARTESIAN_POINT('',(1.21598197511918,-2.54,7.25069077358312));
#5410=CARTESIAN_POINT('',(2.34294905500463,-2.54,7.25069077358312));
#5411=CARTESIAN_POINT('Origin',(1.21598197511918,-2.54,7.25069077358312));
#5412=CARTESIAN_POINT('',(1.19826093782965,-2.543,7.16551546532051));
#5413=CARTESIAN_POINT('',(1.21598197511918,-2.543,7.25069077358312));
#5414=CARTESIAN_POINT('',(1.19826093782965,-2.54,7.16551546532051));
#5415=CARTESIAN_POINT('',(1.19826093782965,-2.54,7.16551546532051));
#5416=CARTESIAN_POINT('',(0.552113691696524,-2.54,4.05983999197115));
#5417=CARTESIAN_POINT('Origin',(1.19826093782965,-2.54,7.16551546532051));
#5418=CARTESIAN_POINT('',(0.954167940325384,-2.543,7.16551546532051));
#5419=CARTESIAN_POINT('',(1.19826093782965,-2.543,7.16551546532051));
#5420=CARTESIAN_POINT('',(0.954167940325384,-2.54,7.16551546532051));
#5421=CARTESIAN_POINT('',(0.954167940325384,-2.54,7.16551546532051));
#5422=CARTESIAN_POINT('',(2.63163046891482,-2.54,7.16551546532051));
#5423=CARTESIAN_POINT('Origin',(0.954167940325384,-2.54,7.16551546532051));
#5424=CARTESIAN_POINT('',(0.815257873829984,-2.543,6.5006907437808));
#5425=CARTESIAN_POINT('',(0.954167940325384,-2.543,7.16551546532051));
#5426=CARTESIAN_POINT('',(0.815257873829984,-2.54,6.5006907437808));
#5427=CARTESIAN_POINT('',(0.815257873829984,-2.54,6.5006907437808));
#5428=CARTESIAN_POINT('',(0.301956209585539,-2.54,4.04402475400183));
#5429=CARTESIAN_POINT('Origin',(0.815257873829984,-2.54,6.5006907437808));
#5430=CARTESIAN_POINT('',(0.71521976009873,-2.543,6.5006907437808));
#5431=CARTESIAN_POINT('',(0.815257873829984,-2.543,6.5006907437808));
#5432=CARTESIAN_POINT('',(0.71521976009873,-2.54,6.5006907437808));
#5433=CARTESIAN_POINT('',(0.71521976009873,-2.54,6.5006907437808));
#5434=CARTESIAN_POINT('',(2.44012893691499,-2.54,6.5006907437808));
#5435=CARTESIAN_POINT('Origin',(0.71521976009873,-2.54,6.5006907437808));
#5436=CARTESIAN_POINT('',(0.71521976009873,-2.543,6.5006907437808));
#5437=CARTESIAN_POINT('',(0.13455539586449,-2.54,3.72162631742516));
#5438=CARTESIAN_POINT('Origin',(0.867036620624972,-2.543,6.99661870405297));
#5439=CARTESIAN_POINT('Origin',(0.399099320707964,-2.54,7.25069077358312));
#5440=CARTESIAN_POINT('',(0.399099320707964,-2.543,7.25069077358312));
#5441=CARTESIAN_POINT('',(0.499137434439219,-2.543,7.25069077358312));
#5442=CARTESIAN_POINT('',(0.399099320707964,-2.543,7.25069077358312));
#5443=CARTESIAN_POINT('',(0.499137434439219,-2.54,7.25069077358312));
#5444=CARTESIAN_POINT('',(0.499137434439219,-2.54,7.25069077358312));
#5445=CARTESIAN_POINT('',(0.399099320707964,-2.54,7.25069077358312));
#5446=CARTESIAN_POINT('',(2.23204966035398,-2.54,7.25069077358312));
#5447=CARTESIAN_POINT('',(0.399099320707964,-2.54,7.25069077358312));
#5448=CARTESIAN_POINT('Origin',(0.499137434439219,-2.54,7.25069077358312));
#5449=CARTESIAN_POINT('',(0.342506330654282,-2.543,6.5006907437808));
#5450=CARTESIAN_POINT('',(0.499137434439219,-2.543,7.25069077358312));
#5451=CARTESIAN_POINT('',(0.342506330654282,-2.54,6.5006907437808));
#5452=CARTESIAN_POINT('',(0.342506330654282,-2.54,6.5006907437808));
#5453=CARTESIAN_POINT('',(-0.151831054789861,-2.54,4.13364457698256));
#5454=CARTESIAN_POINT('Origin',(0.342506330654282,-2.54,6.5006907437808));
#5455=CARTESIAN_POINT('',(0.242468216923027,-2.543,6.5006907437808));
#5456=CARTESIAN_POINT('',(0.342506330654282,-2.543,6.5006907437808));
#5457=CARTESIAN_POINT('',(0.242468216923027,-2.54,6.5006907437808));
#5458=CARTESIAN_POINT('',(0.242468216923027,-2.54,6.5006907437808));
#5459=CARTESIAN_POINT('',(2.20375316532714,-2.54,6.5006907437808));
#5460=CARTESIAN_POINT('Origin',(0.242468216923027,-2.54,6.5006907437808));
#5461=CARTESIAN_POINT('',(0.242468216923027,-2.543,6.5006907437808));
#5462=CARTESIAN_POINT('',(-0.328094323561378,-2.54,3.76865405357811));
#5463=CARTESIAN_POINT('Origin',(0.370802825681123,-2.543,6.87569075868196));
#5464=CARTESIAN_POINT('Origin',(-0.676167490311982,-2.54,7.25069077358312));
#5465=CARTESIAN_POINT('',(-0.676167490311982,-2.543,7.25069077358312));
#5466=CARTESIAN_POINT('',(-0.574414437488191,-2.543,7.25069077358312));
#5467=CARTESIAN_POINT('',(-0.676167490311982,-2.543,7.25069077358312));
#5468=CARTESIAN_POINT('',(-0.574414437488191,-2.54,7.25069077358312));
#5469=CARTESIAN_POINT('',(-0.574414437488191,-2.54,7.25069077358312));
#5470=CARTESIAN_POINT('',(-0.676167490311982,-2.54,7.25069077358312));
#5471=CARTESIAN_POINT('',(1.69441625484401,-2.54,7.25069077358312));
#5472=CARTESIAN_POINT('',(-0.676167490311982,-2.54,7.25069077358312));
#5473=CARTESIAN_POINT('Origin',(-0.574414437488191,-2.54,7.25069077358312));
#5474=CARTESIAN_POINT('',(-0.557265046562833,-2.543,6.87969228323121));
#5475=CARTESIAN_POINT('',(-0.574414437488191,-2.543,7.25069077358312));
#5476=CARTESIAN_POINT('',(-0.557265046562833,-2.54,6.87969228323121));
#5477=CARTESIAN_POINT('',(-0.557265046562833,-2.54,6.87969228323121));
#5478=CARTESIAN_POINT('',(-0.402244243203646,-2.54,3.52607557056076));
#5479=CARTESIAN_POINT('Ctrl Pts',(-0.552120229285226,-2.54,6.7356373994582));
#5480=CARTESIAN_POINT('Ctrl Pts',(-0.552120229285226,-2.543,6.7356373994582));
#5481=CARTESIAN_POINT('Ctrl Pts',(-0.555550107470297,-2.54,6.85339655047899));
#5482=CARTESIAN_POINT('Ctrl Pts',(-0.555550107470297,-2.543,6.85339655047899));
#5483=CARTESIAN_POINT('Ctrl Pts',(-0.557265046562833,-2.54,6.87969228323121));
#5484=CARTESIAN_POINT('Ctrl Pts',(-0.557265046562833,-2.543,6.87969228323121));
#5485=CARTESIAN_POINT('',(-0.552120229285226,-2.543,6.7356373994582));
#5486=CARTESIAN_POINT('Ctrl Pts',(-0.557265046562833,-2.543,6.87969228323121));
#5487=CARTESIAN_POINT('Ctrl Pts',(-0.555550107470297,-2.543,6.85339655047899));
#5488=CARTESIAN_POINT('Ctrl Pts',(-0.552120229285226,-2.543,6.7356373994582));
#5489=CARTESIAN_POINT('',(-0.552120229285226,-2.54,6.7356373994582));
#5490=CARTESIAN_POINT('',(-0.552120229285226,-2.54,6.7356373994582));
#5491=CARTESIAN_POINT('Ctrl Pts',(-0.557265046562833,-2.54,6.87969228323121));
#5492=CARTESIAN_POINT('Ctrl Pts',(-0.555550107470297,-2.54,6.85339655047899));
#5493=CARTESIAN_POINT('Ctrl Pts',(-0.552120229285226,-2.54,6.7356373994582));
#5494=CARTESIAN_POINT('Ctrl Pts',(-0.550976936556868,-2.54,6.68933404395974));
#5495=CARTESIAN_POINT('Ctrl Pts',(-0.550976936556868,-2.543,6.68933404395974));
#5496=CARTESIAN_POINT('Ctrl Pts',(-0.550976936556868,-2.54,6.70305355670002));
#5497=CARTESIAN_POINT('Ctrl Pts',(-0.550976936556868,-2.543,6.70305355670002));
#5498=CARTESIAN_POINT('Ctrl Pts',(-0.552120229285226,-2.54,6.7356373994582));
#5499=CARTESIAN_POINT('Ctrl Pts',(-0.552120229285226,-2.543,6.7356373994582));
#5500=CARTESIAN_POINT('',(-0.550976936556868,-2.543,6.68933404395974));
#5501=CARTESIAN_POINT('Ctrl Pts',(-0.552120229285226,-2.543,6.7356373994582));
#5502=CARTESIAN_POINT('Ctrl Pts',(-0.550976936556868,-2.543,6.70305355670002));
#5503=CARTESIAN_POINT('Ctrl Pts',(-0.550976936556868,-2.543,6.68933404395974));
#5504=CARTESIAN_POINT('',(-0.550976936556868,-2.54,6.68933404395974));
#5505=CARTESIAN_POINT('',(-0.550976936556868,-2.54,6.68933404395974));
#5506=CARTESIAN_POINT('Ctrl Pts',(-0.552120229285226,-2.54,6.7356373994582));
#5507=CARTESIAN_POINT('Ctrl Pts',(-0.550976936556868,-2.54,6.70305355670002));
#5508=CARTESIAN_POINT('Ctrl Pts',(-0.550976936556868,-2.54,6.68933404395974));
#5509=CARTESIAN_POINT('Ctrl Pts',(-0.550976936556868,-2.54,6.63845751754784));
#5510=CARTESIAN_POINT('Ctrl Pts',(-0.550976936556868,-2.543,6.63845751754784));
#5511=CARTESIAN_POINT('Ctrl Pts',(-0.551548582921047,-2.54,6.68075934849706));
#5512=CARTESIAN_POINT('Ctrl Pts',(-0.551548582921047,-2.543,6.68075934849706));
#5513=CARTESIAN_POINT('Ctrl Pts',(-0.550976936556868,-2.54,6.68933404395974));
#5514=CARTESIAN_POINT('Ctrl Pts',(-0.550976936556868,-2.543,6.68933404395974));
#5515=CARTESIAN_POINT('',(-0.550976936556868,-2.543,6.63845751754784));
#5516=CARTESIAN_POINT('Ctrl Pts',(-0.550976936556868,-2.543,6.68933404395974));
#5517=CARTESIAN_POINT('Ctrl Pts',(-0.551548582921047,-2.543,6.68075934849706));
#5518=CARTESIAN_POINT('Ctrl Pts',(-0.550976936556868,-2.543,6.63845751754784));
#5519=CARTESIAN_POINT('',(-0.550976936556868,-2.54,6.63845751754784));
#5520=CARTESIAN_POINT('',(-0.550976936556868,-2.54,6.63845751754784));
#5521=CARTESIAN_POINT('Ctrl Pts',(-0.550976936556868,-2.54,6.68933404395974));
#5522=CARTESIAN_POINT('Ctrl Pts',(-0.551548582921047,-2.54,6.68075934849706));
#5523=CARTESIAN_POINT('Ctrl Pts',(-0.550976936556868,-2.54,6.63845751754784));
#5524=CARTESIAN_POINT('Ctrl Pts',(-0.461800103745007,-2.54,6.81909776862828));
#5525=CARTESIAN_POINT('Ctrl Pts',(-0.461800103745007,-2.543,6.81909776862828));
#5526=CARTESIAN_POINT('Ctrl Pts',(-0.48923912922558,-2.54,6.76650630312384));
#5527=CARTESIAN_POINT('Ctrl Pts',(-0.48923912922558,-2.543,6.76650630312384));
#5528=CARTESIAN_POINT('Ctrl Pts',(-0.550976936556868,-2.54,6.63845751754784));
#5529=CARTESIAN_POINT('Ctrl Pts',(-0.550976936556868,-2.543,6.63845751754784));
#5530=CARTESIAN_POINT('',(-0.461800103745007,-2.543,6.81909776862828));
#5531=CARTESIAN_POINT('Ctrl Pts',(-0.550976936556868,-2.543,6.63845751754784));
#5532=CARTESIAN_POINT('Ctrl Pts',(-0.48923912922558,-2.543,6.76650630312384));
#5533=CARTESIAN_POINT('Ctrl Pts',(-0.461800103745007,-2.543,6.81909776862828));
#5534=CARTESIAN_POINT('',(-0.461800103745007,-2.54,6.81909776862828));
#5535=CARTESIAN_POINT('',(-0.461800103745007,-2.54,6.81909776862828));
#5536=CARTESIAN_POINT('Ctrl Pts',(-0.550976936556868,-2.54,6.63845751754784));
#5537=CARTESIAN_POINT('Ctrl Pts',(-0.48923912922558,-2.54,6.76650630312384));
#5538=CARTESIAN_POINT('Ctrl Pts',(-0.461800103745007,-2.54,6.81909776862828));
#5539=CARTESIAN_POINT('Origin',(-0.461800103745007,-2.54,6.81909776862828));
#5540=CARTESIAN_POINT('',(-0.233141558073567,-2.543,7.25069077358312));
#5541=CARTESIAN_POINT('',(-0.461800103745007,-2.543,6.81909776862828));
#5542=CARTESIAN_POINT('',(-0.233141558073567,-2.54,7.25069077358312));
#5543=CARTESIAN_POINT('',(-0.233141558073567,-2.54,7.25069077358312));
#5544=CARTESIAN_POINT('',(-1.37620680867055,-2.54,5.09315511308132));
#5545=CARTESIAN_POINT('Origin',(-0.233141558073567,-2.54,7.25069077358312));
#5546=CARTESIAN_POINT('',(-0.129673566157241,-2.543,7.25069077358312));
#5547=CARTESIAN_POINT('',(-0.233141558073567,-2.543,7.25069077358312));
#5548=CARTESIAN_POINT('',(-0.129673566157241,-2.54,7.25069077358312));
#5549=CARTESIAN_POINT('',(-0.129673566157241,-2.54,7.25069077358312));
#5550=CARTESIAN_POINT('',(1.91592922096322,-2.54,7.25069077358312));
#5551=CARTESIAN_POINT('Origin',(-0.129673566157241,-2.54,7.25069077358312));
#5552=CARTESIAN_POINT('',(-0.104521126133382,-2.543,6.81223801225813));
#5553=CARTESIAN_POINT('',(-0.129673566157241,-2.543,7.25069077358312));
#5554=CARTESIAN_POINT('',(-0.104521126133382,-2.54,6.81223801225813));
#5555=CARTESIAN_POINT('',(-0.104521126133382,-2.54,6.81223801225813));
#5556=CARTESIAN_POINT('',(0.0844966233899355,-2.54,3.51731496943122));
#5557=CARTESIAN_POINT('Ctrl Pts',(-0.0988046624915961,-2.54,6.63102611481352));
#5558=CARTESIAN_POINT('Ctrl Pts',(-0.0988046624915961,-2.543,6.63102611481352));
#5559=CARTESIAN_POINT('Ctrl Pts',(-0.101091247948311,-2.54,6.73735233855074));
#5560=CARTESIAN_POINT('Ctrl Pts',(-0.101091247948311,-2.543,6.73735233855074));
#5561=CARTESIAN_POINT('Ctrl Pts',(-0.104521126133382,-2.54,6.81223801225813));
#5562=CARTESIAN_POINT('Ctrl Pts',(-0.104521126133382,-2.543,6.81223801225813));
#5563=CARTESIAN_POINT('',(-0.0988046624915961,-2.543,6.63102611481352));
#5564=CARTESIAN_POINT('Ctrl Pts',(-0.104521126133382,-2.543,6.81223801225813));
#5565=CARTESIAN_POINT('Ctrl Pts',(-0.101091247948311,-2.543,6.73735233855074));
#5566=CARTESIAN_POINT('Ctrl Pts',(-0.0988046624915961,-2.543,6.63102611481352));
#5567=CARTESIAN_POINT('',(-0.0988046624915961,-2.54,6.63102611481352));
#5568=CARTESIAN_POINT('',(-0.0988046624915961,-2.54,6.63102611481352));
#5569=CARTESIAN_POINT('Ctrl Pts',(-0.104521126133382,-2.54,6.81223801225813));
#5570=CARTESIAN_POINT('Ctrl Pts',(-0.101091247948311,-2.54,6.73735233855074));
#5571=CARTESIAN_POINT('Ctrl Pts',(-0.0988046624915961,-2.54,6.63102611481352));
#5572=CARTESIAN_POINT('Ctrl Pts',(-0.0667924660975949,-2.54,6.70877002034181));
#5573=CARTESIAN_POINT('Ctrl Pts',(-0.0667924660975949,-2.543,6.70877002034181));
#5574=CARTESIAN_POINT('Ctrl Pts',(-0.0902299670289175,-2.54,6.65732184756573));
#5575=CARTESIAN_POINT('Ctrl Pts',(-0.0902299670289175,-2.543,6.65732184756573));
#5576=CARTESIAN_POINT('Ctrl Pts',(-0.0988046624915961,-2.54,6.63102611481352));
#5577=CARTESIAN_POINT('Ctrl Pts',(-0.0988046624915961,-2.543,6.63102611481352));
#5578=CARTESIAN_POINT('',(-0.0667924660975949,-2.543,6.70877002034181));
#5579=CARTESIAN_POINT('Ctrl Pts',(-0.0988046624915961,-2.543,6.63102611481352));
#5580=CARTESIAN_POINT('Ctrl Pts',(-0.0902299670289175,-2.543,6.65732184756573));
#5581=CARTESIAN_POINT('Ctrl Pts',(-0.0667924660975949,-2.543,6.70877002034181));
#5582=CARTESIAN_POINT('',(-0.0667924660975949,-2.54,6.70877002034181));
#5583=CARTESIAN_POINT('',(-0.0667924660975949,-2.54,6.70877002034181));
#5584=CARTESIAN_POINT('Ctrl Pts',(-0.0988046624915961,-2.54,6.63102611481352));
#5585=CARTESIAN_POINT('Ctrl Pts',(-0.0902299670289175,-2.54,6.65732184756573));
#5586=CARTESIAN_POINT('Ctrl Pts',(-0.0667924660975949,-2.54,6.70877002034181));
#5587=CARTESIAN_POINT('Ctrl Pts',(-0.0113427687722706,-2.54,6.82767246409096));
#5588=CARTESIAN_POINT('Ctrl Pts',(-0.0113427687722706,-2.543,6.82767246409096));
#5589=CARTESIAN_POINT('Ctrl Pts',(-0.029063806061807,-2.54,6.79223038951188));
#5590=CARTESIAN_POINT('Ctrl Pts',(-0.029063806061807,-2.543,6.79223038951188));
#5591=CARTESIAN_POINT('Ctrl Pts',(-0.0667924660975949,-2.54,6.70877002034181));
#5592=CARTESIAN_POINT('Ctrl Pts',(-0.0667924660975949,-2.543,6.70877002034181));
#5593=CARTESIAN_POINT('',(-0.0113427687722706,-2.543,6.82767246409096));
#5594=CARTESIAN_POINT('Ctrl Pts',(-0.0667924660975949,-2.543,6.70877002034181));
#5595=CARTESIAN_POINT('Ctrl Pts',(-0.029063806061807,-2.543,6.79223038951188));
#5596=CARTESIAN_POINT('Ctrl Pts',(-0.0113427687722706,-2.543,6.82767246409096));
#5597=CARTESIAN_POINT('',(-0.0113427687722706,-2.54,6.82767246409096));
#5598=CARTESIAN_POINT('',(-0.0113427687722706,-2.54,6.82767246409096));
#5599=CARTESIAN_POINT('Ctrl Pts',(-0.0667924660975949,-2.54,6.70877002034181));
#5600=CARTESIAN_POINT('Ctrl Pts',(-0.029063806061807,-2.54,6.79223038951188));
#5601=CARTESIAN_POINT('Ctrl Pts',(-0.0113427687722706,-2.54,6.82767246409096));
#5602=CARTESIAN_POINT('Origin',(-0.0113427687722706,-2.54,6.82767246409096));
#5603=CARTESIAN_POINT('',(0.202452971430526,-2.543,7.25069077358312));
#5604=CARTESIAN_POINT('',(-0.0113427687722706,-2.543,6.82767246409096));
#5605=CARTESIAN_POINT('',(0.202452971430526,-2.54,7.25069077358312));
#5606=CARTESIAN_POINT('',(0.202452971430526,-2.54,7.25069077358312));
#5607=CARTESIAN_POINT('',(-0.970971984946379,-2.54,4.9289408598962));
#5608=CARTESIAN_POINT('Origin',(0.202452971430526,-2.54,7.25069077358312));
#5609=CARTESIAN_POINT('',(0.305349316982673,-2.543,7.25069077358312));
#5610=CARTESIAN_POINT('',(0.202452971430526,-2.543,7.25069077358312));
#5611=CARTESIAN_POINT('',(0.305349316982673,-2.54,7.25069077358312));
#5612=CARTESIAN_POINT('',(0.305349316982673,-2.54,7.25069077358312));
#5613=CARTESIAN_POINT('',(2.13372648571526,-2.54,7.25069077358312));
#5614=CARTESIAN_POINT('Origin',(0.305349316982673,-2.54,7.25069077358312));
#5615=CARTESIAN_POINT('',(-0.0765104542886308,-2.543,6.5006907437808));
#5616=CARTESIAN_POINT('',(0.305349316982673,-2.543,7.25069077358312));
#5617=CARTESIAN_POINT('',(-0.0765104542886308,-2.54,6.5006907437808));
#5618=CARTESIAN_POINT('',(-0.0765104542886308,-2.54,6.5006907437808));
#5619=CARTESIAN_POINT('',(-0.773503812109909,-2.54,5.13174570566475));
#5620=CARTESIAN_POINT('Origin',(-0.0765104542886308,-2.54,6.5006907437808));
#5621=CARTESIAN_POINT('',(-0.184551617118386,-2.543,6.5006907437808));
#5622=CARTESIAN_POINT('',(-0.0765104542886308,-2.543,6.5006907437808));
#5623=CARTESIAN_POINT('',(-0.184551617118386,-2.54,6.5006907437808));
#5624=CARTESIAN_POINT('',(-0.184551617118386,-2.54,6.5006907437808));
#5625=CARTESIAN_POINT('',(1.99424477285568,-2.54,6.5006907437808));
#5626=CARTESIAN_POINT('Origin',(-0.184551617118386,-2.54,6.5006907437808));
#5627=CARTESIAN_POINT('',(-0.208560764413888,-2.543,6.95514960330278));
#5628=CARTESIAN_POINT('',(-0.184551617118386,-2.543,6.5006907437808));
#5629=CARTESIAN_POINT('',(-0.208560764413888,-2.54,6.95514960330278));
#5630=CARTESIAN_POINT('',(-0.208560764413888,-2.54,6.95514960330278));
#5631=CARTESIAN_POINT('',(-0.00739938428739872,-2.54,3.14745205090853));
#5632=CARTESIAN_POINT('Ctrl Pts',(-0.214848874419852,-2.54,7.09863284071161));
#5633=CARTESIAN_POINT('Ctrl Pts',(-0.214848874419852,-2.543,7.09863284071161));
#5634=CARTESIAN_POINT('Ctrl Pts',(-0.212562288963137,-2.54,7.013457532449));
#5635=CARTESIAN_POINT('Ctrl Pts',(-0.212562288963137,-2.543,7.013457532449));
#5636=CARTESIAN_POINT('Ctrl Pts',(-0.208560764413888,-2.54,6.95514960330278));
#5637=CARTESIAN_POINT('Ctrl Pts',(-0.208560764413888,-2.543,6.95514960330278));
#5638=CARTESIAN_POINT('',(-0.214848874419852,-2.543,7.09863284071161));
#5639=CARTESIAN_POINT('Ctrl Pts',(-0.208560764413888,-2.543,6.95514960330278));
#5640=CARTESIAN_POINT('Ctrl Pts',(-0.212562288963137,-2.543,7.013457532449));
#5641=CARTESIAN_POINT('Ctrl Pts',(-0.214848874419852,-2.543,7.09863284071161));
#5642=CARTESIAN_POINT('',(-0.214848874419852,-2.54,7.09863284071161));
#5643=CARTESIAN_POINT('',(-0.214848874419852,-2.54,7.09863284071161));
#5644=CARTESIAN_POINT('Ctrl Pts',(-0.208560764413888,-2.54,6.95514960330278));
#5645=CARTESIAN_POINT('Ctrl Pts',(-0.212562288963137,-2.54,7.013457532449));
#5646=CARTESIAN_POINT('Ctrl Pts',(-0.214848874419852,-2.54,7.09863284071161));
#5647=CARTESIAN_POINT('Ctrl Pts',(-0.267440339924283,-2.54,6.98773344606096));
#5648=CARTESIAN_POINT('Ctrl Pts',(-0.267440339924283,-2.543,6.98773344606096));
#5649=CARTESIAN_POINT('Ctrl Pts',(-0.246289424449675,-2.54,7.02717704518929));
#5650=CARTESIAN_POINT('Ctrl Pts',(-0.246289424449675,-2.543,7.02717704518929));
#5651=CARTESIAN_POINT('Ctrl Pts',(-0.214848874419852,-2.54,7.09863284071161));
#5652=CARTESIAN_POINT('Ctrl Pts',(-0.214848874419852,-2.543,7.09863284071161));
#5653=CARTESIAN_POINT('',(-0.267440339924283,-2.543,6.98773344606096));
#5654=CARTESIAN_POINT('Ctrl Pts',(-0.214848874419852,-2.543,7.09863284071161));
#5655=CARTESIAN_POINT('Ctrl Pts',(-0.246289424449675,-2.543,7.02717704518929));
#5656=CARTESIAN_POINT('Ctrl Pts',(-0.267440339924283,-2.543,6.98773344606096));
#5657=CARTESIAN_POINT('',(-0.267440339924283,-2.54,6.98773344606096));
#5658=CARTESIAN_POINT('',(-0.267440339924283,-2.54,6.98773344606096));
#5659=CARTESIAN_POINT('Ctrl Pts',(-0.214848874419852,-2.54,7.09863284071161));
#5660=CARTESIAN_POINT('Ctrl Pts',(-0.246289424449675,-2.54,7.02717704518929));
#5661=CARTESIAN_POINT('Ctrl Pts',(-0.267440339924283,-2.54,6.98773344606096));
#5662=CARTESIAN_POINT('Origin',(-0.267440339924283,-2.54,6.98773344606096));
#5663=CARTESIAN_POINT('',(-0.526967789261367,-2.543,6.5006907437808));
#5664=CARTESIAN_POINT('',(-0.267440339924283,-2.543,6.98773344606096));
#5665=CARTESIAN_POINT('',(-0.526967789261367,-2.54,6.5006907437808));
#5666=CARTESIAN_POINT('',(-0.526967789261367,-2.54,6.5006907437808));
#5667=CARTESIAN_POINT('',(-1.23840980715681,-2.54,5.1655616705497));
#5668=CARTESIAN_POINT('Origin',(-0.526967789261367,-2.54,6.5006907437808));
#5669=CARTESIAN_POINT('',(-0.630435781177694,-2.543,6.5006907437808));
#5670=CARTESIAN_POINT('',(-0.526967789261367,-2.543,6.5006907437808));
#5671=CARTESIAN_POINT('',(-0.630435781177694,-2.54,6.5006907437808));
#5672=CARTESIAN_POINT('',(-0.630435781177694,-2.54,6.5006907437808));
#5673=CARTESIAN_POINT('',(1.76901610536932,-2.54,6.5006907437808));
#5674=CARTESIAN_POINT('Origin',(-0.630435781177694,-2.54,6.5006907437808));
#5675=CARTESIAN_POINT('',(-0.630435781177694,-2.543,6.5006907437808));
#5676=CARTESIAN_POINT('',(-0.424281602819451,-2.54,3.11976221870561));
#5677=CARTESIAN_POINT('Origin',(-0.257498222512711,-2.543,6.89575549437556));
#5678=CARTESIAN_POINT('Origin',(-1.33470410184573,-2.54,6.75221514401938));
#5679=CARTESIAN_POINT('',(-1.33470410184573,-2.543,6.75221514401938));
#5680=CARTESIAN_POINT('',(-1.33584739457409,-2.543,6.72591941126717));
#5681=CARTESIAN_POINT('',(-1.33470410184573,-2.543,6.75221514401938));
#5682=CARTESIAN_POINT('',(-1.33584739457409,-2.54,6.72591941126717));
#5683=CARTESIAN_POINT('',(-1.33584739457409,-2.54,6.72591941126717));
#5684=CARTESIAN_POINT('',(-1.33470410184573,-2.54,6.75221514401938));
#5685=CARTESIAN_POINT('',(-1.47612036996894,-2.54,3.49964097718561));
#5686=CARTESIAN_POINT('',(-1.33470410184573,-2.54,6.75221514401938));
#5687=CARTESIAN_POINT('Ctrl Pts',(-1.13977269166083,-2.54,6.57100324657477));
#5688=CARTESIAN_POINT('Ctrl Pts',(-1.13977269166083,-2.543,6.57100324657477));
#5689=CARTESIAN_POINT('Ctrl Pts',(-1.20379708444883,-2.54,6.57100324657477));
#5690=CARTESIAN_POINT('Ctrl Pts',(-1.20379708444883,-2.543,6.57100324657477));
#5691=CARTESIAN_POINT('Ctrl Pts',(-1.29583214908158,-2.54,6.61044684570309));
#5692=CARTESIAN_POINT('Ctrl Pts',(-1.29583214908158,-2.543,6.61044684570309));
#5693=CARTESIAN_POINT('Ctrl Pts',(-1.33584739457409,-2.54,6.68247428758959));
#5694=CARTESIAN_POINT('Ctrl Pts',(-1.33584739457409,-2.543,6.68247428758959));
#5695=CARTESIAN_POINT('Ctrl Pts',(-1.33584739457409,-2.54,6.72591941126717));
#5696=CARTESIAN_POINT('Ctrl Pts',(-1.33584739457409,-2.543,6.72591941126717));
#5697=CARTESIAN_POINT('',(-1.13977269166083,-2.543,6.57100324657477));
#5698=CARTESIAN_POINT('Ctrl Pts',(-1.33584739457409,-2.543,6.72591941126717));
#5699=CARTESIAN_POINT('Ctrl Pts',(-1.33584739457409,-2.543,6.68247428758959));
#5700=CARTESIAN_POINT('Ctrl Pts',(-1.29583214908158,-2.543,6.61044684570309));
#5701=CARTESIAN_POINT('Ctrl Pts',(-1.20379708444883,-2.543,6.57100324657477));
#5702=CARTESIAN_POINT('Ctrl Pts',(-1.13977269166083,-2.543,6.57100324657477));
#5703=CARTESIAN_POINT('',(-1.13977269166083,-2.54,6.57100324657477));
#5704=CARTESIAN_POINT('',(-1.13977269166083,-2.54,6.57100324657477));
#5705=CARTESIAN_POINT('Ctrl Pts',(-1.33584739457409,-2.54,6.72591941126717));
#5706=CARTESIAN_POINT('Ctrl Pts',(-1.33584739457409,-2.54,6.68247428758959));
#5707=CARTESIAN_POINT('Ctrl Pts',(-1.29583214908158,-2.54,6.61044684570309));
#5708=CARTESIAN_POINT('Ctrl Pts',(-1.20379708444883,-2.54,6.57100324657477));
#5709=CARTESIAN_POINT('Ctrl Pts',(-1.13977269166083,-2.54,6.57100324657477));
#5710=CARTESIAN_POINT('Ctrl Pts',(-0.955130916031138,-2.54,6.70076697124331));
#5711=CARTESIAN_POINT('Ctrl Pts',(-0.955130916031138,-2.543,6.70076697124331));
#5712=CARTESIAN_POINT('Ctrl Pts',(-0.955130916031138,-2.54,6.64989044483141));
#5713=CARTESIAN_POINT('Ctrl Pts',(-0.955130916031138,-2.543,6.64989044483141));
#5714=CARTESIAN_POINT('Ctrl Pts',(-1.05002421248479,-2.54,6.57100324657477));
#5715=CARTESIAN_POINT('Ctrl Pts',(-1.05002421248479,-2.543,6.57100324657477));
#5716=CARTESIAN_POINT('Ctrl Pts',(-1.13977269166083,-2.54,6.57100324657477));
#5717=CARTESIAN_POINT('Ctrl Pts',(-1.13977269166083,-2.543,6.57100324657477));
#5718=CARTESIAN_POINT('',(-0.955130916031138,-2.543,6.70076697124331));
#5719=CARTESIAN_POINT('Ctrl Pts',(-1.13977269166083,-2.543,6.57100324657477));
#5720=CARTESIAN_POINT('Ctrl Pts',(-1.05002421248479,-2.543,6.57100324657477));
#5721=CARTESIAN_POINT('Ctrl Pts',(-0.955130916031138,-2.543,6.64989044483141));
#5722=CARTESIAN_POINT('Ctrl Pts',(-0.955130916031138,-2.543,6.70076697124331));
#5723=CARTESIAN_POINT('',(-0.955130916031138,-2.54,6.70076697124331));
#5724=CARTESIAN_POINT('',(-0.955130916031138,-2.54,6.70076697124331));
#5725=CARTESIAN_POINT('Ctrl Pts',(-1.13977269166083,-2.54,6.57100324657477));
#5726=CARTESIAN_POINT('Ctrl Pts',(-1.05002421248479,-2.54,6.57100324657477));
#5727=CARTESIAN_POINT('Ctrl Pts',(-0.955130916031138,-2.54,6.64989044483141));
#5728=CARTESIAN_POINT('Ctrl Pts',(-0.955130916031138,-2.54,6.70076697124331));
#5729=CARTESIAN_POINT('Ctrl Pts',(-0.980283356054997,-2.54,6.76536301039549));
#5730=CARTESIAN_POINT('Ctrl Pts',(-0.980283356054997,-2.543,6.76536301039549));
#5731=CARTESIAN_POINT('Ctrl Pts',(-0.955130916031138,-2.54,6.73620904582238));
#5732=CARTESIAN_POINT('Ctrl Pts',(-0.955130916031138,-2.543,6.73620904582238));
#5733=CARTESIAN_POINT('Ctrl Pts',(-0.955130916031138,-2.54,6.70076697124331));
#5734=CARTESIAN_POINT('Ctrl Pts',(-0.955130916031138,-2.543,6.70076697124331));
#5735=CARTESIAN_POINT('',(-0.980283356054997,-2.543,6.76536301039549));
#5736=CARTESIAN_POINT('Ctrl Pts',(-0.955130916031138,-2.543,6.70076697124331));
#5737=CARTESIAN_POINT('Ctrl Pts',(-0.955130916031138,-2.543,6.73620904582238));
#5738=CARTESIAN_POINT('Ctrl Pts',(-0.980283356054997,-2.543,6.76536301039549));
#5739=CARTESIAN_POINT('',(-0.980283356054997,-2.54,6.76536301039549));
#5740=CARTESIAN_POINT('',(-0.980283356054997,-2.54,6.76536301039549));
#5741=CARTESIAN_POINT('Ctrl Pts',(-0.955130916031138,-2.54,6.70076697124331));
#5742=CARTESIAN_POINT('Ctrl Pts',(-0.955130916031138,-2.54,6.73620904582238));
#5743=CARTESIAN_POINT('Ctrl Pts',(-0.980283356054997,-2.54,6.76536301039549));
#5744=CARTESIAN_POINT('Ctrl Pts',(-1.12033671527875,-2.54,6.84310691592378));
#5745=CARTESIAN_POINT('Ctrl Pts',(-1.12033671527875,-2.543,6.84310691592378));
#5746=CARTESIAN_POINT('Ctrl Pts',(-1.00600744244303,-2.54,6.79394532860442));
#5747=CARTESIAN_POINT('Ctrl Pts',(-1.00600744244303,-2.543,6.79394532860442));
#5748=CARTESIAN_POINT('Ctrl Pts',(-0.980283356054997,-2.54,6.76536301039549));
#5749=CARTESIAN_POINT('Ctrl Pts',(-0.980283356054997,-2.543,6.76536301039549));
#5750=CARTESIAN_POINT('',(-1.12033671527875,-2.543,6.84310691592378));
#5751=CARTESIAN_POINT('Ctrl Pts',(-0.980283356054997,-2.543,6.76536301039549));
#5752=CARTESIAN_POINT('Ctrl Pts',(-1.00600744244303,-2.543,6.79394532860442));
#5753=CARTESIAN_POINT('Ctrl Pts',(-1.12033671527875,-2.543,6.84310691592378));
#5754=CARTESIAN_POINT('',(-1.12033671527875,-2.54,6.84310691592378));
#5755=CARTESIAN_POINT('',(-1.12033671527875,-2.54,6.84310691592378));
#5756=CARTESIAN_POINT('Ctrl Pts',(-0.980283356054997,-2.54,6.76536301039549));
#5757=CARTESIAN_POINT('Ctrl Pts',(-1.00600744244303,-2.54,6.79394532860442));
#5758=CARTESIAN_POINT('Ctrl Pts',(-1.12033671527875,-2.54,6.84310691592378));
#5759=CARTESIAN_POINT('Ctrl Pts',(-1.24095409812044,-2.54,6.90198649143417));
#5760=CARTESIAN_POINT('Ctrl Pts',(-1.24095409812044,-2.543,6.90198649143417));
#5761=CARTESIAN_POINT('Ctrl Pts',(-1.20894190172644,-2.54,6.88140722232374));
#5762=CARTESIAN_POINT('Ctrl Pts',(-1.20894190172644,-2.543,6.88140722232374));
#5763=CARTESIAN_POINT('Ctrl Pts',(-1.12033671527875,-2.54,6.84310691592378));
#5764=CARTESIAN_POINT('Ctrl Pts',(-1.12033671527875,-2.543,6.84310691592378));
#5765=CARTESIAN_POINT('',(-1.24095409812044,-2.543,6.90198649143417));
#5766=CARTESIAN_POINT('Ctrl Pts',(-1.12033671527875,-2.543,6.84310691592378));
#5767=CARTESIAN_POINT('Ctrl Pts',(-1.20894190172644,-2.543,6.88140722232374));
#5768=CARTESIAN_POINT('Ctrl Pts',(-1.24095409812044,-2.543,6.90198649143417));
#5769=CARTESIAN_POINT('',(-1.24095409812044,-2.54,6.90198649143417));
#5770=CARTESIAN_POINT('',(-1.24095409812044,-2.54,6.90198649143417));
#5771=CARTESIAN_POINT('Ctrl Pts',(-1.12033671527875,-2.54,6.84310691592378));
#5772=CARTESIAN_POINT('Ctrl Pts',(-1.20894190172644,-2.54,6.88140722232374));
#5773=CARTESIAN_POINT('Ctrl Pts',(-1.24095409812044,-2.54,6.90198649143417));
#5774=CARTESIAN_POINT('Ctrl Pts',(-1.33984891912334,-2.54,7.06319076613254));
#5775=CARTESIAN_POINT('Ctrl Pts',(-1.33984891912334,-2.543,7.06319076613254));
#5776=CARTESIAN_POINT('Ctrl Pts',(-1.33984891912334,-2.54,7.013457532449));
#5777=CARTESIAN_POINT('Ctrl Pts',(-1.33984891912334,-2.543,7.013457532449));
#5778=CARTESIAN_POINT('Ctrl Pts',(-1.29183062453233,-2.54,6.93514198055653));
#5779=CARTESIAN_POINT('Ctrl Pts',(-1.29183062453233,-2.543,6.93514198055653));
#5780=CARTESIAN_POINT('Ctrl Pts',(-1.24095409812044,-2.54,6.90198649143417));
#5781=CARTESIAN_POINT('Ctrl Pts',(-1.24095409812044,-2.543,6.90198649143417));
#5782=CARTESIAN_POINT('',(-1.33984891912334,-2.543,7.06319076613254));
#5783=CARTESIAN_POINT('Ctrl Pts',(-1.24095409812044,-2.543,6.90198649143417));
#5784=CARTESIAN_POINT('Ctrl Pts',(-1.29183062453233,-2.543,6.93514198055653));
#5785=CARTESIAN_POINT('Ctrl Pts',(-1.33984891912334,-2.543,7.013457532449));
#5786=CARTESIAN_POINT('Ctrl Pts',(-1.33984891912334,-2.543,7.06319076613254));
#5787=CARTESIAN_POINT('',(-1.33984891912334,-2.54,7.06319076613254));
#5788=CARTESIAN_POINT('',(-1.33984891912334,-2.54,7.06319076613254));
#5789=CARTESIAN_POINT('Ctrl Pts',(-1.24095409812044,-2.54,6.90198649143417));
#5790=CARTESIAN_POINT('Ctrl Pts',(-1.29183062453233,-2.54,6.93514198055653));
#5791=CARTESIAN_POINT('Ctrl Pts',(-1.33984891912334,-2.54,7.013457532449));
#5792=CARTESIAN_POINT('Ctrl Pts',(-1.33984891912334,-2.54,7.06319076613254));
#5793=CARTESIAN_POINT('Ctrl Pts',(-1.07746323796536,-2.54,7.26326699359505));
#5794=CARTESIAN_POINT('Ctrl Pts',(-1.07746323796536,-2.543,7.26326699359505));
#5795=CARTESIAN_POINT('Ctrl Pts',(-1.15406385076529,-2.54,7.26326699359505));
#5796=CARTESIAN_POINT('Ctrl Pts',(-1.15406385076529,-2.543,7.26326699359505));
#5797=CARTESIAN_POINT('Ctrl Pts',(-1.27639617269951,-2.54,7.21410540627569));
#5798=CARTESIAN_POINT('Ctrl Pts',(-1.27639617269951,-2.543,7.21410540627569));
#5799=CARTESIAN_POINT('Ctrl Pts',(-1.33984891912334,-2.54,7.12092704891458));
#5800=CARTESIAN_POINT('Ctrl Pts',(-1.33984891912334,-2.543,7.12092704891458));
#5801=CARTESIAN_POINT('Ctrl Pts',(-1.33984891912334,-2.54,7.06319076613254));
#5802=CARTESIAN_POINT('Ctrl Pts',(-1.33984891912334,-2.543,7.06319076613254));
#5803=CARTESIAN_POINT('',(-1.07746323796536,-2.543,7.26326699359505));
#5804=CARTESIAN_POINT('Ctrl Pts',(-1.33984891912334,-2.543,7.06319076613254));
#5805=CARTESIAN_POINT('Ctrl Pts',(-1.33984891912334,-2.543,7.12092704891458));
#5806=CARTESIAN_POINT('Ctrl Pts',(-1.27639617269951,-2.543,7.21410540627569));
#5807=CARTESIAN_POINT('Ctrl Pts',(-1.15406385076529,-2.543,7.26326699359505));
#5808=CARTESIAN_POINT('Ctrl Pts',(-1.07746323796536,-2.543,7.26326699359505));
#5809=CARTESIAN_POINT('',(-1.07746323796536,-2.54,7.26326699359505));
#5810=CARTESIAN_POINT('',(-1.07746323796536,-2.54,7.26326699359505));
#5811=CARTESIAN_POINT('Ctrl Pts',(-1.33984891912334,-2.54,7.06319076613254));
#5812=CARTESIAN_POINT('Ctrl Pts',(-1.33984891912334,-2.54,7.12092704891458));
#5813=CARTESIAN_POINT('Ctrl Pts',(-1.27639617269951,-2.54,7.21410540627569));
#5814=CARTESIAN_POINT('Ctrl Pts',(-1.15406385076529,-2.54,7.26326699359505));
#5815=CARTESIAN_POINT('Ctrl Pts',(-1.07746323796536,-2.54,7.26326699359505));
#5816=CARTESIAN_POINT('Ctrl Pts',(-0.803072983159631,-2.54,7.0534727779415));
#5817=CARTESIAN_POINT('Ctrl Pts',(-0.803072983159631,-2.543,7.0534727779415));
#5818=CARTESIAN_POINT('Ctrl Pts',(-0.803072983159631,-2.54,7.09977613343997));
#5819=CARTESIAN_POINT('Ctrl Pts',(-0.803072983159631,-2.543,7.09977613343997));
#5820=CARTESIAN_POINT('Ctrl Pts',(-0.859665973213312,-2.54,7.20210083262794));
#5821=CARTESIAN_POINT('Ctrl Pts',(-0.859665973213312,-2.543,7.20210083262794));
#5822=CARTESIAN_POINT('Ctrl Pts',(-0.985999819696782,-2.54,7.26326699359505));
#5823=CARTESIAN_POINT('Ctrl Pts',(-0.985999819696782,-2.543,7.26326699359505));
#5824=CARTESIAN_POINT('Ctrl Pts',(-1.07746323796536,-2.54,7.26326699359505));
#5825=CARTESIAN_POINT('Ctrl Pts',(-1.07746323796536,-2.543,7.26326699359505));
#5826=CARTESIAN_POINT('',(-0.803072983159631,-2.543,7.0534727779415));
#5827=CARTESIAN_POINT('Ctrl Pts',(-1.07746323796536,-2.543,7.26326699359505));
#5828=CARTESIAN_POINT('Ctrl Pts',(-0.985999819696782,-2.543,7.26326699359505));
#5829=CARTESIAN_POINT('Ctrl Pts',(-0.859665973213312,-2.543,7.20210083262794));
#5830=CARTESIAN_POINT('Ctrl Pts',(-0.803072983159631,-2.543,7.09977613343997));
#5831=CARTESIAN_POINT('Ctrl Pts',(-0.803072983159631,-2.543,7.0534727779415));
#5832=CARTESIAN_POINT('',(-0.803072983159631,-2.54,7.0534727779415));
#5833=CARTESIAN_POINT('',(-0.803072983159631,-2.54,7.0534727779415));
#5834=CARTESIAN_POINT('Ctrl Pts',(-1.07746323796536,-2.54,7.26326699359505));
#5835=CARTESIAN_POINT('Ctrl Pts',(-0.985999819696782,-2.54,7.26326699359505));
#5836=CARTESIAN_POINT('Ctrl Pts',(-0.859665973213312,-2.54,7.20210083262794));
#5837=CARTESIAN_POINT('Ctrl Pts',(-0.803072983159631,-2.54,7.09977613343997));
#5838=CARTESIAN_POINT('Ctrl Pts',(-0.803072983159631,-2.54,7.0534727779415));
#5839=CARTESIAN_POINT('Ctrl Pts',(-0.803644629523809,-2.54,7.03803832610868));
#5840=CARTESIAN_POINT('Ctrl Pts',(-0.803644629523809,-2.543,7.03803832610868));
#5841=CARTESIAN_POINT('Ctrl Pts',(-0.803072983159631,-2.54,7.04889960702807));
#5842=CARTESIAN_POINT('Ctrl Pts',(-0.803072983159631,-2.543,7.04889960702807));
#5843=CARTESIAN_POINT('Ctrl Pts',(-0.803072983159631,-2.54,7.0534727779415));
#5844=CARTESIAN_POINT('Ctrl Pts',(-0.803072983159631,-2.543,7.0534727779415));
#5845=CARTESIAN_POINT('',(-0.803644629523809,-2.543,7.03803832610868));
#5846=CARTESIAN_POINT('Ctrl Pts',(-0.803072983159631,-2.543,7.0534727779415));
#5847=CARTESIAN_POINT('Ctrl Pts',(-0.803072983159631,-2.543,7.04889960702807));
#5848=CARTESIAN_POINT('Ctrl Pts',(-0.803644629523809,-2.543,7.03803832610868));
#5849=CARTESIAN_POINT('',(-0.803644629523809,-2.54,7.03803832610868));
#5850=CARTESIAN_POINT('',(-0.803644629523809,-2.54,7.03803832610868));
#5851=CARTESIAN_POINT('Ctrl Pts',(-0.803072983159631,-2.54,7.0534727779415));
#5852=CARTESIAN_POINT('Ctrl Pts',(-0.803072983159631,-2.54,7.04889960702807));
#5853=CARTESIAN_POINT('Ctrl Pts',(-0.803644629523809,-2.54,7.03803832610868));
#5854=CARTESIAN_POINT('Origin',(-0.803644629523809,-2.54,7.03803832610868));
#5855=CARTESIAN_POINT('',(-0.900252865069993,-2.543,7.03060692337436));
#5856=CARTESIAN_POINT('',(-0.803644629523809,-2.543,7.03803832610868));
#5857=CARTESIAN_POINT('',(-0.900252865069993,-2.54,7.03060692337436));
#5858=CARTESIAN_POINT('',(-0.900252865069993,-2.54,7.03060692337436));
#5859=CARTESIAN_POINT('',(1.34725667680006,-2.54,7.20349227274897));
#5860=CARTESIAN_POINT('Ctrl Pts',(-0.905969328711779,-2.54,7.0803401570579));
#5861=CARTESIAN_POINT('Ctrl Pts',(-0.905969328711779,-2.543,7.0803401570579));
#5862=CARTESIAN_POINT('Ctrl Pts',(-0.900252865069993,-2.54,7.06204747340418));
#5863=CARTESIAN_POINT('Ctrl Pts',(-0.900252865069993,-2.543,7.06204747340418));
#5864=CARTESIAN_POINT('Ctrl Pts',(-0.900252865069993,-2.54,7.03060692337436));
#5865=CARTESIAN_POINT('Ctrl Pts',(-0.900252865069993,-2.543,7.03060692337436));
#5866=CARTESIAN_POINT('',(-0.905969328711779,-2.543,7.0803401570579));
#5867=CARTESIAN_POINT('Ctrl Pts',(-0.900252865069993,-2.543,7.03060692337436));
#5868=CARTESIAN_POINT('Ctrl Pts',(-0.900252865069993,-2.543,7.06204747340418));
#5869=CARTESIAN_POINT('Ctrl Pts',(-0.905969328711779,-2.543,7.0803401570579));
#5870=CARTESIAN_POINT('',(-0.905969328711779,-2.54,7.0803401570579));
#5871=CARTESIAN_POINT('',(-0.905969328711779,-2.54,7.0803401570579));
#5872=CARTESIAN_POINT('Ctrl Pts',(-0.900252865069993,-2.54,7.03060692337436));
#5873=CARTESIAN_POINT('Ctrl Pts',(-0.900252865069993,-2.54,7.06204747340418));
#5874=CARTESIAN_POINT('Ctrl Pts',(-0.905969328711779,-2.54,7.0803401570579));
#5875=CARTESIAN_POINT('Ctrl Pts',(-1.08089311615043,-2.54,7.18037827078915));
#5876=CARTESIAN_POINT('Ctrl Pts',(-1.08089311615043,-2.543,7.18037827078915));
#5877=CARTESIAN_POINT('Ctrl Pts',(-1.03458976065196,-2.54,7.18037827078915));
#5878=CARTESIAN_POINT('Ctrl Pts',(-1.03458976065196,-2.543,7.18037827078915));
#5879=CARTESIAN_POINT('Ctrl Pts',(-0.959132440580388,-2.54,7.15408253803694));
#5880=CARTESIAN_POINT('Ctrl Pts',(-0.959132440580388,-2.543,7.15408253803694));
#5881=CARTESIAN_POINT('Ctrl Pts',(-0.916258963266993,-2.54,7.11120906072354));
#5882=CARTESIAN_POINT('Ctrl Pts',(-0.916258963266993,-2.543,7.11120906072354));
#5883=CARTESIAN_POINT('Ctrl Pts',(-0.905969328711779,-2.54,7.0803401570579));
#5884=CARTESIAN_POINT('Ctrl Pts',(-0.905969328711779,-2.543,7.0803401570579));
#5885=CARTESIAN_POINT('',(-1.08089311615043,-2.543,7.18037827078915));
#5886=CARTESIAN_POINT('Ctrl Pts',(-0.905969328711779,-2.543,7.0803401570579));
#5887=CARTESIAN_POINT('Ctrl Pts',(-0.916258963266993,-2.543,7.11120906072354));
#5888=CARTESIAN_POINT('Ctrl Pts',(-0.959132440580388,-2.543,7.15408253803694));
#5889=CARTESIAN_POINT('Ctrl Pts',(-1.03458976065196,-2.543,7.18037827078915));
#5890=CARTESIAN_POINT('Ctrl Pts',(-1.08089311615043,-2.543,7.18037827078915));
#5891=CARTESIAN_POINT('',(-1.08089311615043,-2.54,7.18037827078915));
#5892=CARTESIAN_POINT('',(-1.08089311615043,-2.54,7.18037827078915));
#5893=CARTESIAN_POINT('Ctrl Pts',(-0.905969328711779,-2.54,7.0803401570579));
#5894=CARTESIAN_POINT('Ctrl Pts',(-0.916258963266993,-2.54,7.11120906072354));
#5895=CARTESIAN_POINT('Ctrl Pts',(-0.959132440580388,-2.54,7.15408253803694));
#5896=CARTESIAN_POINT('Ctrl Pts',(-1.03458976065196,-2.54,7.18037827078915));
#5897=CARTESIAN_POINT('Ctrl Pts',(-1.08089311615043,-2.54,7.18037827078915));
#5898=CARTESIAN_POINT('Ctrl Pts',(-1.20837025536226,-2.54,7.14322125711754));
#5899=CARTESIAN_POINT('Ctrl Pts',(-1.20837025536226,-2.543,7.14322125711754));
#5900=CARTESIAN_POINT('Ctrl Pts',(-1.16263854622797,-2.54,7.18037827078915));
#5901=CARTESIAN_POINT('Ctrl Pts',(-1.16263854622797,-2.543,7.18037827078915));
#5902=CARTESIAN_POINT('Ctrl Pts',(-1.08089311615043,-2.54,7.18037827078915));
#5903=CARTESIAN_POINT('Ctrl Pts',(-1.08089311615043,-2.543,7.18037827078915));
#5904=CARTESIAN_POINT('',(-1.20837025536226,-2.543,7.14322125711754));
#5905=CARTESIAN_POINT('Ctrl Pts',(-1.08089311615043,-2.543,7.18037827078915));
#5906=CARTESIAN_POINT('Ctrl Pts',(-1.16263854622797,-2.543,7.18037827078915));
#5907=CARTESIAN_POINT('Ctrl Pts',(-1.20837025536226,-2.543,7.14322125711754));
#5908=CARTESIAN_POINT('',(-1.20837025536226,-2.54,7.14322125711754));
#5909=CARTESIAN_POINT('',(-1.20837025536226,-2.54,7.14322125711754));
#5910=CARTESIAN_POINT('Ctrl Pts',(-1.08089311615043,-2.54,7.18037827078915));
#5911=CARTESIAN_POINT('Ctrl Pts',(-1.16263854622797,-2.54,7.18037827078915));
#5912=CARTESIAN_POINT('Ctrl Pts',(-1.20837025536226,-2.54,7.14322125711754));
#5913=CARTESIAN_POINT('Ctrl Pts',(-1.24324068357715,-2.54,7.06890722977432));
#5914=CARTESIAN_POINT('Ctrl Pts',(-1.24324068357715,-2.543,7.06890722977432));
#5915=CARTESIAN_POINT('Ctrl Pts',(-1.24324068357715,-2.54,7.11521058527279));
#5916=CARTESIAN_POINT('Ctrl Pts',(-1.24324068357715,-2.543,7.11521058527279));
#5917=CARTESIAN_POINT('Ctrl Pts',(-1.20837025536226,-2.54,7.14322125711754));
#5918=CARTESIAN_POINT('Ctrl Pts',(-1.20837025536226,-2.543,7.14322125711754));
#5919=CARTESIAN_POINT('',(-1.24324068357715,-2.543,7.06890722977432));
#5920=CARTESIAN_POINT('Ctrl Pts',(-1.20837025536226,-2.543,7.14322125711754));
#5921=CARTESIAN_POINT('Ctrl Pts',(-1.24324068357715,-2.543,7.11521058527279));
#5922=CARTESIAN_POINT('Ctrl Pts',(-1.24324068357715,-2.543,7.06890722977432));
#5923=CARTESIAN_POINT('',(-1.24324068357715,-2.54,7.06890722977432));
#5924=CARTESIAN_POINT('',(-1.24324068357715,-2.54,7.06890722977432));
#5925=CARTESIAN_POINT('Ctrl Pts',(-1.20837025536226,-2.54,7.14322125711754));
#5926=CARTESIAN_POINT('Ctrl Pts',(-1.24324068357715,-2.54,7.11521058527279));
#5927=CARTESIAN_POINT('Ctrl Pts',(-1.24324068357715,-2.54,7.06890722977432));
#5928=CARTESIAN_POINT('Ctrl Pts',(-1.17692970533243,-2.54,6.97630051877739));
#5929=CARTESIAN_POINT('Ctrl Pts',(-1.17692970533243,-2.543,6.97630051877739));
#5930=CARTESIAN_POINT('Ctrl Pts',(-1.21465836536822,-2.54,6.997451434252));
#5931=CARTESIAN_POINT('Ctrl Pts',(-1.21465836536822,-2.543,6.997451434252));
#5932=CARTESIAN_POINT('Ctrl Pts',(-1.24324068357715,-2.54,7.04089655792957));
#5933=CARTESIAN_POINT('Ctrl Pts',(-1.24324068357715,-2.543,7.04089655792957));
#5934=CARTESIAN_POINT('Ctrl Pts',(-1.24324068357715,-2.54,7.06890722977432));
#5935=CARTESIAN_POINT('Ctrl Pts',(-1.24324068357715,-2.543,7.06890722977432));
#5936=CARTESIAN_POINT('',(-1.17692970533243,-2.543,6.97630051877739));
#5937=CARTESIAN_POINT('Ctrl Pts',(-1.24324068357715,-2.543,7.06890722977432));
#5938=CARTESIAN_POINT('Ctrl Pts',(-1.24324068357715,-2.543,7.04089655792957));
#5939=CARTESIAN_POINT('Ctrl Pts',(-1.21465836536822,-2.543,6.997451434252));
#5940=CARTESIAN_POINT('Ctrl Pts',(-1.17692970533243,-2.543,6.97630051877739));
#5941=CARTESIAN_POINT('',(-1.17692970533243,-2.54,6.97630051877739));
#5942=CARTESIAN_POINT('',(-1.17692970533243,-2.54,6.97630051877739));
#5943=CARTESIAN_POINT('Ctrl Pts',(-1.24324068357715,-2.54,7.06890722977432));
#5944=CARTESIAN_POINT('Ctrl Pts',(-1.24324068357715,-2.54,7.04089655792957));
#5945=CARTESIAN_POINT('Ctrl Pts',(-1.21465836536822,-2.54,6.997451434252));
#5946=CARTESIAN_POINT('Ctrl Pts',(-1.17692970533243,-2.54,6.97630051877739));
#5947=CARTESIAN_POINT('Ctrl Pts',(-1.05059585884896,-2.54,6.917420943267));
#5948=CARTESIAN_POINT('Ctrl Pts',(-1.05059585884896,-2.543,6.917420943267));
#5949=CARTESIAN_POINT('Ctrl Pts',(-1.15063397258022,-2.54,6.96143771330875));
#5950=CARTESIAN_POINT('Ctrl Pts',(-1.15063397258022,-2.543,6.96143771330875));
#5951=CARTESIAN_POINT('Ctrl Pts',(-1.17692970533243,-2.54,6.97630051877739));
#5952=CARTESIAN_POINT('Ctrl Pts',(-1.17692970533243,-2.543,6.97630051877739));
#5953=CARTESIAN_POINT('',(-1.05059585884896,-2.543,6.917420943267));
#5954=CARTESIAN_POINT('Ctrl Pts',(-1.17692970533243,-2.543,6.97630051877739));
#5955=CARTESIAN_POINT('Ctrl Pts',(-1.15063397258022,-2.543,6.96143771330875));
#5956=CARTESIAN_POINT('Ctrl Pts',(-1.05059585884896,-2.543,6.917420943267));
#5957=CARTESIAN_POINT('',(-1.05059585884896,-2.54,6.917420943267));
#5958=CARTESIAN_POINT('',(-1.05059585884896,-2.54,6.917420943267));
#5959=CARTESIAN_POINT('Ctrl Pts',(-1.17692970533243,-2.54,6.97630051877739));
#5960=CARTESIAN_POINT('Ctrl Pts',(-1.15063397258022,-2.54,6.96143771330875));
#5961=CARTESIAN_POINT('Ctrl Pts',(-1.05059585884896,-2.54,6.917420943267));
#5962=CARTESIAN_POINT('Ctrl Pts',(-0.939124817834137,-2.54,6.86139959957749));
#5963=CARTESIAN_POINT('Ctrl Pts',(-0.939124817834137,-2.543,6.86139959957749));
#5964=CARTESIAN_POINT('Ctrl Pts',(-0.969993721499782,-2.54,6.88197886868792));
#5965=CARTESIAN_POINT('Ctrl Pts',(-0.969993721499782,-2.543,6.88197886868792));
#5966=CARTESIAN_POINT('Ctrl Pts',(-1.05059585884896,-2.54,6.917420943267));
#5967=CARTESIAN_POINT('Ctrl Pts',(-1.05059585884896,-2.543,6.917420943267));
#5968=CARTESIAN_POINT('',(-0.939124817834137,-2.543,6.86139959957749));
#5969=CARTESIAN_POINT('Ctrl Pts',(-1.05059585884896,-2.543,6.917420943267));
#5970=CARTESIAN_POINT('Ctrl Pts',(-0.969993721499782,-2.543,6.88197886868792));
#5971=CARTESIAN_POINT('Ctrl Pts',(-0.939124817834137,-2.543,6.86139959957749));
#5972=CARTESIAN_POINT('',(-0.939124817834137,-2.54,6.86139959957749));
#5973=CARTESIAN_POINT('',(-0.939124817834137,-2.54,6.86139959957749));
#5974=CARTESIAN_POINT('Ctrl Pts',(-1.05059585884896,-2.54,6.917420943267));
#5975=CARTESIAN_POINT('Ctrl Pts',(-0.969993721499782,-2.54,6.88197886868792));
#5976=CARTESIAN_POINT('Ctrl Pts',(-0.939124817834137,-2.54,6.86139959957749));
#5977=CARTESIAN_POINT('Ctrl Pts',(-0.853949509571526,-2.54,6.70819837397763));
#5978=CARTESIAN_POINT('Ctrl Pts',(-0.853949509571526,-2.543,6.70819837397763));
#5979=CARTESIAN_POINT('Ctrl Pts',(-0.853949509571526,-2.54,6.75678831493281));
#5980=CARTESIAN_POINT('Ctrl Pts',(-0.853949509571526,-2.543,6.75678831493281));
#5981=CARTESIAN_POINT('Ctrl Pts',(-0.897966279613278,-2.54,6.8345322204611));
#5982=CARTESIAN_POINT('Ctrl Pts',(-0.897966279613278,-2.543,6.8345322204611));
#5983=CARTESIAN_POINT('Ctrl Pts',(-0.939124817834137,-2.54,6.86139959957749));
#5984=CARTESIAN_POINT('Ctrl Pts',(-0.939124817834137,-2.543,6.86139959957749));
#5985=CARTESIAN_POINT('',(-0.853949509571526,-2.543,6.70819837397763));
#5986=CARTESIAN_POINT('Ctrl Pts',(-0.939124817834137,-2.543,6.86139959957749));
#5987=CARTESIAN_POINT('Ctrl Pts',(-0.897966279613278,-2.543,6.8345322204611));
#5988=CARTESIAN_POINT('Ctrl Pts',(-0.853949509571526,-2.543,6.75678831493281));
#5989=CARTESIAN_POINT('Ctrl Pts',(-0.853949509571526,-2.543,6.70819837397763));
#5990=CARTESIAN_POINT('',(-0.853949509571526,-2.54,6.70819837397763));
#5991=CARTESIAN_POINT('',(-0.853949509571526,-2.54,6.70819837397763));
#5992=CARTESIAN_POINT('Ctrl Pts',(-0.939124817834137,-2.54,6.86139959957749));
#5993=CARTESIAN_POINT('Ctrl Pts',(-0.897966279613278,-2.54,6.8345322204611));
#5994=CARTESIAN_POINT('Ctrl Pts',(-0.853949509571526,-2.54,6.75678831493281));
#5995=CARTESIAN_POINT('Ctrl Pts',(-0.853949509571526,-2.54,6.70819837397763));
#5996=CARTESIAN_POINT('Ctrl Pts',(-1.14377421621008,-2.54,6.48811452376887));
#5997=CARTESIAN_POINT('Ctrl Pts',(-1.14377421621008,-2.543,6.48811452376887));
#5998=CARTESIAN_POINT('Ctrl Pts',(-1.05917055431164,-2.54,6.48811452376887));
#5999=CARTESIAN_POINT('Ctrl Pts',(-1.05917055431164,-2.543,6.48811452376887));
#6000=CARTESIAN_POINT('Ctrl Pts',(-0.928263536914744,-2.54,6.54413586745837));
#6001=CARTESIAN_POINT('Ctrl Pts',(-0.928263536914744,-2.543,6.54413586745837));
#6002=CARTESIAN_POINT('Ctrl Pts',(-0.853949509571526,-2.54,6.64703221301052));
#6003=CARTESIAN_POINT('Ctrl Pts',(-0.853949509571526,-2.543,6.64703221301052));
#6004=CARTESIAN_POINT('Ctrl Pts',(-0.853949509571526,-2.54,6.70819837397763));
#6005=CARTESIAN_POINT('Ctrl Pts',(-0.853949509571526,-2.543,6.70819837397763));
#6006=CARTESIAN_POINT('',(-1.14377421621008,-2.543,6.48811452376887));
#6007=CARTESIAN_POINT('Ctrl Pts',(-0.853949509571526,-2.543,6.70819837397763));
#6008=CARTESIAN_POINT('Ctrl Pts',(-0.853949509571526,-2.543,6.64703221301052));
#6009=CARTESIAN_POINT('Ctrl Pts',(-0.928263536914744,-2.543,6.54413586745837));
#6010=CARTESIAN_POINT('Ctrl Pts',(-1.05917055431164,-2.543,6.48811452376887));
#6011=CARTESIAN_POINT('Ctrl Pts',(-1.14377421621008,-2.543,6.48811452376887));
#6012=CARTESIAN_POINT('',(-1.14377421621008,-2.54,6.48811452376887));
#6013=CARTESIAN_POINT('',(-1.14377421621008,-2.54,6.48811452376887));
#6014=CARTESIAN_POINT('Ctrl Pts',(-0.853949509571526,-2.54,6.70819837397763));
#6015=CARTESIAN_POINT('Ctrl Pts',(-0.853949509571526,-2.54,6.64703221301052));
#6016=CARTESIAN_POINT('Ctrl Pts',(-0.928263536914744,-2.54,6.54413586745837));
#6017=CARTESIAN_POINT('Ctrl Pts',(-1.05917055431164,-2.54,6.48811452376887));
#6018=CARTESIAN_POINT('Ctrl Pts',(-1.14377421621008,-2.54,6.48811452376887));
#6019=CARTESIAN_POINT('Ctrl Pts',(-1.43302727648445,-2.54,6.74306880219252));
#6020=CARTESIAN_POINT('Ctrl Pts',(-1.43302727648445,-2.543,6.74306880219252));
#6021=CARTESIAN_POINT('Ctrl Pts',(-1.43245563012027,-2.54,6.59901391841952));
#6022=CARTESIAN_POINT('Ctrl Pts',(-1.43245563012027,-2.543,6.59901391841952));
#6023=CARTESIAN_POINT('Ctrl Pts',(-1.2712513554219,-2.54,6.48811452376887));
#6024=CARTESIAN_POINT('Ctrl Pts',(-1.2712513554219,-2.543,6.48811452376887));
#6025=CARTESIAN_POINT('Ctrl Pts',(-1.14377421621008,-2.54,6.48811452376887));
#6026=CARTESIAN_POINT('Ctrl Pts',(-1.14377421621008,-2.543,6.48811452376887));
#6027=CARTESIAN_POINT('',(-1.43302727648445,-2.543,6.74306880219252));
#6028=CARTESIAN_POINT('Ctrl Pts',(-1.14377421621008,-2.543,6.48811452376887));
#6029=CARTESIAN_POINT('Ctrl Pts',(-1.2712513554219,-2.543,6.48811452376887));
#6030=CARTESIAN_POINT('Ctrl Pts',(-1.43245563012027,-2.543,6.59901391841952));
#6031=CARTESIAN_POINT('Ctrl Pts',(-1.43302727648445,-2.543,6.74306880219252));
#6032=CARTESIAN_POINT('',(-1.43302727648445,-2.54,6.74306880219252));
#6033=CARTESIAN_POINT('',(-1.43302727648445,-2.54,6.74306880219252));
#6034=CARTESIAN_POINT('Ctrl Pts',(-1.14377421621008,-2.54,6.48811452376887));
#6035=CARTESIAN_POINT('Ctrl Pts',(-1.2712513554219,-2.54,6.48811452376887));
#6036=CARTESIAN_POINT('Ctrl Pts',(-1.43245563012027,-2.54,6.59901391841952));
#6037=CARTESIAN_POINT('Ctrl Pts',(-1.43302727648445,-2.54,6.74306880219252));
#6038=CARTESIAN_POINT('Origin',(-1.43302727648445,-2.54,6.74306880219252));
#6039=CARTESIAN_POINT('',(-1.43302727648445,-2.543,6.74306880219252));
#6040=CARTESIAN_POINT('',(0.981461892481397,-2.54,6.96767244581726));
#6041=CARTESIAN_POINT('Origin',(-1.10776241699261,-2.543,6.87114226557743));
#6042=CARTESIAN_POINT('Origin',(-1.41798237810728,-2.54,6.85439624388006));
#6043=CARTESIAN_POINT('',(-1.41798237810728,-2.543,6.85439624388006));
#6044=CARTESIAN_POINT('',(-1.47284282302064,-2.543,6.69342414893693));
#6045=CARTESIAN_POINT('',(-1.41798237810728,-2.543,6.85439624388006));
#6046=CARTESIAN_POINT('',(-1.47284282302064,-2.54,6.69342414893693));
#6047=CARTESIAN_POINT('',(-1.47284282302064,-2.54,6.69342414893693));
#6048=CARTESIAN_POINT('',(-1.41798237810728,-2.54,6.85439624388006));
#6049=CARTESIAN_POINT('',(-2.17916246391335,-2.54,4.62093362368595));
#6050=CARTESIAN_POINT('',(-1.41798237810728,-2.54,6.85439624388006));
#6051=CARTESIAN_POINT('Origin',(-1.47284282302064,-2.54,6.69342414893693));
#6052=CARTESIAN_POINT('',(-1.77601896596287,-2.543,6.69342414893693));
#6053=CARTESIAN_POINT('',(-1.47284282302064,-2.543,6.69342414893693));
#6054=CARTESIAN_POINT('',(-1.77601896596287,-2.54,6.69342414893693));
#6055=CARTESIAN_POINT('',(-1.77601896596287,-2.54,6.69342414893693));
#6056=CARTESIAN_POINT('',(1.29607858848968,-2.54,6.69342414893693));
#6057=CARTESIAN_POINT('Origin',(-1.77601896596287,-2.54,6.69342414893693));
#6058=CARTESIAN_POINT('',(-1.72115852104951,-2.543,6.85439624388006));
#6059=CARTESIAN_POINT('',(-1.77601896596287,-2.543,6.69342414893693));
#6060=CARTESIAN_POINT('',(-1.72115852104951,-2.54,6.85439624388006));
#6061=CARTESIAN_POINT('',(-1.72115852104951,-2.54,6.85439624388006));
#6062=CARTESIAN_POINT('',(-2.49399416575371,-2.54,4.58673376007696));
#6063=CARTESIAN_POINT('Origin',(-1.72115852104951,-2.54,6.85439624388006));
#6064=CARTESIAN_POINT('',(-1.72115852104951,-2.543,6.85439624388006));
#6065=CARTESIAN_POINT('',(1.17192073947524,-2.54,6.85439624388006));
#6066=CARTESIAN_POINT('Origin',(-1.59700067203508,-2.543,6.7739101964085));
#6067=CARTESIAN_POINT('Origin',(-1.78829042601894,-2.54,7.25069077358312));
#6068=CARTESIAN_POINT('',(-1.78829042601894,-2.543,7.25069077358312));
#6069=CARTESIAN_POINT('',(-1.84242902297291,-2.543,7.09044052659937));
#6070=CARTESIAN_POINT('',(-1.78829042601894,-2.543,7.25069077358312));
#6071=CARTESIAN_POINT('',(-1.84242902297291,-2.54,7.09044052659937));
#6072=CARTESIAN_POINT('',(-1.84242902297291,-2.54,7.09044052659937));
#6073=CARTESIAN_POINT('',(-1.78829042601894,-2.54,7.25069077358312));
#6074=CARTESIAN_POINT('',(-2.58778816531307,-2.54,4.88417746527251));
#6075=CARTESIAN_POINT('',(-1.78829042601894,-2.54,7.25069077358312));
#6076=CARTESIAN_POINT('Origin',(-1.84242902297291,-2.54,7.09044052659937));
#6077=CARTESIAN_POINT('',(-2.23078322512272,-2.543,7.09044052659937));
#6078=CARTESIAN_POINT('',(-1.84242902297291,-2.543,7.09044052659937));
#6079=CARTESIAN_POINT('',(-2.23078322512272,-2.54,7.09044052659937));
#6080=CARTESIAN_POINT('',(-2.23078322512272,-2.54,7.09044052659937));
#6081=CARTESIAN_POINT('',(1.11128548851354,-2.54,7.09044052659937));
#6082=CARTESIAN_POINT('Origin',(-2.23078322512272,-2.54,7.09044052659937));
#6083=CARTESIAN_POINT('',(-2.27120671084835,-2.543,6.97133561330064));
#6084=CARTESIAN_POINT('',(-2.23078322512272,-2.543,7.09044052659937));
#6085=CARTESIAN_POINT('',(-2.27120671084835,-2.54,6.97133561330064));
#6086=CARTESIAN_POINT('',(-2.27120671084835,-2.54,6.97133561330064));
#6087=CARTESIAN_POINT('',(-2.98458076591178,-2.54,4.8694299153459));
#6088=CARTESIAN_POINT('Origin',(-2.27120671084835,-2.54,6.97133561330064));
#6089=CARTESIAN_POINT('',(-1.91100457911461,-2.543,6.97133561330064));
#6090=CARTESIAN_POINT('',(-2.27120671084835,-2.543,6.97133561330064));
#6091=CARTESIAN_POINT('',(-1.91100457911461,-2.54,6.97133561330064));
#6092=CARTESIAN_POINT('',(-1.91100457911461,-2.54,6.97133561330064));
#6093=CARTESIAN_POINT('',(0.896896644575825,-2.54,6.97133561330064));
#6094=CARTESIAN_POINT('Origin',(-1.91100457911461,-2.54,6.97133561330064));
#6095=CARTESIAN_POINT('',(-1.96297763219042,-2.543,6.81830384591075));
#6096=CARTESIAN_POINT('',(-1.91100457911461,-2.543,6.97133561330064));
#6097=CARTESIAN_POINT('',(-1.96297763219042,-2.54,6.81830384591075));
#6098=CARTESIAN_POINT('',(-1.96297763219042,-2.54,6.81830384591075));
#6099=CARTESIAN_POINT('',(-2.66338707056939,-2.54,4.75598716623932));
#6100=CARTESIAN_POINT('Origin',(-1.96297763219042,-2.54,6.81830384591075));
#6101=CARTESIAN_POINT('',(-2.32317976392416,-2.543,6.81830384591075));
#6102=CARTESIAN_POINT('',(-1.96297763219042,-2.543,6.81830384591075));
#6103=CARTESIAN_POINT('',(-2.32317976392416,-2.54,6.81830384591075));
#6104=CARTESIAN_POINT('',(-2.32317976392416,-2.54,6.81830384591075));
#6105=CARTESIAN_POINT('',(1.05101118390479,-2.54,6.81830384591075));
#6106=CARTESIAN_POINT('Origin',(-2.32317976392416,-2.54,6.81830384591075));
#6107=CARTESIAN_POINT('',(-2.3737091210812,-2.543,6.67032501423657));
#6108=CARTESIAN_POINT('',(-2.32317976392416,-2.543,6.81830384591075));
#6109=CARTESIAN_POINT('',(-2.3737091210812,-2.54,6.67032501423657));
#6110=CARTESIAN_POINT('',(-2.3737091210812,-2.54,6.67032501423657));
#6111=CARTESIAN_POINT('',(-3.03218966638118,-2.54,4.74191770300092));
#6112=CARTESIAN_POINT('Origin',(-2.3737091210812,-2.54,6.67032501423657));
#6113=CARTESIAN_POINT('',(-1.97380535158121,-2.543,6.67032501423657));
#6114=CARTESIAN_POINT('',(-2.3737091210812,-2.543,6.67032501423657));
#6115=CARTESIAN_POINT('',(-1.97380535158121,-2.54,6.67032501423657));
#6116=CARTESIAN_POINT('',(-1.97380535158121,-2.54,6.67032501423657));
#6117=CARTESIAN_POINT('',(0.845645439459401,-2.54,6.67032501423657));
#6118=CARTESIAN_POINT('Origin',(-1.97380535158121,-2.54,6.67032501423657));
#6119=CARTESIAN_POINT('',(-2.03155318833211,-2.543,6.5006907437808));
#6120=CARTESIAN_POINT('',(-1.97380535158121,-2.543,6.67032501423657));
#6121=CARTESIAN_POINT('',(-2.03155318833211,-2.54,6.5006907437808));
#6122=CARTESIAN_POINT('',(-2.03155318833211,-2.54,6.5006907437808));
#6123=CARTESIAN_POINT('',(-2.67768978174371,-2.54,4.60266450063424));
#6124=CARTESIAN_POINT('Origin',(-2.03155318833211,-2.54,6.5006907437808));
#6125=CARTESIAN_POINT('',(-2.66389200075447,-2.543,6.5006907437808));
#6126=CARTESIAN_POINT('',(-2.03155318833211,-2.543,6.5006907437808));
#6127=CARTESIAN_POINT('',(-2.66389200075447,-2.54,6.5006907437808));
#6128=CARTESIAN_POINT('',(-2.66389200075447,-2.54,6.5006907437808));
#6129=CARTESIAN_POINT('',(1.01672340583394,-2.54,6.5006907437808));
#6130=CARTESIAN_POINT('Origin',(-2.66389200075447,-2.54,6.5006907437808));
#6131=CARTESIAN_POINT('',(-2.40907967109113,-2.543,7.25069077358312));
#6132=CARTESIAN_POINT('',(-2.66389200075447,-2.543,6.5006907437808));
#6133=CARTESIAN_POINT('',(-2.40907967109113,-2.54,7.25069077358312));
#6134=CARTESIAN_POINT('',(-2.40907967109113,-2.54,7.25069077358312));
#6135=CARTESIAN_POINT('',(-3.30574891765806,-2.54,4.61148582405607));
#6136=CARTESIAN_POINT('Origin',(-2.40907967109113,-2.54,7.25069077358312));
#6137=CARTESIAN_POINT('',(-2.40907967109113,-2.543,7.25069077358312));
#6138=CARTESIAN_POINT('',(0.827960164454438,-2.54,7.25069077358312));
#6139=CARTESIAN_POINT('Origin',(-2.21152102939978,-2.543,6.87814572152498));
#6140=CARTESIAN_POINT('Origin',(-3.065,-2.14,0.));
#6141=CARTESIAN_POINT('',(-3.065,-2.14,0.65));
#6142=CARTESIAN_POINT('',(-4.065,-2.14,0.65));
#6143=CARTESIAN_POINT('',(-4.065,-2.14,0.65));
#6144=CARTESIAN_POINT('',(-3.065,-2.14,0.));
#6145=CARTESIAN_POINT('',(-3.065,-2.14,0.));
#6146=CARTESIAN_POINT('',(-4.065,-2.14,0.));
#6147=CARTESIAN_POINT('',(-1.5325,-2.14,0.));
#6148=CARTESIAN_POINT('',(-4.065,-2.14,0.));
#6149=CARTESIAN_POINT('Origin',(-4.065,2.14,0.));
#6150=CARTESIAN_POINT('',(-4.065,2.14,0.65));
#6151=CARTESIAN_POINT('',(-3.065,2.14,0.65));
#6152=CARTESIAN_POINT('',(-3.065,2.14,0.65));
#6153=CARTESIAN_POINT('',(-4.065,2.14,0.));
#6154=CARTESIAN_POINT('',(-4.065,2.14,0.));
#6155=CARTESIAN_POINT('',(-3.065,2.14,0.));
#6156=CARTESIAN_POINT('',(-2.0325,2.14,0.));
#6157=CARTESIAN_POINT('',(-3.065,2.14,0.));
#6158=CARTESIAN_POINT('Origin',(-3.065,2.14,0.));
#6159=CARTESIAN_POINT('',(-3.065,2.54,0.65));
#6160=CARTESIAN_POINT('',(-3.065,2.54,0.65));
#6161=CARTESIAN_POINT('',(-3.065,2.54,0.));
#6162=CARTESIAN_POINT('',(-3.065,1.07,0.));
#6163=CARTESIAN_POINT('',(-3.065,2.54,0.));
#6164=CARTESIAN_POINT('Origin',(3.065,2.54,0.));
#6165=CARTESIAN_POINT('',(3.065,2.54,0.65));
#6166=CARTESIAN_POINT('',(3.065,2.14,0.65));
#6167=CARTESIAN_POINT('',(3.065,2.14,0.65));
#6168=CARTESIAN_POINT('',(3.065,2.54,0.));
#6169=CARTESIAN_POINT('',(3.065,2.54,0.));
#6170=CARTESIAN_POINT('',(3.065,2.14,0.));
#6171=CARTESIAN_POINT('',(3.065,1.27,0.));
#6172=CARTESIAN_POINT('',(3.065,2.14,0.));
#6173=CARTESIAN_POINT('Origin',(3.065,2.14,0.));
#6174=CARTESIAN_POINT('',(4.065,2.14,0.65));
#6175=CARTESIAN_POINT('',(4.065,2.14,0.65));
#6176=CARTESIAN_POINT('',(4.065,2.14,0.));
#6177=CARTESIAN_POINT('',(1.5325,2.14,0.));
#6178=CARTESIAN_POINT('',(4.065,2.14,0.));
#6179=CARTESIAN_POINT('Origin',(4.065,-2.14,0.));
#6180=CARTESIAN_POINT('',(4.065,-2.14,0.65));
#6181=CARTESIAN_POINT('',(3.065,-2.14,0.65));
#6182=CARTESIAN_POINT('',(3.065,-2.14,0.65));
#6183=CARTESIAN_POINT('',(4.065,-2.14,0.));
#6184=CARTESIAN_POINT('',(4.065,-2.14,0.));
#6185=CARTESIAN_POINT('',(3.065,-2.14,0.));
#6186=CARTESIAN_POINT('',(2.0325,-2.14,0.));
#6187=CARTESIAN_POINT('',(3.065,-2.14,0.));
#6188=CARTESIAN_POINT('Origin',(3.065,-2.14,0.));
#6189=CARTESIAN_POINT('',(3.065,-2.54,0.65));
#6190=CARTESIAN_POINT('',(3.065,-2.54,0.65));
#6191=CARTESIAN_POINT('',(3.065,-2.54,0.));
#6192=CARTESIAN_POINT('',(3.065,-1.07,0.));
#6193=CARTESIAN_POINT('',(3.065,-2.54,0.));
#6194=CARTESIAN_POINT('Origin',(-3.065,-2.54,0.));
#6195=CARTESIAN_POINT('',(-3.065,-2.54,0.65));
#6196=CARTESIAN_POINT('',(-3.065,-2.14,0.65));
#6197=CARTESIAN_POINT('',(-3.065,-2.54,0.));
#6198=CARTESIAN_POINT('',(-3.065,-2.54,0.));
#6199=CARTESIAN_POINT('',(-3.065,-1.27,0.));
#6200=CARTESIAN_POINT('Origin',(9.8879238130678E-16,-5.20417042793042E-17,
0.65));
#6201=CARTESIAN_POINT('',(-4.065,-2.60208521396526E-17,0.65));
#6202=CARTESIAN_POINT('',(-2.0325,2.54,0.65));
#6203=CARTESIAN_POINT('',(4.065,1.27,0.65));
#6204=CARTESIAN_POINT('',(2.0325,-2.54,0.65));
#6205=CARTESIAN_POINT('Origin',(-4.065,-9.86076131526265E-31,0.));
#6206=CARTESIAN_POINT('',(-4.065,-2.54,0.));
#6207=CARTESIAN_POINT('',(-4.065,-2.54,0.));
#6208=CARTESIAN_POINT('',(-4.065,-2.54,8.89));
#6209=CARTESIAN_POINT('',(-4.065,-2.54,0.));
#6210=CARTESIAN_POINT('',(-4.065,2.54,8.89));
#6211=CARTESIAN_POINT('',(-4.065,-2.54,8.89));
#6212=CARTESIAN_POINT('',(-4.065,2.54,0.));
#6213=CARTESIAN_POINT('',(-4.065,2.54,0.));
#6214=CARTESIAN_POINT('',(-4.065,-2.54,0.));
#6215=CARTESIAN_POINT('Origin',(2.77555756156289E-16,8.67361737988404E-17,
0.));
#6216=CARTESIAN_POINT('',(4.065,-2.54,0.));
#6217=CARTESIAN_POINT('Origin',(2.77555756156289E-16,8.67361737988404E-17,
0.));
#6218=CARTESIAN_POINT('',(4.065,-2.54,0.));
#6219=CARTESIAN_POINT('',(4.065,2.54,0.));
#6220=CARTESIAN_POINT('',(4.065,-2.54,0.));
#6221=CARTESIAN_POINT('Origin',(2.77555756156289E-16,8.67361737988404E-17,
0.));
#6222=CARTESIAN_POINT('',(4.065,2.54,0.));
#6223=CARTESIAN_POINT('',(-4.065,2.54,0.));
#6224=CARTESIAN_POINT('',(4.065,2.54,0.));
#6225=CARTESIAN_POINT('Origin',(2.77555756156289E-16,8.67361737988404E-17,
0.));
#6226=CARTESIAN_POINT('',(-4.065,2.54,0.));
#6227=CARTESIAN_POINT('Origin',(4.065,-2.54,0.));
#6228=CARTESIAN_POINT('',(4.065,-2.54,8.89));
#6229=CARTESIAN_POINT('',(4.065,-2.54,0.));
#6230=CARTESIAN_POINT('',(4.065,-2.54,8.89));
#6231=CARTESIAN_POINT('Origin',(4.065,2.54,0.));
#6232=CARTESIAN_POINT('',(4.065,2.54,8.89));
#6233=CARTESIAN_POINT('',(4.065,2.54,0.));
#6234=CARTESIAN_POINT('',(4.065,2.54,8.89));
#6235=CARTESIAN_POINT('Origin',(-4.065,2.54,0.));
#6236=CARTESIAN_POINT('',(-4.065,2.54,8.89));
#6237=CARTESIAN_POINT('Origin',(2.77555756156289E-16,-5.82196644941414E-17,
8.89));
#6238=UNCERTAINTY_MEASURE_WITH_UNIT(LENGTH_MEASURE(0.01),#6242,
'DISTANCE_ACCURACY_VALUE',
'Maximum model space distance between geometric entities at asserted c
onnectivities');
#6239=UNCERTAINTY_MEASURE_WITH_UNIT(LENGTH_MEASURE(0.01),#6242,
'DISTANCE_ACCURACY_VALUE',
'Maximum model space distance between geometric entities at asserted c
onnectivities');
#6240=(
GEOMETRIC_REPRESENTATION_CONTEXT(3)
GLOBAL_UNCERTAINTY_ASSIGNED_CONTEXT((#6238))
GLOBAL_UNIT_ASSIGNED_CONTEXT((#6242,#6245,#6244))
REPRESENTATION_CONTEXT('','3D')
);
#6241=(
GEOMETRIC_REPRESENTATION_CONTEXT(3)
GLOBAL_UNCERTAINTY_ASSIGNED_CONTEXT((#6239))
GLOBAL_UNIT_ASSIGNED_CONTEXT((#6242,#6245,#6244))
REPRESENTATION_CONTEXT('','3D')
);
#6242=(
LENGTH_UNIT()
NAMED_UNIT(*)
SI_UNIT(.MILLI.,.METRE.)
);
#6243=(
LENGTH_UNIT()
NAMED_UNIT(*)
SI_UNIT(.CENTI.,.METRE.)
);
#6244=(
NAMED_UNIT(*)
SI_UNIT($,.STERADIAN.)
SOLID_ANGLE_UNIT()
);
#6245=(
NAMED_UNIT(*)
PLANE_ANGLE_UNIT()
SI_UNIT($,.RADIAN.)
);
#6246=SHAPE_DEFINITION_REPRESENTATION(#6247,#6248);
#6247=PRODUCT_DEFINITION_SHAPE('',$,#6250);
#6248=SHAPE_REPRESENTATION('',(#3429),#6240);
#6249=PRODUCT_DEFINITION_CONTEXT('part definition',#6254,'design');
#6250=PRODUCT_DEFINITION('200AWMSPxT2A1M2xE','200AWMSPxT2A1M2xE',#6251,
#6249);
#6251=PRODUCT_DEFINITION_FORMATION('',$,#6256);
#6252=PRODUCT_RELATED_PRODUCT_CATEGORY('200AWMSPxT2A1M2xE',
'200AWMSPxT2A1M2xE',(#6256));
#6253=APPLICATION_PROTOCOL_DEFINITION('international standard',
'automotive_design',2009,#6254);
#6254=APPLICATION_CONTEXT(
'Core Data for Automotive Mechanical Design Process');
#6255=PRODUCT_CONTEXT('part definition',#6254,'mechanical');
#6256=PRODUCT('200AWMSPxT2A1M2xE','200AWMSPxT2A1M2xE',$,(#6255));
#6257=PRESENTATION_STYLE_ASSIGNMENT((#6258));
#6258=SURFACE_STYLE_USAGE(.BOTH.,#6259);
#6259=SURFACE_SIDE_STYLE('',(#6260));
#6260=SURFACE_STYLE_FILL_AREA(#6261);
#6261=FILL_AREA_STYLE('',(#6262));
#6262=FILL_AREA_STYLE_COLOUR('',#6263);
#6263=COLOUR_RGB('',0.749019607843137,0.749019607843137,0.749019607843137);
ENDSEC;
END-ISO-10303-21;
