ISO-10303-21;
HEADER;
FILE_DESCRIPTION (( 'STEP AP203' ),
    '1' );
FILE_NAME ('10035726.step',
    '2023-06-05T15:47:05',
    ( '' ),
    ( '' ),
    'SwSTEP 2.0',
    'SolidWorks 2021',
    '' );
FILE_SCHEMA (( 'CONFIG_CONTROL_DESIGN' ));
ENDSEC;

DATA;
#1 = DIRECTION ( 'NONE',  ( 0.0000000000000000000, 0.0000000000000000000, 1.000000000000000000 ) ) ;
#2 = ORIENTED_EDGE ( 'NONE', *, *, #921, .T. ) ;
#3 = CARTESIAN_POINT ( 'NONE',  ( -2.310303010644523258, 19.10000000000000142, 0.6499999984726005930 ) ) ;
#4 = ORIENTED_EDGE ( 'NONE', *, *, #1069, .F. ) ;
#5 = DIRECTION ( 'NONE',  ( 0.0000000000000000000, 0.0000000000000000000, -1.000000000000000000 ) ) ;
#6 = EDGE_CURVE ( 'NONE', #574, #339, #1325, .T. ) ;
#7 = PLANE ( 'NONE',  #1195 ) ;
#8 = AXIS2_PLACEMENT_3D ( 'NONE', #405, #723, #507 ) ;
#9 = AXIS2_PLACEMENT_3D ( 'NONE', #407, #951, #1409 ) ;
#10 = VERTEX_POINT ( 'NONE', #761 ) ;
#11 = CARTESIAN_POINT ( 'NONE',  ( 0.0000000000000000000, 19.10000000160000155, 0.0000000000000000000 ) ) ;
#12 = VECTOR ( 'NONE', #1388, 1000.000000000000000 ) ;
#13 = CIRCLE ( 'NONE', #165, 2.399999999999999911 ) ;
#14 = ORIENTED_EDGE ( 'NONE', *, *, #778, .T. ) ;
#15 = AXIS2_PLACEMENT_3D ( 'NONE', #1024, #497, #919 ) ;
#16 = CYLINDRICAL_SURFACE ( 'NONE', #1009, 1.530000000000000027 ) ;
#17 = DIRECTION ( 'NONE',  ( 0.0000000000000000000, 0.0000000000000000000, -1.000000000000000000 ) ) ;
#18 = EDGE_CURVE ( 'NONE', #480, #1107, #771, .T. ) ;
#19 = CALENDAR_DATE ( 2023, 5, 6 ) ;
#20 = EDGE_LOOP ( 'NONE', ( #1066, #743, #121, #263, #179, #838, #903, #582, #372, #759, #108 ) ) ;
#21 = FACE_OUTER_BOUND ( 'NONE', #846, .T. ) ;
#22 = CARTESIAN_POINT ( 'NONE',  ( -0.6499999984725999269, 17.50000000000000000, -2.310303010644523258 ) ) ;
#23 = EDGE_CURVE ( 'NONE', #10, #981, #664, .T. ) ;
#24 = VERTEX_POINT ( 'NONE', #1345 ) ;
#25 = APPROVAL_ROLE ( '' ) ;
#26 = EDGE_CURVE ( 'NONE', #995, #1432, #37, .T. ) ;
#27 = ORIENTED_EDGE ( 'NONE', *, *, #247, .F. ) ;
#28 = DIRECTION ( 'NONE',  ( 0.0000000000000000000, 0.0000000000000000000, -1.000000000000000000 ) ) ;
#29 = DIRECTION ( 'NONE',  ( 1.000000000000000000, 0.0000000000000000000, 0.0000000000000000000 ) ) ;
#30 = CARTESIAN_POINT ( 'NONE',  ( 0.0000000000000000000, 0.4999999999999449329, 0.0000000000000000000 ) ) ;
#31 = DIRECTION ( 'NONE',  ( -0.0000000000000000000, 1.000000000000000000, -0.0000000000000000000 ) ) ;
#32 = ADVANCED_FACE ( 'NONE', ( #1263 ), #908, .F. ) ;
#33 = EDGE_LOOP ( 'NONE', ( #346, #1119, #932, #285 ) ) ;
#34 = PERSON_AND_ORGANIZATION_ROLE ( 'design_owner' ) ;
#35 = ORIENTED_EDGE ( 'NONE', *, *, #1039, .F. ) ;
#36 = DIRECTION ( 'NONE',  ( -0.0000000000000000000, 1.000000000000000000, 0.0000000000000000000 ) ) ;
#37 = LINE ( 'NONE', #57, #592 ) ;
#38 = CIRCLE ( 'NONE', #613, 2.399999999999999911 ) ;
#39 = DIRECTION ( 'NONE',  ( 0.0000000000000000000, 0.0000000000000000000, 1.000000000000000000 ) ) ;
#40 = EDGE_CURVE ( 'NONE', #1273, #453, #235, .T. ) ;
#41 = AXIS2_PLACEMENT_3D ( 'NONE', #1329, #873, #223 ) ;
#42 = CARTESIAN_POINT ( 'NONE',  ( 2.265596578422603100E-16, 0.0000000000000000000, 1.850000000000000089 ) ) ;
#43 = EDGE_LOOP ( 'NONE', ( #461, #626, #1021, #94 ) ) ;
#44 = APPLICATION_PROTOCOL_DEFINITION ( 'international standard', 'config_control_design', 1994, #207 ) ;
#45 = EDGE_CURVE ( 'NONE', #1273, #1231, #1412, .T. ) ;
#46 = EDGE_CURVE ( 'NONE', #1438, #1315, #68, .T. ) ;
#47 = LINE ( 'NONE', #577, #1407 ) ;
#48 = LINE ( 'NONE', #718, #423 ) ;
#49 = EDGE_CURVE ( 'NONE', #453, #419, #905, .T. ) ;
#50 = CARTESIAN_POINT ( 'NONE',  ( 0.6500000000000001332, 1.600000000000000089, -3.949999999999999734 ) ) ;
#51 = EDGE_CURVE ( 'NONE', #1107, #414, #1061, .T. ) ;
#52 = CARTESIAN_POINT ( 'NONE',  ( -0.6499999977094271797, 8.750000000000000000, 3.949999999999999734 ) ) ;
#53 = ORIENTED_EDGE ( 'NONE', *, *, #1008, .T. ) ;
#54 = DIRECTION ( 'NONE',  ( -3.552713678800500929E-15, 0.0000000000000000000, -1.000000000000000000 ) ) ;
#55 = ORIENTED_EDGE ( 'NONE', *, *, #879, .T. ) ;
#56 = DIRECTION ( 'NONE',  ( 0.0000000000000000000, 0.0000000000000000000, -1.000000000000000000 ) ) ;
#57 = CARTESIAN_POINT ( 'NONE',  ( -0.6500000000000001332, 9.550000000000000711, 2.310303009999999713 ) ) ;
#58 = LINE ( 'NONE', #484, #499 ) ;
#59 = VERTEX_POINT ( 'NONE', #920 ) ;
#60 = EDGE_CURVE ( 'NONE', #1313, #984, #1163, .T. ) ;
#61 = VERTEX_POINT ( 'NONE', #578 ) ;
#62 = PLANE ( 'NONE',  #520 ) ;
#63 = LINE ( 'NONE', #1285, #258 ) ;
#64 = CARTESIAN_POINT ( 'NONE',  ( -3.204541657999999682, 23.10000000000000142, 0.6500000000000001332 ) ) ;
#65 = VERTEX_POINT ( 'NONE', #793 ) ;
#66 = DIRECTION ( 'NONE',  ( 0.5000000001152654638, -0.0000000000000000000, -0.8660254037178901632 ) ) ;
#67 = DIRECTION ( 'NONE',  ( 0.0000000000000000000, 1.000000000000000000, 0.0000000000000000000 ) ) ;
#68 = CIRCLE ( 'NONE', #262, 1.530000000000000027 ) ;
#69 = CARTESIAN_POINT ( 'NONE',  ( 0.0000000000000000000, 23.10000000000000142, 2.399999999999999911 ) ) ;
#70 = EDGE_CURVE ( 'NONE', #544, #453, #93, .T. ) ;
#71 = CARTESIAN_POINT ( 'NONE',  ( 2.617266764499999621, 1.599999999999999867, 0.6499999998999992368 ) ) ;
#72 = FACE_OUTER_BOUND ( 'NONE', #206, .T. ) ;
#73 = ORIENTED_EDGE ( 'NONE', *, *, #704, .T. ) ;
#74 = DIRECTION ( 'NONE',  ( 0.0000000000000000000, 0.0000000000000000000, -1.000000000000000000 ) ) ;
#75 = EDGE_CURVE ( 'NONE', #1306, #153, #48, .T. ) ;
#76 = DESIGN_CONTEXT ( 'detailed design', #207, 'design' ) ;
#77 = CARTESIAN_POINT ( 'NONE',  ( -3.949999999999999734, 1.600000000000000089, -0.6500000000000001332 ) ) ;
#78 = DIRECTION ( 'NONE',  ( 0.0000000000000000000, 0.0000000000000000000, -1.000000000000000000 ) ) ;
#79 = ORIENTED_EDGE ( 'NONE', *, *, #953, .F. ) ;
#80 = CARTESIAN_POINT ( 'NONE',  ( 0.0000000000000000000, 23.10000000000000142, -0.6499999978559993785 ) ) ;
#81 = CIRCLE ( 'NONE', #1334, 4.149999999999999467 ) ;
#82 = ORIENTED_EDGE ( 'NONE', *, *, #681, .T. ) ;
#83 = DIRECTION ( 'NONE',  ( -0.5000000001152654638, -0.0000000000000000000, -0.8660254037178901632 ) ) ;
#84 = AXIS2_PLACEMENT_3D ( 'NONE', #1142, #1044, #1015 ) ;
#85 = AXIS2_PLACEMENT_3D ( 'NONE', #1318, #1331, #122 ) ;
#86 = VECTOR ( 'NONE', #106, 1000.000000000000000 ) ;
#87 = DIRECTION ( 'NONE',  ( -0.0000000000000000000, -0.0000000000000000000, -1.000000000000000000 ) ) ;
#88 = CARTESIAN_POINT ( 'NONE',  ( 0.6499999977094271797, 8.750000000000000000, -3.949999999999999734 ) ) ;
#89 = ADVANCED_FACE ( 'NONE', ( #365 ), #815, .F. ) ;
#90 = EDGE_LOOP ( 'NONE', ( #1278, #82, #198, #1160 ) ) ;
#91 = DIRECTION ( 'NONE',  ( -0.0000000000000000000, -1.000000000000000000, -0.0000000000000000000 ) ) ;
#92 = EDGE_CURVE ( 'NONE', #61, #59, #1156, .T. ) ;
#93 = CIRCLE ( 'NONE', #457, 2.399999999999999911 ) ;
#94 = ORIENTED_EDGE ( 'NONE', *, *, #460, .F. ) ;
#95 = DIRECTION ( 'NONE',  ( -1.000000000000000000, -0.0000000000000000000, -0.0000000000000000000 ) ) ;
#96 = CARTESIAN_POINT ( 'NONE',  ( -0.6499999988547133789, 1.599999999062500233, -3.949999999999998845 ) ) ;
#97 = ORIENTED_EDGE ( 'NONE', *, *, #1364, .T. ) ;
#98 = LINE ( 'NONE', #621, #869 ) ;
#99 = DIRECTION ( 'NONE',  ( 0.4999999998044767913, 0.0000000000000000000, -0.8660254038973239643 ) ) ;
#100 = ORIENTED_EDGE ( 'NONE', *, *, #508, .F. ) ;
#101 = DIRECTION ( 'NONE',  ( -0.0000000000000000000, 1.000000000000000000, -0.0000000000000000000 ) ) ;
#102 = EDGE_LOOP ( 'NONE', ( #1352, #569, #363, #785 ) ) ;
#103 = AXIS2_PLACEMENT_3D ( 'NONE', #1020, #1264, #500 ) ;
#104 = VECTOR ( 'NONE', #1212, 1000.000000000000000 ) ;
#105 = ORIENTED_EDGE ( 'NONE', *, *, #1288, .F. ) ;
#106 = DIRECTION ( 'NONE',  ( 0.0000000000000000000, -1.000000000000000000, 0.0000000000000000000 ) ) ;
#107 = CIRCLE ( 'NONE', #1291, 1.850000000000000089 ) ;
#108 = ORIENTED_EDGE ( 'NONE', *, *, #402, .F. ) ;
#109 = CARTESIAN_POINT ( 'NONE',  ( 4.561067127000000276, 0.8000000000000000444, 0.0000000000000000000 ) ) ;
#110 = ORIENTED_EDGE ( 'NONE', *, *, #532, .T. ) ;
#111 = CC_DESIGN_PERSON_AND_ORGANIZATION_ASSIGNMENT ( #481, #813, ( #1175 ) ) ;
#112 = CARTESIAN_POINT ( 'NONE',  ( -4.098780306291691211, 20.30000000000000071, -0.6500000005810624426 ) ) ;
#113 = ORIENTED_EDGE ( 'NONE', *, *, #92, .F. ) ;
#114 = DIRECTION ( 'NONE',  ( -0.8660254037178901632, 0.0000000000000000000, 0.5000000001152655749 ) ) ;
#115 = ORIENTED_EDGE ( 'NONE', *, *, #1307, .F. ) ;
#116 = CARTESIAN_POINT ( 'NONE',  ( -4.098780306579985933, 19.10000000160000155, -0.6499999987631310816 ) ) ;
#117 = ORIENTED_EDGE ( 'NONE', *, *, #51, .T. ) ;
#118 = CARTESIAN_POINT ( 'NONE',  ( -0.6500000000000001332, 1.600000000000000533, 2.310303010214791897 ) ) ;
#119 = VERTEX_POINT ( 'NONE', #696 ) ;
#120 = DIRECTION ( 'NONE',  ( 1.000000000000000000, 0.0000000000000000000, 0.0000000000000000000 ) ) ;
#121 = ORIENTED_EDGE ( 'NONE', *, *, #594, .T. ) ;
#122 = DIRECTION ( 'NONE',  ( -0.5000000001152654638, 0.0000000000000000000, -0.8660254037178900521 ) ) ;
#123 = VECTOR ( 'NONE', #581, 1000.000000000000000 ) ;
#124 = AXIS2_PLACEMENT_3D ( 'NONE', #249, #1155, #56 ) ;
#125 = EDGE_CURVE ( 'NONE', #708, #818, #151, .T. ) ;
#126 = DIRECTION ( 'NONE',  ( -0.5000000001152654638, -0.0000000000000000000, 0.8660254037178901632 ) ) ;
#127 = ADVANCED_FACE ( 'NONE', ( #1257 ), #680, .T. ) ;
#128 = LINE ( 'NONE', #566, #123 ) ;
#129 = VERTEX_POINT ( 'NONE', #22 ) ;
#130 = ORIENTED_EDGE ( 'NONE', *, *, #1143, .T. ) ;
#131 = DIRECTION ( 'NONE',  ( 1.000000000000000000, -0.0000000000000000000, 0.0000000000000000000 ) ) ;
#132 = CARTESIAN_POINT ( 'NONE',  ( 4.098780305999999207, 19.10000000000000142, 0.6500000000000001332 ) ) ;
#133 = CARTESIAN_POINT ( 'NONE',  ( 2.310303010199036500, 20.80000000000000426, -0.6500000000559987834 ) ) ;
#134 = ORIENTED_EDGE ( 'NONE', *, *, #1276, .T. ) ;
#135 = DATE_AND_TIME ( #1132, #795 ) ;
#136 = DIRECTION ( 'NONE',  ( -1.000000000000000000, -0.0000000000000000000, -0.0000000000000000000 ) ) ;
#137 = DIRECTION ( 'NONE',  ( 0.0000000000000000000, 0.0000000000000000000, -1.000000000000000000 ) ) ;
#138 = CARTESIAN_POINT ( 'NONE',  ( 2.280533562109963164, 0.0000000000000000000, -3.949999999999999734 ) ) ;
#139 = ORIENTED_EDGE ( 'NONE', *, *, #1267, .F. ) ;
#140 = ADVANCED_FACE ( 'NONE', ( #1127 ), #284, .T. ) ;
#141 = ORIENTED_EDGE ( 'NONE', *, *, #1050, .T. ) ;
#142 = LINE ( 'NONE', #587, #1151 ) ;
#143 = CARTESIAN_POINT ( 'NONE',  ( 5.082284216461514170E-16, 23.10000000000000142, 4.149999999999999467 ) ) ;
#144 = VECTOR ( 'NONE', #91, 1000.000000000000000 ) ;
#145 = CARTESIAN_POINT ( 'NONE',  ( 1.873709602695450449E-16, 7.900000000000000355, 1.530000000000000027 ) ) ;
#146 = VECTOR ( 'NONE', #739, 1000.000000000000000 ) ;
#147 = ORIENTED_EDGE ( 'NONE', *, *, #955, .F. ) ;
#148 = DATE_AND_TIME ( #1139, #538 ) ;
#149 = VECTOR ( 'NONE', #537, 1000.000000000000000 ) ;
#150 = FACE_BOUND ( 'NONE', #595, .T. ) ;
#151 = LINE ( 'NONE', #597, #375 ) ;
#152 = DIRECTION ( 'NONE',  ( -0.0000000000000000000, 1.000000000000000000, -0.0000000000000000000 ) ) ;
#153 = VERTEX_POINT ( 'NONE', #524 ) ;
#154 = DIRECTION ( 'NONE',  ( 0.0000000000000000000, 0.0000000000000000000, 1.000000000000000000 ) ) ;
#155 = CARTESIAN_POINT ( 'NONE',  ( -2.617266764499999621, 1.599999999999999867, 0.6499999998999992368 ) ) ;
#156 = ORIENTED_EDGE ( 'NONE', *, *, #1437, .F. ) ;
#157 = CARTESIAN_POINT ( 'NONE',  ( 0.0000000000000000000, 23.10000000000000142, 0.0000000000000000000 ) ) ;
#158 = PLANE ( 'NONE',  #187 ) ;
#159 = CARTESIAN_POINT ( 'NONE',  ( -2.280533562554981408, 0.0000000000000000000, -3.949999999999999734 ) ) ;
#160 = ORIENTED_EDGE ( 'NONE', *, *, #1050, .F. ) ;
#161 = DIRECTION ( 'NONE',  ( 1.000000000000000000, -0.0000000000000000000, -0.0000000000000000000 ) ) ;
#162 = DIRECTION ( 'NONE',  ( 0.0000000000000000000, 0.0000000000000000000, 1.000000000000000000 ) ) ;
#163 = DIRECTION ( 'NONE',  ( 0.0000000000000000000, 1.000000000000000000, 0.0000000000000000000 ) ) ;
#164 = FACE_OUTER_BOUND ( 'NONE', #1201, .T. ) ;
#165 = AXIS2_PLACEMENT_3D ( 'NONE', #319, #985, #344 ) ;
#166 = EDGE_CURVE ( 'NONE', #517, #261, #852, .T. ) ;
#167 =( GEOMETRIC_REPRESENTATION_CONTEXT ( 3 ) GLOBAL_UNCERTAINTY_ASSIGNED_CONTEXT ( ( #1216 ) ) GLOBAL_UNIT_ASSIGNED_CONTEXT ( ( #1109, #893, #715 ) ) REPRESENTATION_CONTEXT ( 'NONE', 'WORKASPACE' ) );
#168 = ADVANCED_FACE ( 'NONE', ( #72 ), #1308, .F. ) ;
#169 = CARTESIAN_POINT ( 'NONE',  ( -2.310303010199036500, 20.80000000000000426, -0.6500000000559994495 ) ) ;
#170 = DIRECTION ( 'NONE',  ( 0.0000000000000000000, -1.000000000000000000, 0.0000000000000000000 ) ) ;
#171 = FACE_OUTER_BOUND ( 'NONE', #1223, .T. ) ;
#172 = ORIENTED_EDGE ( 'NONE', *, *, #180, .T. ) ;
#173 = DIRECTION ( 'NONE',  ( 0.0000000000000000000, 0.0000000000000000000, -1.000000000000000000 ) ) ;
#174 = ORIENTED_EDGE ( 'NONE', *, *, #955, .T. ) ;
#175 = LINE ( 'NONE', #395, #425 ) ;
#176 = ORIENTED_EDGE ( 'NONE', *, *, #237, .F. ) ;
#177 = CARTESIAN_POINT ( 'NONE',  ( 2.280533563000000541, 0.0000000000000000000, 3.949999999999999734 ) ) ;
#178 = EDGE_CURVE ( 'NONE', #339, #240, #1071, .T. ) ;
#179 = ORIENTED_EDGE ( 'NONE', *, *, #735, .F. ) ;
#180 = EDGE_CURVE ( 'NONE', #823, #480, #280, .T. ) ;
#181 = ADVANCED_FACE ( 'NONE', ( #619 ), #498, .F. ) ;
#182 = LINE ( 'NONE', #71, #890 ) ;
#183 = DIRECTION ( 'NONE',  ( -0.0000000000000000000, -1.000000000000000000, -0.0000000000000000000 ) ) ;
#184 = EDGE_LOOP ( 'NONE', ( #542, #1330, #685, #1286 ) ) ;
#185 = FACE_OUTER_BOUND ( 'NONE', #741, .T. ) ;
#186 = DIRECTION ( 'NONE',  ( 0.0000000000000000000, 1.000000000000000000, 0.0000000000000000000 ) ) ;
#187 = AXIS2_PLACEMENT_3D ( 'NONE', #630, #163, #612 ) ;
#188 = ORIENTED_EDGE ( 'NONE', *, *, #911, .F. ) ;
#189 = AXIS2_PLACEMENT_3D ( 'NONE', #1340, #205, #340 ) ;
#190 = AXIS2_PLACEMENT_3D ( 'NONE', #364, #1389, #717 ) ;
#191 = CARTESIAN_POINT ( 'NONE',  ( 2.310303010516397304, 23.10000000000000142, -0.6499999989279998669 ) ) ;
#192 = PLANE ( 'NONE',  #872 ) ;
#193 = ORIENTED_EDGE ( 'NONE', *, *, #311, .T. ) ;
#194 = FACE_OUTER_BOUND ( 'NONE', #336, .T. ) ;
#195 = LINE ( 'NONE', #1168, #635 ) ;
#196 = ORIENTED_EDGE ( 'NONE', *, *, #968, .F. ) ;
#197 = PLANE ( 'NONE',  #847 ) ;
#198 = ORIENTED_EDGE ( 'NONE', *, *, #508, .T. ) ;
#199 = LINE ( 'NONE', #536, #674 ) ;
#200 = ORIENTED_EDGE ( 'NONE', *, *, #45, .F. ) ;
#201 = ORIENTED_EDGE ( 'NONE', *, *, #1276, .F. ) ;
#202 = FACE_OUTER_BOUND ( 'NONE', #887, .T. ) ;
#203 = DIRECTION ( 'NONE',  ( 0.0000000000000000000, 0.0000000000000000000, -1.000000000000000000 ) ) ;
#204 = ORIENTED_EDGE ( 'NONE', *, *, #402, .T. ) ;
#205 = DIRECTION ( 'NONE',  ( -0.0000000000000000000, 1.000000000000000000, -0.0000000000000000000 ) ) ;
#206 = EDGE_LOOP ( 'NONE', ( #648, #926, #434, #100 ) ) ;
#207 = APPLICATION_CONTEXT ( 'configuration controlled 3d designs of mechanical parts and assemblies' ) ;
#208 = DIRECTION ( 'NONE',  ( -0.5000000001152654638, 0.0000000000000000000, 0.8660254037178900521 ) ) ;
#209 = EDGE_CURVE ( 'NONE', #525, #214, #63, .T. ) ;
#210 = VECTOR ( 'NONE', #1386, 1000.000000000000000 ) ;
#211 = AXIS2_PLACEMENT_3D ( 'NONE', #564, #101, #663 ) ;
#212 = CARTESIAN_POINT ( 'NONE',  ( -3.949999998928806821, 1.600000000000000089, 0.0000000000000000000 ) ) ;
#213 = AXIS2_PLACEMENT_3D ( 'NONE', #878, #306, #337 ) ;
#214 = VERTEX_POINT ( 'NONE', #745 ) ;
#215 = FACE_OUTER_BOUND ( 'NONE', #436, .T. ) ;
#216 = ORIENTED_EDGE ( 'NONE', *, *, #1434, .T. ) ;
#217 = EDGE_LOOP ( 'NONE', ( #641, #134, #1131, #841 ) ) ;
#218 = DIRECTION ( 'NONE',  ( -0.0000000000000000000, 1.000000000000000000, -0.0000000000000000000 ) ) ;
#219 = ORIENTED_EDGE ( 'NONE', *, *, #178, .T. ) ;
#220 = PRODUCT_DEFINITION_SHAPE ( 'NONE', 'NONE',  #1214 ) ;
#221 = EDGE_CURVE ( 'NONE', #1317, #119, #945, .T. ) ;
#222 = ORIENTED_EDGE ( 'NONE', *, *, #1375, .T. ) ;
#223 = DIRECTION ( 'NONE',  ( 0.0000000000000000000, 0.0000000000000000000, -1.000000000000000000 ) ) ;
#224 = EDGE_CURVE ( 'NONE', #466, #870, #833, .T. ) ;
#225 = ORIENTED_EDGE ( 'NONE', *, *, #934, .F. ) ;
#226 = DIRECTION ( 'NONE',  ( -0.0000000000000000000, -1.000000000000000000, -0.0000000000000000000 ) ) ;
#227 = ORIENTED_EDGE ( 'NONE', *, *, #362, .T. ) ;
#228 = CARTESIAN_POINT ( 'NONE',  ( -4.584533528999998886, 1.600000000000000089, 3.949999999999999734 ) ) ;
#229 = VERTEX_POINT ( 'NONE', #413 ) ;
#230 = APPLICATION_PROTOCOL_DEFINITION ( 'international standard', 'config_control_design', 1994, #1357 ) ;
#231 = AXIS2_PLACEMENT_3D ( 'NONE', #308, #976, #74 ) ;
#232 = EDGE_LOOP ( 'NONE', ( #309, #728, #806, #196, #1301, #156, #216, #551 ) ) ;
#233 = DIRECTION ( 'NONE',  ( -0.0000000000000000000, 1.000000000000000000, 0.0000000000000000000 ) ) ;
#234 = APPROVAL_PERSON_ORGANIZATION ( #348, #1174, #1254 ) ;
#235 = LINE ( 'NONE', #1380, #1158 ) ;
#236 = CARTESIAN_POINT ( 'NONE',  ( 3.949999998928807710, 1.600000000000000089, 0.0000000000000000000 ) ) ;
#237 = EDGE_CURVE ( 'NONE', #1315, #1438, #1120, .T. ) ;
#238 = ORIENTED_EDGE ( 'NONE', *, *, #704, .F. ) ;
#239 = PERSON_AND_ORGANIZATION ( #465, #588 ) ;
#240 = VERTEX_POINT ( 'NONE', #740 ) ;
#241 = DIRECTION ( 'NONE',  ( -0.0000000000000000000, 1.000000000000000000, 0.0000000000000000000 ) ) ;
#242 = DIRECTION ( 'NONE',  ( 0.0000000000000000000, 3.599834664200236792E-14, -1.000000000000000000 ) ) ;
#243 = EDGE_CURVE ( 'NONE', #981, #153, #861, .T. ) ;
#244 = CARTESIAN_POINT ( 'NONE',  ( 0.0000000000000000000, 20.80000000000000426, 0.0000000000000000000 ) ) ;
#245 = ORIENTED_EDGE ( 'NONE', *, *, #1193, .F. ) ;
#246 = PERSON_AND_ORGANIZATION ( #465, #588 ) ;
#247 = EDGE_CURVE ( 'NONE', #1072, #240, #272, .T. ) ;
#248 = EDGE_LOOP ( 'NONE', ( #432, #172, #1042, #117 ) ) ;
#249 = CARTESIAN_POINT ( 'NONE',  ( 0.0000000000000000000, 17.50000000000000000, 0.0000000000000000000 ) ) ;
#250 = CARTESIAN_POINT ( 'NONE',  ( -0.6500000000000001332, 1.600000000000000089, 3.949999999999999734 ) ) ;
#251 = DIRECTION ( 'NONE',  ( 0.0000000000000000000, 0.0000000000000000000, -1.000000000000000000 ) ) ;
#252 = DIRECTION ( 'NONE',  ( 0.0000000000000000000, 0.0000000000000000000, 1.000000000000000000 ) ) ;
#253 = ORIENTED_EDGE ( 'NONE', *, *, #1069, .T. ) ;
#254 = APPROVAL_DATE_TIME ( #1261, #1336 ) ;
#255 = VECTOR ( 'NONE', #486, 1000.000000000000000 ) ;
#256 = LINE ( 'NONE', #1256, #377 ) ;
#257 = DIRECTION ( 'NONE',  ( 0.0000000000000000000, 0.0000000000000000000, -1.000000000000000000 ) ) ;
#258 = VECTOR ( 'NONE', #1416, 1000.000000000000000 ) ;
#259 = AXIS2_PLACEMENT_3D ( 'NONE', #50, #599, #39 ) ;
#260 = CARTESIAN_POINT ( 'NONE',  ( 0.0000000000000000000, 23.10000000000000142, -0.6499999978559993785 ) ) ;
#261 = VERTEX_POINT ( 'NONE', #1180 ) ;
#262 = AXIS2_PLACEMENT_3D ( 'NONE', #477, #929, #257 ) ;
#263 = ORIENTED_EDGE ( 'NONE', *, *, #1226, .T. ) ;
#264 = DIRECTION ( 'NONE',  ( 0.0000000000000000000, 0.0000000000000000000, 1.000000000000000000 ) ) ;
#265 = CARTESIAN_POINT ( 'NONE',  ( 2.310303009999999713, 21.10000000000000142, -0.6500000000000001332 ) ) ;
#266 = CARTESIAN_POINT ( 'NONE',  ( 0.0000000000000000000, 17.50000000000000000, 0.0000000000000000000 ) ) ;
#267 = DIRECTION ( 'NONE',  ( -0.0000000000000000000, -0.0000000000000000000, 1.000000000000000000 ) ) ;
#268 = DIRECTION ( 'NONE',  ( -0.0000000000000000000, 1.000000000000000000, -0.0000000000000000000 ) ) ;
#269 = DIRECTION ( 'NONE',  ( 0.0000000000000000000, 0.0000000000000000000, 1.000000000000000000 ) ) ;
#270 = ORIENTED_EDGE ( 'NONE', *, *, #1405, .F. ) ;
#271 = DIRECTION ( 'NONE',  ( 0.0000000000000000000, 0.0000000000000000000, -1.000000000000000000 ) ) ;
#272 = LINE ( 'NONE', #396, #1007 ) ;
#273 = ADVANCED_FACE ( 'NONE', ( #515 ), #1190, .F. ) ;
#274 = FACE_OUTER_BOUND ( 'NONE', #506, .T. ) ;
#275 = CYLINDRICAL_SURFACE ( 'NONE', #452, 2.399999999999999911 ) ;
#276 = CARTESIAN_POINT ( 'NONE',  ( 3.950000003404398718, 17.50000000000000000, 0.0000000000000000000 ) ) ;
#277 = VERTEX_POINT ( 'NONE', #1172 ) ;
#278 = LINE ( 'NONE', #80, #424 ) ;
#279 = VECTOR ( 'NONE', #469, 1000.000000000000000 ) ;
#280 = CIRCLE ( 'NONE', #656, 2.399999999999999911 ) ;
#281 = VECTOR ( 'NONE', #226, 1000.000000000000000 ) ;
#282 = AXIS2_PLACEMENT_3D ( 'NONE', #750, #170, #1399 ) ;
#283 = FACE_OUTER_BOUND ( 'NONE', #1427, .T. ) ;
#284 = CYLINDRICAL_SURFACE ( 'NONE', #1196, 2.399999999999999911 ) ;
#285 = ORIENTED_EDGE ( 'NONE', *, *, #681, .F. ) ;
#286 = DIRECTION ( 'NONE',  ( -1.000000000000000000, 0.0000000000000000000, 0.0000000000000000000 ) ) ;
#287 = EDGE_CURVE ( 'NONE', #229, #392, #386, .T. ) ;
#288 = ADVANCED_FACE ( 'NONE', ( #1281, #171 ), #158, .F. ) ;
#289 = VERTEX_POINT ( 'NONE', #1059 ) ;
#290 = CARTESIAN_POINT ( 'NONE',  ( 0.6500000000000001332, 1.600000000000000533, -2.310303010214791897 ) ) ;
#291 = DIRECTION ( 'NONE',  ( 0.0000000000000000000, -1.000000000000000000, 0.0000000000000000000 ) ) ;
#292 = ORIENTED_EDGE ( 'NONE', *, *, #1437, .T. ) ;
#293 = LINE ( 'NONE', #868, #1309 ) ;
#294 = FACE_OUTER_BOUND ( 'NONE', #511, .T. ) ;
#295 = ORIENTED_EDGE ( 'NONE', *, *, #1425, .F. ) ;
#296 = CYLINDRICAL_SURFACE ( 'NONE', #1356, 4.149999999999999467 ) ;
#297 = CARTESIAN_POINT ( 'NONE',  ( 0.0000000000000000000, 17.50000000000000000, 0.0000000000000000000 ) ) ;
#298 = ORIENTED_EDGE ( 'NONE', *, *, #331, .T. ) ;
#299 = DIRECTION ( 'NONE',  ( -1.000000000000000000, -0.0000000000000000000, -0.0000000000000000000 ) ) ;
#300 = VECTOR ( 'NONE', #83, 1000.000000000000000 ) ;
#301 = CC_DESIGN_APPROVAL ( #1336, ( #1175 ) ) ;
#302 = VECTOR ( 'NONE', #909, 1000.000000000000000 ) ;
#303 = AXIS2_PLACEMENT_3D ( 'NONE', #132, #356, #483 ) ;
#304 = EDGE_LOOP ( 'NONE', ( #200, #1105, #1152, #567 ) ) ;
#305 = AXIS2_PLACEMENT_3D ( 'NONE', #1324, #550, #1014 ) ;
#306 = DIRECTION ( 'NONE',  ( 0.0000000000000000000, 0.0000000000000000000, -1.000000000000000000 ) ) ;
#307 = ORIENTED_EDGE ( 'NONE', *, *, #934, .T. ) ;
#308 = CARTESIAN_POINT ( 'NONE',  ( 0.0000000000000000000, 7.900000000000000355, 0.0000000000000000000 ) ) ;
#309 = ORIENTED_EDGE ( 'NONE', *, *, #60, .F. ) ;
#310 = DIRECTION ( 'NONE',  ( 0.0000000000000000000, 0.0000000000000000000, 1.000000000000000000 ) ) ;
#311 = EDGE_CURVE ( 'NONE', #787, #757, #528, .T. ) ;
#312 = ORIENTED_EDGE ( 'NONE', *, *, #644, .F. ) ;
#313 = DIRECTION ( 'NONE',  ( -1.000000000000000000, 0.0000000000000000000, 0.0000000000000000000 ) ) ;
#314 = VERTEX_POINT ( 'NONE', #96 ) ;
#315 = ADVANCED_FACE ( 'NONE', ( #1198 ), #192, .F. ) ;
#316 = EDGE_LOOP ( 'NONE', ( #694, #1080, #139, #1422 ) ) ;
#317 = DIRECTION ( 'NONE',  ( -1.000000000000000000, -0.0000000000000000000, -0.0000000000000000000 ) ) ;
#318 = ORIENTED_EDGE ( 'NONE', *, *, #1074, .T. ) ;
#319 = CARTESIAN_POINT ( 'NONE',  ( 0.0000000000000000000, 23.10000000000000142, 0.0000000000000000000 ) ) ;
#320 = ORIENTED_EDGE ( 'NONE', *, *, #892, .T. ) ;
#321 = FACE_OUTER_BOUND ( 'NONE', #1125, .T. ) ;
#322 = VECTOR ( 'NONE', #992, 1000.000000000000000 ) ;
#323 = LOCAL_TIME ( 16, 47, 4.000000000000000000, #789 ) ;
#324 = AXIS2_PLACEMENT_3D ( 'NONE', #177, #173, #1087 ) ;
#325 = DIRECTION ( 'NONE',  ( -0.4999999998044766247, 0.0000000000000000000, 0.8660254038973240753 ) ) ;
#326 = VECTOR ( 'NONE', #441, 1000.000000000000000 ) ;
#327 = VERTEX_POINT ( 'NONE', #1300 ) ;
#328 = DIRECTION ( 'NONE',  ( -0.0000000000000000000, -1.000000000000000000, -0.0000000000000000000 ) ) ;
#329 = ORIENTED_EDGE ( 'NONE', *, *, #1098, .T. ) ;
#330 = LINE ( 'NONE', #989, #376 ) ;
#331 = EDGE_CURVE ( 'NONE', #563, #419, #560, .T. ) ;
#332 = AXIS2_PLACEMENT_3D ( 'NONE', #826, #1362, #137 ) ;
#333 = DIRECTION ( 'NONE',  ( 0.0000000000000000000, 0.0000000000000000000, -1.000000000000000000 ) ) ;
#334 = EDGE_CURVE ( 'NONE', #392, #556, #416, .T. ) ;
#335 = FACE_OUTER_BOUND ( 'NONE', #958, .T. ) ;
#336 = EDGE_LOOP ( 'NONE', ( #1191, #549, #219, #27 ) ) ;
#337 = DIRECTION ( 'NONE',  ( -1.000000000000000000, 0.0000000000000000000, 0.0000000000000000000 ) ) ;
#338 = ADVANCED_FACE ( 'NONE', ( #489 ), #495, .T. ) ;
#339 = VERTEX_POINT ( 'NONE', #722 ) ;
#340 = DIRECTION ( 'NONE',  ( 0.0000000000000000000, 0.0000000000000000000, -1.000000000000000000 ) ) ;
#341 = EDGE_LOOP ( 'NONE', ( #1229, #632, #546, #1368, #1211 ) ) ;
#342 = CARTESIAN_POINT ( 'NONE',  ( 0.0000000000000000000, 0.0000000000000000000, 0.0000000000000000000 ) ) ;
#343 = ORIENTED_EDGE ( 'NONE', *, *, #661, .F. ) ;
#344 = DIRECTION ( 'NONE',  ( 0.0000000000000000000, 0.0000000000000000000, 1.000000000000000000 ) ) ;
#345 = CARTESIAN_POINT ( 'NONE',  ( 0.6499999977094266246, 8.750000000000000000, 3.949999999999998845 ) ) ;
#346 = ORIENTED_EDGE ( 'NONE', *, *, #700, .F. ) ;
#347 = VECTOR ( 'NONE', #492, 1000.000000000000000 ) ;
#348 = PERSON_AND_ORGANIZATION ( #465, #588 ) ;
#349 = VECTOR ( 'NONE', #299, 1000.000000000000000 ) ;
#350 = CARTESIAN_POINT ( 'NONE',  ( 0.0000000000000000000, 7.900000000000000355, -1.530000000000000027 ) ) ;
#351 = VECTOR ( 'NONE', #709, 1000.000000000000000 ) ;
#352 = DIRECTION ( 'NONE',  ( 0.0000000000000000000, 0.0000000000000000000, -1.000000000000000000 ) ) ;
#353 = CARTESIAN_POINT ( 'NONE',  ( 0.6500000000000001332, 17.50000000000000000, 2.310303010214791897 ) ) ;
#354 = DATE_TIME_ROLE ( 'classification_date' ) ;
#355 = DIRECTION ( 'NONE',  ( -1.000000000000000000, -0.0000000000000000000, -0.0000000000000000000 ) ) ;
#356 = DIRECTION ( 'NONE',  ( 0.0000000000000000000, 0.0000000000000000000, -1.000000000000000000 ) ) ;
#357 = CARTESIAN_POINT ( 'NONE',  ( -2.310303010199036500, 20.80000000000000426, 0.6500000000559994495 ) ) ;
#358 = DIRECTION ( 'NONE',  ( 0.4999999998044766247, 0.0000000000000000000, 0.8660254038973240753 ) ) ;
#359 = CARTESIAN_POINT ( 'NONE',  ( 2.310303010344115116, 1.600000000000000755, -0.6500000003037841312 ) ) ;
#360 = ORIENTED_EDGE ( 'NONE', *, *, #1419, .F. ) ;
#361 = SHAPE_DEFINITION_REPRESENTATION ( #220, #442 ) ;
#362 = EDGE_CURVE ( 'NONE', #1034, #61, #195, .T. ) ;
#363 = ORIENTED_EDGE ( 'NONE', *, *, #858, .F. ) ;
#364 = CARTESIAN_POINT ( 'NONE',  ( 0.0000000000000000000, 1.600000000000000755, 0.0000000000000000000 ) ) ;
#365 = FACE_OUTER_BOUND ( 'NONE', #394, .T. ) ;
#366 = LINE ( 'NONE', #236, #302 ) ;
#367 = CARTESIAN_POINT ( 'NONE',  ( 0.0000000000000000000, 20.80000000000000426, 2.399999999999999911 ) ) ;
#368 = LINE ( 'NONE', #1268, #962 ) ;
#369 = ORIENTED_EDGE ( 'NONE', *, *, #996, .F. ) ;
#370 = APPROVAL_STATUS ( 'not_yet_approved' ) ;
#371 = LOCAL_TIME ( 16, 47, 4.000000000000000000, #575 ) ;
#372 = ORIENTED_EDGE ( 'NONE', *, *, #1225, .F. ) ;
#373 = DIRECTION ( 'NONE',  ( -0.0000000000000000000, 1.000000000000000000, -0.0000000000000000000 ) ) ;
#374 = DIRECTION ( 'NONE',  ( -0.0000000000000000000, 1.000000000000000000, 0.0000000000000000000 ) ) ;
#375 = VECTOR ( 'NONE', #809, 1000.000000000000000 ) ;
#376 = VECTOR ( 'NONE', #1433, 1000.000000000000000 ) ;
#377 = VECTOR ( 'NONE', #136, 1000.000000000000000 ) ;
#378 = CARTESIAN_POINT ( 'NONE',  ( 4.098780306449401500, 23.10000000000000142, -0.6499999995865729518 ) ) ;
#379 = VECTOR ( 'NONE', #87, 1000.000000000000000 ) ;
#380 = ADVANCED_FACE ( 'NONE', ( #294 ), #608, .F. ) ;
#381 = CARTESIAN_POINT ( 'NONE',  ( 0.6500000000000002442, 1.600000000000000089, -3.949999999999999734 ) ) ;
#382 = VERTEX_POINT ( 'NONE', #1346 ) ;
#383 = EDGE_CURVE ( 'NONE', #1072, #1317, #1335, .T. ) ;
#384 = ORIENTED_EDGE ( 'NONE', *, *, #968, .T. ) ;
#385 = FACE_OUTER_BOUND ( 'NONE', #430, .T. ) ;
#386 = LINE ( 'NONE', #1303, #819 ) ;
#387 = LINE ( 'NONE', #145, #585 ) ;
#388 = ORIENTED_EDGE ( 'NONE', *, *, #18, .F. ) ;
#389 = CARTESIAN_POINT ( 'NONE',  ( 2.310303010644523258, 19.10000000000000142, 0.6499999984726005930 ) ) ;
#390 = LINE ( 'NONE', #744, #1011 ) ;
#391 = DIRECTION ( 'NONE',  ( 0.0000000000000000000, -1.000000000000000000, 0.0000000000000000000 ) ) ;
#392 = VERTEX_POINT ( 'NONE', #1094 ) ;
#393 = DIRECTION ( 'NONE',  ( 1.000000000000000000, 0.0000000000000000000, 0.0000000000000000000 ) ) ;
#394 = EDGE_LOOP ( 'NONE', ( #652, #225, #721, #1298, #692 ) ) ;
#395 = CARTESIAN_POINT ( 'NONE',  ( 0.0000000000000000000, 0.0000000000000000000, 3.949999999999999734 ) ) ;
#396 = CARTESIAN_POINT ( 'NONE',  ( -2.280533562109962276, 0.0000000000000000000, 3.949999999999999734 ) ) ;
#397 = ORIENTED_EDGE ( 'NONE', *, *, #1113, .F. ) ;
#398 = CARTESIAN_POINT ( 'NONE',  ( 0.6499999969452009418, 17.50000000000000000, 0.0000000000000000000 ) ) ;
#399 = VECTOR ( 'NONE', #1144, 1000.000000000000000 ) ;
#400 = ADVANCED_FACE ( 'NONE', ( #668 ), #16, .F. ) ;
#401 = CIRCLE ( 'NONE', #1429, 4.149999999999999467 ) ;
#402 = EDGE_CURVE ( 'NONE', #59, #1107, #330, .T. ) ;
#403 = ORIENTED_EDGE ( 'NONE', *, *, #178, .F. ) ;
#404 = LINE ( 'NONE', #502, #300 ) ;
#405 = CARTESIAN_POINT ( 'NONE',  ( -2.310303009999999713, 19.10000000000000142, 0.6500000000000001332 ) ) ;
#406 = CARTESIAN_POINT ( 'NONE',  ( -0.6499999974225780797, 17.50000000000000000, -3.950000001702199448 ) ) ;
#407 = CARTESIAN_POINT ( 'NONE',  ( -4.561067127000000276, 0.0000000000000000000, 0.0000000000000000000 ) ) ;
#408 = EDGE_LOOP ( 'NONE', ( #403, #1041, #1186, #876 ) ) ;
#409 = DIRECTION ( 'NONE',  ( 1.000000000000000000, 0.0000000000000000000, 0.0000000000000000000 ) ) ;
#410 = CC_DESIGN_DATE_AND_TIME_ASSIGNMENT ( #135, #354, ( #1382 ) ) ;
#411 = EDGE_LOOP ( 'NONE', ( #4, #1123, #222, #940, #724, #160, #201, #999, #812, #1378, #227, #1440, #1387, #360, #623, #991 ) ) ;
#412 = DIRECTION ( 'NONE',  ( -0.0000000000000000000, -1.000000000000000000, -0.0000000000000000000 ) ) ;
#413 = CARTESIAN_POINT ( 'NONE',  ( -3.950000002269599797, 17.50000000000000000, 0.6499999979634673020 ) ) ;
#414 = VERTEX_POINT ( 'NONE', #1215 ) ;
#415 = DIRECTION ( 'NONE',  ( 0.0000000000000000000, 0.0000000000000000000, 1.000000000000000000 ) ) ;
#416 = LINE ( 'NONE', #155, #12 ) ;
#417 = ORIENTED_EDGE ( 'NONE', *, *, #827, .T. ) ;
#418 = LINE ( 'NONE', #1210, #322 ) ;
#419 = VERTEX_POINT ( 'NONE', #433 ) ;
#420 = LINE ( 'NONE', #742, #144 ) ;
#421 = CARTESIAN_POINT ( 'NONE',  ( 0.6500000000000001332, 9.550000000000000711, 2.310303009999999713 ) ) ;
#422 = CARTESIAN_POINT ( 'NONE',  ( 0.0000000000000000000, 19.10000000000000142, 0.0000000000000000000 ) ) ;
#423 = VECTOR ( 'NONE', #463, 1000.000000000000000 ) ;
#424 = VECTOR ( 'NONE', #627, 1000.000000000000000 ) ;
#425 = VECTOR ( 'NONE', #95, 1000.000000000000000 ) ;
#426 = ADVANCED_FACE ( 'NONE', ( #883 ), #877, .F. ) ;
#427 = ADVANCED_FACE ( 'NONE', ( #321 ), #773, .F. ) ;
#428 = ORIENTED_EDGE ( 'NONE', *, *, #513, .F. ) ;
#429 = CARTESIAN_POINT ( 'NONE',  ( 4.561067125088698049, 0.0000000000000000000, 3.009515922060279108E-10 ) ) ;
#430 = EDGE_LOOP ( 'NONE', ( #496, #141, #193, #1294 ) ) ;
#431 = CARTESIAN_POINT ( 'NONE',  ( 4.098780306641083726, 23.10000000000000142, 0.6499999983778561585 ) ) ;
#432 = ORIENTED_EDGE ( 'NONE', *, *, #1267, .T. ) ;
#433 = CARTESIAN_POINT ( 'NONE',  ( 2.310303010644523258, 19.10000000000000142, -0.6499999984725999269 ) ) ;
#434 = ORIENTED_EDGE ( 'NONE', *, *, #1113, .T. ) ;
#435 = LINE ( 'NONE', #645, #1031 ) ;
#436 = EDGE_LOOP ( 'NONE', ( #616, #1086, #1304, #238 ) ) ;
#437 = CARTESIAN_POINT ( 'NONE',  ( 0.0000000000000000000, 23.10000000000000142, 0.0000000000000000000 ) ) ;
#438 = ORIENTED_EDGE ( 'NONE', *, *, #835, .F. ) ;
#439 = DIRECTION ( 'NONE',  ( 0.0000000000000000000, -1.000000000000000000, 0.0000000000000000000 ) ) ;
#440 = VERTEX_POINT ( 'NONE', #1166 ) ;
#441 = DIRECTION ( 'NONE',  ( -1.000000000000000000, -0.0000000000000000000, -0.0000000000000000000 ) ) ;
#442 = ADVANCED_BREP_SHAPE_REPRESENTATION ( '10035726', ( #1395, #961 ), #167 ) ;
#443 = VERTEX_POINT ( 'NONE', #713 ) ;
#444 = DIRECTION ( 'NONE',  ( -0.0000000000000000000, 1.000000000000000000, -0.0000000000000000000 ) ) ;
#445 = EDGE_CURVE ( 'NONE', #419, #327, #128, .T. ) ;
#446 = ORIENTED_EDGE ( 'NONE', *, *, #948, .F. ) ;
#447 = ADVANCED_FACE ( 'NONE', ( #335 ), #1150, .T. ) ;
#448 = AXIS2_PLACEMENT_3D ( 'NONE', #1049, #604, #78 ) ;
#449 = PRODUCT ( '10035726', '10035726', '', ( #933 ) ) ;
#450 = AXIS2_PLACEMENT_3D ( 'NONE', #437, #218, #1431 ) ;
#451 = VERTEX_POINT ( 'NONE', #1245 ) ;
#452 = AXIS2_PLACEMENT_3D ( 'NONE', #1415, #514, #503 ) ;
#453 = VERTEX_POINT ( 'NONE', #133 ) ;
#454 = DIRECTION ( 'NONE',  ( 8.881784197001252323E-16, 0.0000000000000000000, -1.000000000000000000 ) ) ;
#455 = ORIENTED_EDGE ( 'NONE', *, *, #661, .T. ) ;
#456 = CARTESIAN_POINT ( 'NONE',  ( -2.280533563000000541, 8.750000000000000000, 3.949999999999999734 ) ) ;
#457 = AXIS2_PLACEMENT_3D ( 'NONE', #1370, #1019, #1275 ) ;
#458 = CARTESIAN_POINT ( 'NONE',  ( 2.310303009999999713, 19.10000000000000142, -0.6500000000000001332 ) ) ;
#459 = DATE_AND_TIME ( #19, #323 ) ;
#460 = EDGE_CURVE ( 'NONE', #119, #995, #470, .T. ) ;
#461 = ORIENTED_EDGE ( 'NONE', *, *, #534, .T. ) ;
#462 = PLANE ( 'NONE',  #914 ) ;
#463 = DIRECTION ( 'NONE',  ( 0.0000000000000000000, 1.000000000000000000, 0.0000000000000000000 ) ) ;
#464 = CARTESIAN_POINT ( 'NONE',  ( -0.6500000000000001332, 1.600000000000000089, -2.310303009999999713 ) ) ;
#465 = PERSON ( 'UNSPECIFIED', 'UNSPECIFIED', 'UNSPECIFIED', ('UNSPECIFIED'), ('UNSPECIFIED'), ('UNSPECIFIED') ) ;
#466 = VERTEX_POINT ( 'NONE', #552 ) ;
#467 = FACE_OUTER_BOUND ( 'NONE', #184, .T. ) ;
#468 = CARTESIAN_POINT ( 'NONE',  ( 0.0000000000000000000, 17.50000000000000000, -0.6499999969451996096 ) ) ;
#469 = DIRECTION ( 'NONE',  ( 0.0000000000000000000, 1.000000000000000000, 0.0000000000000000000 ) ) ;
#470 = LINE ( 'NONE', #683, #755 ) ;
#471 = EDGE_CURVE ( 'NONE', #880, #993, #1252, .T. ) ;
#472 = ORIENTED_EDGE ( 'NONE', *, *, #209, .T. ) ;
#473 = AXIS2_PLACEMENT_3D ( 'NONE', #957, #291, #1293 ) ;
#474 = ORIENTED_EDGE ( 'NONE', *, *, #855, .F. ) ;
#475 = DIRECTION ( 'NONE',  ( -1.000000000000000000, -0.0000000000000000000, -0.0000000000000000000 ) ) ;
#476 = CIRCLE ( 'NONE', #1217, 2.399999999999999911 ) ;
#477 = CARTESIAN_POINT ( 'NONE',  ( 0.0000000000000000000, 7.900000000000000355, 0.0000000000000000000 ) ) ;
#478 = ADVANCED_FACE ( 'NONE', ( #1129 ), #7, .F. ) ;
#479 = LINE ( 'NONE', #810, #707 ) ;
#480 = VERTEX_POINT ( 'NONE', #353 ) ;
#481 = PERSON_AND_ORGANIZATION ( #465, #588 ) ;
#482 = CARTESIAN_POINT ( 'NONE',  ( -3.949999999999999734, 1.600000000000000089, 0.6500000000000001332 ) ) ;
#483 = DIRECTION ( 'NONE',  ( -1.000000000000000000, 0.0000000000000000000, 0.0000000000000000000 ) ) ;
#484 = CARTESIAN_POINT ( 'NONE',  ( -2.310303009999999713, 21.10000000000000142, -0.6500000000000001332 ) ) ;
#485 = CYLINDRICAL_SURFACE ( 'NONE', #939, 2.399999999999999911 ) ;
#486 = DIRECTION ( 'NONE',  ( 6.601503838934257283E-17, -0.8422714006615114046, 0.5390536964233672013 ) ) ;
#487 = CARTESIAN_POINT ( 'NONE',  ( 0.0000000000000000000, 0.5000000000000000000, -1.530000000000000027 ) ) ;
#488 = VERTEX_POINT ( 'NONE', #804 ) ;
#489 = FACE_OUTER_BOUND ( 'NONE', #1017, .T. ) ;
#490 = CARTESIAN_POINT ( 'NONE',  ( 0.0000000000000000000, 17.50000000000000000, -0.6499999969451996096 ) ) ;
#491 = DIRECTION ( 'NONE',  ( 0.0000000000000000000, 1.000000000000000000, 0.0000000000000000000 ) ) ;
#492 = DIRECTION ( 'NONE',  ( -1.000000000000000000, -0.0000000000000000000, -0.0000000000000000000 ) ) ;
#493 = EDGE_CURVE ( 'NONE', #708, #586, #610, .T. ) ;
#494 = VERTEX_POINT ( 'NONE', #42 ) ;
#495 = CYLINDRICAL_SURFACE ( 'NONE', #1243, 2.399999999999999911 ) ;
#496 = ORIENTED_EDGE ( 'NONE', *, *, #659, .F. ) ;
#497 = DIRECTION ( 'NONE',  ( -1.000000000000000000, 0.0000000000000000000, 0.0000000000000000000 ) ) ;
#498 = PLANE ( 'NONE',  #1029 ) ;
#499 = VECTOR ( 'NONE', #938, 1000.000000000000000 ) ;
#500 = DIRECTION ( 'NONE',  ( 0.0000000000000000000, 0.0000000000000000000, -1.000000000000000000 ) ) ;
#501 = VERTEX_POINT ( 'NONE', #359 ) ;
#502 = CARTESIAN_POINT ( 'NONE',  ( 3.420800345000000853, 1.600000000000000089, -1.974999999999999867 ) ) ;
#503 = DIRECTION ( 'NONE',  ( 0.0000000000000000000, 0.0000000000000000000, -1.000000000000000000 ) ) ;
#504 = CARTESIAN_POINT ( 'NONE',  ( 2.310303009999999713, 21.10000000000000142, 0.6500000000000001332 ) ) ;
#505 = DIRECTION ( 'NONE',  ( 0.0000000000000000000, 0.0000000000000000000, -1.000000000000000000 ) ) ;
#506 = EDGE_LOOP ( 'NONE', ( #769, #1270, #829, #1240 ) ) ;
#507 = DIRECTION ( 'NONE',  ( -1.000000000000000000, 0.0000000000000000000, 0.0000000000000000000 ) ) ;
#508 = EDGE_CURVE ( 'NONE', #535, #891, #1259, .T. ) ;
#509 = LINE ( 'NONE', #523, #1404 ) ;
#510 = CARTESIAN_POINT ( 'NONE',  ( 0.0000000000000000000, 17.50000000000000000, 0.0000000000000000000 ) ) ;
#511 = EDGE_LOOP ( 'NONE', ( #343, #1233, #295, #245, #474, #1402, #896, #1170, #763, #638, #1410 ) ) ;
#512 = DIRECTION ( 'NONE',  ( -0.0000000000000000000, 1.000000000000000000, -0.0000000000000000000 ) ) ;
#513 = EDGE_CURVE ( 'NONE', #891, #494, #559, .T. ) ;
#514 = DIRECTION ( 'NONE',  ( 0.0000000000000000000, -1.000000000000000000, 0.0000000000000000000 ) ) ;
#515 = FACE_OUTER_BOUND ( 'NONE', #408, .T. ) ;
#516 = EDGE_CURVE ( 'NONE', #501, #10, #368, .T. ) ;
#517 = VERTEX_POINT ( 'NONE', #381 ) ;
#518 = PLANE ( 'NONE',  #1242 ) ;
#519 = AXIS2_PLACEMENT_3D ( 'NONE', #1250, #152, #1381 ) ;
#520 = AXIS2_PLACEMENT_3D ( 'NONE', #792, #907, #28 ) ;
#521 = ADVANCED_FACE ( 'NONE', ( #931 ), #485, .T. ) ;
#522 = CARTESIAN_POINT ( 'NONE',  ( -2.428799999999999848, 20.80000000000000426, -2.428799999999999848 ) ) ;
#523 = CARTESIAN_POINT ( 'NONE',  ( 2.310303009999999713, 9.550000000000000711, 0.6500000000000001332 ) ) ;
#524 = CARTESIAN_POINT ( 'NONE',  ( 3.950000002269598909, 17.50000000000000000, 0.6499999979634673020 ) ) ;
#525 = VERTEX_POINT ( 'NONE', #558 ) ;
#526 = CARTESIAN_POINT ( 'NONE',  ( -2.310303010818143932, 17.50000000000000000, -0.6499999986189363144 ) ) ;
#527 = PLANE ( 'NONE',  #988 ) ;
#528 = LINE ( 'NONE', #1085, #675 ) ;
#529 = ORIENTED_EDGE ( 'NONE', *, *, #738, .T. ) ;
#530 = CARTESIAN_POINT ( 'NONE',  ( 2.617266764499999621, 1.600000000000000089, -0.6499999998999999029 ) ) ;
#531 = EDGE_CURVE ( 'NONE', #24, #494, #796, .T. ) ;
#532 = EDGE_CURVE ( 'NONE', #314, #440, #924, .T. ) ;
#533 = LINE ( 'NONE', #1322, #799 ) ;
#534 = EDGE_CURVE ( 'NONE', #119, #1034, #1040, .T. ) ;
#535 = VERTEX_POINT ( 'NONE', #1068 ) ;
#536 = CARTESIAN_POINT ( 'NONE',  ( -2.310303009999999713, 21.10000000000000142, -0.6500000000000001332 ) ) ;
#537 = DIRECTION ( 'NONE',  ( -0.0000000000000000000, -1.000000000000000000, -0.0000000000000000000 ) ) ;
#538 = LOCAL_TIME ( 16, 47, 4.000000000000000000, #807 ) ;
#539 = CARTESIAN_POINT ( 'NONE',  ( 0.0000000000000000000, 7.900000000000000355, 0.0000000000000000000 ) ) ;
#540 = CIRCLE ( 'NONE', #189, 2.399999999999999911 ) ;
#541 = CC_DESIGN_PERSON_AND_ORGANIZATION_ASSIGNMENT ( #246, #927, ( #1214 ) ) ;
#542 = ORIENTED_EDGE ( 'NONE', *, *, #493, .F. ) ;
#543 = LINE ( 'NONE', #112, #1081 ) ;
#544 = VERTEX_POINT ( 'NONE', #169 ) ;
#545 = FACE_OUTER_BOUND ( 'NONE', #217, .T. ) ;
#546 = ORIENTED_EDGE ( 'NONE', *, *, #643, .F. ) ;
#547 = DIRECTION ( 'NONE',  ( 0.0000000000000000000, 0.0000000000000000000, -1.000000000000000000 ) ) ;
#548 = ADVANCED_FACE ( 'NONE', ( #1075 ), #899, .F. ) ;
#549 = ORIENTED_EDGE ( 'NONE', *, *, #1374, .F. ) ;
#550 = DIRECTION ( 'NONE',  ( -0.0000000000000000000, 1.000000000000000000, -0.0000000000000000000 ) ) ;
#551 = ORIENTED_EDGE ( 'NONE', *, *, #1405, .T. ) ;
#552 = CARTESIAN_POINT ( 'NONE',  ( 2.310303010199036500, 20.80000000000000426, 0.6500000000559987834 ) ) ;
#553 = FACE_OUTER_BOUND ( 'NONE', #316, .T. ) ;
#554 = ORIENTED_EDGE ( 'NONE', *, *, #1088, .T. ) ;
#555 = CARTESIAN_POINT ( 'NONE',  ( 2.280533563000000541, 0.0000000000000000000, -3.949999999999999734 ) ) ;
#556 = VERTEX_POINT ( 'NONE', #960 ) ;
#557 = ADVANCED_FACE ( 'NONE', ( #601 ), #705, .F. ) ;
#558 = CARTESIAN_POINT ( 'NONE',  ( -4.098780306412716179, 23.10000000000000142, 0.6499999998179016858 ) ) ;
#559 = CIRCLE ( 'NONE', #1218, 1.850000000000000089 ) ;
#560 = CIRCLE ( 'NONE', #1055, 2.399999999999999911 ) ;
#561 = CIRCLE ( 'NONE', #124, 2.399999999999999911 ) ;
#562 = CARTESIAN_POINT ( 'NONE',  ( 2.310303009999999713, 1.600000000000000089, -0.6500000000000001332 ) ) ;
#563 = VERTEX_POINT ( 'NONE', #389 ) ;
#564 = CARTESIAN_POINT ( 'NONE',  ( 0.0000000000000000000, 19.10000000160000155, 0.0000000000000000000 ) ) ;
#565 = DIRECTION ( 'NONE',  ( -0.0000000000000000000, -1.000000000000000000, -0.0000000000000000000 ) ) ;
#566 = CARTESIAN_POINT ( 'NONE',  ( 0.0000000000000000000, 19.10000000000000497, -0.6499999969451996096 ) ) ;
#567 = ORIENTED_EDGE ( 'NONE', *, *, #953, .T. ) ;
#568 = APPROVAL_DATE_TIME ( #459, #1174 ) ;
#569 = ORIENTED_EDGE ( 'NONE', *, *, #700, .T. ) ;
#570 = CARTESIAN_POINT ( 'NONE',  ( 0.0000000000000000000, 20.80000000000000426, 0.0000000000000000000 ) ) ;
#571 = CARTESIAN_POINT ( 'NONE',  ( 2.280533562554982296, 0.0000000000000000000, -3.949999999999999734 ) ) ;
#572 = EDGE_CURVE ( 'NONE', #1306, #969, #366, .T. ) ;
#573 = DIRECTION ( 'NONE',  ( 0.0000000000000000000, 0.0000000000000000000, -1.000000000000000000 ) ) ;
#574 = VERTEX_POINT ( 'NONE', #689 ) ;
#575 = COORDINATED_UNIVERSAL_TIME_OFFSET ( 0, 0, .AHEAD. ) ;
#576 = EDGE_LOOP ( 'NONE', ( #935, #529, #667, #174 ) ) ;
#577 = CARTESIAN_POINT ( 'NONE',  ( 0.0000000000000000000, 19.10000000000000142, 0.6499999969452009418 ) ) ;
#578 = CARTESIAN_POINT ( 'NONE',  ( 0.6499999988547133789, 17.50000000000000000, 3.950000000851098925 ) ) ;
#579 = FACE_OUTER_BOUND ( 'NONE', #1184, .T. ) ;
#580 = VECTOR ( 'NONE', #355, 1000.000000000000000 ) ;
#581 = DIRECTION ( 'NONE',  ( 1.000000000000000000, 0.0000000000000000000, 0.0000000000000000000 ) ) ;
#582 = ORIENTED_EDGE ( 'NONE', *, *, #572, .F. ) ;
#583 = CIRCLE ( 'NONE', #519, 2.399999999999999911 ) ;
#584 = PERSON_AND_ORGANIZATION ( #465, #588 ) ;
#585 = VECTOR ( 'NONE', #1037, 1000.000000000000000 ) ;
#586 = VERTEX_POINT ( 'NONE', #357 ) ;
#587 = CARTESIAN_POINT ( 'NONE',  ( 0.6500000000000001332, 9.550000000000000711, -2.310303009999999713 ) ) ;
#588 = ORGANIZATION ( 'UNSPECIFIED', 'UNSPECIFIED', '' ) ;
#589 = DIRECTION ( 'NONE',  ( 1.000000000000000000, -0.0000000000000000000, 0.0000000000000000000 ) ) ;
#590 = DIRECTION ( 'NONE',  ( -0.0000000000000000000, -1.000000000000000000, -0.0000000000000000000 ) ) ;
#591 = DIRECTION ( 'NONE',  ( 0.0000000000000000000, 0.0000000000000000000, 1.000000000000000000 ) ) ;
#592 = VECTOR ( 'NONE', #491, 1000.000000000000000 ) ;
#593 = ORIENTED_EDGE ( 'NONE', *, *, #45, .T. ) ;
#594 = EDGE_CURVE ( 'NONE', #1047, #451, #404, .T. ) ;
#595 = EDGE_LOOP ( 'NONE', ( #428, #397 ) ) ;
#596 = CARTESIAN_POINT ( 'NONE',  ( 0.6500000000000001332, 1.600000000000000533, 2.310303010214791897 ) ) ;
#597 = CARTESIAN_POINT ( 'NONE',  ( 0.0000000000000000000, 20.80000000000000426, 2.399999999999999911 ) ) ;
#598 = ADVANCED_FACE ( 'NONE', ( #1194 ), #606, .F. ) ;
#599 = DIRECTION ( 'NONE',  ( -1.000000000000000000, 0.0000000000000000000, 0.0000000000000000000 ) ) ;
#600 = ORIENTED_EDGE ( 'NONE', *, *, #224, .T. ) ;
#601 = FACE_OUTER_BOUND ( 'NONE', #576, .T. ) ;
#602 = ORIENTED_EDGE ( 'NONE', *, *, #1183, .T. ) ;
#603 = CARTESIAN_POINT ( 'NONE',  ( -2.310303010644523258, 17.50000000000000000, 0.6499999984726005930 ) ) ;
#604 = DIRECTION ( 'NONE',  ( -0.0000000000000000000, 1.000000000000000000, -0.0000000000000000000 ) ) ;
#605 = CARTESIAN_POINT ( 'NONE',  ( -2.310303009999999713, 21.10000000000000142, 0.6500000000000001332 ) ) ;
#606 = PLANE ( 'NONE',  #754 ) ;
#607 = VERTEX_POINT ( 'NONE', #922 ) ;
#608 = PLANE ( 'NONE',  #1384 ) ;
#609 = EDGE_CURVE ( 'NONE', #969, #981, #1045, .T. ) ;
#610 = CIRCLE ( 'NONE', #653, 2.399999999999999911 ) ;
#611 = DIRECTION ( 'NONE',  ( 0.0000000000000000000, -1.000000000000000000, -0.0000000000000000000 ) ) ;
#612 = DIRECTION ( 'NONE',  ( 0.0000000000000000000, 0.0000000000000000000, 1.000000000000000000 ) ) ;
#613 = AXIS2_PLACEMENT_3D ( 'NONE', #854, #1299, #615 ) ;
#614 = AXIS2_PLACEMENT_3D ( 'NONE', #562, #1, #120 ) ;
#615 = DIRECTION ( 'NONE',  ( 0.0000000000000000000, 0.0000000000000000000, -1.000000000000000000 ) ) ;
#616 = ORIENTED_EDGE ( 'NONE', *, *, #811, .F. ) ;
#617 = EDGE_CURVE ( 'NONE', #314, #574, #828, .T. ) ;
#618 = DIRECTION ( 'NONE',  ( 0.0000000000000000000, 1.000000000000000000, 0.0000000000000000000 ) ) ;
#619 = FACE_OUTER_BOUND ( 'NONE', #20, .T. ) ;
#620 = ORIENTED_EDGE ( 'NONE', *, *, #534, .F. ) ;
#621 = CARTESIAN_POINT ( 'NONE',  ( 2.280533563000000541, 0.8000000000000000444, -3.949999999999999734 ) ) ;
#622 = EDGE_CURVE ( 'NONE', #984, #488, #1176, .T. ) ;
#623 = ORIENTED_EDGE ( 'NONE', *, *, #243, .F. ) ;
#624 = DIRECTION ( 'NONE',  ( -0.0000000000000000000, 1.000000000000000000, -0.0000000000000000000 ) ) ;
#625 = DIRECTION ( 'NONE',  ( 0.0000000000000000000, 0.0000000000000000000, -1.000000000000000000 ) ) ;
#626 = ORIENTED_EDGE ( 'NONE', *, *, #898, .T. ) ;
#627 = DIRECTION ( 'NONE',  ( -1.000000000000000000, -0.0000000000000000000, -0.0000000000000000000 ) ) ;
#628 = ADVANCED_FACE ( 'NONE', ( #697 ), #729, .F. ) ;
#629 = CARTESIAN_POINT ( 'NONE',  ( -4.147965669999998717, 19.10000000000000142, -4.199799999999999756 ) ) ;
#630 = CARTESIAN_POINT ( 'NONE',  ( -4.199799999999999756, 17.50000000000000000, -4.199799999999999756 ) ) ;
#631 = DIRECTION ( 'NONE',  ( 0.0000000000000000000, 1.000000000000000000, 0.0000000000000000000 ) ) ;
#632 = ORIENTED_EDGE ( 'NONE', *, *, #40, .F. ) ;
#633 = CARTESIAN_POINT ( 'NONE',  ( 0.6499999984726005930, 17.50000000000000000, -2.310303010644523258 ) ) ;
#634 = VECTOR ( 'NONE', #1065, 1000.000000000000000 ) ;
#635 = VECTOR ( 'NONE', #161, 1000.000000000000000 ) ;
#636 = CIRCLE ( 'NONE', #889, 1.530000000000000027 ) ;
#637 = CIRCLE ( 'NONE', #734, 4.149999999999999467 ) ;
#638 = ORIENTED_EDGE ( 'NONE', *, *, #221, .T. ) ;
#639 = CARTESIAN_POINT ( 'NONE',  ( 0.0000000000000000000, 20.80000000000000426, 0.0000000000000000000 ) ) ;
#640 = DIRECTION ( 'NONE',  ( 0.0000000000000000000, -1.000000000000000000, 0.0000000000000000000 ) ) ;
#641 = ORIENTED_EDGE ( 'NONE', *, *, #287, .F. ) ;
#642 = PLANE ( 'NONE',  #85 ) ;
#643 = EDGE_CURVE ( 'NONE', #746, #1273, #1173, .T. ) ;
#644 = EDGE_CURVE ( 'NONE', #544, #586, #655, .T. ) ;
#645 = CARTESIAN_POINT ( 'NONE',  ( -4.561067124219924551, 0.0000000000000000000, 0.0000000000000000000 ) ) ;
#646 = VERTEX_POINT ( 'NONE', #571 ) ;
#647 = CARTESIAN_POINT ( 'NONE',  ( 2.280533563000000541, 8.750000000000000000, 3.949999999999999734 ) ) ;
#648 = ORIENTED_EDGE ( 'NONE', *, *, #858, .T. ) ;
#649 = CARTESIAN_POINT ( 'NONE',  ( -0.6499999984725999269, 17.50000000000000000, 2.310303010644523258 ) ) ;
#650 = ORIENTED_EDGE ( 'NONE', *, *, #749, .F. ) ;
#651 = DIRECTION ( 'NONE',  ( 0.0000000000000000000, -1.000000000000000000, 0.0000000000000000000 ) ) ;
#652 = ORIENTED_EDGE ( 'NONE', *, *, #471, .T. ) ;
#653 = AXIS2_PLACEMENT_3D ( 'NONE', #244, #691, #1137 ) ;
#654 = APPROVAL_PERSON_ORGANIZATION ( #1239, #1336, #25 ) ;
#655 = CIRCLE ( 'NONE', #1028, 2.399999999999999911 ) ;
#656 = AXIS2_PLACEMENT_3D ( 'NONE', #297, #751, #1400 ) ;
#657 = AXIS2_PLACEMENT_3D ( 'NONE', #1314, #505, #286 ) ;
#658 = CIRCLE ( 'NONE', #282, 2.399999999999999911 ) ;
#659 = EDGE_CURVE ( 'NONE', #289, #1099, #803, .T. ) ;
#660 = CARTESIAN_POINT ( 'NONE',  ( 0.0000000000000000000, 19.10000000160000155, 0.0000000000000000000 ) ) ;
#661 = EDGE_CURVE ( 'NONE', #556, #995, #583, .T. ) ;
#662 = VERTEX_POINT ( 'NONE', #816 ) ;
#663 = DIRECTION ( 'NONE',  ( -8.881784197001252323E-16, 0.0000000000000000000, -1.000000000000000000 ) ) ;
#664 = LINE ( 'NONE', #468, #1038 ) ;
#665 = ORIENTED_EDGE ( 'NONE', *, *, #1227, .T. ) ;
#666 = CARTESIAN_POINT ( 'NONE',  ( 0.0000000000000000000, 17.50000000000000000, 0.0000000000000000000 ) ) ;
#667 = ORIENTED_EDGE ( 'NONE', *, *, #644, .T. ) ;
#668 = FACE_OUTER_BOUND ( 'NONE', #33, .T. ) ;
#669 = LINE ( 'NONE', #1421, #1328 ) ;
#670 = ORIENTED_EDGE ( 'NONE', *, *, #1108, .T. ) ;
#671 = PLANE ( 'NONE',  #1101 ) ;
#672 = CARTESIAN_POINT ( 'NONE',  ( -3.420800345000000853, 1.600000000000000089, -1.974999999999999867 ) ) ;
#673 = DIRECTION ( 'NONE',  ( 0.0000000000000000000, -1.000000000000000000, 0.0000000000000000000 ) ) ;
#674 = VECTOR ( 'NONE', #1118, 1000.000000000000000 ) ;
#675 = VECTOR ( 'NONE', #640, 1000.000000000000000 ) ;
#676 = VECTOR ( 'NONE', #1205, 1000.000000000000000 ) ;
#677 = ORIENTED_EDGE ( 'NONE', *, *, #46, .F. ) ;
#678 = APPROVAL_STATUS ( 'not_yet_approved' ) ;
#679 = CARTESIAN_POINT ( 'NONE',  ( -3.949999999285870977, 1.600000000000000089, -0.6499999999333333500 ) ) ;
#680 = CYLINDRICAL_SURFACE ( 'NONE', #84, 4.149999999999999467 ) ;
#681 = EDGE_CURVE ( 'NONE', #24, #535, #1053, .T. ) ;
#682 = AXIS2_PLACEMENT_3D ( 'NONE', #250, #589, #1249 ) ;
#683 = CARTESIAN_POINT ( 'NONE',  ( -0.6500000000000001332, 1.600000000000000089, 3.130151504999999723 ) ) ;
#684 = CARTESIAN_POINT ( 'NONE',  ( 0.0000000000000000000, 0.0000000000000000000, 0.0000000000000000000 ) ) ;
#685 = ORIENTED_EDGE ( 'NONE', *, *, #921, .F. ) ;
#686 = PERSON_AND_ORGANIZATION_ROLE ( 'classification_officer' ) ;
#687 = PLANE ( 'NONE',  #15 ) ;
#688 = DIRECTION ( 'NONE',  ( -0.0000000000000000000, -1.000000000000000000, -0.0000000000000000000 ) ) ;
#689 = CARTESIAN_POINT ( 'NONE',  ( -2.280533563664430385, 1.599999998125000156, -3.950000000000000178 ) ) ;
#690 = FACE_OUTER_BOUND ( 'NONE', #791, .T. ) ;
#691 = DIRECTION ( 'NONE',  ( 0.0000000000000000000, -1.000000000000000000, -0.0000000000000000000 ) ) ;
#692 = ORIENTED_EDGE ( 'NONE', *, *, #1095, .F. ) ;
#693 = COORDINATED_UNIVERSAL_TIME_OFFSET ( 0, 0, .AHEAD. ) ;
#694 = ORIENTED_EDGE ( 'NONE', *, *, #75, .T. ) ;
#695 = FACE_OUTER_BOUND ( 'NONE', #304, .T. ) ;
#696 = CARTESIAN_POINT ( 'NONE',  ( -0.6499999988547136009, 1.599999999062500233, 3.949999999999999734 ) ) ;
#697 = FACE_OUTER_BOUND ( 'NONE', #90, .T. ) ;
#698 = CARTESIAN_POINT ( 'NONE',  ( 1.873709602695450449E-16, 0.5000000000000000000, 1.530000000000000027 ) ) ;
#699 = ADVANCED_FACE ( 'NONE', ( #690 ), #1135, .T. ) ;
#700 = EDGE_CURVE ( 'NONE', #1315, #24, #387, .T. ) ;
#701 = CIRCLE ( 'NONE', #1269, 4.149999999999999467 ) ;
#702 = ORIENTED_EDGE ( 'NONE', *, *, #643, .T. ) ;
#703 = APPROVAL_DATE_TIME ( #148, #865 ) ;
#704 = EDGE_CURVE ( 'NONE', #646, #1435, #930, .T. ) ;
#705 = CYLINDRICAL_SURFACE ( 'NONE', #1383, 2.399999999999999911 ) ;
#706 = DIRECTION ( 'NONE',  ( 1.000000000000000000, -0.0000000000000000000, 0.0000000000000000000 ) ) ;
#707 = VECTOR ( 'NONE', #251, 1000.000000000000000 ) ;
#708 = VERTEX_POINT ( 'NONE', #367 ) ;
#709 = DIRECTION ( 'NONE',  ( 0.0000000000000000000, 1.000000000000000000, 0.0000000000000000000 ) ) ;
#710 = VECTOR ( 'NONE', #66, 1000.000000000000000 ) ;
#711 = DIRECTION ( 'NONE',  ( 0.0000000000000000000, -1.000000000000000000, 0.0000000000000000000 ) ) ;
#712 = CARTESIAN_POINT ( 'NONE',  ( 0.0000000000000000000, 17.50000000000000000, 0.0000000000000000000 ) ) ;
#713 = CARTESIAN_POINT ( 'NONE',  ( -2.310303010214791897, 23.10000000000000142, 0.6500000000000001332 ) ) ;
#714 = ORIENTED_EDGE ( 'NONE', *, *, #1434, .F. ) ;
#715 =( NAMED_UNIT ( * ) SI_UNIT ( $, .STERADIAN. ) SOLID_ANGLE_UNIT ( ) );
#716 = ORIENTED_EDGE ( 'NONE', *, *, #1226, .F. ) ;
#717 = DIRECTION ( 'NONE',  ( 1.776356839400250465E-15, 0.0000000000000000000, -1.000000000000000000 ) ) ;
#718 = CARTESIAN_POINT ( 'NONE',  ( 3.949999999999999734, 9.550000000000000711, 0.6500000000000001332 ) ) ;
#719 = DIRECTION ( 'NONE',  ( 0.0000000000000000000, 0.0000000000000000000, -1.000000000000000000 ) ) ;
#720 = ADVANCED_FACE ( 'NONE', ( #579 ), #1026, .F. ) ;
#721 = ORIENTED_EDGE ( 'NONE', *, *, #224, .F. ) ;
#722 = CARTESIAN_POINT ( 'NONE',  ( -4.561067125301216052, 1.600000000000000089, 1.304149930408948777E-09 ) ) ;
#723 = DIRECTION ( 'NONE',  ( 0.0000000000000000000, 0.0000000000000000000, -1.000000000000000000 ) ) ;
#724 = ORIENTED_EDGE ( 'NONE', *, *, #971, .F. ) ;
#725 = DIRECTION ( 'NONE',  ( 0.0000000000000000000, 1.000000000000000000, 0.0000000000000000000 ) ) ;
#726 = DIRECTION ( 'NONE',  ( -0.0000000000000000000, -1.000000000000000000, -0.0000000000000000000 ) ) ;
#727 = CARTESIAN_POINT ( 'NONE',  ( 3.949999999999999734, 9.550000000000000711, -0.6500000000000001332 ) ) ;
#728 = ORIENTED_EDGE ( 'NONE', *, *, #1008, .F. ) ;
#729 = CONICAL_SURFACE ( 'NONE', #103, 1.530000000000000027, 0.5693131911006618084 ) ;
#730 = CARTESIAN_POINT ( 'NONE',  ( -2.617266764499999621, 1.600000000000000089, -0.6499999998999999029 ) ) ;
#731 = DIRECTION ( 'NONE',  ( -0.4999999998044767913, 0.0000000000000000000, -0.8660254038973239643 ) ) ;
#732 = AXIS2_PLACEMENT_3D ( 'NONE', #11, #444, #454 ) ;
#733 = EDGE_LOOP ( 'NONE', ( #781, #849, #1235, #1359 ) ) ;
#734 = AXIS2_PLACEMENT_3D ( 'NONE', #1043, #373, #1353 ) ;
#735 = EDGE_CURVE ( 'NONE', #1188, #517, #479, .T. ) ;
#736 = CARTESIAN_POINT ( 'NONE',  ( -0.6499999977094266246, 8.750000000000000000, -3.949999999999998845 ) ) ;
#737 = VERTEX_POINT ( 'NONE', #159 ) ;
#738 = EDGE_CURVE ( 'NONE', #65, #544, #58, .T. ) ;
#739 = DIRECTION ( 'NONE',  ( 0.0000000000000000000, -1.000000000000000000, 0.0000000000000000000 ) ) ;
#740 = CARTESIAN_POINT ( 'NONE',  ( -4.561067125088698049, 0.0000000000000000000, -3.009518090464624079E-10 ) ) ;
#741 = EDGE_LOOP ( 'NONE', ( #369, #1424, #113, #1394, #620, #885, #918, #800 ) ) ;
#742 = CARTESIAN_POINT ( 'NONE',  ( -2.310303009999999713, 9.550000000000000711, 0.6500000000000001332 ) ) ;
#743 = ORIENTED_EDGE ( 'NONE', *, *, #1272, .T. ) ;
#744 = CARTESIAN_POINT ( 'NONE',  ( 0.0000000000000000000, 1.599999992500000578, -3.949999999999999734 ) ) ;
#745 = CARTESIAN_POINT ( 'NONE',  ( -4.098780306654937533, 19.10000000160000155, 0.6499999982905021456 ) ) ;
#746 = VERTEX_POINT ( 'NONE', #378 ) ;
#747 = DIRECTION ( 'NONE',  ( -0.0000000000000000000, -0.0000000000000000000, -1.000000000000000000 ) ) ;
#748 = ORIENTED_EDGE ( 'NONE', *, *, #331, .F. ) ;
#749 = EDGE_CURVE ( 'NONE', #443, #586, #1363, .T. ) ;
#750 = CARTESIAN_POINT ( 'NONE',  ( 0.0000000000000000000, 17.50000000000000000, 0.0000000000000000000 ) ) ;
#751 = DIRECTION ( 'NONE',  ( 0.0000000000000000000, -1.000000000000000000, 0.0000000000000000000 ) ) ;
#752 = ORIENTED_EDGE ( 'NONE', *, *, #1023, .T. ) ;
#753 = LINE ( 'NONE', #1202, #1312 ) ;
#754 = AXIS2_PLACEMENT_3D ( 'NONE', #464, #706, #203 ) ;
#755 = VECTOR ( 'NONE', #17, 1000.000000000000000 ) ;
#756 = CIRCLE ( 'NONE', #211, 4.149999999999999467 ) ;
#757 = VERTEX_POINT ( 'NONE', #1051 ) ;
#758 = DIRECTION ( 'NONE',  ( 0.0000000000000000000, 0.0000000000000000000, -1.000000000000000000 ) ) ;
#759 = ORIENTED_EDGE ( 'NONE', *, *, #51, .F. ) ;
#760 = CARTESIAN_POINT ( 'NONE',  ( 2.310303010644523258, 17.50000000000000000, 0.6499999984726005930 ) ) ;
#761 = CARTESIAN_POINT ( 'NONE',  ( 2.310303010759779063, 17.50000000000000000, -0.6499999988263840400 ) ) ;
#762 = DIRECTION ( 'NONE',  ( 1.000000000000000000, 0.0000000000000000000, 0.0000000000000000000 ) ) ;
#763 = ORIENTED_EDGE ( 'NONE', *, *, #1374, .T. ) ;
#764 = DIRECTION ( 'NONE',  ( 0.0000000000000000000, 0.0000000000000000000, 1.000000000000000000 ) ) ;
#765 = EDGE_LOOP ( 'NONE', ( #677, #176 ) ) ;
#766 = EDGE_CURVE ( 'NONE', #525, #443, #834, .T. ) ;
#767 = ADVANCED_FACE ( 'NONE', ( #274 ), #1396, .F. ) ;
#768 = CARTESIAN_POINT ( 'NONE',  ( 4.561067124219924551, 0.0000000000000000000, 0.0000000000000000000 ) ) ;
#769 = ORIENTED_EDGE ( 'NONE', *, *, #778, .F. ) ;
#770 = DIRECTION ( 'NONE',  ( 0.0000000000000000000, 0.0000000000000000000, -1.000000000000000000 ) ) ;
#771 = LINE ( 'NONE', #421, #149 ) ;
#772 = VECTOR ( 'NONE', #325, 1000.000000000000114 ) ;
#773 = PLANE ( 'NONE',  #821 ) ;
#774 = VECTOR ( 'NONE', #565, 1000.000000000000000 ) ;
#775 = VECTOR ( 'NONE', #1295, 1000.000000000000000 ) ;
#776 = VECTOR ( 'NONE', #1171, 1000.000000000000000 ) ;
#777 = FACE_OUTER_BOUND ( 'NONE', #1013, .T. ) ;
#778 = EDGE_CURVE ( 'NONE', #1063, #556, #420, .T. ) ;
#779 = ORIENTED_EDGE ( 'NONE', *, *, #1095, .T. ) ;
#780 = LINE ( 'NONE', #994, #967 ) ;
#781 = ORIENTED_EDGE ( 'NONE', *, *, #609, .T. ) ;
#782 = AXIS2_PLACEMENT_3D ( 'NONE', #1025, #374, #937 ) ;
#783 = EDGE_LOOP ( 'NONE', ( #1333, #975, #1206, #1213, #1111, #716, #853, #1140 ) ) ;
#784 = LINE ( 'NONE', #212, #1056 ) ;
#785 = ORIENTED_EDGE ( 'NONE', *, *, #1110, .F. ) ;
#786 = CARTESIAN_POINT ( 'NONE',  ( -0.6499999978044281868, 17.50000000000000000, 3.950000001702199448 ) ) ;
#787 = VERTEX_POINT ( 'NONE', #526 ) ;
#788 = ORIENTED_EDGE ( 'NONE', *, *, #125, .F. ) ;
#789 = COORDINATED_UNIVERSAL_TIME_OFFSET ( 0, 0, .AHEAD. ) ;
#790 = ADVANCED_FACE ( 'NONE', ( #1067 ), #1073, .F. ) ;
#791 = EDGE_LOOP ( 'NONE', ( #831, #894, #1339, #1341 ) ) ;
#792 = CARTESIAN_POINT ( 'NONE',  ( -4.615799931999999828, 0.0000000000000000000, 3.949999999999999734 ) ) ;
#793 = CARTESIAN_POINT ( 'NONE',  ( -2.310303010644523258, 19.10000000000000142, -0.6499999984725999269 ) ) ;
#794 = CARTESIAN_POINT ( 'NONE',  ( 0.0000000000000000000, 17.50000000000000000, 0.0000000000000000000 ) ) ;
#795 = LOCAL_TIME ( 16, 47, 4.000000000000000000, #693 ) ;
#796 = LINE ( 'NONE', #698, #255 ) ;
#797 = CIRCLE ( 'NONE', #305, 2.399999999999999911 ) ;
#798 = CARTESIAN_POINT ( 'NONE',  ( -4.199799999999999756, 23.10000000000000142, -2.428799999999999848 ) ) ;
#799 = VECTOR ( 'NONE', #317, 1000.000000000000000 ) ;
#800 = ORIENTED_EDGE ( 'NONE', *, *, #1227, .F. ) ;
#801 = SECURITY_CLASSIFICATION_LEVEL ( 'unclassified' ) ;
#802 = DIRECTION ( 'NONE',  ( 0.0000000000000000000, -1.000000000000000000, 0.0000000000000000000 ) ) ;
#803 = LINE ( 'NONE', #946, #399 ) ;
#804 = CARTESIAN_POINT ( 'NONE',  ( 0.0000000000000000000, 17.50000000000000000, -4.149999999999999467 ) ) ;
#805 = ADVANCED_FACE ( 'NONE', ( #185 ), #1187, .F. ) ;
#806 = ORIENTED_EDGE ( 'NONE', *, *, #209, .F. ) ;
#807 = COORDINATED_UNIVERSAL_TIME_OFFSET ( 0, 0, .AHEAD. ) ;
#808 = CARTESIAN_POINT ( 'NONE',  ( 0.0000000000000000000, 20.80000000000000426, 0.0000000000000000000 ) ) ;
#809 = DIRECTION ( 'NONE',  ( -0.0000000000000000000, 1.000000000000000000, 0.0000000000000000000 ) ) ;
#810 = CARTESIAN_POINT ( 'NONE',  ( 0.6500000000000001332, 1.600000000000000089, 0.0000000000000000000 ) ) ;
#811 = EDGE_CURVE ( 'NONE', #451, #646, #98, .T. ) ;
#812 = ORIENTED_EDGE ( 'NONE', *, *, #1224, .F. ) ;
#813 = PERSON_AND_ORGANIZATION_ROLE ( 'creator' ) ;
#814 = CARTESIAN_POINT ( 'NONE',  ( 4.561067125301216052, 1.600000000000000089, -1.304149930408948777E-09 ) ) ;
#815 = PLANE ( 'NONE',  #303 ) ;
#816 = CARTESIAN_POINT ( 'NONE',  ( 2.280533563664430829, 1.599999998125000156, 3.950000000000000178 ) ) ;
#817 = CARTESIAN_POINT ( 'NONE',  ( -0.6500000000000001332, 1.600000000000000089, 0.0000000000000000000 ) ) ;
#818 = VERTEX_POINT ( 'NONE', #69 ) ;
#819 = VECTOR ( 'NONE', #183, 1000.000000000000000 ) ;
#820 = DIRECTION ( 'NONE',  ( -0.0000000000000000000, 1.000000000000000000, -0.0000000000000000000 ) ) ;
#821 = AXIS2_PLACEMENT_3D ( 'NONE', #522, #631, #591 ) ;
#822 = CIRCLE ( 'NONE', #732, 4.149999999999999467 ) ;
#823 = VERTEX_POINT ( 'NONE', #760 ) ;
#824 = FACE_OUTER_BOUND ( 'NONE', #733, .T. ) ;
#825 = VECTOR ( 'NONE', #1048, 1000.000000000000000 ) ;
#826 = CARTESIAN_POINT ( 'NONE',  ( 0.0000000000000000000, 1.600000000000000755, 0.0000000000000000000 ) ) ;
#827 = EDGE_CURVE ( 'NONE', #737, #646, #848, .T. ) ;
#828 = LINE ( 'NONE', #1277, #347 ) ;
#829 = ORIENTED_EDGE ( 'NONE', *, *, #287, .T. ) ;
#830 = CARTESIAN_POINT ( 'NONE',  ( 0.0000000000000000000, 20.80000000000000426, 0.0000000000000000000 ) ) ;
#831 = ORIENTED_EDGE ( 'NONE', *, *, #311, .F. ) ;
#832 = DIRECTION ( 'NONE',  ( 1.000000000000000000, 0.0000000000000000000, 0.0000000000000000000 ) ) ;
#833 = LINE ( 'NONE', #504, #1078 ) ;
#834 = LINE ( 'NONE', #64, #1290 ) ;
#835 = EDGE_CURVE ( 'NONE', #1231, #277, #278, .T. ) ;
#836 = CARTESIAN_POINT ( 'NONE',  ( -3.950000003404400495, 17.50000000000000000, 0.0000000000000000000 ) ) ;
#837 = CARTESIAN_POINT ( 'NONE',  ( 0.6500000000000001332, 1.600000000000000089, 3.949999999999999734 ) ) ;
#838 = ORIENTED_EDGE ( 'NONE', *, *, #1074, .F. ) ;
#839 = CARTESIAN_POINT ( 'NONE',  ( 0.6500000000000001332, 17.50000000000000000, 3.130151504999999723 ) ) ;
#840 = ADVANCED_FACE ( 'NONE', ( #164 ), #518, .F. ) ;
#841 = ORIENTED_EDGE ( 'NONE', *, *, #1425, .T. ) ;
#842 = APPROVAL_PERSON_ORGANIZATION ( #917, #865, #1360 ) ;
#843 = LINE ( 'NONE', #836, #379 ) ;
#844 = CARTESIAN_POINT ( 'NONE',  ( 0.0000000000000000000, 1.599999992500000578, 3.949999999999999734 ) ) ;
#845 = VECTOR ( 'NONE', #863, 1000.000000000000000 ) ;
#846 = EDGE_LOOP ( 'NONE', ( #388, #1204, #1117, #204 ) ) ;
#847 = AXIS2_PLACEMENT_3D ( 'NONE', #1089, #310, #762 ) ;
#848 = LINE ( 'NONE', #1411, #943 ) ;
#849 = ORIENTED_EDGE ( 'NONE', *, *, #243, .T. ) ;
#850 = CLOSED_SHELL ( 'NONE', ( #168, #790, #1207, #1052, #628, #1093, #400, #805, #426, #1005, #1371, #273, #902, #315, #181, #965, #288, #32, #380, #598, #720, #1347, #1372, #1136, #1398, #140, #699, #1244, #1046, #767, #521, #127, #1209, #548, #447, #840, #478, #89, #557, #1296, #338, #1164, #427 ) ) ;
#851 = LINE ( 'NONE', #1284, #710 ) ;
#852 = LINE ( 'NONE', #88, #966 ) ;
#853 = ORIENTED_EDGE ( 'NONE', *, *, #811, .T. ) ;
#854 = CARTESIAN_POINT ( 'NONE',  ( 0.0000000000000000000, 1.600000000000000755, 0.0000000000000000000 ) ) ;
#855 = EDGE_CURVE ( 'NONE', #440, #757, #38, .T. ) ;
#856 = EDGE_CURVE ( 'NONE', #129, #1246, #293, .T. ) ;
#857 = CARTESIAN_POINT ( 'NONE',  ( -1.548359999999999959, 7.900000000000000355, -1.548359999999999959 ) ) ;
#858 = EDGE_CURVE ( 'NONE', #535, #24, #636, .T. ) ;
#859 = ORIENTED_EDGE ( 'NONE', *, *, #900, .T. ) ;
#860 = CARTESIAN_POINT ( 'NONE',  ( 1.873709602695450449E-16, 7.900000000000000355, 1.530000000000000027 ) ) ;
#861 = LINE ( 'NONE', #276, #634 ) ;
#862 = ORIENTED_EDGE ( 'NONE', *, *, #1248, .F. ) ;
#863 = DIRECTION ( 'NONE',  ( -0.0000000000000000000, -1.000000000000000000, -0.0000000000000000000 ) ) ;
#864 = ORIENTED_EDGE ( 'NONE', *, *, #948, .T. ) ;
#865 = APPROVAL ( #1367, 'UNSPECIFIED' ) ;
#866 = LINE ( 'NONE', #768, #772 ) ;
#867 = EDGE_LOOP ( 'NONE', ( #1366, #1032, #14, #455 ) ) ;
#868 = CARTESIAN_POINT ( 'NONE',  ( -0.6499999969451996096, 17.50000000000000000, 0.0000000000000000000 ) ) ;
#869 = VECTOR ( 'NONE', #970, 1000.000000000000000 ) ;
#870 = VERTEX_POINT ( 'NONE', #952 ) ;
#871 = EDGE_CURVE ( 'NONE', #61, #480, #1423, .T. ) ;
#872 = AXIS2_PLACEMENT_3D ( 'NONE', #857, #186, #1054 ) ;
#873 = DIRECTION ( 'NONE',  ( 0.0000000000000000000, -1.000000000000000000, 0.0000000000000000000 ) ) ;
#874 = VERTEX_POINT ( 'NONE', #633 ) ;
#875 = CARTESIAN_POINT ( 'NONE',  ( -2.280533563000000541, 8.750000000000000000, -3.949999999999999734 ) ) ;
#876 = ORIENTED_EDGE ( 'NONE', *, *, #1414, .F. ) ;
#877 = PLANE ( 'NONE',  #1199 ) ;
#878 = CARTESIAN_POINT ( 'NONE',  ( 3.949999999999999734, 1.600000000000000089, 0.6500000000000001332 ) ) ;
#879 = EDGE_CURVE ( 'NONE', #1246, #314, #1287, .T. ) ;
#880 = VERTEX_POINT ( 'NONE', #1305 ) ;
#881 = CARTESIAN_POINT ( 'NONE',  ( 0.0000000000000000000, 19.10000000000000497, -0.6499999969451996096 ) ) ;
#882 = ORIENTED_EDGE ( 'NONE', *, *, #1183, .F. ) ;
#883 = FACE_OUTER_BOUND ( 'NONE', #1323, .T. ) ;
#884 = DIRECTION ( 'NONE',  ( -0.0000000000000000000, 1.000000000000000000, -0.0000000000000000000 ) ) ;
#885 = ORIENTED_EDGE ( 'NONE', *, *, #221, .F. ) ;
#886 = PLANE ( 'NONE',  #1177 ) ;
#887 = EDGE_LOOP ( 'NONE', ( #602, #253, #1255, #318 ) ) ;
#888 = VECTOR ( 'NONE', #412, 1000.000000000000000 ) ;
#889 = AXIS2_PLACEMENT_3D ( 'NONE', #1192, #512, #1082 ) ;
#890 = VECTOR ( 'NONE', #978, 1000.000000000000000 ) ;
#891 = VERTEX_POINT ( 'NONE', #1182 ) ;
#892 = EDGE_CURVE ( 'NONE', #969, #501, #1060, .T. ) ;
#893 =( NAMED_UNIT ( * ) PLANE_ANGLE_UNIT ( ) SI_UNIT ( $, .RADIAN. ) );
#894 = ORIENTED_EDGE ( 'NONE', *, *, #971, .T. ) ;
#895 = LINE ( 'NONE', #875, #104 ) ;
#896 = ORIENTED_EDGE ( 'NONE', *, *, #617, .T. ) ;
#897 = VECTOR ( 'NONE', #126, 1000.000000000000000 ) ;
#898 = EDGE_CURVE ( 'NONE', #1034, #1432, #753, .T. ) ;
#899 = PLANE ( 'NONE',  #8 ) ;
#900 = EDGE_CURVE ( 'NONE', #261, #874, #1403, .T. ) ;
#901 = ORIENTED_EDGE ( 'NONE', *, *, #247, .T. ) ;
#902 = ADVANCED_FACE ( 'NONE', ( #194 ), #642, .F. ) ;
#903 = ORIENTED_EDGE ( 'NONE', *, *, #892, .F. ) ;
#904 = CARTESIAN_POINT ( 'NONE',  ( 0.6500000000000001332, 1.600000000000000089, 2.310303009999999713 ) ) ;
#905 = LINE ( 'NONE', #265, #972 ) ;
#906 = ORIENTED_EDGE ( 'NONE', *, *, #911, .T. ) ;
#907 = DIRECTION ( 'NONE',  ( 0.0000000000000000000, -1.000000000000000000, 0.0000000000000000000 ) ) ;
#908 = PLANE ( 'NONE',  #682 ) ;
#909 = DIRECTION ( 'NONE',  ( 0.0000000000000000000, 0.0000000000000000000, -1.000000000000000000 ) ) ;
#910 = DIRECTION ( 'NONE',  ( -0.0000000000000000000, 1.000000000000000000, -0.0000000000000000000 ) ) ;
#911 = EDGE_CURVE ( 'NONE', #466, #453, #797, .T. ) ;
#912 = CC_DESIGN_APPROVAL ( #865, ( #1382 ) ) ;
#913 = VECTOR ( 'NONE', #726, 1000.000000000000000 ) ;
#914 = AXIS2_PLACEMENT_3D ( 'NONE', #904, #313, #764 ) ;
#915 = CIRCLE ( 'NONE', #1178, 2.399999999999999911 ) ;
#916 = ORIENTED_EDGE ( 'NONE', *, *, #1364, .F. ) ;
#917 = PERSON_AND_ORGANIZATION ( #465, #588 ) ;
#918 = ORIENTED_EDGE ( 'NONE', *, *, #383, .F. ) ;
#919 = DIRECTION ( 'NONE',  ( 0.0000000000000000000, 0.0000000000000000000, 1.000000000000000000 ) ) ;
#920 = CARTESIAN_POINT ( 'NONE',  ( 0.6500000000000002442, 1.600000000000000089, 3.949999999999999734 ) ) ;
#921 = EDGE_CURVE ( 'NONE', #443, #818, #13, .T. ) ;
#922 = CARTESIAN_POINT ( 'NONE',  ( 2.280533562554982296, 0.0000000000000000000, 3.949999999999998845 ) ) ;
#923 = EDGE_CURVE ( 'NONE', #1313, #880, #756, .T. ) ;
#924 = LINE ( 'NONE', #817, #1146 ) ;
#925 = DIRECTION ( 'NONE',  ( 0.0000000000000000000, 1.000000000000000000, 0.0000000000000000000 ) ) ;
#926 = ORIENTED_EDGE ( 'NONE', *, *, #531, .T. ) ;
#927 = PERSON_AND_ORGANIZATION_ROLE ( 'creator' ) ;
#928 = FACE_OUTER_BOUND ( 'NONE', #1253, .T. ) ;
#929 = DIRECTION ( 'NONE',  ( -0.0000000000000000000, 1.000000000000000000, -0.0000000000000000000 ) ) ;
#930 = LINE ( 'NONE', #138, #1222 ) ;
#931 = FACE_OUTER_BOUND ( 'NONE', #867, .T. ) ;
#932 = ORIENTED_EDGE ( 'NONE', *, *, #1110, .T. ) ;
#933 = MECHANICAL_CONTEXT ( 'NONE', #1357, 'mechanical' ) ;
#934 = EDGE_CURVE ( 'NONE', #870, #993, #780, .T. ) ;
#935 = ORIENTED_EDGE ( 'NONE', *, *, #1023, .F. ) ;
#936 = LINE ( 'NONE', #350, #825 ) ;
#937 = DIRECTION ( 'NONE',  ( 0.0000000000000000000, 0.0000000000000000000, 1.000000000000000000 ) ) ;
#938 = DIRECTION ( 'NONE',  ( 0.0000000000000000000, 1.000000000000000000, 0.0000000000000000000 ) ) ;
#939 = AXIS2_PLACEMENT_3D ( 'NONE', #794, #1128, #333 ) ;
#940 = ORIENTED_EDGE ( 'NONE', *, *, #856, .F. ) ;
#941 = AXIS2_PLACEMENT_3D ( 'NONE', #266, #910, #719 ) ;
#942 = VECTOR ( 'NONE', #1208, 1000.000000000000000 ) ;
#943 = VECTOR ( 'NONE', #393, 1000.000000000000000 ) ;
#944 = CYLINDRICAL_SURFACE ( 'NONE', #1145, 2.399999999999999911 ) ;
#945 = LINE ( 'NONE', #844, #1148 ) ;
#946 = CARTESIAN_POINT ( 'NONE',  ( -3.949999999999999734, 9.550000000000000711, -0.6500000000000001332 ) ) ;
#947 = ORIENTED_EDGE ( 'NONE', *, *, #1288, .T. ) ;
#948 = EDGE_CURVE ( 'NONE', #1348, #65, #1112, .T. ) ;
#949 = DIRECTION ( 'NONE',  ( 0.0000000000000000000, 0.0000000000000000000, -1.000000000000000000 ) ) ;
#950 = CARTESIAN_POINT ( 'NONE',  ( -0.6500000000000001332, 9.550000000000000711, -2.310303009999999713 ) ) ;
#951 = DIRECTION ( 'NONE',  ( 0.8660254037178901632, -0.0000000000000000000, 0.5000000001152655749 ) ) ;
#952 = CARTESIAN_POINT ( 'NONE',  ( 2.310303010516397304, 23.10000000000000142, 0.6499999989280003110 ) ) ;
#953 = EDGE_CURVE ( 'NONE', #544, #1231, #199, .T. ) ;
#954 = ORIENTED_EDGE ( 'NONE', *, *, #609, .F. ) ;
#955 = EDGE_CURVE ( 'NONE', #586, #1001, #1439, .T. ) ;
#956 = CARTESIAN_POINT ( 'NONE',  ( 4.098780306174960586, 20.30000000000000071, -0.6500000013171465252 ) ) ;
#957 = CARTESIAN_POINT ( 'NONE',  ( 0.0000000000000000000, 0.5000000000000000000, 0.0000000000000000000 ) ) ;
#958 = EDGE_LOOP ( 'NONE', ( #593, #982, #384, #987, #2, #329, #307, #1260, #702 ) ) ;
#959 = DIRECTION ( 'NONE',  ( -0.0000000000000000000, -0.0000000000000000000, -1.000000000000000000 ) ) ;
#960 = CARTESIAN_POINT ( 'NONE',  ( -2.310303010228859311, 1.600000000000000755, 0.6499999999499996850 ) ) ;
#961 = AXIS2_PLACEMENT_3D ( 'NONE', #342, #154, #1124 ) ;
#962 = VECTOR ( 'NONE', #268, 1000.000000000000000 ) ;
#963 = CARTESIAN_POINT ( 'NONE',  ( -2.310303010516397304, 23.10000000000000142, -0.6499999989279998669 ) ) ;
#964 = DIRECTION ( 'NONE',  ( 1.000000000000000000, -0.0000000000000000000, -0.0000000000000000000 ) ) ;
#965 = ADVANCED_FACE ( 'NONE', ( #21 ), #462, .F. ) ;
#966 = VECTOR ( 'NONE', #67, 1000.000000000000000 ) ;
#967 = VECTOR ( 'NONE', #1106, 1000.000000000000000 ) ;
#968 = EDGE_CURVE ( 'NONE', #277, #525, #1149, .T. ) ;
#969 = VERTEX_POINT ( 'NONE', #1004 ) ;
#970 = DIRECTION ( 'NONE',  ( -0.0000000000000000000, -1.000000000000000000, -0.0000000000000000000 ) ) ;
#971 = EDGE_CURVE ( 'NONE', #787, #129, #1079, .T. ) ;
#972 = VECTOR ( 'NONE', #1036, 1000.000000000000000 ) ;
#973 = DIRECTION ( 'NONE',  ( -1.776356839400250465E-15, 0.0000000000000000000, 1.000000000000000000 ) ) ;
#974 = DIRECTION ( 'NONE',  ( 0.0000000000000000000, -1.000000000000000000, 0.0000000000000000000 ) ) ;
#975 = ORIENTED_EDGE ( 'NONE', *, *, #617, .F. ) ;
#976 = DIRECTION ( 'NONE',  ( 0.0000000000000000000, -1.000000000000000000, 0.0000000000000000000 ) ) ;
#977 = CC_DESIGN_PERSON_AND_ORGANIZATION_ASSIGNMENT ( #584, #1349, ( #1175 ) ) ;
#978 = DIRECTION ( 'NONE',  ( 1.000000000000000000, 0.0000000000000000000, 0.0000000000000000000 ) ) ;
#979 = ORIENTED_EDGE ( 'NONE', *, *, #1143, .F. ) ;
#980 = DIRECTION ( 'NONE',  ( -0.0000000000000000000, -0.0000000000000000000, -1.000000000000000000 ) ) ;
#981 = VERTEX_POINT ( 'NONE', #1100 ) ;
#982 = ORIENTED_EDGE ( 'NONE', *, *, #835, .T. ) ;
#983 = DIRECTION ( 'NONE',  ( -0.0000000000000000000, -0.0000000000000000000, 1.000000000000000000 ) ) ;
#984 = VERTEX_POINT ( 'NONE', #1230 ) ;
#985 = DIRECTION ( 'NONE',  ( -0.0000000000000000000, 1.000000000000000000, 0.0000000000000000000 ) ) ;
#986 = VECTOR ( 'NONE', #328, 1000.000000000000000 ) ;
#987 = ORIENTED_EDGE ( 'NONE', *, *, #766, .T. ) ;
#988 = AXIS2_PLACEMENT_3D ( 'NONE', #629, #1292, #1064 ) ;
#989 = CARTESIAN_POINT ( 'NONE',  ( 0.6500000000000001332, 1.600000000000000089, 0.0000000000000000000 ) ) ;
#990 = PRODUCT_RELATED_PRODUCT_CATEGORY ( 'detail', '', ( #449 ) ) ;
#991 = ORIENTED_EDGE ( 'NONE', *, *, #23, .F. ) ;
#992 = DIRECTION ( 'NONE',  ( 0.5000000001152654638, -0.0000000000000000000, 0.8660254037178901632 ) ) ;
#993 = VERTEX_POINT ( 'NONE', #431 ) ;
#994 = CARTESIAN_POINT ( 'NONE',  ( 0.0000000000000000000, 23.10000000000000142, 0.6499999978560004887 ) ) ;
#995 = VERTEX_POINT ( 'NONE', #118 ) ;
#996 = EDGE_CURVE ( 'NONE', #662, #607, #1000, .T. ) ;
#997 = ORIENTED_EDGE ( 'NONE', *, *, #1414, .T. ) ;
#998 = CARTESIAN_POINT ( 'NONE',  ( 0.0000000000000000000, 17.50000000000000000, -3.949999999999999734 ) ) ;
#999 = ORIENTED_EDGE ( 'NONE', *, *, #1057, .F. ) ;
#1000 = LINE ( 'NONE', #647, #1266 ) ;
#1001 = VERTEX_POINT ( 'NONE', #3 ) ;
#1002 = LINE ( 'NONE', #998, #326 ) ;
#1003 = ORIENTED_EDGE ( 'NONE', *, *, #1272, .F. ) ;
#1004 = CARTESIAN_POINT ( 'NONE',  ( 3.949999999285871866, 1.600000000000000089, -0.6499999999333333500 ) ) ;
#1005 = ADVANCED_FACE ( 'NONE', ( #215 ), #886, .F. ) ;
#1006 = ORIENTED_EDGE ( 'NONE', *, *, #735, .T. ) ;
#1007 = VECTOR ( 'NONE', #731, 1000.000000000000114 ) ;
#1008 = EDGE_CURVE ( 'NONE', #214, #1313, #822, .T. ) ;
#1009 = AXIS2_PLACEMENT_3D ( 'NONE', #539, #439, #1115 ) ;
#1010 = VECTOR ( 'NONE', #1134, 1000.000000000000000 ) ;
#1011 = VECTOR ( 'NONE', #1197, 1000.000000000000000 ) ;
#1012 = EDGE_CURVE ( 'NONE', #574, #737, #895, .T. ) ;
#1013 = EDGE_LOOP ( 'NONE', ( #1220, #1114, #954, #320 ) ) ;
#1014 = DIRECTION ( 'NONE',  ( 1.776356839400250465E-15, 0.0000000000000000000, -1.000000000000000000 ) ) ;
#1015 = DIRECTION ( 'NONE',  ( 0.0000000000000000000, 0.0000000000000000000, -1.000000000000000000 ) ) ;
#1016 = EDGE_LOOP ( 'NONE', ( #748, #554, #906, #1343 ) ) ;
#1017 = EDGE_LOOP ( 'NONE', ( #788, #105, #600, #1092 ) ) ;
#1018 = CARTESIAN_POINT ( 'NONE',  ( 2.310303009999999713, 21.10000000000000142, 0.6500000000000001332 ) ) ;
#1019 = DIRECTION ( 'NONE',  ( 0.0000000000000000000, -1.000000000000000000, -0.0000000000000000000 ) ) ;
#1020 = CARTESIAN_POINT ( 'NONE',  ( 0.0000000000000000000, 0.5000000000000000000, 0.0000000000000000000 ) ) ;
#1021 = ORIENTED_EDGE ( 'NONE', *, *, #26, .F. ) ;
#1022 = DATE_TIME_ROLE ( 'creation_date' ) ;
#1023 = EDGE_CURVE ( 'NONE', #65, #1001, #540, .T. ) ;
#1024 = CARTESIAN_POINT ( 'NONE',  ( 3.949999999999999734, 1.600000000000000089, -0.6500000000000001332 ) ) ;
#1025 = CARTESIAN_POINT ( 'NONE',  ( 0.0000000000000000000, 23.10000000000000142, 0.0000000000000000000 ) ) ;
#1026 = PLANE ( 'NONE',  #259 ) ;
#1027 = LOCAL_TIME ( 16, 47, 4.000000000000000000, #1153 ) ;
#1028 = AXIS2_PLACEMENT_3D ( 'NONE', #1258, #1355, #352 ) ;
#1029 = AXIS2_PLACEMENT_3D ( 'NONE', #837, #974, #1393 ) ;
#1030 = AXIS2_PLACEMENT_3D ( 'NONE', #666, #651, #770 ) ;
#1031 = VECTOR ( 'NONE', #99, 1000.000000000000114 ) ;
#1032 = ORIENTED_EDGE ( 'NONE', *, *, #1224, .T. ) ;
#1033 = PERSON_AND_ORGANIZATION ( #465, #588 ) ;
#1034 = VERTEX_POINT ( 'NONE', #786 ) ;
#1035 = CARTESIAN_POINT ( 'NONE',  ( -2.280533562554981408, 0.0000000000000000000, 3.949999999999999734 ) ) ;
#1036 = DIRECTION ( 'NONE',  ( -0.0000000000000000000, -1.000000000000000000, -0.0000000000000000000 ) ) ;
#1037 = DIRECTION ( 'NONE',  ( 0.0000000000000000000, -1.000000000000000000, 0.0000000000000000000 ) ) ;
#1038 = VECTOR ( 'NONE', #29, 1000.000000000000000 ) ;
#1039 = EDGE_CURVE ( 'NONE', #1047, #1435, #1236, .T. ) ;
#1040 = LINE ( 'NONE', #52, #1265 ) ;
#1041 = ORIENTED_EDGE ( 'NONE', *, *, #6, .F. ) ;
#1042 = ORIENTED_EDGE ( 'NONE', *, *, #18, .T. ) ;
#1043 = CARTESIAN_POINT ( 'NONE',  ( 0.0000000000000000000, 19.10000000160000155, 0.0000000000000000000 ) ) ;
#1044 = DIRECTION ( 'NONE',  ( 0.0000000000000000000, -1.000000000000000000, 0.0000000000000000000 ) ) ;
#1045 = LINE ( 'NONE', #727, #279 ) ;
#1046 = ADVANCED_FACE ( 'NONE', ( #545 ), #671, .F. ) ;
#1047 = VERTEX_POINT ( 'NONE', #814 ) ;
#1048 = DIRECTION ( 'NONE',  ( 0.0000000000000000000, -1.000000000000000000, 0.0000000000000000000 ) ) ;
#1049 = CARTESIAN_POINT ( 'NONE',  ( 0.0000000000000000000, 7.900000000000000355, 0.0000000000000000000 ) ) ;
#1050 = EDGE_CURVE ( 'NONE', #289, #787, #1262, .T. ) ;
#1051 = CARTESIAN_POINT ( 'NONE',  ( -2.310303010402479540, 1.600000000000000755, -0.6500000000963365165 ) ) ;
#1052 = ADVANCED_FACE ( 'NONE', ( #467 ), #1126, .T. ) ;
#1053 = CIRCLE ( 'NONE', #1122, 1.530000000000000027 ) ;
#1054 = DIRECTION ( 'NONE',  ( 0.0000000000000000000, 0.0000000000000000000, 1.000000000000000000 ) ) ;
#1055 = AXIS2_PLACEMENT_3D ( 'NONE', #422, #820, #54 ) ;
#1056 = VECTOR ( 'NONE', #983, 1000.000000000000000 ) ;
#1057 = EDGE_CURVE ( 'NONE', #1063, #229, #256, .T. ) ;
#1058 = LINE ( 'NONE', #730, #776 ) ;
#1059 = CARTESIAN_POINT ( 'NONE',  ( -3.950000002269599797, 17.50000000000000000, -0.6499999979634665248 ) ) ;
#1060 = LINE ( 'NONE', #530, #349 ) ;
#1061 = CIRCLE ( 'NONE', #332, 2.399999999999999911 ) ;
#1062 = CC_DESIGN_DATE_AND_TIME_ASSIGNMENT ( #1377, #1022, ( #1214 ) ) ;
#1063 = VERTEX_POINT ( 'NONE', #603 ) ;
#1064 = DIRECTION ( 'NONE',  ( 0.0000000000000000000, 0.0000000000000000000, 1.000000000000000000 ) ) ;
#1065 = DIRECTION ( 'NONE',  ( 0.0000000000000000000, 0.0000000000000000000, 1.000000000000000000 ) ) ;
#1066 = ORIENTED_EDGE ( 'NONE', *, *, #1350, .T. ) ;
#1067 = FACE_OUTER_BOUND ( 'NONE', #102, .T. ) ;
#1068 = CARTESIAN_POINT ( 'NONE',  ( 0.0000000000000000000, 0.5000000000000000000, -1.530000000000000027 ) ) ;
#1069 = EDGE_CURVE ( 'NONE', #874, #10, #561, .T. ) ;
#1070 = LINE ( 'NONE', #956, #146 ) ;
#1071 = LINE ( 'NONE', #1077, #913 ) ;
#1072 = VERTEX_POINT ( 'NONE', #1035 ) ;
#1073 = CYLINDRICAL_SURFACE ( 'NONE', #231, 1.530000000000000027 ) ;
#1074 = EDGE_CURVE ( 'NONE', #501, #1188, #1385, .T. ) ;
#1075 = FACE_OUTER_BOUND ( 'NONE', #1138, .T. ) ;
#1076 = DIRECTION ( 'NONE',  ( 0.0000000000000000000, 0.0000000000000000000, -1.000000000000000000 ) ) ;
#1077 = CARTESIAN_POINT ( 'NONE',  ( -4.561067127000000276, 0.8000000000000000444, 0.0000000000000000000 ) ) ;
#1078 = VECTOR ( 'NONE', #1390, 1000.000000000000000 ) ;
#1079 = CIRCLE ( 'NONE', #1030, 2.399999999999999911 ) ;
#1080 = ORIENTED_EDGE ( 'NONE', *, *, #1419, .T. ) ;
#1081 = VECTOR ( 'NONE', #1234, 1000.000000000000000 ) ;
#1082 = DIRECTION ( 'NONE',  ( 0.0000000000000000000, 3.599834664200236792E-14, -1.000000000000000000 ) ) ;
#1083 = ORIENTED_EDGE ( 'NONE', *, *, #622, .T. ) ;
#1084 = FACE_OUTER_BOUND ( 'NONE', #1016, .T. ) ;
#1085 = CARTESIAN_POINT ( 'NONE',  ( -2.310303010347241059, 9.550000000000000711, -0.6500000002926731302 ) ) ;
#1086 = ORIENTED_EDGE ( 'NONE', *, *, #594, .F. ) ;
#1087 = DIRECTION ( 'NONE',  ( -1.000000000000000000, 0.0000000000000000000, 0.0000000000000000000 ) ) ;
#1088 = EDGE_CURVE ( 'NONE', #563, #466, #1162, .T. ) ;
#1089 = CARTESIAN_POINT ( 'NONE',  ( -2.280533563000000541, 0.0000000000000000000, -3.949999999999999734 ) ) ;
#1090 = ORIENTED_EDGE ( 'NONE', *, *, #1108, .F. ) ;
#1091 = CARTESIAN_POINT ( 'NONE',  ( -2.310303009999999713, 21.10000000000000142, 0.6500000000000001332 ) ) ;
#1092 = ORIENTED_EDGE ( 'NONE', *, *, #1098, .F. ) ;
#1093 = ADVANCED_FACE ( 'NONE', ( #150, #928 ), #62, .T. ) ;
#1094 = CARTESIAN_POINT ( 'NONE',  ( -3.949999999285870977, 1.600000000000000089, 0.6499999999499996850 ) ) ;
#1095 = EDGE_CURVE ( 'NONE', #880, #563, #47, .T. ) ;
#1096 = ORIENTED_EDGE ( 'NONE', *, *, #70, .T. ) ;
#1097 = CARTESIAN_POINT ( 'NONE',  ( 0.0000000000000000000, 23.10000000000000142, -4.149999999999999467 ) ) ;
#1098 = EDGE_CURVE ( 'NONE', #818, #870, #915, .T. ) ;
#1099 = VERTEX_POINT ( 'NONE', #679 ) ;
#1100 = CARTESIAN_POINT ( 'NONE',  ( 3.950000002269598909, 17.50000000000000000, -0.6499999984725999269 ) ) ;
#1101 = AXIS2_PLACEMENT_3D ( 'NONE', #482, #131, #1241 ) ;
#1102 = ORIENTED_EDGE ( 'NONE', *, *, #1326, .T. ) ;
#1103 = AXIS2_PLACEMENT_3D ( 'NONE', #77, #162, #832 ) ;
#1104 = DIRECTION ( 'NONE',  ( -0.0000000000000000000, 1.000000000000000000, -0.0000000000000000000 ) ) ;
#1105 = ORIENTED_EDGE ( 'NONE', *, *, #40, .T. ) ;
#1106 = DIRECTION ( 'NONE',  ( 1.000000000000000000, 0.0000000000000000000, 0.0000000000000000000 ) ) ;
#1107 = VERTEX_POINT ( 'NONE', #596 ) ;
#1108 = EDGE_CURVE ( 'NONE', #327, #382, #637, .T. ) ;
#1109 =( LENGTH_UNIT ( ) NAMED_UNIT ( * ) SI_UNIT ( .MILLI., .METRE. ) );
#1110 = EDGE_CURVE ( 'NONE', #1438, #535, #936, .T. ) ;
#1111 = ORIENTED_EDGE ( 'NONE', *, *, #166, .F. ) ;
#1112 = LINE ( 'NONE', #881, #676 ) ;
#1113 = EDGE_CURVE ( 'NONE', #494, #891, #107, .T. ) ;
#1114 = ORIENTED_EDGE ( 'NONE', *, *, #23, .T. ) ;
#1115 = DIRECTION ( 'NONE',  ( 0.0000000000000000000, 0.0000000000000000000, -1.000000000000000000 ) ) ;
#1116 = CYLINDRICAL_SURFACE ( 'NONE', #41, 2.399999999999999911 ) ;
#1117 = ORIENTED_EDGE ( 'NONE', *, *, #92, .T. ) ;
#1118 = DIRECTION ( 'NONE',  ( 0.0000000000000000000, 1.000000000000000000, 0.0000000000000000000 ) ) ;
#1119 = ORIENTED_EDGE ( 'NONE', *, *, #237, .T. ) ;
#1120 = CIRCLE ( 'NONE', #448, 1.530000000000000027 ) ;
#1121 = AXIS2_PLACEMENT_3D ( 'NONE', #798, #925, #252 ) ;
#1122 = AXIS2_PLACEMENT_3D ( 'NONE', #30, #1282, #242 ) ;
#1123 = ORIENTED_EDGE ( 'NONE', *, *, #900, .F. ) ;
#1124 = DIRECTION ( 'NONE',  ( 1.000000000000000000, 0.0000000000000000000, 0.0000000000000000000 ) ) ;
#1125 = EDGE_LOOP ( 'NONE', ( #188, #947, #1417, #312, #1096 ) ) ;
#1126 = CYLINDRICAL_SURFACE ( 'NONE', #1200, 2.399999999999999911 ) ;
#1127 = FACE_OUTER_BOUND ( 'NONE', #248, .T. ) ;
#1128 = DIRECTION ( 'NONE',  ( 0.0000000000000000000, -1.000000000000000000, 0.0000000000000000000 ) ) ;
#1129 = FACE_OUTER_BOUND ( 'NONE', #341, .T. ) ;
#1130 = DIRECTION ( 'NONE',  ( 0.0000000000000000000, -1.000000000000000000, 0.0000000000000000000 ) ) ;
#1131 = ORIENTED_EDGE ( 'NONE', *, *, #659, .T. ) ;
#1132 = CALENDAR_DATE ( 2023, 5, 6 ) ;
#1133 = ORIENTED_EDGE ( 'NONE', *, *, #60, .T. ) ;
#1134 = DIRECTION ( 'NONE',  ( 1.000000000000000000, 0.0000000000000000000, 0.0000000000000000000 ) ) ;
#1135 = CYLINDRICAL_SURFACE ( 'NONE', #1332, 2.399999999999999911 ) ;
#1136 = ADVANCED_FACE ( 'NONE', ( #824 ), #687, .F. ) ;
#1137 = DIRECTION ( 'NONE',  ( 0.0000000000000000000, 0.0000000000000000000, 1.000000000000000000 ) ) ;
#1138 = EDGE_LOOP ( 'NONE', ( #147, #650, #1413, #472, #979 ) ) ;
#1139 = CALENDAR_DATE ( 2023, 5, 6 ) ;
#1140 = ORIENTED_EDGE ( 'NONE', *, *, #827, .F. ) ;
#1141 = DIRECTION ( 'NONE',  ( 0.0000000000000000000, 0.0000000000000000000, 1.000000000000000000 ) ) ;
#1142 = CARTESIAN_POINT ( 'NONE',  ( 0.0000000000000000000, 23.10000000000000142, 0.0000000000000000000 ) ) ;
#1143 = EDGE_CURVE ( 'NONE', #1001, #214, #1361, .T. ) ;
#1144 = DIRECTION ( 'NONE',  ( -0.0000000000000000000, -1.000000000000000000, -0.0000000000000000000 ) ) ;
#1145 = AXIS2_PLACEMENT_3D ( 'NONE', #808, #233, #1141 ) ;
#1146 = VECTOR ( 'NONE', #267, 1000.000000000000000 ) ;
#1147 = CC_DESIGN_SECURITY_CLASSIFICATION ( #1382, ( #1175 ) ) ;
#1148 = VECTOR ( 'NONE', #964, 1000.000000000000000 ) ;
#1149 = CIRCLE ( 'NONE', #450, 4.149999999999999467 ) ;
#1150 = PLANE ( 'NONE',  #1121 ) ;
#1151 = VECTOR ( 'NONE', #618, 1000.000000000000000 ) ;
#1152 = ORIENTED_EDGE ( 'NONE', *, *, #70, .F. ) ;
#1153 = COORDINATED_UNIVERSAL_TIME_OFFSET ( 0, 0, .AHEAD. ) ;
#1154 = ORIENTED_EDGE ( 'NONE', *, *, #471, .F. ) ;
#1155 = DIRECTION ( 'NONE',  ( 0.0000000000000000000, -1.000000000000000000, 0.0000000000000000000 ) ) ;
#1156 = LINE ( 'NONE', #345, #774 ) ;
#1157 = DIRECTION ( 'NONE',  ( 0.0000000000000000000, 0.0000000000000000000, -1.000000000000000000 ) ) ;
#1158 = VECTOR ( 'NONE', #688, 1000.000000000000000 ) ;
#1159 = DIRECTION ( 'NONE',  ( 0.0000000000000000000, 1.000000000000000000, 0.0000000000000000000 ) ) ;
#1160 = ORIENTED_EDGE ( 'NONE', *, *, #513, .T. ) ;
#1161 = ORIENTED_EDGE ( 'NONE', *, *, #996, .T. ) ;
#1162 = LINE ( 'NONE', #1018, #351 ) ;
#1163 = LINE ( 'NONE', #143, #1337 ) ;
#1164 = ADVANCED_FACE ( 'NONE', ( #695 ), #944, .T. ) ;
#1165 = DIRECTION ( 'NONE',  ( 0.0000000000000000000, -1.000000000000000000, 0.0000000000000000000 ) ) ;
#1166 = CARTESIAN_POINT ( 'NONE',  ( -0.6500000000000001332, 1.600000000000000533, -2.310303010214791897 ) ) ;
#1167 = ORIENTED_EDGE ( 'NONE', *, *, #738, .F. ) ;
#1168 = CARTESIAN_POINT ( 'NONE',  ( 0.0000000000000000000, 17.50000000000000000, 3.949999999999999734 ) ) ;
#1169 = DIRECTION ( 'NONE',  ( 0.0000000000000000000, -1.000000000000000000, 0.0000000000000000000 ) ) ;
#1170 = ORIENTED_EDGE ( 'NONE', *, *, #6, .T. ) ;
#1171 = DIRECTION ( 'NONE',  ( -1.000000000000000000, -0.0000000000000000000, -0.0000000000000000000 ) ) ;
#1172 = CARTESIAN_POINT ( 'NONE',  ( -4.098780306507767257, 23.10000000000000142, -0.6499999992185309106 ) ) ;
#1173 = LINE ( 'NONE', #260, #1354 ) ;
#1174 = APPROVAL ( #678, 'UNSPECIFIED' ) ;
#1175 = PRODUCT_DEFINITION_FORMATION_WITH_SPECIFIED_SOURCE ( 'ANY', '', #449, .NOT_KNOWN. ) ;
#1176 = CIRCLE ( 'NONE', #941, 4.149999999999999467 ) ;
#1177 = AXIS2_PLACEMENT_3D ( 'NONE', #555, #114, #1344 ) ;
#1178 = AXIS2_PLACEMENT_3D ( 'NONE', #157, #241, #1369 ) ;
#1179 = LINE ( 'NONE', #950, #888 ) ;
#1180 = CARTESIAN_POINT ( 'NONE',  ( 0.6499999973273140608, 17.50000000000000000, -3.950000001702199448 ) ) ;
#1181 = EDGE_LOOP ( 'NONE', ( #115, #1321, #55, #110 ) ) ;
#1182 = CARTESIAN_POINT ( 'NONE',  ( 0.0000000000000000000, 0.0000000000000000000, -1.850000000000000089 ) ) ;
#1183 = EDGE_CURVE ( 'NONE', #1188, #874, #142, .T. ) ;
#1184 = EDGE_LOOP ( 'NONE', ( #1238, #859, #882, #1006 ) ) ;
#1185 = DIRECTION ( 'NONE',  ( 0.0000000000000000000, -1.000000000000000000, 0.0000000000000000000 ) ) ;
#1186 = ORIENTED_EDGE ( 'NONE', *, *, #1012, .T. ) ;
#1187 = PLANE ( 'NONE',  #324 ) ;
#1188 = VERTEX_POINT ( 'NONE', #290 ) ;
#1189 = PLANE ( 'NONE',  #1103 ) ;
#1190 = PLANE ( 'NONE',  #9 ) ;
#1191 = ORIENTED_EDGE ( 'NONE', *, *, #383, .T. ) ;
#1192 = CARTESIAN_POINT ( 'NONE',  ( 0.0000000000000000000, 0.4999999999999449329, 0.0000000000000000000 ) ) ;
#1193 = EDGE_CURVE ( 'NONE', #757, #1099, #1058, .T. ) ;
#1194 = FACE_OUTER_BOUND ( 'NONE', #1181, .T. ) ;
#1195 = AXIS2_PLACEMENT_3D ( 'NONE', #458, #1232, #1358 ) ;
#1196 = AXIS2_PLACEMENT_3D ( 'NONE', #510, #391, #625 ) ;
#1197 = DIRECTION ( 'NONE',  ( -1.000000000000000000, -0.0000000000000000000, -0.0000000000000000000 ) ) ;
#1198 = FACE_OUTER_BOUND ( 'NONE', #765, .T. ) ;
#1199 = AXIS2_PLACEMENT_3D ( 'NONE', #1327, #1320, #208 ) ;
#1200 = AXIS2_PLACEMENT_3D ( 'NONE', #570, #36, #264 ) ;
#1201 = EDGE_LOOP ( 'NONE', ( #1102, #438, #79, #1167, #446 ) ) ;
#1202 = CARTESIAN_POINT ( 'NONE',  ( -0.6499999969451996096, 17.50000000000000000, 0.0000000000000000000 ) ) ;
#1203 = PLANE ( 'NONE',  #614 ) ;
#1204 = ORIENTED_EDGE ( 'NONE', *, *, #871, .F. ) ;
#1205 = DIRECTION ( 'NONE',  ( 1.000000000000000000, 0.0000000000000000000, 0.0000000000000000000 ) ) ;
#1206 = ORIENTED_EDGE ( 'NONE', *, *, #879, .F. ) ;
#1207 = ADVANCED_FACE ( 'NONE', ( #1302 ), #296, .T. ) ;
#1208 = DIRECTION ( 'NONE',  ( 0.0000000000000000000, 1.000000000000000000, 0.0000000000000000000 ) ) ;
#1209 = ADVANCED_FACE ( 'NONE', ( #283 ), #527, .T. ) ;
#1210 = CARTESIAN_POINT ( 'NONE',  ( -3.420800345000000853, 1.600000000000000089, 1.974999999999999867 ) ) ;
#1211 = ORIENTED_EDGE ( 'NONE', *, *, #445, .F. ) ;
#1212 = DIRECTION ( 'NONE',  ( -0.0000000000000000000, -1.000000000000000000, -0.0000000000000000000 ) ) ;
#1213 = ORIENTED_EDGE ( 'NONE', *, *, #1375, .F. ) ;
#1214 = PRODUCT_DEFINITION ( 'UNKNOWN', '', #1175, #76 ) ;
#1215 = CARTESIAN_POINT ( 'NONE',  ( 2.310303010228859311, 1.600000000000000755, 0.6499999999499996850 ) ) ;
#1216 = UNCERTAINTY_MEASURE_WITH_UNIT (LENGTH_MEASURE( 1.000000000000000082E-05 ), #1109, 'distance_accuracy_value', 'NONE');
#1217 = AXIS2_PLACEMENT_3D ( 'NONE', #639, #611, #973 ) ;
#1218 = AXIS2_PLACEMENT_3D ( 'NONE', #684, #1130, #573 ) ;
#1219 = DIRECTION ( 'NONE',  ( 1.000000000000000000, -0.0000000000000000000, -0.0000000000000000000 ) ) ;
#1220 = ORIENTED_EDGE ( 'NONE', *, *, #516, .T. ) ;
#1221 = DIRECTION ( 'NONE',  ( -0.0000000000000000000, -1.000000000000000000, -0.0000000000000000000 ) ) ;
#1222 = VECTOR ( 'NONE', #358, 1000.000000000000114 ) ;
#1223 = EDGE_LOOP ( 'NONE', ( #270, #1237 ) ) ;
#1224 = EDGE_CURVE ( 'NONE', #1432, #1063, #658, .T. ) ;
#1225 = EDGE_CURVE ( 'NONE', #414, #1306, #182, .T. ) ;
#1226 = EDGE_CURVE ( 'NONE', #451, #517, #390, .T. ) ;
#1227 = EDGE_CURVE ( 'NONE', #607, #1072, #175, .T. ) ;
#1228 = CARTESIAN_POINT ( 'NONE',  ( 0.0000000000000000000, 7.900000000000000355, -1.530000000000000027 ) ) ;
#1229 = ORIENTED_EDGE ( 'NONE', *, *, #49, .F. ) ;
#1230 = CARTESIAN_POINT ( 'NONE',  ( 5.082284216461514170E-16, 17.50000000000000000, 4.149999999999999467 ) ) ;
#1231 = VERTEX_POINT ( 'NONE', #963 ) ;
#1232 = DIRECTION ( 'NONE',  ( 0.0000000000000000000, 0.0000000000000000000, 1.000000000000000000 ) ) ;
#1233 = ORIENTED_EDGE ( 'NONE', *, *, #334, .F. ) ;
#1234 = DIRECTION ( 'NONE',  ( -0.0000000000000000000, 1.000000000000000000, -0.0000000000000000000 ) ) ;
#1235 = ORIENTED_EDGE ( 'NONE', *, *, #75, .F. ) ;
#1236 = LINE ( 'NONE', #109, #281 ) ;
#1237 = ORIENTED_EDGE ( 'NONE', *, *, #622, .F. ) ;
#1238 = ORIENTED_EDGE ( 'NONE', *, *, #166, .T. ) ;
#1239 = PERSON_AND_ORGANIZATION ( #465, #588 ) ;
#1240 = ORIENTED_EDGE ( 'NONE', *, *, #334, .T. ) ;
#1241 = DIRECTION ( 'NONE',  ( 0.0000000000000000000, 0.0000000000000000000, -1.000000000000000000 ) ) ;
#1242 = AXIS2_PLACEMENT_3D ( 'NONE', #1418, #415, #409 ) ;
#1243 = AXIS2_PLACEMENT_3D ( 'NONE', #830, #1279, #269 ) ;
#1244 = ADVANCED_FACE ( 'NONE', ( #385 ), #1189, .F. ) ;
#1245 = CARTESIAN_POINT ( 'NONE',  ( 2.280533563664430829, 1.599999998125000156, -3.950000000000000178 ) ) ;
#1246 = VERTEX_POINT ( 'NONE', #406 ) ;
#1247 = DIRECTION ( 'NONE',  ( 0.0000000000000000000, 0.0000000000000000000, -1.000000000000000000 ) ) ;
#1248 = EDGE_CURVE ( 'NONE', #993, #746, #81, .T. ) ;
#1249 = DIRECTION ( 'NONE',  ( 0.0000000000000000000, 0.0000000000000000000, -1.000000000000000000 ) ) ;
#1250 = CARTESIAN_POINT ( 'NONE',  ( 0.0000000000000000000, 1.600000000000000755, 0.0000000000000000000 ) ) ;
#1251 = CC_DESIGN_PERSON_AND_ORGANIZATION_ASSIGNMENT ( #1033, #34, ( #449 ) ) ;
#1252 = LINE ( 'NONE', #1365, #1351 ) ;
#1253 = EDGE_LOOP ( 'NONE', ( #97, #665, #901, #997, #417, #73 ) ) ;
#1254 = APPROVAL_ROLE ( '' ) ;
#1255 = ORIENTED_EDGE ( 'NONE', *, *, #516, .F. ) ;
#1256 = CARTESIAN_POINT ( 'NONE',  ( 0.0000000000000000000, 17.50000000000000000, 0.6499999969452009418 ) ) ;
#1257 = FACE_OUTER_BOUND ( 'NONE', #232, .T. ) ;
#1258 = CARTESIAN_POINT ( 'NONE',  ( 0.0000000000000000000, 20.80000000000000426, 0.0000000000000000000 ) ) ;
#1259 = LINE ( 'NONE', #487, #210 ) ;
#1260 = ORIENTED_EDGE ( 'NONE', *, *, #1248, .T. ) ;
#1261 = DATE_AND_TIME ( #1271, #1027 ) ;
#1262 = LINE ( 'NONE', #490, #1010 ) ;
#1263 = FACE_OUTER_BOUND ( 'NONE', #43, .T. ) ;
#1264 = DIRECTION ( 'NONE',  ( 0.0000000000000000000, -1.000000000000000000, 0.0000000000000000000 ) ) ;
#1265 = VECTOR ( 'NONE', #1159, 1000.000000000000000 ) ;
#1266 = VECTOR ( 'NONE', #1221, 1000.000000000000000 ) ;
#1267 = EDGE_CURVE ( 'NONE', #414, #823, #509, .T. ) ;
#1268 = CARTESIAN_POINT ( 'NONE',  ( 2.310303010230510878, 9.550000000000000711, -0.6500000007075683595 ) ) ;
#1269 = AXIS2_PLACEMENT_3D ( 'NONE', #660, #1104, #547 ) ;
#1270 = ORIENTED_EDGE ( 'NONE', *, *, #1057, .T. ) ;
#1271 = CALENDAR_DATE ( 2023, 5, 6 ) ;
#1272 = EDGE_CURVE ( 'NONE', #662, #1047, #851, .T. ) ;
#1273 = VERTEX_POINT ( 'NONE', #191 ) ;
#1274 = CARTESIAN_POINT ( 'NONE',  ( 0.0000000000000000000, 19.10000000000000142, 0.6499999969452009418 ) ) ;
#1275 = DIRECTION ( 'NONE',  ( 0.0000000000000000000, 0.0000000000000000000, 1.000000000000000000 ) ) ;
#1276 = EDGE_CURVE ( 'NONE', #229, #289, #843, .T. ) ;
#1277 = CARTESIAN_POINT ( 'NONE',  ( 0.0000000000000000000, 1.599999992500000578, -3.949999999999999734 ) ) ;
#1278 = ORIENTED_EDGE ( 'NONE', *, *, #531, .F. ) ;
#1279 = DIRECTION ( 'NONE',  ( -0.0000000000000000000, 1.000000000000000000, 0.0000000000000000000 ) ) ;
#1280 = CARTESIAN_POINT ( 'NONE',  ( 0.0000000000000000000, 23.10000000000000142, 0.0000000000000000000 ) ) ;
#1281 = FACE_BOUND ( 'NONE', #411, .T. ) ;
#1282 = DIRECTION ( 'NONE',  ( -0.0000000000000000000, 1.000000000000000000, -0.0000000000000000000 ) ) ;
#1283 = CARTESIAN_POINT ( 'NONE',  ( 0.0000000000000000000, 20.80000000000000426, 0.0000000000000000000 ) ) ;
#1284 = CARTESIAN_POINT ( 'NONE',  ( 3.420800345000000853, 1.600000000000000089, 1.974999999999999867 ) ) ;
#1285 = CARTESIAN_POINT ( 'NONE',  ( -4.098780306441594412, 20.29999999999999716, 0.6499999996358033494 ) ) ;
#1286 = ORIENTED_EDGE ( 'NONE', *, *, #749, .T. ) ;
#1287 = LINE ( 'NONE', #736, #845 ) ;
#1288 = EDGE_CURVE ( 'NONE', #466, #708, #476, .T. ) ;
#1289 = CC_DESIGN_APPROVAL ( #1174, ( #1214 ) ) ;
#1290 = VECTOR ( 'NONE', #1391, 1000.000000000000000 ) ;
#1291 = AXIS2_PLACEMENT_3D ( 'NONE', #1379, #802, #1247 ) ;
#1292 = DIRECTION ( 'NONE',  ( 0.0000000000000000000, 1.000000000000000000, 0.0000000000000000000 ) ) ;
#1293 = DIRECTION ( 'NONE',  ( 0.0000000000000000000, 0.0000000000000000000, -1.000000000000000000 ) ) ;
#1294 = ORIENTED_EDGE ( 'NONE', *, *, #1193, .T. ) ;
#1295 = DIRECTION ( 'NONE',  ( 0.0000000000000000000, 0.0000000000000000000, 1.000000000000000000 ) ) ;
#1296 = ADVANCED_FACE ( 'NONE', ( #1084 ), #275, .F. ) ;
#1297 = CARTESIAN_POINT ( 'NONE',  ( 3.949999999285871866, 1.599999999999999645, 0.6499999999333329059 ) ) ;
#1298 = ORIENTED_EDGE ( 'NONE', *, *, #1088, .F. ) ;
#1299 = DIRECTION ( 'NONE',  ( -0.0000000000000000000, 1.000000000000000000, -0.0000000000000000000 ) ) ;
#1300 = CARTESIAN_POINT ( 'NONE',  ( 4.098780306521620176, 19.10000000160000155, -0.6499999991311730119 ) ) ;
#1301 = ORIENTED_EDGE ( 'NONE', *, *, #1326, .F. ) ;
#1302 = FACE_OUTER_BOUND ( 'NONE', #1376, .T. ) ;
#1303 = CARTESIAN_POINT ( 'NONE',  ( -3.949999999999999734, 9.550000000000000711, 0.6500000000000001332 ) ) ;
#1304 = ORIENTED_EDGE ( 'NONE', *, *, #1039, .T. ) ;
#1305 = CARTESIAN_POINT ( 'NONE',  ( 4.098780306713303290, 19.10000000160000155, 0.6499999979224564406 ) ) ;
#1306 = VERTEX_POINT ( 'NONE', #1297 ) ;
#1307 = EDGE_CURVE ( 'NONE', #129, #440, #1179, .T. ) ;
#1308 = CONICAL_SURFACE ( 'NONE', #473, 1.530000000000000027, 0.5693131911006618084 ) ;
#1309 = VECTOR ( 'NONE', #747, 1000.000000000000000 ) ;
#1310 = EDGE_CURVE ( 'NONE', #746, #327, #1070, .T. ) ;
#1311 = FACE_OUTER_BOUND ( 'NONE', #783, .T. ) ;
#1312 = VECTOR ( 'NONE', #959, 1000.000000000000000 ) ;
#1313 = VERTEX_POINT ( 'NONE', #1392 ) ;
#1314 = CARTESIAN_POINT ( 'NONE',  ( -2.310303009999999713, 1.600000000000000089, 0.6500000000000001332 ) ) ;
#1315 = VERTEX_POINT ( 'NONE', #860 ) ;
#1316 = CARTESIAN_POINT ( 'NONE',  ( 0.0000000000000000000, 17.50000000000000000, 0.0000000000000000000 ) ) ;
#1317 = VERTEX_POINT ( 'NONE', #1338 ) ;
#1318 = CARTESIAN_POINT ( 'NONE',  ( -2.280533563000000541, 0.0000000000000000000, 3.949999999999999734 ) ) ;
#1319 = ORIENTED_EDGE ( 'NONE', *, *, #923, .T. ) ;
#1320 = DIRECTION ( 'NONE',  ( -0.8660254037178901632, 0.0000000000000000000, -0.5000000001152655749 ) ) ;
#1321 = ORIENTED_EDGE ( 'NONE', *, *, #856, .T. ) ;
#1322 = CARTESIAN_POINT ( 'NONE',  ( 0.0000000000000000000, 17.50000000000000000, 0.6499999969452009418 ) ) ;
#1323 = EDGE_LOOP ( 'NONE', ( #35, #1003, #1161, #916 ) ) ;
#1324 = CARTESIAN_POINT ( 'NONE',  ( 0.0000000000000000000, 20.80000000000000426, 0.0000000000000000000 ) ) ;
#1325 = LINE ( 'NONE', #672, #897 ) ;
#1326 = EDGE_CURVE ( 'NONE', #1348, #277, #543, .T. ) ;
#1327 = CARTESIAN_POINT ( 'NONE',  ( 4.561067127000000276, 0.0000000000000000000, 0.0000000000000000000 ) ) ;
#1328 = VECTOR ( 'NONE', #1219, 1000.000000000000000 ) ;
#1329 = CARTESIAN_POINT ( 'NONE',  ( 0.0000000000000000000, 17.50000000000000000, 0.0000000000000000000 ) ) ;
#1330 = ORIENTED_EDGE ( 'NONE', *, *, #125, .T. ) ;
#1331 = DIRECTION ( 'NONE',  ( 0.8660254037178901632, 0.0000000000000000000, -0.5000000001152655749 ) ) ;
#1332 = AXIS2_PLACEMENT_3D ( 'NONE', #712, #1165, #1157 ) ;
#1333 = ORIENTED_EDGE ( 'NONE', *, *, #1012, .F. ) ;
#1334 = AXIS2_PLACEMENT_3D ( 'NONE', #1280, #624, #271 ) ;
#1335 = LINE ( 'NONE', #456, #942 ) ;
#1336 = APPROVAL ( #370, 'UNSPECIFIED' ) ;
#1337 = VECTOR ( 'NONE', #711, 1000.000000000000000 ) ;
#1338 = CARTESIAN_POINT ( 'NONE',  ( -2.280533563332215685, 1.599999998125000156, 3.950000000000000178 ) ) ;
#1339 = ORIENTED_EDGE ( 'NONE', *, *, #1307, .T. ) ;
#1340 = CARTESIAN_POINT ( 'NONE',  ( 0.0000000000000000000, 19.10000000000000142, 0.0000000000000000000 ) ) ;
#1341 = ORIENTED_EDGE ( 'NONE', *, *, #855, .T. ) ;
#1342 = CALENDAR_DATE ( 2023, 5, 6 ) ;
#1343 = ORIENTED_EDGE ( 'NONE', *, *, #49, .T. ) ;
#1344 = DIRECTION ( 'NONE',  ( 0.5000000001152654638, 0.0000000000000000000, 0.8660254037178900521 ) ) ;
#1345 = CARTESIAN_POINT ( 'NONE',  ( 1.873709602695450449E-16, 0.4999999999999449329, 1.530000000000000027 ) ) ;
#1346 = CARTESIAN_POINT ( 'NONE',  ( 0.0000000000000000000, 19.10000000160000155, -4.149999999999999467 ) ) ;
#1347 = ADVANCED_FACE ( 'NONE', ( #202 ), #1116, .T. ) ;
#1348 = VERTEX_POINT ( 'NONE', #116 ) ;
#1349 = PERSON_AND_ORGANIZATION_ROLE ( 'design_supplier' ) ;
#1350 = EDGE_CURVE ( 'NONE', #59, #662, #669, .T. ) ;
#1351 = VECTOR ( 'NONE', #31, 1000.000000000000000 ) ;
#1352 = ORIENTED_EDGE ( 'NONE', *, *, #46, .T. ) ;
#1353 = DIRECTION ( 'NONE',  ( -1.776356839400250465E-15, 0.0000000000000000000, -1.000000000000000000 ) ) ;
#1354 = VECTOR ( 'NONE', #1373, 1000.000000000000000 ) ;
#1355 = DIRECTION ( 'NONE',  ( -0.0000000000000000000, 1.000000000000000000, -0.0000000000000000000 ) ) ;
#1356 = AXIS2_PLACEMENT_3D ( 'NONE', #1408, #1185, #1076 ) ;
#1357 = APPLICATION_CONTEXT ( 'configuration controlled 3d designs of mechanical parts and assemblies' ) ;
#1358 = DIRECTION ( 'NONE',  ( 1.000000000000000000, 0.0000000000000000000, 0.0000000000000000000 ) ) ;
#1359 = ORIENTED_EDGE ( 'NONE', *, *, #572, .T. ) ;
#1360 = APPROVAL_ROLE ( '' ) ;
#1361 = LINE ( 'NONE', #1274, #580 ) ;
#1362 = DIRECTION ( 'NONE',  ( -0.0000000000000000000, 1.000000000000000000, -0.0000000000000000000 ) ) ;
#1363 = LINE ( 'NONE', #605, #1406 ) ;
#1364 = EDGE_CURVE ( 'NONE', #1435, #607, #866, .T. ) ;
#1365 = CARTESIAN_POINT ( 'NONE',  ( 4.098780306558325925, 20.30000000000000071, 0.6499999988997119393 ) ) ;
#1366 = ORIENTED_EDGE ( 'NONE', *, *, #26, .T. ) ;
#1367 = APPROVAL_STATUS ( 'not_yet_approved' ) ;
#1368 = ORIENTED_EDGE ( 'NONE', *, *, #1310, .T. ) ;
#1369 = DIRECTION ( 'NONE',  ( 0.0000000000000000000, 0.0000000000000000000, 1.000000000000000000 ) ) ;
#1370 = CARTESIAN_POINT ( 'NONE',  ( 0.0000000000000000000, 20.80000000000000426, 0.0000000000000000000 ) ) ;
#1371 = ADVANCED_FACE ( 'NONE', ( #1311 ), #197, .F. ) ;
#1372 = ADVANCED_FACE ( 'NONE', ( #777 ), #1203, .F. ) ;
#1373 = DIRECTION ( 'NONE',  ( -1.000000000000000000, -0.0000000000000000000, -0.0000000000000000000 ) ) ;
#1374 = EDGE_CURVE ( 'NONE', #339, #1317, #418, .T. ) ;
#1375 = EDGE_CURVE ( 'NONE', #261, #1246, #1002, .T. ) ;
#1376 = EDGE_LOOP ( 'NONE', ( #1430, #1133, #1083, #714, #1090, #1397, #862, #1154 ) ) ;
#1377 = DATE_AND_TIME ( #1342, #371 ) ;
#1378 = ORIENTED_EDGE ( 'NONE', *, *, #898, .F. ) ;
#1379 = CARTESIAN_POINT ( 'NONE',  ( 0.0000000000000000000, 0.0000000000000000000, 0.0000000000000000000 ) ) ;
#1380 = CARTESIAN_POINT ( 'NONE',  ( 2.310303009999999713, 21.10000000000000142, -0.6500000000000001332 ) ) ;
#1381 = DIRECTION ( 'NONE',  ( 0.0000000000000000000, 0.0000000000000000000, -1.000000000000000000 ) ) ;
#1382 = SECURITY_CLASSIFICATION ( '', '', #801 ) ;
#1383 = AXIS2_PLACEMENT_3D ( 'NONE', #1283, #1169, #949 ) ;
#1384 = AXIS2_PLACEMENT_3D ( 'NONE', #228, #673, #5 ) ;
#1385 = CIRCLE ( 'NONE', #190, 2.399999999999999911 ) ;
#1386 = DIRECTION ( 'NONE',  ( 0.0000000000000000000, -0.8422714006615114046, -0.5390536964233672013 ) ) ;
#1387 = ORIENTED_EDGE ( 'NONE', *, *, #180, .F. ) ;
#1388 = DIRECTION ( 'NONE',  ( 1.000000000000000000, 0.0000000000000000000, 0.0000000000000000000 ) ) ;
#1389 = DIRECTION ( 'NONE',  ( -0.0000000000000000000, 1.000000000000000000, -0.0000000000000000000 ) ) ;
#1390 = DIRECTION ( 'NONE',  ( 0.0000000000000000000, 1.000000000000000000, 0.0000000000000000000 ) ) ;
#1391 = DIRECTION ( 'NONE',  ( 1.000000000000000000, -0.0000000000000000000, -0.0000000000000000000 ) ) ;
#1392 = CARTESIAN_POINT ( 'NONE',  ( 5.082284216461514170E-16, 19.10000000160000155, 4.149999999999999467 ) ) ;
#1393 = DIRECTION ( 'NONE',  ( 0.0000000000000000000, 0.0000000000000000000, -1.000000000000000000 ) ) ;
#1394 = ORIENTED_EDGE ( 'NONE', *, *, #362, .F. ) ;
#1395 = MANIFOLD_SOLID_BREP ( 'Imported1', #850 ) ;
#1396 = PLANE ( 'NONE',  #657 ) ;
#1397 = ORIENTED_EDGE ( 'NONE', *, *, #1310, .F. ) ;
#1398 = ADVANCED_FACE ( 'NONE', ( #553 ), #1436, .F. ) ;
#1399 = DIRECTION ( 'NONE',  ( 0.0000000000000000000, 0.0000000000000000000, -1.000000000000000000 ) ) ;
#1400 = DIRECTION ( 'NONE',  ( 0.0000000000000000000, 0.0000000000000000000, -1.000000000000000000 ) ) ;
#1401 = CC_DESIGN_PERSON_AND_ORGANIZATION_ASSIGNMENT ( #239, #686, ( #1382 ) ) ;
#1402 = ORIENTED_EDGE ( 'NONE', *, *, #532, .F. ) ;
#1403 = LINE ( 'NONE', #398, #775 ) ;
#1404 = VECTOR ( 'NONE', #725, 1000.000000000000000 ) ;
#1405 = EDGE_CURVE ( 'NONE', #488, #984, #401, .T. ) ;
#1406 = VECTOR ( 'NONE', #590, 1000.000000000000000 ) ;
#1407 = VECTOR ( 'NONE', #475, 1000.000000000000000 ) ;
#1408 = CARTESIAN_POINT ( 'NONE',  ( 0.0000000000000000000, 23.10000000000000142, 0.0000000000000000000 ) ) ;
#1409 = DIRECTION ( 'NONE',  ( 0.5000000001152654638, 0.0000000000000000000, -0.8660254037178900521 ) ) ;
#1410 = ORIENTED_EDGE ( 'NONE', *, *, #460, .T. ) ;
#1411 = CARTESIAN_POINT ( 'NONE',  ( 0.0000000000000000000, 0.0000000000000000000, -3.949999999999999734 ) ) ;
#1412 = CIRCLE ( 'NONE', #782, 2.399999999999999911 ) ;
#1413 = ORIENTED_EDGE ( 'NONE', *, *, #766, .F. ) ;
#1414 = EDGE_CURVE ( 'NONE', #240, #737, #435, .T. ) ;
#1415 = CARTESIAN_POINT ( 'NONE',  ( 0.0000000000000000000, 20.80000000000000426, 0.0000000000000000000 ) ) ;
#1416 = DIRECTION ( 'NONE',  ( 0.0000000000000000000, -1.000000000000000000, 0.0000000000000000000 ) ) ;
#1417 = ORIENTED_EDGE ( 'NONE', *, *, #493, .T. ) ;
#1418 = CARTESIAN_POINT ( 'NONE',  ( -4.098780305999999207, 19.10000000000000142, -0.6500000000000001332 ) ) ;
#1419 = EDGE_CURVE ( 'NONE', #153, #823, #533, .T. ) ;
#1420 = ORIENTED_EDGE ( 'NONE', *, *, #445, .T. ) ;
#1421 = CARTESIAN_POINT ( 'NONE',  ( 0.0000000000000000000, 1.599999992500000578, 3.949999999999999734 ) ) ;
#1422 = ORIENTED_EDGE ( 'NONE', *, *, #1225, .T. ) ;
#1423 = LINE ( 'NONE', #839, #1426 ) ;
#1424 = ORIENTED_EDGE ( 'NONE', *, *, #1350, .F. ) ;
#1425 = EDGE_CURVE ( 'NONE', #1099, #392, #784, .T. ) ;
#1426 = VECTOR ( 'NONE', #980, 1000.000000000000000 ) ;
#1427 = EDGE_LOOP ( 'NONE', ( #752, #130, #53, #1319, #779, #298, #1420, #670, #292, #864 ) ) ;
#1428 = LINE ( 'NONE', #1097, #86 ) ;
#1429 = AXIS2_PLACEMENT_3D ( 'NONE', #1316, #884, #758 ) ;
#1430 = ORIENTED_EDGE ( 'NONE', *, *, #923, .F. ) ;
#1431 = DIRECTION ( 'NONE',  ( 0.0000000000000000000, 0.0000000000000000000, -1.000000000000000000 ) ) ;
#1432 = VERTEX_POINT ( 'NONE', #649 ) ;
#1433 = DIRECTION ( 'NONE',  ( 0.0000000000000000000, 0.0000000000000000000, -1.000000000000000000 ) ) ;
#1434 = EDGE_CURVE ( 'NONE', #382, #488, #1428, .T. ) ;
#1435 = VERTEX_POINT ( 'NONE', #429 ) ;
#1436 = PLANE ( 'NONE',  #213 ) ;
#1437 = EDGE_CURVE ( 'NONE', #382, #1348, #701, .T. ) ;
#1438 = VERTEX_POINT ( 'NONE', #1228 ) ;
#1439 = LINE ( 'NONE', #1091, #986 ) ;
#1440 = ORIENTED_EDGE ( 'NONE', *, *, #871, .T. ) ;
ENDSEC;
END-ISO-10303-21;
