ISO-10303-21;
HEADER;
/* Generated by software containing ST-Developer
 * from STEP Tools, Inc. (www.steptools.com) 
 */
/* OPTION: using custom renumber hook */

FILE_DESCRIPTION(
/* description */ ('STEP AP203'),
/* implementation_level */ '2;1');

FILE_NAME(
/* name */ 'ESW-108-58-G-D',
/* time_stamp */ '2026-01-09T16:34:36+01:00',
/* author */ ('License CC BY-ND 4.0'),
/* organization */ ('CADENAS'),
/* preprocessor_version */ 'ST-DEVELOPER v20',
/* originating_system */ 'PARTsolutions',
/* authorisation */ '  ');

FILE_SCHEMA (('CONFIG_CONTROL_DESIGN'));
ENDSEC;

DATA;
#10=PROPERTY_DEFINITION_REPRESENTATION(#14,#12);
#11=PROPERTY_DEFINITION_REPRESENTATION(#15,#13);
#12=REPRESENTATION('',(#16),#20964);
#13=REPRESENTATION('',(#17),#20964);
#14=PROPERTY_DEFINITION('pmi validation property','',#20980);
#15=PROPERTY_DEFINITION('pmi validation property','',#20980);
#16=VALUE_REPRESENTATION_ITEM('number of annotations',COUNT_MEASURE(0.));
#17=VALUE_REPRESENTATION_ITEM('number of views',COUNT_MEASURE(0.));
#18=CYLINDRICAL_SURFACE('',#13660,0.00750000000000002);
#19=CYLINDRICAL_SURFACE('',#13667,0.00750000000000002);
#20=CYLINDRICAL_SURFACE('',#13674,0.00749999999999997);
#21=CYLINDRICAL_SURFACE('',#13681,0.00749999999999997);
#22=CYLINDRICAL_SURFACE('',#13688,0.00750000000000002);
#23=CYLINDRICAL_SURFACE('',#13695,0.00750000000000002);
#24=CYLINDRICAL_SURFACE('',#13702,0.0075);
#25=CYLINDRICAL_SURFACE('',#13709,0.0075);
#26=CYLINDRICAL_SURFACE('',#13716,0.0075);
#27=CYLINDRICAL_SURFACE('',#13723,0.0075);
#28=CYLINDRICAL_SURFACE('',#13730,0.00750000000000002);
#29=CYLINDRICAL_SURFACE('',#13737,0.00750000000000002);
#30=CYLINDRICAL_SURFACE('',#13744,0.0075);
#31=CYLINDRICAL_SURFACE('',#13751,0.0075);
#32=CYLINDRICAL_SURFACE('',#13758,0.00749999999999998);
#33=CYLINDRICAL_SURFACE('',#13763,0.00749999999999998);
#34=CIRCLE('',#13560,0.00749999999999998);
#35=CIRCLE('',#13563,0.00749999999999998);
#36=CIRCLE('',#13565,0.00749999999999998);
#37=CIRCLE('',#13568,0.00749999999999998);
#38=CIRCLE('',#13570,0.0075);
#39=CIRCLE('',#13573,0.0075);
#40=CIRCLE('',#13575,0.0075);
#41=CIRCLE('',#13578,0.0075);
#42=CIRCLE('',#13580,0.00750000000000002);
#43=CIRCLE('',#13583,0.00750000000000002);
#44=CIRCLE('',#13585,0.00750000000000002);
#45=CIRCLE('',#13588,0.00750000000000002);
#46=CIRCLE('',#13590,0.0075);
#47=CIRCLE('',#13593,0.0075);
#48=CIRCLE('',#13595,0.0075);
#49=CIRCLE('',#13598,0.0075);
#50=CIRCLE('',#13600,0.0075);
#51=CIRCLE('',#13603,0.0075);
#52=CIRCLE('',#13605,0.0075);
#53=CIRCLE('',#13608,0.0075);
#54=CIRCLE('',#13610,0.00750000000000002);
#55=CIRCLE('',#13613,0.00750000000000002);
#56=CIRCLE('',#13615,0.00750000000000002);
#57=CIRCLE('',#13618,0.00750000000000002);
#58=CIRCLE('',#13620,0.00749999999999997);
#59=CIRCLE('',#13623,0.00749999999999997);
#60=CIRCLE('',#13625,0.00749999999999997);
#61=CIRCLE('',#13628,0.00749999999999997);
#62=CIRCLE('',#13630,0.00750000000000002);
#63=CIRCLE('',#13633,0.00750000000000002);
#64=CIRCLE('',#13635,0.00750000000000002);
#65=CIRCLE('',#13638,0.00750000000000002);
#66=CONTEXT_DEPENDENT_SHAPE_REPRESENTATION(#74,#20982);
#67=CONTEXT_DEPENDENT_SHAPE_REPRESENTATION(#75,#20984);
#68=CONTEXT_DEPENDENT_SHAPE_REPRESENTATION(#76,#20986);
#69=CONTEXT_DEPENDENT_SHAPE_REPRESENTATION(#77,#20988);
#70=NEXT_ASSEMBLY_USAGE_OCCURRENCE('NAUO1','ESW-108-58-G-D_socket',
'ESW-108-58-G-D_socket',#20989,#20990,'');
#71=NEXT_ASSEMBLY_USAGE_OCCURRENCE('NAUO2','ESW-108-58-G-D_pins',
'ESW-108-58-G-D_pins',#20989,#20991,'');
#72=NEXT_ASSEMBLY_USAGE_OCCURRENCE('NAUO3','ESW-108-58-G-D2_PINS',
'ESW-108-58-G-D2_PINS',#20989,#20992,'');
#73=NEXT_ASSEMBLY_USAGE_OCCURRENCE('NAUO4','ESW-108-58-G-D_bsocket',
'ESW-108-58-G-D_bsocket',#20989,#20993,'');
#74=(
REPRESENTATION_RELATIONSHIP(' ',' ',#13244,#13243)
REPRESENTATION_RELATIONSHIP_WITH_TRANSFORMATION(#78)
SHAPE_REPRESENTATION_RELATIONSHIP()
);
#75=(
REPRESENTATION_RELATIONSHIP(' ',' ',#13245,#13243)
REPRESENTATION_RELATIONSHIP_WITH_TRANSFORMATION(#79)
SHAPE_REPRESENTATION_RELATIONSHIP()
);
#76=(
REPRESENTATION_RELATIONSHIP(' ',' ',#13246,#13243)
REPRESENTATION_RELATIONSHIP_WITH_TRANSFORMATION(#80)
SHAPE_REPRESENTATION_RELATIONSHIP()
);
#77=(
REPRESENTATION_RELATIONSHIP(' ',' ',#13247,#13243)
REPRESENTATION_RELATIONSHIP_WITH_TRANSFORMATION(#81)
SHAPE_REPRESENTATION_RELATIONSHIP()
);
#78=ITEM_DEFINED_TRANSFORMATION(' ',' ',#13248,#13403);
#79=ITEM_DEFINED_TRANSFORMATION(' ',' ',#13248,#13554);
#80=ITEM_DEFINED_TRANSFORMATION(' ',' ',#13248,#13769);
#81=ITEM_DEFINED_TRANSFORMATION(' ',' ',#13248,#13984);
#82=SHAPE_REPRESENTATION_RELATIONSHIP('','',#13244,#86);
#83=SHAPE_REPRESENTATION_RELATIONSHIP('','',#13245,#87);
#84=SHAPE_REPRESENTATION_RELATIONSHIP('','',#13246,#88);
#85=SHAPE_REPRESENTATION_RELATIONSHIP('','',#13247,#89);
#86=ADVANCED_BREP_SHAPE_REPRESENTATION('',(#13234),#20965);
#87=ADVANCED_BREP_SHAPE_REPRESENTATION('',(#13235),#20966);
#88=ADVANCED_BREP_SHAPE_REPRESENTATION('',(#13236),#20967);
#89=ADVANCED_BREP_SHAPE_REPRESENTATION('',(#13237),#20968);
#90=ORIENTED_EDGE('',*,*,#3730,.T.);
#91=ORIENTED_EDGE('',*,*,#3731,.F.);
#92=ORIENTED_EDGE('',*,*,#3732,.F.);
#93=ORIENTED_EDGE('',*,*,#3733,.F.);
#94=ORIENTED_EDGE('',*,*,#3734,.F.);
#95=ORIENTED_EDGE('',*,*,#3735,.F.);
#96=ORIENTED_EDGE('',*,*,#3736,.T.);
#97=ORIENTED_EDGE('',*,*,#3737,.F.);
#98=ORIENTED_EDGE('',*,*,#3738,.F.);
#99=ORIENTED_EDGE('',*,*,#3739,.F.);
#100=ORIENTED_EDGE('',*,*,#3740,.T.);
#101=ORIENTED_EDGE('',*,*,#3741,.F.);
#102=ORIENTED_EDGE('',*,*,#3742,.F.);
#103=ORIENTED_EDGE('',*,*,#3743,.F.);
#104=ORIENTED_EDGE('',*,*,#3744,.T.);
#105=ORIENTED_EDGE('',*,*,#3745,.F.);
#106=ORIENTED_EDGE('',*,*,#3746,.F.);
#107=ORIENTED_EDGE('',*,*,#3747,.F.);
#108=ORIENTED_EDGE('',*,*,#3748,.T.);
#109=ORIENTED_EDGE('',*,*,#3749,.F.);
#110=ORIENTED_EDGE('',*,*,#3750,.F.);
#111=ORIENTED_EDGE('',*,*,#3751,.F.);
#112=ORIENTED_EDGE('',*,*,#3752,.T.);
#113=ORIENTED_EDGE('',*,*,#3753,.F.);
#114=ORIENTED_EDGE('',*,*,#3754,.F.);
#115=ORIENTED_EDGE('',*,*,#3755,.F.);
#116=ORIENTED_EDGE('',*,*,#3756,.T.);
#117=ORIENTED_EDGE('',*,*,#3757,.F.);
#118=ORIENTED_EDGE('',*,*,#3758,.F.);
#119=ORIENTED_EDGE('',*,*,#3759,.F.);
#120=ORIENTED_EDGE('',*,*,#3760,.T.);
#121=ORIENTED_EDGE('',*,*,#3761,.F.);
#122=ORIENTED_EDGE('',*,*,#3762,.F.);
#123=ORIENTED_EDGE('',*,*,#3763,.F.);
#124=ORIENTED_EDGE('',*,*,#3764,.F.);
#125=ORIENTED_EDGE('',*,*,#3765,.F.);
#126=ORIENTED_EDGE('',*,*,#3766,.T.);
#127=ORIENTED_EDGE('',*,*,#3767,.F.);
#128=ORIENTED_EDGE('',*,*,#3768,.F.);
#129=ORIENTED_EDGE('',*,*,#3769,.T.);
#130=ORIENTED_EDGE('',*,*,#3770,.F.);
#131=ORIENTED_EDGE('',*,*,#3771,.T.);
#132=ORIENTED_EDGE('',*,*,#3772,.T.);
#133=ORIENTED_EDGE('',*,*,#3773,.F.);
#134=ORIENTED_EDGE('',*,*,#3774,.F.);
#135=ORIENTED_EDGE('',*,*,#3775,.T.);
#136=ORIENTED_EDGE('',*,*,#3776,.T.);
#137=ORIENTED_EDGE('',*,*,#3777,.F.);
#138=ORIENTED_EDGE('',*,*,#3778,.F.);
#139=ORIENTED_EDGE('',*,*,#3779,.T.);
#140=ORIENTED_EDGE('',*,*,#3780,.T.);
#141=ORIENTED_EDGE('',*,*,#3781,.F.);
#142=ORIENTED_EDGE('',*,*,#3782,.F.);
#143=ORIENTED_EDGE('',*,*,#3783,.T.);
#144=ORIENTED_EDGE('',*,*,#3784,.T.);
#145=ORIENTED_EDGE('',*,*,#3785,.F.);
#146=ORIENTED_EDGE('',*,*,#3786,.F.);
#147=ORIENTED_EDGE('',*,*,#3787,.T.);
#148=ORIENTED_EDGE('',*,*,#3788,.T.);
#149=ORIENTED_EDGE('',*,*,#3789,.F.);
#150=ORIENTED_EDGE('',*,*,#3790,.F.);
#151=ORIENTED_EDGE('',*,*,#3791,.T.);
#152=ORIENTED_EDGE('',*,*,#3792,.T.);
#153=ORIENTED_EDGE('',*,*,#3793,.F.);
#154=ORIENTED_EDGE('',*,*,#3794,.F.);
#155=ORIENTED_EDGE('',*,*,#3795,.T.);
#156=ORIENTED_EDGE('',*,*,#3796,.T.);
#157=ORIENTED_EDGE('',*,*,#3797,.F.);
#158=ORIENTED_EDGE('',*,*,#3798,.T.);
#159=ORIENTED_EDGE('',*,*,#3799,.F.);
#160=ORIENTED_EDGE('',*,*,#3800,.F.);
#161=ORIENTED_EDGE('',*,*,#3801,.F.);
#162=ORIENTED_EDGE('',*,*,#3802,.T.);
#163=ORIENTED_EDGE('',*,*,#3803,.T.);
#164=ORIENTED_EDGE('',*,*,#3804,.T.);
#165=ORIENTED_EDGE('',*,*,#3773,.T.);
#166=ORIENTED_EDGE('',*,*,#3805,.T.);
#167=ORIENTED_EDGE('',*,*,#3806,.T.);
#168=ORIENTED_EDGE('',*,*,#3807,.T.);
#169=ORIENTED_EDGE('',*,*,#3777,.T.);
#170=ORIENTED_EDGE('',*,*,#3808,.T.);
#171=ORIENTED_EDGE('',*,*,#3809,.T.);
#172=ORIENTED_EDGE('',*,*,#3810,.T.);
#173=ORIENTED_EDGE('',*,*,#3781,.T.);
#174=ORIENTED_EDGE('',*,*,#3811,.T.);
#175=ORIENTED_EDGE('',*,*,#3812,.T.);
#176=ORIENTED_EDGE('',*,*,#3813,.T.);
#177=ORIENTED_EDGE('',*,*,#3785,.T.);
#178=ORIENTED_EDGE('',*,*,#3814,.T.);
#179=ORIENTED_EDGE('',*,*,#3815,.T.);
#180=ORIENTED_EDGE('',*,*,#3816,.T.);
#181=ORIENTED_EDGE('',*,*,#3789,.T.);
#182=ORIENTED_EDGE('',*,*,#3817,.T.);
#183=ORIENTED_EDGE('',*,*,#3818,.T.);
#184=ORIENTED_EDGE('',*,*,#3819,.T.);
#185=ORIENTED_EDGE('',*,*,#3793,.T.);
#186=ORIENTED_EDGE('',*,*,#3820,.T.);
#187=ORIENTED_EDGE('',*,*,#3821,.T.);
#188=ORIENTED_EDGE('',*,*,#3822,.T.);
#189=ORIENTED_EDGE('',*,*,#3797,.T.);
#190=ORIENTED_EDGE('',*,*,#3823,.T.);
#191=ORIENTED_EDGE('',*,*,#3824,.T.);
#192=ORIENTED_EDGE('',*,*,#3825,.T.);
#193=ORIENTED_EDGE('',*,*,#3800,.T.);
#194=ORIENTED_EDGE('',*,*,#3826,.F.);
#195=ORIENTED_EDGE('',*,*,#3827,.F.);
#196=ORIENTED_EDGE('',*,*,#3828,.T.);
#197=ORIENTED_EDGE('',*,*,#3767,.T.);
#198=ORIENTED_EDGE('',*,*,#3829,.F.);
#199=ORIENTED_EDGE('',*,*,#3733,.T.);
#200=ORIENTED_EDGE('',*,*,#3830,.F.);
#201=ORIENTED_EDGE('',*,*,#3831,.F.);
#202=ORIENTED_EDGE('',*,*,#3832,.T.);
#203=ORIENTED_EDGE('',*,*,#3763,.T.);
#204=ORIENTED_EDGE('',*,*,#3833,.F.);
#205=ORIENTED_EDGE('',*,*,#3834,.F.);
#206=ORIENTED_EDGE('',*,*,#3835,.F.);
#207=ORIENTED_EDGE('',*,*,#3759,.T.);
#208=ORIENTED_EDGE('',*,*,#3836,.F.);
#209=ORIENTED_EDGE('',*,*,#3837,.F.);
#210=ORIENTED_EDGE('',*,*,#3838,.F.);
#211=ORIENTED_EDGE('',*,*,#3755,.T.);
#212=ORIENTED_EDGE('',*,*,#3839,.F.);
#213=ORIENTED_EDGE('',*,*,#3840,.F.);
#214=ORIENTED_EDGE('',*,*,#3841,.F.);
#215=ORIENTED_EDGE('',*,*,#3751,.T.);
#216=ORIENTED_EDGE('',*,*,#3842,.F.);
#217=ORIENTED_EDGE('',*,*,#3843,.F.);
#218=ORIENTED_EDGE('',*,*,#3844,.F.);
#219=ORIENTED_EDGE('',*,*,#3747,.T.);
#220=ORIENTED_EDGE('',*,*,#3845,.F.);
#221=ORIENTED_EDGE('',*,*,#3846,.F.);
#222=ORIENTED_EDGE('',*,*,#3847,.F.);
#223=ORIENTED_EDGE('',*,*,#3743,.T.);
#224=ORIENTED_EDGE('',*,*,#3848,.F.);
#225=ORIENTED_EDGE('',*,*,#3849,.F.);
#226=ORIENTED_EDGE('',*,*,#3850,.F.);
#227=ORIENTED_EDGE('',*,*,#3739,.T.);
#228=ORIENTED_EDGE('',*,*,#3851,.F.);
#229=ORIENTED_EDGE('',*,*,#3852,.F.);
#230=ORIENTED_EDGE('',*,*,#3853,.F.);
#231=ORIENTED_EDGE('',*,*,#3735,.T.);
#232=ORIENTED_EDGE('',*,*,#3854,.F.);
#233=ORIENTED_EDGE('',*,*,#3855,.F.);
#234=ORIENTED_EDGE('',*,*,#3731,.T.);
#235=ORIENTED_EDGE('',*,*,#3856,.T.);
#236=ORIENTED_EDGE('',*,*,#3857,.F.);
#237=ORIENTED_EDGE('',*,*,#3858,.T.);
#238=ORIENTED_EDGE('',*,*,#3859,.F.);
#239=ORIENTED_EDGE('',*,*,#3860,.T.);
#240=ORIENTED_EDGE('',*,*,#3737,.T.);
#241=ORIENTED_EDGE('',*,*,#3861,.T.);
#242=ORIENTED_EDGE('',*,*,#3862,.F.);
#243=ORIENTED_EDGE('',*,*,#3863,.T.);
#244=ORIENTED_EDGE('',*,*,#3741,.T.);
#245=ORIENTED_EDGE('',*,*,#3864,.T.);
#246=ORIENTED_EDGE('',*,*,#3865,.F.);
#247=ORIENTED_EDGE('',*,*,#3866,.T.);
#248=ORIENTED_EDGE('',*,*,#3745,.T.);
#249=ORIENTED_EDGE('',*,*,#3867,.T.);
#250=ORIENTED_EDGE('',*,*,#3868,.F.);
#251=ORIENTED_EDGE('',*,*,#3869,.T.);
#252=ORIENTED_EDGE('',*,*,#3749,.T.);
#253=ORIENTED_EDGE('',*,*,#3870,.T.);
#254=ORIENTED_EDGE('',*,*,#3871,.F.);
#255=ORIENTED_EDGE('',*,*,#3872,.T.);
#256=ORIENTED_EDGE('',*,*,#3753,.T.);
#257=ORIENTED_EDGE('',*,*,#3873,.T.);
#258=ORIENTED_EDGE('',*,*,#3874,.F.);
#259=ORIENTED_EDGE('',*,*,#3875,.T.);
#260=ORIENTED_EDGE('',*,*,#3757,.T.);
#261=ORIENTED_EDGE('',*,*,#3876,.T.);
#262=ORIENTED_EDGE('',*,*,#3877,.F.);
#263=ORIENTED_EDGE('',*,*,#3878,.T.);
#264=ORIENTED_EDGE('',*,*,#3761,.T.);
#265=ORIENTED_EDGE('',*,*,#3879,.T.);
#266=ORIENTED_EDGE('',*,*,#3880,.F.);
#267=ORIENTED_EDGE('',*,*,#3881,.T.);
#268=ORIENTED_EDGE('',*,*,#3765,.T.);
#269=ORIENTED_EDGE('',*,*,#3882,.F.);
#270=ORIENTED_EDGE('',*,*,#3883,.T.);
#271=ORIENTED_EDGE('',*,*,#3884,.T.);
#272=ORIENTED_EDGE('',*,*,#3769,.F.);
#273=ORIENTED_EDGE('',*,*,#3885,.T.);
#274=ORIENTED_EDGE('',*,*,#3771,.F.);
#275=ORIENTED_EDGE('',*,*,#3886,.T.);
#276=ORIENTED_EDGE('',*,*,#3887,.T.);
#277=ORIENTED_EDGE('',*,*,#3888,.T.);
#278=ORIENTED_EDGE('',*,*,#3775,.F.);
#279=ORIENTED_EDGE('',*,*,#3889,.T.);
#280=ORIENTED_EDGE('',*,*,#3890,.T.);
#281=ORIENTED_EDGE('',*,*,#3891,.T.);
#282=ORIENTED_EDGE('',*,*,#3779,.F.);
#283=ORIENTED_EDGE('',*,*,#3892,.T.);
#284=ORIENTED_EDGE('',*,*,#3893,.T.);
#285=ORIENTED_EDGE('',*,*,#3894,.T.);
#286=ORIENTED_EDGE('',*,*,#3783,.F.);
#287=ORIENTED_EDGE('',*,*,#3895,.T.);
#288=ORIENTED_EDGE('',*,*,#3896,.T.);
#289=ORIENTED_EDGE('',*,*,#3897,.T.);
#290=ORIENTED_EDGE('',*,*,#3787,.F.);
#291=ORIENTED_EDGE('',*,*,#3898,.T.);
#292=ORIENTED_EDGE('',*,*,#3899,.T.);
#293=ORIENTED_EDGE('',*,*,#3900,.T.);
#294=ORIENTED_EDGE('',*,*,#3791,.F.);
#295=ORIENTED_EDGE('',*,*,#3901,.T.);
#296=ORIENTED_EDGE('',*,*,#3902,.T.);
#297=ORIENTED_EDGE('',*,*,#3903,.T.);
#298=ORIENTED_EDGE('',*,*,#3795,.F.);
#299=ORIENTED_EDGE('',*,*,#3904,.T.);
#300=ORIENTED_EDGE('',*,*,#3905,.T.);
#301=ORIENTED_EDGE('',*,*,#3906,.T.);
#302=ORIENTED_EDGE('',*,*,#3798,.F.);
#303=ORIENTED_EDGE('',*,*,#3907,.T.);
#304=ORIENTED_EDGE('',*,*,#3908,.T.);
#305=ORIENTED_EDGE('',*,*,#3909,.F.);
#306=ORIENTED_EDGE('',*,*,#3882,.T.);
#307=ORIENTED_EDGE('',*,*,#3764,.T.);
#308=ORIENTED_EDGE('',*,*,#3832,.F.);
#309=ORIENTED_EDGE('',*,*,#3910,.F.);
#310=ORIENTED_EDGE('',*,*,#3826,.T.);
#311=ORIENTED_EDGE('',*,*,#3799,.T.);
#312=ORIENTED_EDGE('',*,*,#3909,.T.);
#313=ORIENTED_EDGE('',*,*,#3911,.T.);
#314=ORIENTED_EDGE('',*,*,#3858,.F.);
#315=ORIENTED_EDGE('',*,*,#3912,.F.);
#316=ORIENTED_EDGE('',*,*,#3885,.F.);
#317=ORIENTED_EDGE('',*,*,#3768,.T.);
#318=ORIENTED_EDGE('',*,*,#3828,.F.);
#319=ORIENTED_EDGE('',*,*,#3913,.F.);
#320=ORIENTED_EDGE('',*,*,#3830,.T.);
#321=ORIENTED_EDGE('',*,*,#3732,.T.);
#322=ORIENTED_EDGE('',*,*,#3914,.F.);
#323=ORIENTED_EDGE('',*,*,#3915,.F.);
#324=ORIENTED_EDGE('',*,*,#3916,.T.);
#325=ORIENTED_EDGE('',*,*,#3917,.T.);
#326=ORIENTED_EDGE('',*,*,#3918,.F.);
#327=ORIENTED_EDGE('',*,*,#3919,.F.);
#328=ORIENTED_EDGE('',*,*,#3920,.T.);
#329=ORIENTED_EDGE('',*,*,#3915,.T.);
#330=ORIENTED_EDGE('',*,*,#3921,.F.);
#331=ORIENTED_EDGE('',*,*,#3922,.F.);
#332=ORIENTED_EDGE('',*,*,#3923,.T.);
#333=ORIENTED_EDGE('',*,*,#3919,.T.);
#334=ORIENTED_EDGE('',*,*,#3924,.F.);
#335=ORIENTED_EDGE('',*,*,#3925,.F.);
#336=ORIENTED_EDGE('',*,*,#3926,.T.);
#337=ORIENTED_EDGE('',*,*,#3927,.T.);
#338=ORIENTED_EDGE('',*,*,#3928,.F.);
#339=ORIENTED_EDGE('',*,*,#3929,.F.);
#340=ORIENTED_EDGE('',*,*,#3930,.T.);
#341=ORIENTED_EDGE('',*,*,#3925,.T.);
#342=ORIENTED_EDGE('',*,*,#3931,.F.);
#343=ORIENTED_EDGE('',*,*,#3932,.F.);
#344=ORIENTED_EDGE('',*,*,#3933,.T.);
#345=ORIENTED_EDGE('',*,*,#3929,.T.);
#346=ORIENTED_EDGE('',*,*,#3934,.F.);
#347=ORIENTED_EDGE('',*,*,#3935,.F.);
#348=ORIENTED_EDGE('',*,*,#3936,.T.);
#349=ORIENTED_EDGE('',*,*,#3937,.T.);
#350=ORIENTED_EDGE('',*,*,#3938,.F.);
#351=ORIENTED_EDGE('',*,*,#3939,.F.);
#352=ORIENTED_EDGE('',*,*,#3940,.T.);
#353=ORIENTED_EDGE('',*,*,#3935,.T.);
#354=ORIENTED_EDGE('',*,*,#3941,.F.);
#355=ORIENTED_EDGE('',*,*,#3942,.F.);
#356=ORIENTED_EDGE('',*,*,#3943,.T.);
#357=ORIENTED_EDGE('',*,*,#3939,.T.);
#358=ORIENTED_EDGE('',*,*,#3944,.F.);
#359=ORIENTED_EDGE('',*,*,#3945,.F.);
#360=ORIENTED_EDGE('',*,*,#3946,.T.);
#361=ORIENTED_EDGE('',*,*,#3947,.T.);
#362=ORIENTED_EDGE('',*,*,#3948,.F.);
#363=ORIENTED_EDGE('',*,*,#3949,.F.);
#364=ORIENTED_EDGE('',*,*,#3950,.T.);
#365=ORIENTED_EDGE('',*,*,#3945,.T.);
#366=ORIENTED_EDGE('',*,*,#3951,.F.);
#367=ORIENTED_EDGE('',*,*,#3952,.F.);
#368=ORIENTED_EDGE('',*,*,#3953,.T.);
#369=ORIENTED_EDGE('',*,*,#3949,.T.);
#370=ORIENTED_EDGE('',*,*,#3954,.F.);
#371=ORIENTED_EDGE('',*,*,#3955,.F.);
#372=ORIENTED_EDGE('',*,*,#3956,.T.);
#373=ORIENTED_EDGE('',*,*,#3957,.T.);
#374=ORIENTED_EDGE('',*,*,#3958,.F.);
#375=ORIENTED_EDGE('',*,*,#3959,.F.);
#376=ORIENTED_EDGE('',*,*,#3960,.T.);
#377=ORIENTED_EDGE('',*,*,#3955,.T.);
#378=ORIENTED_EDGE('',*,*,#3961,.F.);
#379=ORIENTED_EDGE('',*,*,#3962,.F.);
#380=ORIENTED_EDGE('',*,*,#3963,.T.);
#381=ORIENTED_EDGE('',*,*,#3959,.T.);
#382=ORIENTED_EDGE('',*,*,#3964,.F.);
#383=ORIENTED_EDGE('',*,*,#3965,.F.);
#384=ORIENTED_EDGE('',*,*,#3966,.T.);
#385=ORIENTED_EDGE('',*,*,#3967,.T.);
#386=ORIENTED_EDGE('',*,*,#3968,.F.);
#387=ORIENTED_EDGE('',*,*,#3969,.F.);
#388=ORIENTED_EDGE('',*,*,#3970,.T.);
#389=ORIENTED_EDGE('',*,*,#3965,.T.);
#390=ORIENTED_EDGE('',*,*,#3971,.F.);
#391=ORIENTED_EDGE('',*,*,#3972,.F.);
#392=ORIENTED_EDGE('',*,*,#3973,.T.);
#393=ORIENTED_EDGE('',*,*,#3969,.T.);
#394=ORIENTED_EDGE('',*,*,#3974,.F.);
#395=ORIENTED_EDGE('',*,*,#3975,.F.);
#396=ORIENTED_EDGE('',*,*,#3976,.T.);
#397=ORIENTED_EDGE('',*,*,#3977,.T.);
#398=ORIENTED_EDGE('',*,*,#3978,.F.);
#399=ORIENTED_EDGE('',*,*,#3979,.F.);
#400=ORIENTED_EDGE('',*,*,#3980,.T.);
#401=ORIENTED_EDGE('',*,*,#3975,.T.);
#402=ORIENTED_EDGE('',*,*,#3981,.F.);
#403=ORIENTED_EDGE('',*,*,#3982,.F.);
#404=ORIENTED_EDGE('',*,*,#3983,.T.);
#405=ORIENTED_EDGE('',*,*,#3979,.T.);
#406=ORIENTED_EDGE('',*,*,#3984,.F.);
#407=ORIENTED_EDGE('',*,*,#3985,.F.);
#408=ORIENTED_EDGE('',*,*,#3986,.T.);
#409=ORIENTED_EDGE('',*,*,#3987,.T.);
#410=ORIENTED_EDGE('',*,*,#3988,.F.);
#411=ORIENTED_EDGE('',*,*,#3989,.F.);
#412=ORIENTED_EDGE('',*,*,#3990,.T.);
#413=ORIENTED_EDGE('',*,*,#3985,.T.);
#414=ORIENTED_EDGE('',*,*,#3991,.F.);
#415=ORIENTED_EDGE('',*,*,#3992,.F.);
#416=ORIENTED_EDGE('',*,*,#3993,.T.);
#417=ORIENTED_EDGE('',*,*,#3989,.T.);
#418=ORIENTED_EDGE('',*,*,#3994,.F.);
#419=ORIENTED_EDGE('',*,*,#3995,.F.);
#420=ORIENTED_EDGE('',*,*,#3996,.T.);
#421=ORIENTED_EDGE('',*,*,#3997,.T.);
#422=ORIENTED_EDGE('',*,*,#3998,.F.);
#423=ORIENTED_EDGE('',*,*,#3999,.F.);
#424=ORIENTED_EDGE('',*,*,#4000,.T.);
#425=ORIENTED_EDGE('',*,*,#3995,.T.);
#426=ORIENTED_EDGE('',*,*,#4001,.F.);
#427=ORIENTED_EDGE('',*,*,#4002,.F.);
#428=ORIENTED_EDGE('',*,*,#4003,.T.);
#429=ORIENTED_EDGE('',*,*,#3999,.T.);
#430=ORIENTED_EDGE('',*,*,#4004,.F.);
#431=ORIENTED_EDGE('',*,*,#4005,.F.);
#432=ORIENTED_EDGE('',*,*,#4006,.T.);
#433=ORIENTED_EDGE('',*,*,#4007,.T.);
#434=ORIENTED_EDGE('',*,*,#4008,.F.);
#435=ORIENTED_EDGE('',*,*,#4009,.F.);
#436=ORIENTED_EDGE('',*,*,#4010,.T.);
#437=ORIENTED_EDGE('',*,*,#4005,.T.);
#438=ORIENTED_EDGE('',*,*,#4011,.F.);
#439=ORIENTED_EDGE('',*,*,#4012,.F.);
#440=ORIENTED_EDGE('',*,*,#4013,.T.);
#441=ORIENTED_EDGE('',*,*,#4009,.T.);
#442=ORIENTED_EDGE('',*,*,#4014,.F.);
#443=ORIENTED_EDGE('',*,*,#4015,.F.);
#444=ORIENTED_EDGE('',*,*,#4016,.T.);
#445=ORIENTED_EDGE('',*,*,#4017,.T.);
#446=ORIENTED_EDGE('',*,*,#4018,.F.);
#447=ORIENTED_EDGE('',*,*,#4019,.F.);
#448=ORIENTED_EDGE('',*,*,#4020,.T.);
#449=ORIENTED_EDGE('',*,*,#4015,.T.);
#450=ORIENTED_EDGE('',*,*,#4021,.F.);
#451=ORIENTED_EDGE('',*,*,#4022,.F.);
#452=ORIENTED_EDGE('',*,*,#4023,.T.);
#453=ORIENTED_EDGE('',*,*,#4019,.T.);
#454=ORIENTED_EDGE('',*,*,#4024,.F.);
#455=ORIENTED_EDGE('',*,*,#4025,.F.);
#456=ORIENTED_EDGE('',*,*,#4026,.T.);
#457=ORIENTED_EDGE('',*,*,#4027,.T.);
#458=ORIENTED_EDGE('',*,*,#4028,.F.);
#459=ORIENTED_EDGE('',*,*,#4029,.F.);
#460=ORIENTED_EDGE('',*,*,#4030,.T.);
#461=ORIENTED_EDGE('',*,*,#4025,.T.);
#462=ORIENTED_EDGE('',*,*,#4031,.F.);
#463=ORIENTED_EDGE('',*,*,#4032,.F.);
#464=ORIENTED_EDGE('',*,*,#4033,.T.);
#465=ORIENTED_EDGE('',*,*,#4029,.T.);
#466=ORIENTED_EDGE('',*,*,#4034,.F.);
#467=ORIENTED_EDGE('',*,*,#4035,.F.);
#468=ORIENTED_EDGE('',*,*,#4036,.T.);
#469=ORIENTED_EDGE('',*,*,#4037,.T.);
#470=ORIENTED_EDGE('',*,*,#4038,.F.);
#471=ORIENTED_EDGE('',*,*,#4039,.F.);
#472=ORIENTED_EDGE('',*,*,#4040,.T.);
#473=ORIENTED_EDGE('',*,*,#4035,.T.);
#474=ORIENTED_EDGE('',*,*,#4041,.F.);
#475=ORIENTED_EDGE('',*,*,#4042,.F.);
#476=ORIENTED_EDGE('',*,*,#4043,.T.);
#477=ORIENTED_EDGE('',*,*,#4039,.T.);
#478=ORIENTED_EDGE('',*,*,#4044,.F.);
#479=ORIENTED_EDGE('',*,*,#4045,.F.);
#480=ORIENTED_EDGE('',*,*,#4046,.T.);
#481=ORIENTED_EDGE('',*,*,#4047,.T.);
#482=ORIENTED_EDGE('',*,*,#4048,.F.);
#483=ORIENTED_EDGE('',*,*,#4049,.F.);
#484=ORIENTED_EDGE('',*,*,#4050,.T.);
#485=ORIENTED_EDGE('',*,*,#4045,.T.);
#486=ORIENTED_EDGE('',*,*,#4051,.F.);
#487=ORIENTED_EDGE('',*,*,#4052,.F.);
#488=ORIENTED_EDGE('',*,*,#4053,.T.);
#489=ORIENTED_EDGE('',*,*,#4049,.T.);
#490=ORIENTED_EDGE('',*,*,#4054,.F.);
#491=ORIENTED_EDGE('',*,*,#4055,.F.);
#492=ORIENTED_EDGE('',*,*,#4056,.T.);
#493=ORIENTED_EDGE('',*,*,#4057,.T.);
#494=ORIENTED_EDGE('',*,*,#4058,.F.);
#495=ORIENTED_EDGE('',*,*,#4059,.F.);
#496=ORIENTED_EDGE('',*,*,#4060,.T.);
#497=ORIENTED_EDGE('',*,*,#4055,.T.);
#498=ORIENTED_EDGE('',*,*,#4061,.F.);
#499=ORIENTED_EDGE('',*,*,#4062,.F.);
#500=ORIENTED_EDGE('',*,*,#4063,.T.);
#501=ORIENTED_EDGE('',*,*,#4059,.T.);
#502=ORIENTED_EDGE('',*,*,#4064,.F.);
#503=ORIENTED_EDGE('',*,*,#4065,.F.);
#504=ORIENTED_EDGE('',*,*,#4066,.T.);
#505=ORIENTED_EDGE('',*,*,#4067,.T.);
#506=ORIENTED_EDGE('',*,*,#4068,.F.);
#507=ORIENTED_EDGE('',*,*,#4069,.F.);
#508=ORIENTED_EDGE('',*,*,#4070,.T.);
#509=ORIENTED_EDGE('',*,*,#4065,.T.);
#510=ORIENTED_EDGE('',*,*,#4071,.F.);
#511=ORIENTED_EDGE('',*,*,#4072,.F.);
#512=ORIENTED_EDGE('',*,*,#4073,.T.);
#513=ORIENTED_EDGE('',*,*,#4069,.T.);
#514=ORIENTED_EDGE('',*,*,#4074,.F.);
#515=ORIENTED_EDGE('',*,*,#3917,.F.);
#516=ORIENTED_EDGE('',*,*,#4075,.T.);
#517=ORIENTED_EDGE('',*,*,#3922,.T.);
#518=ORIENTED_EDGE('',*,*,#4076,.F.);
#519=ORIENTED_EDGE('',*,*,#3927,.F.);
#520=ORIENTED_EDGE('',*,*,#4077,.T.);
#521=ORIENTED_EDGE('',*,*,#3932,.T.);
#522=ORIENTED_EDGE('',*,*,#4078,.F.);
#523=ORIENTED_EDGE('',*,*,#3937,.F.);
#524=ORIENTED_EDGE('',*,*,#4079,.T.);
#525=ORIENTED_EDGE('',*,*,#3942,.T.);
#526=ORIENTED_EDGE('',*,*,#4080,.F.);
#527=ORIENTED_EDGE('',*,*,#3947,.F.);
#528=ORIENTED_EDGE('',*,*,#4081,.T.);
#529=ORIENTED_EDGE('',*,*,#3952,.T.);
#530=ORIENTED_EDGE('',*,*,#4082,.F.);
#531=ORIENTED_EDGE('',*,*,#3957,.F.);
#532=ORIENTED_EDGE('',*,*,#4083,.T.);
#533=ORIENTED_EDGE('',*,*,#3962,.T.);
#534=ORIENTED_EDGE('',*,*,#4084,.F.);
#535=ORIENTED_EDGE('',*,*,#3967,.F.);
#536=ORIENTED_EDGE('',*,*,#4085,.T.);
#537=ORIENTED_EDGE('',*,*,#3972,.T.);
#538=ORIENTED_EDGE('',*,*,#4086,.F.);
#539=ORIENTED_EDGE('',*,*,#3977,.F.);
#540=ORIENTED_EDGE('',*,*,#4087,.T.);
#541=ORIENTED_EDGE('',*,*,#3982,.T.);
#542=ORIENTED_EDGE('',*,*,#4088,.F.);
#543=ORIENTED_EDGE('',*,*,#3987,.F.);
#544=ORIENTED_EDGE('',*,*,#4089,.T.);
#545=ORIENTED_EDGE('',*,*,#3992,.T.);
#546=ORIENTED_EDGE('',*,*,#4090,.F.);
#547=ORIENTED_EDGE('',*,*,#3997,.F.);
#548=ORIENTED_EDGE('',*,*,#4091,.T.);
#549=ORIENTED_EDGE('',*,*,#4002,.T.);
#550=ORIENTED_EDGE('',*,*,#4092,.F.);
#551=ORIENTED_EDGE('',*,*,#4007,.F.);
#552=ORIENTED_EDGE('',*,*,#4093,.T.);
#553=ORIENTED_EDGE('',*,*,#4012,.T.);
#554=ORIENTED_EDGE('',*,*,#4094,.F.);
#555=ORIENTED_EDGE('',*,*,#4017,.F.);
#556=ORIENTED_EDGE('',*,*,#4095,.T.);
#557=ORIENTED_EDGE('',*,*,#4022,.T.);
#558=ORIENTED_EDGE('',*,*,#4096,.F.);
#559=ORIENTED_EDGE('',*,*,#4027,.F.);
#560=ORIENTED_EDGE('',*,*,#4097,.T.);
#561=ORIENTED_EDGE('',*,*,#4032,.T.);
#562=ORIENTED_EDGE('',*,*,#4098,.F.);
#563=ORIENTED_EDGE('',*,*,#4037,.F.);
#564=ORIENTED_EDGE('',*,*,#4099,.T.);
#565=ORIENTED_EDGE('',*,*,#4042,.T.);
#566=ORIENTED_EDGE('',*,*,#4100,.F.);
#567=ORIENTED_EDGE('',*,*,#4047,.F.);
#568=ORIENTED_EDGE('',*,*,#4101,.T.);
#569=ORIENTED_EDGE('',*,*,#4052,.T.);
#570=ORIENTED_EDGE('',*,*,#4102,.F.);
#571=ORIENTED_EDGE('',*,*,#4057,.F.);
#572=ORIENTED_EDGE('',*,*,#4103,.T.);
#573=ORIENTED_EDGE('',*,*,#4062,.T.);
#574=ORIENTED_EDGE('',*,*,#4104,.F.);
#575=ORIENTED_EDGE('',*,*,#4067,.F.);
#576=ORIENTED_EDGE('',*,*,#4105,.T.);
#577=ORIENTED_EDGE('',*,*,#4072,.T.);
#578=ORIENTED_EDGE('',*,*,#4066,.F.);
#579=ORIENTED_EDGE('',*,*,#4070,.F.);
#580=ORIENTED_EDGE('',*,*,#4073,.F.);
#581=ORIENTED_EDGE('',*,*,#4105,.F.);
#582=ORIENTED_EDGE('',*,*,#4056,.F.);
#583=ORIENTED_EDGE('',*,*,#4060,.F.);
#584=ORIENTED_EDGE('',*,*,#4063,.F.);
#585=ORIENTED_EDGE('',*,*,#4103,.F.);
#586=ORIENTED_EDGE('',*,*,#4046,.F.);
#587=ORIENTED_EDGE('',*,*,#4050,.F.);
#588=ORIENTED_EDGE('',*,*,#4053,.F.);
#589=ORIENTED_EDGE('',*,*,#4101,.F.);
#590=ORIENTED_EDGE('',*,*,#4036,.F.);
#591=ORIENTED_EDGE('',*,*,#4040,.F.);
#592=ORIENTED_EDGE('',*,*,#4043,.F.);
#593=ORIENTED_EDGE('',*,*,#4099,.F.);
#594=ORIENTED_EDGE('',*,*,#4026,.F.);
#595=ORIENTED_EDGE('',*,*,#4030,.F.);
#596=ORIENTED_EDGE('',*,*,#4033,.F.);
#597=ORIENTED_EDGE('',*,*,#4097,.F.);
#598=ORIENTED_EDGE('',*,*,#4016,.F.);
#599=ORIENTED_EDGE('',*,*,#4020,.F.);
#600=ORIENTED_EDGE('',*,*,#4023,.F.);
#601=ORIENTED_EDGE('',*,*,#4095,.F.);
#602=ORIENTED_EDGE('',*,*,#4006,.F.);
#603=ORIENTED_EDGE('',*,*,#4010,.F.);
#604=ORIENTED_EDGE('',*,*,#4013,.F.);
#605=ORIENTED_EDGE('',*,*,#4093,.F.);
#606=ORIENTED_EDGE('',*,*,#3996,.F.);
#607=ORIENTED_EDGE('',*,*,#4000,.F.);
#608=ORIENTED_EDGE('',*,*,#4003,.F.);
#609=ORIENTED_EDGE('',*,*,#4091,.F.);
#610=ORIENTED_EDGE('',*,*,#3986,.F.);
#611=ORIENTED_EDGE('',*,*,#3990,.F.);
#612=ORIENTED_EDGE('',*,*,#3993,.F.);
#613=ORIENTED_EDGE('',*,*,#4089,.F.);
#614=ORIENTED_EDGE('',*,*,#3976,.F.);
#615=ORIENTED_EDGE('',*,*,#3980,.F.);
#616=ORIENTED_EDGE('',*,*,#3983,.F.);
#617=ORIENTED_EDGE('',*,*,#4087,.F.);
#618=ORIENTED_EDGE('',*,*,#3966,.F.);
#619=ORIENTED_EDGE('',*,*,#3970,.F.);
#620=ORIENTED_EDGE('',*,*,#3973,.F.);
#621=ORIENTED_EDGE('',*,*,#4085,.F.);
#622=ORIENTED_EDGE('',*,*,#3956,.F.);
#623=ORIENTED_EDGE('',*,*,#3960,.F.);
#624=ORIENTED_EDGE('',*,*,#3963,.F.);
#625=ORIENTED_EDGE('',*,*,#4083,.F.);
#626=ORIENTED_EDGE('',*,*,#3946,.F.);
#627=ORIENTED_EDGE('',*,*,#3950,.F.);
#628=ORIENTED_EDGE('',*,*,#3953,.F.);
#629=ORIENTED_EDGE('',*,*,#4081,.F.);
#630=ORIENTED_EDGE('',*,*,#3936,.F.);
#631=ORIENTED_EDGE('',*,*,#3940,.F.);
#632=ORIENTED_EDGE('',*,*,#3943,.F.);
#633=ORIENTED_EDGE('',*,*,#4079,.F.);
#634=ORIENTED_EDGE('',*,*,#3926,.F.);
#635=ORIENTED_EDGE('',*,*,#3930,.F.);
#636=ORIENTED_EDGE('',*,*,#3933,.F.);
#637=ORIENTED_EDGE('',*,*,#4077,.F.);
#638=ORIENTED_EDGE('',*,*,#3916,.F.);
#639=ORIENTED_EDGE('',*,*,#3920,.F.);
#640=ORIENTED_EDGE('',*,*,#3923,.F.);
#641=ORIENTED_EDGE('',*,*,#4075,.F.);
#642=ORIENTED_EDGE('',*,*,#3827,.T.);
#643=ORIENTED_EDGE('',*,*,#3910,.T.);
#644=ORIENTED_EDGE('',*,*,#3831,.T.);
#645=ORIENTED_EDGE('',*,*,#3913,.T.);
#646=ORIENTED_EDGE('',*,*,#4068,.T.);
#647=ORIENTED_EDGE('',*,*,#4064,.T.);
#648=ORIENTED_EDGE('',*,*,#4104,.T.);
#649=ORIENTED_EDGE('',*,*,#4071,.T.);
#650=ORIENTED_EDGE('',*,*,#4058,.T.);
#651=ORIENTED_EDGE('',*,*,#4054,.T.);
#652=ORIENTED_EDGE('',*,*,#4102,.T.);
#653=ORIENTED_EDGE('',*,*,#4061,.T.);
#654=ORIENTED_EDGE('',*,*,#4048,.T.);
#655=ORIENTED_EDGE('',*,*,#4044,.T.);
#656=ORIENTED_EDGE('',*,*,#4100,.T.);
#657=ORIENTED_EDGE('',*,*,#4051,.T.);
#658=ORIENTED_EDGE('',*,*,#4038,.T.);
#659=ORIENTED_EDGE('',*,*,#4034,.T.);
#660=ORIENTED_EDGE('',*,*,#4098,.T.);
#661=ORIENTED_EDGE('',*,*,#4041,.T.);
#662=ORIENTED_EDGE('',*,*,#4028,.T.);
#663=ORIENTED_EDGE('',*,*,#4024,.T.);
#664=ORIENTED_EDGE('',*,*,#4096,.T.);
#665=ORIENTED_EDGE('',*,*,#4031,.T.);
#666=ORIENTED_EDGE('',*,*,#4018,.T.);
#667=ORIENTED_EDGE('',*,*,#4014,.T.);
#668=ORIENTED_EDGE('',*,*,#4094,.T.);
#669=ORIENTED_EDGE('',*,*,#4021,.T.);
#670=ORIENTED_EDGE('',*,*,#4008,.T.);
#671=ORIENTED_EDGE('',*,*,#4004,.T.);
#672=ORIENTED_EDGE('',*,*,#4092,.T.);
#673=ORIENTED_EDGE('',*,*,#4011,.T.);
#674=ORIENTED_EDGE('',*,*,#3998,.T.);
#675=ORIENTED_EDGE('',*,*,#3994,.T.);
#676=ORIENTED_EDGE('',*,*,#4090,.T.);
#677=ORIENTED_EDGE('',*,*,#4001,.T.);
#678=ORIENTED_EDGE('',*,*,#3988,.T.);
#679=ORIENTED_EDGE('',*,*,#3984,.T.);
#680=ORIENTED_EDGE('',*,*,#4088,.T.);
#681=ORIENTED_EDGE('',*,*,#3991,.T.);
#682=ORIENTED_EDGE('',*,*,#3978,.T.);
#683=ORIENTED_EDGE('',*,*,#3974,.T.);
#684=ORIENTED_EDGE('',*,*,#4086,.T.);
#685=ORIENTED_EDGE('',*,*,#3981,.T.);
#686=ORIENTED_EDGE('',*,*,#3968,.T.);
#687=ORIENTED_EDGE('',*,*,#3964,.T.);
#688=ORIENTED_EDGE('',*,*,#4084,.T.);
#689=ORIENTED_EDGE('',*,*,#3971,.T.);
#690=ORIENTED_EDGE('',*,*,#3958,.T.);
#691=ORIENTED_EDGE('',*,*,#3954,.T.);
#692=ORIENTED_EDGE('',*,*,#4082,.T.);
#693=ORIENTED_EDGE('',*,*,#3961,.T.);
#694=ORIENTED_EDGE('',*,*,#3948,.T.);
#695=ORIENTED_EDGE('',*,*,#3944,.T.);
#696=ORIENTED_EDGE('',*,*,#4080,.T.);
#697=ORIENTED_EDGE('',*,*,#3951,.T.);
#698=ORIENTED_EDGE('',*,*,#3938,.T.);
#699=ORIENTED_EDGE('',*,*,#3934,.T.);
#700=ORIENTED_EDGE('',*,*,#4078,.T.);
#701=ORIENTED_EDGE('',*,*,#3941,.T.);
#702=ORIENTED_EDGE('',*,*,#3928,.T.);
#703=ORIENTED_EDGE('',*,*,#3924,.T.);
#704=ORIENTED_EDGE('',*,*,#4076,.T.);
#705=ORIENTED_EDGE('',*,*,#3931,.T.);
#706=ORIENTED_EDGE('',*,*,#3918,.T.);
#707=ORIENTED_EDGE('',*,*,#3914,.T.);
#708=ORIENTED_EDGE('',*,*,#4074,.T.);
#709=ORIENTED_EDGE('',*,*,#3921,.T.);
#710=ORIENTED_EDGE('',*,*,#4106,.F.);
#711=ORIENTED_EDGE('',*,*,#3905,.F.);
#712=ORIENTED_EDGE('',*,*,#4107,.T.);
#713=ORIENTED_EDGE('',*,*,#3821,.F.);
#714=ORIENTED_EDGE('',*,*,#4108,.F.);
#715=ORIENTED_EDGE('',*,*,#3902,.F.);
#716=ORIENTED_EDGE('',*,*,#4109,.T.);
#717=ORIENTED_EDGE('',*,*,#3818,.F.);
#718=ORIENTED_EDGE('',*,*,#4110,.F.);
#719=ORIENTED_EDGE('',*,*,#3899,.F.);
#720=ORIENTED_EDGE('',*,*,#4111,.T.);
#721=ORIENTED_EDGE('',*,*,#3815,.F.);
#722=ORIENTED_EDGE('',*,*,#4112,.F.);
#723=ORIENTED_EDGE('',*,*,#3896,.F.);
#724=ORIENTED_EDGE('',*,*,#4113,.T.);
#725=ORIENTED_EDGE('',*,*,#3812,.F.);
#726=ORIENTED_EDGE('',*,*,#4114,.F.);
#727=ORIENTED_EDGE('',*,*,#3893,.F.);
#728=ORIENTED_EDGE('',*,*,#4115,.T.);
#729=ORIENTED_EDGE('',*,*,#3809,.F.);
#730=ORIENTED_EDGE('',*,*,#4116,.F.);
#731=ORIENTED_EDGE('',*,*,#3890,.F.);
#732=ORIENTED_EDGE('',*,*,#4117,.T.);
#733=ORIENTED_EDGE('',*,*,#3806,.F.);
#734=ORIENTED_EDGE('',*,*,#4118,.F.);
#735=ORIENTED_EDGE('',*,*,#3887,.F.);
#736=ORIENTED_EDGE('',*,*,#4119,.T.);
#737=ORIENTED_EDGE('',*,*,#3803,.F.);
#738=ORIENTED_EDGE('',*,*,#4120,.F.);
#739=ORIENTED_EDGE('',*,*,#3883,.F.);
#740=ORIENTED_EDGE('',*,*,#3912,.T.);
#741=ORIENTED_EDGE('',*,*,#3857,.T.);
#742=ORIENTED_EDGE('',*,*,#4121,.F.);
#743=ORIENTED_EDGE('',*,*,#3855,.T.);
#744=ORIENTED_EDGE('',*,*,#4122,.T.);
#745=ORIENTED_EDGE('',*,*,#3859,.T.);
#746=ORIENTED_EDGE('',*,*,#4123,.F.);
#747=ORIENTED_EDGE('',*,*,#3852,.T.);
#748=ORIENTED_EDGE('',*,*,#4124,.T.);
#749=ORIENTED_EDGE('',*,*,#3862,.T.);
#750=ORIENTED_EDGE('',*,*,#4125,.F.);
#751=ORIENTED_EDGE('',*,*,#3849,.T.);
#752=ORIENTED_EDGE('',*,*,#4126,.T.);
#753=ORIENTED_EDGE('',*,*,#3865,.T.);
#754=ORIENTED_EDGE('',*,*,#4127,.F.);
#755=ORIENTED_EDGE('',*,*,#3846,.T.);
#756=ORIENTED_EDGE('',*,*,#4128,.T.);
#757=ORIENTED_EDGE('',*,*,#3868,.T.);
#758=ORIENTED_EDGE('',*,*,#4129,.F.);
#759=ORIENTED_EDGE('',*,*,#3843,.T.);
#760=ORIENTED_EDGE('',*,*,#4130,.T.);
#761=ORIENTED_EDGE('',*,*,#3871,.T.);
#762=ORIENTED_EDGE('',*,*,#4131,.F.);
#763=ORIENTED_EDGE('',*,*,#3840,.T.);
#764=ORIENTED_EDGE('',*,*,#4132,.T.);
#765=ORIENTED_EDGE('',*,*,#3874,.T.);
#766=ORIENTED_EDGE('',*,*,#4133,.F.);
#767=ORIENTED_EDGE('',*,*,#3837,.T.);
#768=ORIENTED_EDGE('',*,*,#4134,.T.);
#769=ORIENTED_EDGE('',*,*,#3877,.T.);
#770=ORIENTED_EDGE('',*,*,#4135,.F.);
#771=ORIENTED_EDGE('',*,*,#3834,.T.);
#772=ORIENTED_EDGE('',*,*,#4136,.T.);
#773=ORIENTED_EDGE('',*,*,#3880,.T.);
#774=ORIENTED_EDGE('',*,*,#3911,.F.);
#775=ORIENTED_EDGE('',*,*,#3908,.F.);
#776=ORIENTED_EDGE('',*,*,#4137,.T.);
#777=ORIENTED_EDGE('',*,*,#3824,.F.);
#778=ORIENTED_EDGE('',*,*,#3801,.T.);
#779=ORIENTED_EDGE('',*,*,#3825,.F.);
#780=ORIENTED_EDGE('',*,*,#4137,.F.);
#781=ORIENTED_EDGE('',*,*,#3907,.F.);
#782=ORIENTED_EDGE('',*,*,#4106,.T.);
#783=ORIENTED_EDGE('',*,*,#3823,.F.);
#784=ORIENTED_EDGE('',*,*,#3796,.F.);
#785=ORIENTED_EDGE('',*,*,#3906,.F.);
#786=ORIENTED_EDGE('',*,*,#3794,.T.);
#787=ORIENTED_EDGE('',*,*,#3822,.F.);
#788=ORIENTED_EDGE('',*,*,#4107,.F.);
#789=ORIENTED_EDGE('',*,*,#3904,.F.);
#790=ORIENTED_EDGE('',*,*,#4108,.T.);
#791=ORIENTED_EDGE('',*,*,#3820,.F.);
#792=ORIENTED_EDGE('',*,*,#3792,.F.);
#793=ORIENTED_EDGE('',*,*,#3903,.F.);
#794=ORIENTED_EDGE('',*,*,#3790,.T.);
#795=ORIENTED_EDGE('',*,*,#3819,.F.);
#796=ORIENTED_EDGE('',*,*,#4109,.F.);
#797=ORIENTED_EDGE('',*,*,#3901,.F.);
#798=ORIENTED_EDGE('',*,*,#4110,.T.);
#799=ORIENTED_EDGE('',*,*,#3817,.F.);
#800=ORIENTED_EDGE('',*,*,#3788,.F.);
#801=ORIENTED_EDGE('',*,*,#3900,.F.);
#802=ORIENTED_EDGE('',*,*,#3786,.T.);
#803=ORIENTED_EDGE('',*,*,#3816,.F.);
#804=ORIENTED_EDGE('',*,*,#4111,.F.);
#805=ORIENTED_EDGE('',*,*,#3898,.F.);
#806=ORIENTED_EDGE('',*,*,#4112,.T.);
#807=ORIENTED_EDGE('',*,*,#3814,.F.);
#808=ORIENTED_EDGE('',*,*,#3784,.F.);
#809=ORIENTED_EDGE('',*,*,#3897,.F.);
#810=ORIENTED_EDGE('',*,*,#3782,.T.);
#811=ORIENTED_EDGE('',*,*,#3813,.F.);
#812=ORIENTED_EDGE('',*,*,#4113,.F.);
#813=ORIENTED_EDGE('',*,*,#3895,.F.);
#814=ORIENTED_EDGE('',*,*,#4114,.T.);
#815=ORIENTED_EDGE('',*,*,#3811,.F.);
#816=ORIENTED_EDGE('',*,*,#3780,.F.);
#817=ORIENTED_EDGE('',*,*,#3894,.F.);
#818=ORIENTED_EDGE('',*,*,#3778,.T.);
#819=ORIENTED_EDGE('',*,*,#3810,.F.);
#820=ORIENTED_EDGE('',*,*,#4115,.F.);
#821=ORIENTED_EDGE('',*,*,#3892,.F.);
#822=ORIENTED_EDGE('',*,*,#4116,.T.);
#823=ORIENTED_EDGE('',*,*,#3808,.F.);
#824=ORIENTED_EDGE('',*,*,#3776,.F.);
#825=ORIENTED_EDGE('',*,*,#3891,.F.);
#826=ORIENTED_EDGE('',*,*,#3774,.T.);
#827=ORIENTED_EDGE('',*,*,#3807,.F.);
#828=ORIENTED_EDGE('',*,*,#4117,.F.);
#829=ORIENTED_EDGE('',*,*,#3889,.F.);
#830=ORIENTED_EDGE('',*,*,#4118,.T.);
#831=ORIENTED_EDGE('',*,*,#3805,.F.);
#832=ORIENTED_EDGE('',*,*,#3772,.F.);
#833=ORIENTED_EDGE('',*,*,#3888,.F.);
#834=ORIENTED_EDGE('',*,*,#3770,.T.);
#835=ORIENTED_EDGE('',*,*,#3804,.F.);
#836=ORIENTED_EDGE('',*,*,#4119,.F.);
#837=ORIENTED_EDGE('',*,*,#3886,.F.);
#838=ORIENTED_EDGE('',*,*,#4120,.T.);
#839=ORIENTED_EDGE('',*,*,#3802,.F.);
#840=ORIENTED_EDGE('',*,*,#3766,.F.);
#841=ORIENTED_EDGE('',*,*,#3884,.F.);
#842=ORIENTED_EDGE('',*,*,#4136,.F.);
#843=ORIENTED_EDGE('',*,*,#3833,.T.);
#844=ORIENTED_EDGE('',*,*,#3762,.T.);
#845=ORIENTED_EDGE('',*,*,#3881,.F.);
#846=ORIENTED_EDGE('',*,*,#3760,.F.);
#847=ORIENTED_EDGE('',*,*,#3835,.T.);
#848=ORIENTED_EDGE('',*,*,#4135,.T.);
#849=ORIENTED_EDGE('',*,*,#3879,.F.);
#850=ORIENTED_EDGE('',*,*,#4134,.F.);
#851=ORIENTED_EDGE('',*,*,#3836,.T.);
#852=ORIENTED_EDGE('',*,*,#3758,.T.);
#853=ORIENTED_EDGE('',*,*,#3878,.F.);
#854=ORIENTED_EDGE('',*,*,#3756,.F.);
#855=ORIENTED_EDGE('',*,*,#3838,.T.);
#856=ORIENTED_EDGE('',*,*,#4133,.T.);
#857=ORIENTED_EDGE('',*,*,#3876,.F.);
#858=ORIENTED_EDGE('',*,*,#4132,.F.);
#859=ORIENTED_EDGE('',*,*,#3839,.T.);
#860=ORIENTED_EDGE('',*,*,#3754,.T.);
#861=ORIENTED_EDGE('',*,*,#3875,.F.);
#862=ORIENTED_EDGE('',*,*,#3752,.F.);
#863=ORIENTED_EDGE('',*,*,#3841,.T.);
#864=ORIENTED_EDGE('',*,*,#4131,.T.);
#865=ORIENTED_EDGE('',*,*,#3873,.F.);
#866=ORIENTED_EDGE('',*,*,#4130,.F.);
#867=ORIENTED_EDGE('',*,*,#3842,.T.);
#868=ORIENTED_EDGE('',*,*,#3750,.T.);
#869=ORIENTED_EDGE('',*,*,#3872,.F.);
#870=ORIENTED_EDGE('',*,*,#3748,.F.);
#871=ORIENTED_EDGE('',*,*,#3844,.T.);
#872=ORIENTED_EDGE('',*,*,#4129,.T.);
#873=ORIENTED_EDGE('',*,*,#3870,.F.);
#874=ORIENTED_EDGE('',*,*,#4128,.F.);
#875=ORIENTED_EDGE('',*,*,#3845,.T.);
#876=ORIENTED_EDGE('',*,*,#3746,.T.);
#877=ORIENTED_EDGE('',*,*,#3869,.F.);
#878=ORIENTED_EDGE('',*,*,#3744,.F.);
#879=ORIENTED_EDGE('',*,*,#3847,.T.);
#880=ORIENTED_EDGE('',*,*,#4127,.T.);
#881=ORIENTED_EDGE('',*,*,#3867,.F.);
#882=ORIENTED_EDGE('',*,*,#4126,.F.);
#883=ORIENTED_EDGE('',*,*,#3848,.T.);
#884=ORIENTED_EDGE('',*,*,#3742,.T.);
#885=ORIENTED_EDGE('',*,*,#3866,.F.);
#886=ORIENTED_EDGE('',*,*,#3740,.F.);
#887=ORIENTED_EDGE('',*,*,#3850,.T.);
#888=ORIENTED_EDGE('',*,*,#4125,.T.);
#889=ORIENTED_EDGE('',*,*,#3864,.F.);
#890=ORIENTED_EDGE('',*,*,#4124,.F.);
#891=ORIENTED_EDGE('',*,*,#3851,.T.);
#892=ORIENTED_EDGE('',*,*,#3738,.T.);
#893=ORIENTED_EDGE('',*,*,#3863,.F.);
#894=ORIENTED_EDGE('',*,*,#3736,.F.);
#895=ORIENTED_EDGE('',*,*,#3853,.T.);
#896=ORIENTED_EDGE('',*,*,#4123,.T.);
#897=ORIENTED_EDGE('',*,*,#3861,.F.);
#898=ORIENTED_EDGE('',*,*,#3730,.F.);
#899=ORIENTED_EDGE('',*,*,#3829,.T.);
#900=ORIENTED_EDGE('',*,*,#4121,.T.);
#901=ORIENTED_EDGE('',*,*,#3856,.F.);
#902=ORIENTED_EDGE('',*,*,#4122,.F.);
#903=ORIENTED_EDGE('',*,*,#3854,.T.);
#904=ORIENTED_EDGE('',*,*,#3734,.T.);
#905=ORIENTED_EDGE('',*,*,#3860,.F.);
#906=ORIENTED_EDGE('',*,*,#4138,.F.);
#907=ORIENTED_EDGE('',*,*,#4139,.T.);
#908=ORIENTED_EDGE('',*,*,#4140,.T.);
#909=ORIENTED_EDGE('',*,*,#4141,.F.);
#910=ORIENTED_EDGE('',*,*,#4142,.F.);
#911=ORIENTED_EDGE('',*,*,#4141,.T.);
#912=ORIENTED_EDGE('',*,*,#4143,.T.);
#913=ORIENTED_EDGE('',*,*,#4144,.F.);
#914=ORIENTED_EDGE('',*,*,#4145,.F.);
#915=ORIENTED_EDGE('',*,*,#4144,.T.);
#916=ORIENTED_EDGE('',*,*,#4146,.T.);
#917=ORIENTED_EDGE('',*,*,#4147,.F.);
#918=ORIENTED_EDGE('',*,*,#4148,.F.);
#919=ORIENTED_EDGE('',*,*,#4147,.T.);
#920=ORIENTED_EDGE('',*,*,#4149,.T.);
#921=ORIENTED_EDGE('',*,*,#4139,.F.);
#922=ORIENTED_EDGE('',*,*,#4150,.F.);
#923=ORIENTED_EDGE('',*,*,#4151,.T.);
#924=ORIENTED_EDGE('',*,*,#4152,.T.);
#925=ORIENTED_EDGE('',*,*,#4153,.F.);
#926=ORIENTED_EDGE('',*,*,#4154,.F.);
#927=ORIENTED_EDGE('',*,*,#4155,.T.);
#928=ORIENTED_EDGE('',*,*,#4156,.T.);
#929=ORIENTED_EDGE('',*,*,#4157,.F.);
#930=ORIENTED_EDGE('',*,*,#4158,.F.);
#931=ORIENTED_EDGE('',*,*,#4159,.T.);
#932=ORIENTED_EDGE('',*,*,#4160,.T.);
#933=ORIENTED_EDGE('',*,*,#4161,.F.);
#934=ORIENTED_EDGE('',*,*,#4162,.F.);
#935=ORIENTED_EDGE('',*,*,#4163,.T.);
#936=ORIENTED_EDGE('',*,*,#4164,.T.);
#937=ORIENTED_EDGE('',*,*,#4165,.F.);
#938=ORIENTED_EDGE('',*,*,#4166,.F.);
#939=ORIENTED_EDGE('',*,*,#4167,.T.);
#940=ORIENTED_EDGE('',*,*,#4168,.T.);
#941=ORIENTED_EDGE('',*,*,#4169,.F.);
#942=ORIENTED_EDGE('',*,*,#4170,.F.);
#943=ORIENTED_EDGE('',*,*,#4171,.T.);
#944=ORIENTED_EDGE('',*,*,#4172,.T.);
#945=ORIENTED_EDGE('',*,*,#4173,.F.);
#946=ORIENTED_EDGE('',*,*,#4174,.F.);
#947=ORIENTED_EDGE('',*,*,#4175,.T.);
#948=ORIENTED_EDGE('',*,*,#4176,.T.);
#949=ORIENTED_EDGE('',*,*,#4177,.F.);
#950=ORIENTED_EDGE('',*,*,#4178,.F.);
#951=ORIENTED_EDGE('',*,*,#4179,.T.);
#952=ORIENTED_EDGE('',*,*,#4180,.T.);
#953=ORIENTED_EDGE('',*,*,#4181,.F.);
#954=ORIENTED_EDGE('',*,*,#4182,.F.);
#955=ORIENTED_EDGE('',*,*,#4183,.T.);
#956=ORIENTED_EDGE('',*,*,#4184,.T.);
#957=ORIENTED_EDGE('',*,*,#4185,.F.);
#958=ORIENTED_EDGE('',*,*,#4186,.F.);
#959=ORIENTED_EDGE('',*,*,#4187,.T.);
#960=ORIENTED_EDGE('',*,*,#4188,.T.);
#961=ORIENTED_EDGE('',*,*,#4189,.F.);
#962=ORIENTED_EDGE('',*,*,#4190,.F.);
#963=ORIENTED_EDGE('',*,*,#4191,.T.);
#964=ORIENTED_EDGE('',*,*,#4192,.T.);
#965=ORIENTED_EDGE('',*,*,#4193,.F.);
#966=ORIENTED_EDGE('',*,*,#4194,.F.);
#967=ORIENTED_EDGE('',*,*,#4195,.T.);
#968=ORIENTED_EDGE('',*,*,#4196,.T.);
#969=ORIENTED_EDGE('',*,*,#4197,.F.);
#970=ORIENTED_EDGE('',*,*,#4198,.F.);
#971=ORIENTED_EDGE('',*,*,#4199,.T.);
#972=ORIENTED_EDGE('',*,*,#4200,.T.);
#973=ORIENTED_EDGE('',*,*,#4201,.F.);
#974=ORIENTED_EDGE('',*,*,#4202,.F.);
#975=ORIENTED_EDGE('',*,*,#4203,.T.);
#976=ORIENTED_EDGE('',*,*,#4204,.T.);
#977=ORIENTED_EDGE('',*,*,#4205,.F.);
#978=ORIENTED_EDGE('',*,*,#4206,.F.);
#979=ORIENTED_EDGE('',*,*,#4207,.T.);
#980=ORIENTED_EDGE('',*,*,#4208,.T.);
#981=ORIENTED_EDGE('',*,*,#4209,.F.);
#982=ORIENTED_EDGE('',*,*,#4210,.F.);
#983=ORIENTED_EDGE('',*,*,#4211,.T.);
#984=ORIENTED_EDGE('',*,*,#4212,.T.);
#985=ORIENTED_EDGE('',*,*,#4213,.F.);
#986=ORIENTED_EDGE('',*,*,#4214,.F.);
#987=ORIENTED_EDGE('',*,*,#4215,.F.);
#988=ORIENTED_EDGE('',*,*,#4216,.T.);
#989=ORIENTED_EDGE('',*,*,#4217,.F.);
#990=ORIENTED_EDGE('',*,*,#4218,.F.);
#991=ORIENTED_EDGE('',*,*,#4219,.F.);
#992=ORIENTED_EDGE('',*,*,#4220,.T.);
#993=ORIENTED_EDGE('',*,*,#4221,.F.);
#994=ORIENTED_EDGE('',*,*,#4222,.F.);
#995=ORIENTED_EDGE('',*,*,#4223,.F.);
#996=ORIENTED_EDGE('',*,*,#4224,.T.);
#997=ORIENTED_EDGE('',*,*,#4225,.F.);
#998=ORIENTED_EDGE('',*,*,#4226,.F.);
#999=ORIENTED_EDGE('',*,*,#4227,.F.);
#1000=ORIENTED_EDGE('',*,*,#4228,.T.);
#1001=ORIENTED_EDGE('',*,*,#4229,.F.);
#1002=ORIENTED_EDGE('',*,*,#4230,.F.);
#1003=ORIENTED_EDGE('',*,*,#4231,.F.);
#1004=ORIENTED_EDGE('',*,*,#4232,.T.);
#1005=ORIENTED_EDGE('',*,*,#4233,.F.);
#1006=ORIENTED_EDGE('',*,*,#4234,.F.);
#1007=ORIENTED_EDGE('',*,*,#4235,.F.);
#1008=ORIENTED_EDGE('',*,*,#4236,.T.);
#1009=ORIENTED_EDGE('',*,*,#4237,.F.);
#1010=ORIENTED_EDGE('',*,*,#4238,.F.);
#1011=ORIENTED_EDGE('',*,*,#4239,.F.);
#1012=ORIENTED_EDGE('',*,*,#4240,.T.);
#1013=ORIENTED_EDGE('',*,*,#4241,.F.);
#1014=ORIENTED_EDGE('',*,*,#4242,.F.);
#1015=ORIENTED_EDGE('',*,*,#4243,.F.);
#1016=ORIENTED_EDGE('',*,*,#4244,.T.);
#1017=ORIENTED_EDGE('',*,*,#4245,.F.);
#1018=ORIENTED_EDGE('',*,*,#4246,.F.);
#1019=ORIENTED_EDGE('',*,*,#4247,.F.);
#1020=ORIENTED_EDGE('',*,*,#4248,.T.);
#1021=ORIENTED_EDGE('',*,*,#4249,.F.);
#1022=ORIENTED_EDGE('',*,*,#4250,.F.);
#1023=ORIENTED_EDGE('',*,*,#4251,.F.);
#1024=ORIENTED_EDGE('',*,*,#4252,.T.);
#1025=ORIENTED_EDGE('',*,*,#4253,.F.);
#1026=ORIENTED_EDGE('',*,*,#4254,.F.);
#1027=ORIENTED_EDGE('',*,*,#4255,.F.);
#1028=ORIENTED_EDGE('',*,*,#4256,.T.);
#1029=ORIENTED_EDGE('',*,*,#4257,.F.);
#1030=ORIENTED_EDGE('',*,*,#4258,.F.);
#1031=ORIENTED_EDGE('',*,*,#4259,.F.);
#1032=ORIENTED_EDGE('',*,*,#4260,.T.);
#1033=ORIENTED_EDGE('',*,*,#4261,.F.);
#1034=ORIENTED_EDGE('',*,*,#4262,.F.);
#1035=ORIENTED_EDGE('',*,*,#4263,.F.);
#1036=ORIENTED_EDGE('',*,*,#4264,.T.);
#1037=ORIENTED_EDGE('',*,*,#4265,.F.);
#1038=ORIENTED_EDGE('',*,*,#4266,.F.);
#1039=ORIENTED_EDGE('',*,*,#4267,.F.);
#1040=ORIENTED_EDGE('',*,*,#4268,.T.);
#1041=ORIENTED_EDGE('',*,*,#4269,.F.);
#1042=ORIENTED_EDGE('',*,*,#4270,.F.);
#1043=ORIENTED_EDGE('',*,*,#4271,.F.);
#1044=ORIENTED_EDGE('',*,*,#4272,.T.);
#1045=ORIENTED_EDGE('',*,*,#4273,.F.);
#1046=ORIENTED_EDGE('',*,*,#4274,.F.);
#1047=ORIENTED_EDGE('',*,*,#4275,.F.);
#1048=ORIENTED_EDGE('',*,*,#4276,.T.);
#1049=ORIENTED_EDGE('',*,*,#4277,.F.);
#1050=ORIENTED_EDGE('',*,*,#4278,.F.);
#1051=ORIENTED_EDGE('',*,*,#4279,.F.);
#1052=ORIENTED_EDGE('',*,*,#4280,.F.);
#1053=ORIENTED_EDGE('',*,*,#4281,.F.);
#1054=ORIENTED_EDGE('',*,*,#4282,.F.);
#1055=ORIENTED_EDGE('',*,*,#4283,.F.);
#1056=ORIENTED_EDGE('',*,*,#4284,.F.);
#1057=ORIENTED_EDGE('',*,*,#4285,.F.);
#1058=ORIENTED_EDGE('',*,*,#4286,.F.);
#1059=ORIENTED_EDGE('',*,*,#4287,.F.);
#1060=ORIENTED_EDGE('',*,*,#4288,.F.);
#1061=ORIENTED_EDGE('',*,*,#4289,.F.);
#1062=ORIENTED_EDGE('',*,*,#4290,.F.);
#1063=ORIENTED_EDGE('',*,*,#4291,.F.);
#1064=ORIENTED_EDGE('',*,*,#4292,.F.);
#1065=ORIENTED_EDGE('',*,*,#4293,.F.);
#1066=ORIENTED_EDGE('',*,*,#4294,.F.);
#1067=ORIENTED_EDGE('',*,*,#4295,.F.);
#1068=ORIENTED_EDGE('',*,*,#4296,.F.);
#1069=ORIENTED_EDGE('',*,*,#4297,.F.);
#1070=ORIENTED_EDGE('',*,*,#4298,.F.);
#1071=ORIENTED_EDGE('',*,*,#4299,.F.);
#1072=ORIENTED_EDGE('',*,*,#4300,.F.);
#1073=ORIENTED_EDGE('',*,*,#4301,.F.);
#1074=ORIENTED_EDGE('',*,*,#4302,.F.);
#1075=ORIENTED_EDGE('',*,*,#4303,.F.);
#1076=ORIENTED_EDGE('',*,*,#4304,.F.);
#1077=ORIENTED_EDGE('',*,*,#4305,.F.);
#1078=ORIENTED_EDGE('',*,*,#4306,.F.);
#1079=ORIENTED_EDGE('',*,*,#4307,.F.);
#1080=ORIENTED_EDGE('',*,*,#4308,.F.);
#1081=ORIENTED_EDGE('',*,*,#4309,.F.);
#1082=ORIENTED_EDGE('',*,*,#4310,.F.);
#1083=ORIENTED_EDGE('',*,*,#4311,.F.);
#1084=ORIENTED_EDGE('',*,*,#4312,.F.);
#1085=ORIENTED_EDGE('',*,*,#4313,.F.);
#1086=ORIENTED_EDGE('',*,*,#4314,.F.);
#1087=ORIENTED_EDGE('',*,*,#4315,.F.);
#1088=ORIENTED_EDGE('',*,*,#4316,.F.);
#1089=ORIENTED_EDGE('',*,*,#4317,.F.);
#1090=ORIENTED_EDGE('',*,*,#4318,.F.);
#1091=ORIENTED_EDGE('',*,*,#4319,.F.);
#1092=ORIENTED_EDGE('',*,*,#4320,.F.);
#1093=ORIENTED_EDGE('',*,*,#4321,.F.);
#1094=ORIENTED_EDGE('',*,*,#4322,.F.);
#1095=ORIENTED_EDGE('',*,*,#4323,.F.);
#1096=ORIENTED_EDGE('',*,*,#4324,.F.);
#1097=ORIENTED_EDGE('',*,*,#4325,.F.);
#1098=ORIENTED_EDGE('',*,*,#4326,.F.);
#1099=ORIENTED_EDGE('',*,*,#4327,.F.);
#1100=ORIENTED_EDGE('',*,*,#4328,.F.);
#1101=ORIENTED_EDGE('',*,*,#4329,.F.);
#1102=ORIENTED_EDGE('',*,*,#4330,.F.);
#1103=ORIENTED_EDGE('',*,*,#4331,.F.);
#1104=ORIENTED_EDGE('',*,*,#4332,.F.);
#1105=ORIENTED_EDGE('',*,*,#4333,.F.);
#1106=ORIENTED_EDGE('',*,*,#4334,.F.);
#1107=ORIENTED_EDGE('',*,*,#4335,.F.);
#1108=ORIENTED_EDGE('',*,*,#4336,.F.);
#1109=ORIENTED_EDGE('',*,*,#4337,.F.);
#1110=ORIENTED_EDGE('',*,*,#4338,.F.);
#1111=ORIENTED_EDGE('',*,*,#4339,.F.);
#1112=ORIENTED_EDGE('',*,*,#4340,.F.);
#1113=ORIENTED_EDGE('',*,*,#4341,.F.);
#1114=ORIENTED_EDGE('',*,*,#4339,.T.);
#1115=ORIENTED_EDGE('',*,*,#4342,.T.);
#1116=ORIENTED_EDGE('',*,*,#4343,.T.);
#1117=ORIENTED_EDGE('',*,*,#4344,.T.);
#1118=ORIENTED_EDGE('',*,*,#4345,.F.);
#1119=ORIENTED_EDGE('',*,*,#4346,.T.);
#1120=ORIENTED_EDGE('',*,*,#4341,.T.);
#1121=ORIENTED_EDGE('',*,*,#4347,.T.);
#1122=ORIENTED_EDGE('',*,*,#4335,.T.);
#1123=ORIENTED_EDGE('',*,*,#4348,.T.);
#1124=ORIENTED_EDGE('',*,*,#4349,.T.);
#1125=ORIENTED_EDGE('',*,*,#4350,.T.);
#1126=ORIENTED_EDGE('',*,*,#4351,.F.);
#1127=ORIENTED_EDGE('',*,*,#4352,.T.);
#1128=ORIENTED_EDGE('',*,*,#4337,.T.);
#1129=ORIENTED_EDGE('',*,*,#4353,.T.);
#1130=ORIENTED_EDGE('',*,*,#4331,.T.);
#1131=ORIENTED_EDGE('',*,*,#4354,.T.);
#1132=ORIENTED_EDGE('',*,*,#4355,.T.);
#1133=ORIENTED_EDGE('',*,*,#4356,.T.);
#1134=ORIENTED_EDGE('',*,*,#4357,.F.);
#1135=ORIENTED_EDGE('',*,*,#4358,.T.);
#1136=ORIENTED_EDGE('',*,*,#4333,.T.);
#1137=ORIENTED_EDGE('',*,*,#4359,.T.);
#1138=ORIENTED_EDGE('',*,*,#4327,.T.);
#1139=ORIENTED_EDGE('',*,*,#4360,.T.);
#1140=ORIENTED_EDGE('',*,*,#4361,.T.);
#1141=ORIENTED_EDGE('',*,*,#4362,.T.);
#1142=ORIENTED_EDGE('',*,*,#4363,.F.);
#1143=ORIENTED_EDGE('',*,*,#4364,.T.);
#1144=ORIENTED_EDGE('',*,*,#4329,.T.);
#1145=ORIENTED_EDGE('',*,*,#4365,.T.);
#1146=ORIENTED_EDGE('',*,*,#4323,.T.);
#1147=ORIENTED_EDGE('',*,*,#4366,.T.);
#1148=ORIENTED_EDGE('',*,*,#4367,.T.);
#1149=ORIENTED_EDGE('',*,*,#4368,.T.);
#1150=ORIENTED_EDGE('',*,*,#4369,.F.);
#1151=ORIENTED_EDGE('',*,*,#4370,.T.);
#1152=ORIENTED_EDGE('',*,*,#4325,.T.);
#1153=ORIENTED_EDGE('',*,*,#4371,.T.);
#1154=ORIENTED_EDGE('',*,*,#4319,.T.);
#1155=ORIENTED_EDGE('',*,*,#4372,.T.);
#1156=ORIENTED_EDGE('',*,*,#4373,.T.);
#1157=ORIENTED_EDGE('',*,*,#4374,.T.);
#1158=ORIENTED_EDGE('',*,*,#4375,.F.);
#1159=ORIENTED_EDGE('',*,*,#4376,.T.);
#1160=ORIENTED_EDGE('',*,*,#4321,.T.);
#1161=ORIENTED_EDGE('',*,*,#4377,.T.);
#1162=ORIENTED_EDGE('',*,*,#4315,.T.);
#1163=ORIENTED_EDGE('',*,*,#4378,.T.);
#1164=ORIENTED_EDGE('',*,*,#4379,.T.);
#1165=ORIENTED_EDGE('',*,*,#4380,.T.);
#1166=ORIENTED_EDGE('',*,*,#4381,.F.);
#1167=ORIENTED_EDGE('',*,*,#4382,.T.);
#1168=ORIENTED_EDGE('',*,*,#4317,.T.);
#1169=ORIENTED_EDGE('',*,*,#4383,.T.);
#1170=ORIENTED_EDGE('',*,*,#4311,.T.);
#1171=ORIENTED_EDGE('',*,*,#4384,.T.);
#1172=ORIENTED_EDGE('',*,*,#4385,.T.);
#1173=ORIENTED_EDGE('',*,*,#4386,.T.);
#1174=ORIENTED_EDGE('',*,*,#4387,.F.);
#1175=ORIENTED_EDGE('',*,*,#4388,.T.);
#1176=ORIENTED_EDGE('',*,*,#4313,.T.);
#1177=ORIENTED_EDGE('',*,*,#4389,.T.);
#1178=ORIENTED_EDGE('',*,*,#4307,.T.);
#1179=ORIENTED_EDGE('',*,*,#4390,.T.);
#1180=ORIENTED_EDGE('',*,*,#4391,.T.);
#1181=ORIENTED_EDGE('',*,*,#4392,.T.);
#1182=ORIENTED_EDGE('',*,*,#4393,.F.);
#1183=ORIENTED_EDGE('',*,*,#4394,.T.);
#1184=ORIENTED_EDGE('',*,*,#4309,.T.);
#1185=ORIENTED_EDGE('',*,*,#4395,.T.);
#1186=ORIENTED_EDGE('',*,*,#4303,.T.);
#1187=ORIENTED_EDGE('',*,*,#4396,.T.);
#1188=ORIENTED_EDGE('',*,*,#4397,.T.);
#1189=ORIENTED_EDGE('',*,*,#4398,.T.);
#1190=ORIENTED_EDGE('',*,*,#4399,.F.);
#1191=ORIENTED_EDGE('',*,*,#4400,.T.);
#1192=ORIENTED_EDGE('',*,*,#4305,.T.);
#1193=ORIENTED_EDGE('',*,*,#4401,.T.);
#1194=ORIENTED_EDGE('',*,*,#4299,.T.);
#1195=ORIENTED_EDGE('',*,*,#4402,.T.);
#1196=ORIENTED_EDGE('',*,*,#4403,.T.);
#1197=ORIENTED_EDGE('',*,*,#4404,.T.);
#1198=ORIENTED_EDGE('',*,*,#4405,.F.);
#1199=ORIENTED_EDGE('',*,*,#4406,.T.);
#1200=ORIENTED_EDGE('',*,*,#4301,.T.);
#1201=ORIENTED_EDGE('',*,*,#4407,.T.);
#1202=ORIENTED_EDGE('',*,*,#4295,.T.);
#1203=ORIENTED_EDGE('',*,*,#4408,.T.);
#1204=ORIENTED_EDGE('',*,*,#4409,.T.);
#1205=ORIENTED_EDGE('',*,*,#4410,.T.);
#1206=ORIENTED_EDGE('',*,*,#4411,.F.);
#1207=ORIENTED_EDGE('',*,*,#4412,.T.);
#1208=ORIENTED_EDGE('',*,*,#4297,.T.);
#1209=ORIENTED_EDGE('',*,*,#4413,.T.);
#1210=ORIENTED_EDGE('',*,*,#4291,.T.);
#1211=ORIENTED_EDGE('',*,*,#4414,.T.);
#1212=ORIENTED_EDGE('',*,*,#4415,.T.);
#1213=ORIENTED_EDGE('',*,*,#4416,.T.);
#1214=ORIENTED_EDGE('',*,*,#4417,.F.);
#1215=ORIENTED_EDGE('',*,*,#4418,.T.);
#1216=ORIENTED_EDGE('',*,*,#4293,.T.);
#1217=ORIENTED_EDGE('',*,*,#4419,.T.);
#1218=ORIENTED_EDGE('',*,*,#4287,.T.);
#1219=ORIENTED_EDGE('',*,*,#4420,.T.);
#1220=ORIENTED_EDGE('',*,*,#4421,.T.);
#1221=ORIENTED_EDGE('',*,*,#4422,.T.);
#1222=ORIENTED_EDGE('',*,*,#4423,.F.);
#1223=ORIENTED_EDGE('',*,*,#4424,.T.);
#1224=ORIENTED_EDGE('',*,*,#4289,.T.);
#1225=ORIENTED_EDGE('',*,*,#4425,.T.);
#1226=ORIENTED_EDGE('',*,*,#4283,.T.);
#1227=ORIENTED_EDGE('',*,*,#4426,.T.);
#1228=ORIENTED_EDGE('',*,*,#4427,.T.);
#1229=ORIENTED_EDGE('',*,*,#4428,.T.);
#1230=ORIENTED_EDGE('',*,*,#4429,.F.);
#1231=ORIENTED_EDGE('',*,*,#4430,.T.);
#1232=ORIENTED_EDGE('',*,*,#4285,.T.);
#1233=ORIENTED_EDGE('',*,*,#4431,.T.);
#1234=ORIENTED_EDGE('',*,*,#4279,.T.);
#1235=ORIENTED_EDGE('',*,*,#4432,.T.);
#1236=ORIENTED_EDGE('',*,*,#4433,.T.);
#1237=ORIENTED_EDGE('',*,*,#4434,.T.);
#1238=ORIENTED_EDGE('',*,*,#4435,.F.);
#1239=ORIENTED_EDGE('',*,*,#4436,.T.);
#1240=ORIENTED_EDGE('',*,*,#4281,.T.);
#1241=ORIENTED_EDGE('',*,*,#4437,.T.);
#1242=ORIENTED_EDGE('',*,*,#4152,.F.);
#1243=ORIENTED_EDGE('',*,*,#4351,.T.);
#1244=ORIENTED_EDGE('',*,*,#4214,.T.);
#1245=ORIENTED_EDGE('',*,*,#4438,.F.);
#1246=ORIENTED_EDGE('',*,*,#4216,.F.);
#1247=ORIENTED_EDGE('',*,*,#4349,.F.);
#1248=ORIENTED_EDGE('',*,*,#4150,.T.);
#1249=ORIENTED_EDGE('',*,*,#4439,.F.);
#1250=ORIENTED_EDGE('',*,*,#4156,.F.);
#1251=ORIENTED_EDGE('',*,*,#4357,.T.);
#1252=ORIENTED_EDGE('',*,*,#4218,.T.);
#1253=ORIENTED_EDGE('',*,*,#4440,.F.);
#1254=ORIENTED_EDGE('',*,*,#4220,.F.);
#1255=ORIENTED_EDGE('',*,*,#4355,.F.);
#1256=ORIENTED_EDGE('',*,*,#4154,.T.);
#1257=ORIENTED_EDGE('',*,*,#4441,.F.);
#1258=ORIENTED_EDGE('',*,*,#4160,.F.);
#1259=ORIENTED_EDGE('',*,*,#4363,.T.);
#1260=ORIENTED_EDGE('',*,*,#4222,.T.);
#1261=ORIENTED_EDGE('',*,*,#4442,.F.);
#1262=ORIENTED_EDGE('',*,*,#4224,.F.);
#1263=ORIENTED_EDGE('',*,*,#4361,.F.);
#1264=ORIENTED_EDGE('',*,*,#4158,.T.);
#1265=ORIENTED_EDGE('',*,*,#4443,.F.);
#1266=ORIENTED_EDGE('',*,*,#4164,.F.);
#1267=ORIENTED_EDGE('',*,*,#4369,.T.);
#1268=ORIENTED_EDGE('',*,*,#4226,.T.);
#1269=ORIENTED_EDGE('',*,*,#4444,.F.);
#1270=ORIENTED_EDGE('',*,*,#4228,.F.);
#1271=ORIENTED_EDGE('',*,*,#4367,.F.);
#1272=ORIENTED_EDGE('',*,*,#4162,.T.);
#1273=ORIENTED_EDGE('',*,*,#4445,.F.);
#1274=ORIENTED_EDGE('',*,*,#4168,.F.);
#1275=ORIENTED_EDGE('',*,*,#4375,.T.);
#1276=ORIENTED_EDGE('',*,*,#4230,.T.);
#1277=ORIENTED_EDGE('',*,*,#4446,.F.);
#1278=ORIENTED_EDGE('',*,*,#4232,.F.);
#1279=ORIENTED_EDGE('',*,*,#4373,.F.);
#1280=ORIENTED_EDGE('',*,*,#4166,.T.);
#1281=ORIENTED_EDGE('',*,*,#4447,.F.);
#1282=ORIENTED_EDGE('',*,*,#4172,.F.);
#1283=ORIENTED_EDGE('',*,*,#4381,.T.);
#1284=ORIENTED_EDGE('',*,*,#4234,.T.);
#1285=ORIENTED_EDGE('',*,*,#4448,.F.);
#1286=ORIENTED_EDGE('',*,*,#4236,.F.);
#1287=ORIENTED_EDGE('',*,*,#4379,.F.);
#1288=ORIENTED_EDGE('',*,*,#4170,.T.);
#1289=ORIENTED_EDGE('',*,*,#4449,.F.);
#1290=ORIENTED_EDGE('',*,*,#4176,.F.);
#1291=ORIENTED_EDGE('',*,*,#4387,.T.);
#1292=ORIENTED_EDGE('',*,*,#4238,.T.);
#1293=ORIENTED_EDGE('',*,*,#4450,.F.);
#1294=ORIENTED_EDGE('',*,*,#4240,.F.);
#1295=ORIENTED_EDGE('',*,*,#4385,.F.);
#1296=ORIENTED_EDGE('',*,*,#4174,.T.);
#1297=ORIENTED_EDGE('',*,*,#4451,.F.);
#1298=ORIENTED_EDGE('',*,*,#4180,.F.);
#1299=ORIENTED_EDGE('',*,*,#4393,.T.);
#1300=ORIENTED_EDGE('',*,*,#4242,.T.);
#1301=ORIENTED_EDGE('',*,*,#4452,.F.);
#1302=ORIENTED_EDGE('',*,*,#4244,.F.);
#1303=ORIENTED_EDGE('',*,*,#4391,.F.);
#1304=ORIENTED_EDGE('',*,*,#4178,.T.);
#1305=ORIENTED_EDGE('',*,*,#4453,.F.);
#1306=ORIENTED_EDGE('',*,*,#4184,.F.);
#1307=ORIENTED_EDGE('',*,*,#4399,.T.);
#1308=ORIENTED_EDGE('',*,*,#4246,.T.);
#1309=ORIENTED_EDGE('',*,*,#4454,.F.);
#1310=ORIENTED_EDGE('',*,*,#4248,.F.);
#1311=ORIENTED_EDGE('',*,*,#4397,.F.);
#1312=ORIENTED_EDGE('',*,*,#4182,.T.);
#1313=ORIENTED_EDGE('',*,*,#4455,.F.);
#1314=ORIENTED_EDGE('',*,*,#4188,.F.);
#1315=ORIENTED_EDGE('',*,*,#4405,.T.);
#1316=ORIENTED_EDGE('',*,*,#4250,.T.);
#1317=ORIENTED_EDGE('',*,*,#4456,.F.);
#1318=ORIENTED_EDGE('',*,*,#4252,.F.);
#1319=ORIENTED_EDGE('',*,*,#4403,.F.);
#1320=ORIENTED_EDGE('',*,*,#4186,.T.);
#1321=ORIENTED_EDGE('',*,*,#4457,.F.);
#1322=ORIENTED_EDGE('',*,*,#4192,.F.);
#1323=ORIENTED_EDGE('',*,*,#4411,.T.);
#1324=ORIENTED_EDGE('',*,*,#4254,.T.);
#1325=ORIENTED_EDGE('',*,*,#4458,.F.);
#1326=ORIENTED_EDGE('',*,*,#4256,.F.);
#1327=ORIENTED_EDGE('',*,*,#4409,.F.);
#1328=ORIENTED_EDGE('',*,*,#4190,.T.);
#1329=ORIENTED_EDGE('',*,*,#4459,.F.);
#1330=ORIENTED_EDGE('',*,*,#4196,.F.);
#1331=ORIENTED_EDGE('',*,*,#4417,.T.);
#1332=ORIENTED_EDGE('',*,*,#4258,.T.);
#1333=ORIENTED_EDGE('',*,*,#4460,.F.);
#1334=ORIENTED_EDGE('',*,*,#4260,.F.);
#1335=ORIENTED_EDGE('',*,*,#4415,.F.);
#1336=ORIENTED_EDGE('',*,*,#4194,.T.);
#1337=ORIENTED_EDGE('',*,*,#4461,.F.);
#1338=ORIENTED_EDGE('',*,*,#4200,.F.);
#1339=ORIENTED_EDGE('',*,*,#4423,.T.);
#1340=ORIENTED_EDGE('',*,*,#4262,.T.);
#1341=ORIENTED_EDGE('',*,*,#4462,.F.);
#1342=ORIENTED_EDGE('',*,*,#4264,.F.);
#1343=ORIENTED_EDGE('',*,*,#4421,.F.);
#1344=ORIENTED_EDGE('',*,*,#4198,.T.);
#1345=ORIENTED_EDGE('',*,*,#4463,.F.);
#1346=ORIENTED_EDGE('',*,*,#4204,.F.);
#1347=ORIENTED_EDGE('',*,*,#4429,.T.);
#1348=ORIENTED_EDGE('',*,*,#4266,.T.);
#1349=ORIENTED_EDGE('',*,*,#4464,.F.);
#1350=ORIENTED_EDGE('',*,*,#4268,.F.);
#1351=ORIENTED_EDGE('',*,*,#4427,.F.);
#1352=ORIENTED_EDGE('',*,*,#4202,.T.);
#1353=ORIENTED_EDGE('',*,*,#4465,.F.);
#1354=ORIENTED_EDGE('',*,*,#4208,.F.);
#1355=ORIENTED_EDGE('',*,*,#4435,.T.);
#1356=ORIENTED_EDGE('',*,*,#4270,.T.);
#1357=ORIENTED_EDGE('',*,*,#4466,.F.);
#1358=ORIENTED_EDGE('',*,*,#4272,.F.);
#1359=ORIENTED_EDGE('',*,*,#4433,.F.);
#1360=ORIENTED_EDGE('',*,*,#4206,.T.);
#1361=ORIENTED_EDGE('',*,*,#4467,.F.);
#1362=ORIENTED_EDGE('',*,*,#4212,.F.);
#1363=ORIENTED_EDGE('',*,*,#4345,.T.);
#1364=ORIENTED_EDGE('',*,*,#4274,.T.);
#1365=ORIENTED_EDGE('',*,*,#4468,.F.);
#1366=ORIENTED_EDGE('',*,*,#4276,.F.);
#1367=ORIENTED_EDGE('',*,*,#4343,.F.);
#1368=ORIENTED_EDGE('',*,*,#4210,.T.);
#1369=ORIENTED_EDGE('',*,*,#4469,.F.);
#1370=ORIENTED_EDGE('',*,*,#4438,.T.);
#1371=ORIENTED_EDGE('',*,*,#4217,.T.);
#1372=ORIENTED_EDGE('',*,*,#4439,.T.);
#1373=ORIENTED_EDGE('',*,*,#4153,.T.);
#1374=ORIENTED_EDGE('',*,*,#4440,.T.);
#1375=ORIENTED_EDGE('',*,*,#4221,.T.);
#1376=ORIENTED_EDGE('',*,*,#4441,.T.);
#1377=ORIENTED_EDGE('',*,*,#4157,.T.);
#1378=ORIENTED_EDGE('',*,*,#4442,.T.);
#1379=ORIENTED_EDGE('',*,*,#4225,.T.);
#1380=ORIENTED_EDGE('',*,*,#4443,.T.);
#1381=ORIENTED_EDGE('',*,*,#4161,.T.);
#1382=ORIENTED_EDGE('',*,*,#4444,.T.);
#1383=ORIENTED_EDGE('',*,*,#4229,.T.);
#1384=ORIENTED_EDGE('',*,*,#4445,.T.);
#1385=ORIENTED_EDGE('',*,*,#4165,.T.);
#1386=ORIENTED_EDGE('',*,*,#4446,.T.);
#1387=ORIENTED_EDGE('',*,*,#4233,.T.);
#1388=ORIENTED_EDGE('',*,*,#4447,.T.);
#1389=ORIENTED_EDGE('',*,*,#4169,.T.);
#1390=ORIENTED_EDGE('',*,*,#4448,.T.);
#1391=ORIENTED_EDGE('',*,*,#4237,.T.);
#1392=ORIENTED_EDGE('',*,*,#4449,.T.);
#1393=ORIENTED_EDGE('',*,*,#4173,.T.);
#1394=ORIENTED_EDGE('',*,*,#4450,.T.);
#1395=ORIENTED_EDGE('',*,*,#4241,.T.);
#1396=ORIENTED_EDGE('',*,*,#4451,.T.);
#1397=ORIENTED_EDGE('',*,*,#4177,.T.);
#1398=ORIENTED_EDGE('',*,*,#4452,.T.);
#1399=ORIENTED_EDGE('',*,*,#4245,.T.);
#1400=ORIENTED_EDGE('',*,*,#4453,.T.);
#1401=ORIENTED_EDGE('',*,*,#4181,.T.);
#1402=ORIENTED_EDGE('',*,*,#4454,.T.);
#1403=ORIENTED_EDGE('',*,*,#4249,.T.);
#1404=ORIENTED_EDGE('',*,*,#4455,.T.);
#1405=ORIENTED_EDGE('',*,*,#4185,.T.);
#1406=ORIENTED_EDGE('',*,*,#4456,.T.);
#1407=ORIENTED_EDGE('',*,*,#4253,.T.);
#1408=ORIENTED_EDGE('',*,*,#4457,.T.);
#1409=ORIENTED_EDGE('',*,*,#4189,.T.);
#1410=ORIENTED_EDGE('',*,*,#4458,.T.);
#1411=ORIENTED_EDGE('',*,*,#4257,.T.);
#1412=ORIENTED_EDGE('',*,*,#4459,.T.);
#1413=ORIENTED_EDGE('',*,*,#4193,.T.);
#1414=ORIENTED_EDGE('',*,*,#4460,.T.);
#1415=ORIENTED_EDGE('',*,*,#4261,.T.);
#1416=ORIENTED_EDGE('',*,*,#4461,.T.);
#1417=ORIENTED_EDGE('',*,*,#4197,.T.);
#1418=ORIENTED_EDGE('',*,*,#4462,.T.);
#1419=ORIENTED_EDGE('',*,*,#4265,.T.);
#1420=ORIENTED_EDGE('',*,*,#4463,.T.);
#1421=ORIENTED_EDGE('',*,*,#4201,.T.);
#1422=ORIENTED_EDGE('',*,*,#4464,.T.);
#1423=ORIENTED_EDGE('',*,*,#4269,.T.);
#1424=ORIENTED_EDGE('',*,*,#4465,.T.);
#1425=ORIENTED_EDGE('',*,*,#4205,.T.);
#1426=ORIENTED_EDGE('',*,*,#4466,.T.);
#1427=ORIENTED_EDGE('',*,*,#4273,.T.);
#1428=ORIENTED_EDGE('',*,*,#4467,.T.);
#1429=ORIENTED_EDGE('',*,*,#4209,.T.);
#1430=ORIENTED_EDGE('',*,*,#4468,.T.);
#1431=ORIENTED_EDGE('',*,*,#4277,.T.);
#1432=ORIENTED_EDGE('',*,*,#4469,.T.);
#1433=ORIENTED_EDGE('',*,*,#4213,.T.);
#1434=ORIENTED_EDGE('',*,*,#4149,.F.);
#1435=ORIENTED_EDGE('',*,*,#4146,.F.);
#1436=ORIENTED_EDGE('',*,*,#4143,.F.);
#1437=ORIENTED_EDGE('',*,*,#4140,.F.);
#1438=ORIENTED_EDGE('',*,*,#4271,.T.);
#1439=ORIENTED_EDGE('',*,*,#4437,.F.);
#1440=ORIENTED_EDGE('',*,*,#4280,.T.);
#1441=ORIENTED_EDGE('',*,*,#4434,.F.);
#1442=ORIENTED_EDGE('',*,*,#4278,.T.);
#1443=ORIENTED_EDGE('',*,*,#4436,.F.);
#1444=ORIENTED_EDGE('',*,*,#4207,.F.);
#1445=ORIENTED_EDGE('',*,*,#4432,.F.);
#1446=ORIENTED_EDGE('',*,*,#4267,.T.);
#1447=ORIENTED_EDGE('',*,*,#4431,.F.);
#1448=ORIENTED_EDGE('',*,*,#4284,.T.);
#1449=ORIENTED_EDGE('',*,*,#4428,.F.);
#1450=ORIENTED_EDGE('',*,*,#4282,.T.);
#1451=ORIENTED_EDGE('',*,*,#4430,.F.);
#1452=ORIENTED_EDGE('',*,*,#4203,.F.);
#1453=ORIENTED_EDGE('',*,*,#4426,.F.);
#1454=ORIENTED_EDGE('',*,*,#4263,.T.);
#1455=ORIENTED_EDGE('',*,*,#4425,.F.);
#1456=ORIENTED_EDGE('',*,*,#4288,.T.);
#1457=ORIENTED_EDGE('',*,*,#4422,.F.);
#1458=ORIENTED_EDGE('',*,*,#4286,.T.);
#1459=ORIENTED_EDGE('',*,*,#4424,.F.);
#1460=ORIENTED_EDGE('',*,*,#4199,.F.);
#1461=ORIENTED_EDGE('',*,*,#4420,.F.);
#1462=ORIENTED_EDGE('',*,*,#4259,.T.);
#1463=ORIENTED_EDGE('',*,*,#4419,.F.);
#1464=ORIENTED_EDGE('',*,*,#4292,.T.);
#1465=ORIENTED_EDGE('',*,*,#4416,.F.);
#1466=ORIENTED_EDGE('',*,*,#4290,.T.);
#1467=ORIENTED_EDGE('',*,*,#4418,.F.);
#1468=ORIENTED_EDGE('',*,*,#4195,.F.);
#1469=ORIENTED_EDGE('',*,*,#4414,.F.);
#1470=ORIENTED_EDGE('',*,*,#4255,.T.);
#1471=ORIENTED_EDGE('',*,*,#4413,.F.);
#1472=ORIENTED_EDGE('',*,*,#4296,.T.);
#1473=ORIENTED_EDGE('',*,*,#4410,.F.);
#1474=ORIENTED_EDGE('',*,*,#4294,.T.);
#1475=ORIENTED_EDGE('',*,*,#4412,.F.);
#1476=ORIENTED_EDGE('',*,*,#4191,.F.);
#1477=ORIENTED_EDGE('',*,*,#4408,.F.);
#1478=ORIENTED_EDGE('',*,*,#4251,.T.);
#1479=ORIENTED_EDGE('',*,*,#4407,.F.);
#1480=ORIENTED_EDGE('',*,*,#4300,.T.);
#1481=ORIENTED_EDGE('',*,*,#4404,.F.);
#1482=ORIENTED_EDGE('',*,*,#4298,.T.);
#1483=ORIENTED_EDGE('',*,*,#4406,.F.);
#1484=ORIENTED_EDGE('',*,*,#4187,.F.);
#1485=ORIENTED_EDGE('',*,*,#4402,.F.);
#1486=ORIENTED_EDGE('',*,*,#4247,.T.);
#1487=ORIENTED_EDGE('',*,*,#4401,.F.);
#1488=ORIENTED_EDGE('',*,*,#4304,.T.);
#1489=ORIENTED_EDGE('',*,*,#4398,.F.);
#1490=ORIENTED_EDGE('',*,*,#4302,.T.);
#1491=ORIENTED_EDGE('',*,*,#4400,.F.);
#1492=ORIENTED_EDGE('',*,*,#4183,.F.);
#1493=ORIENTED_EDGE('',*,*,#4396,.F.);
#1494=ORIENTED_EDGE('',*,*,#4243,.T.);
#1495=ORIENTED_EDGE('',*,*,#4395,.F.);
#1496=ORIENTED_EDGE('',*,*,#4308,.T.);
#1497=ORIENTED_EDGE('',*,*,#4392,.F.);
#1498=ORIENTED_EDGE('',*,*,#4306,.T.);
#1499=ORIENTED_EDGE('',*,*,#4394,.F.);
#1500=ORIENTED_EDGE('',*,*,#4179,.F.);
#1501=ORIENTED_EDGE('',*,*,#4390,.F.);
#1502=ORIENTED_EDGE('',*,*,#4239,.T.);
#1503=ORIENTED_EDGE('',*,*,#4389,.F.);
#1504=ORIENTED_EDGE('',*,*,#4312,.T.);
#1505=ORIENTED_EDGE('',*,*,#4386,.F.);
#1506=ORIENTED_EDGE('',*,*,#4310,.T.);
#1507=ORIENTED_EDGE('',*,*,#4388,.F.);
#1508=ORIENTED_EDGE('',*,*,#4175,.F.);
#1509=ORIENTED_EDGE('',*,*,#4384,.F.);
#1510=ORIENTED_EDGE('',*,*,#4235,.T.);
#1511=ORIENTED_EDGE('',*,*,#4383,.F.);
#1512=ORIENTED_EDGE('',*,*,#4316,.T.);
#1513=ORIENTED_EDGE('',*,*,#4380,.F.);
#1514=ORIENTED_EDGE('',*,*,#4314,.T.);
#1515=ORIENTED_EDGE('',*,*,#4382,.F.);
#1516=ORIENTED_EDGE('',*,*,#4171,.F.);
#1517=ORIENTED_EDGE('',*,*,#4378,.F.);
#1518=ORIENTED_EDGE('',*,*,#4231,.T.);
#1519=ORIENTED_EDGE('',*,*,#4377,.F.);
#1520=ORIENTED_EDGE('',*,*,#4320,.T.);
#1521=ORIENTED_EDGE('',*,*,#4374,.F.);
#1522=ORIENTED_EDGE('',*,*,#4318,.T.);
#1523=ORIENTED_EDGE('',*,*,#4376,.F.);
#1524=ORIENTED_EDGE('',*,*,#4167,.F.);
#1525=ORIENTED_EDGE('',*,*,#4372,.F.);
#1526=ORIENTED_EDGE('',*,*,#4227,.T.);
#1527=ORIENTED_EDGE('',*,*,#4371,.F.);
#1528=ORIENTED_EDGE('',*,*,#4324,.T.);
#1529=ORIENTED_EDGE('',*,*,#4368,.F.);
#1530=ORIENTED_EDGE('',*,*,#4322,.T.);
#1531=ORIENTED_EDGE('',*,*,#4370,.F.);
#1532=ORIENTED_EDGE('',*,*,#4163,.F.);
#1533=ORIENTED_EDGE('',*,*,#4366,.F.);
#1534=ORIENTED_EDGE('',*,*,#4223,.T.);
#1535=ORIENTED_EDGE('',*,*,#4365,.F.);
#1536=ORIENTED_EDGE('',*,*,#4328,.T.);
#1537=ORIENTED_EDGE('',*,*,#4362,.F.);
#1538=ORIENTED_EDGE('',*,*,#4326,.T.);
#1539=ORIENTED_EDGE('',*,*,#4364,.F.);
#1540=ORIENTED_EDGE('',*,*,#4159,.F.);
#1541=ORIENTED_EDGE('',*,*,#4360,.F.);
#1542=ORIENTED_EDGE('',*,*,#4219,.T.);
#1543=ORIENTED_EDGE('',*,*,#4359,.F.);
#1544=ORIENTED_EDGE('',*,*,#4332,.T.);
#1545=ORIENTED_EDGE('',*,*,#4356,.F.);
#1546=ORIENTED_EDGE('',*,*,#4330,.T.);
#1547=ORIENTED_EDGE('',*,*,#4358,.F.);
#1548=ORIENTED_EDGE('',*,*,#4155,.F.);
#1549=ORIENTED_EDGE('',*,*,#4354,.F.);
#1550=ORIENTED_EDGE('',*,*,#4215,.T.);
#1551=ORIENTED_EDGE('',*,*,#4353,.F.);
#1552=ORIENTED_EDGE('',*,*,#4336,.T.);
#1553=ORIENTED_EDGE('',*,*,#4350,.F.);
#1554=ORIENTED_EDGE('',*,*,#4334,.T.);
#1555=ORIENTED_EDGE('',*,*,#4352,.F.);
#1556=ORIENTED_EDGE('',*,*,#4151,.F.);
#1557=ORIENTED_EDGE('',*,*,#4348,.F.);
#1558=ORIENTED_EDGE('',*,*,#4275,.T.);
#1559=ORIENTED_EDGE('',*,*,#4347,.F.);
#1560=ORIENTED_EDGE('',*,*,#4340,.T.);
#1561=ORIENTED_EDGE('',*,*,#4344,.F.);
#1562=ORIENTED_EDGE('',*,*,#4338,.T.);
#1563=ORIENTED_EDGE('',*,*,#4346,.F.);
#1564=ORIENTED_EDGE('',*,*,#4211,.F.);
#1565=ORIENTED_EDGE('',*,*,#4342,.F.);
#1566=ORIENTED_EDGE('',*,*,#4138,.T.);
#1567=ORIENTED_EDGE('',*,*,#4142,.T.);
#1568=ORIENTED_EDGE('',*,*,#4145,.T.);
#1569=ORIENTED_EDGE('',*,*,#4148,.T.);
#1570=ORIENTED_EDGE('',*,*,#4470,.F.);
#1571=ORIENTED_EDGE('',*,*,#4471,.F.);
#1572=ORIENTED_EDGE('',*,*,#4472,.F.);
#1573=ORIENTED_EDGE('',*,*,#4473,.T.);
#1574=ORIENTED_EDGE('',*,*,#4474,.F.);
#1575=ORIENTED_EDGE('',*,*,#4475,.F.);
#1576=ORIENTED_EDGE('',*,*,#4476,.F.);
#1577=ORIENTED_EDGE('',*,*,#4471,.T.);
#1578=ORIENTED_EDGE('',*,*,#4477,.F.);
#1579=ORIENTED_EDGE('',*,*,#4478,.F.);
#1580=ORIENTED_EDGE('',*,*,#4479,.F.);
#1581=ORIENTED_EDGE('',*,*,#4475,.T.);
#1582=ORIENTED_EDGE('',*,*,#4480,.F.);
#1583=ORIENTED_EDGE('',*,*,#4473,.F.);
#1584=ORIENTED_EDGE('',*,*,#4481,.F.);
#1585=ORIENTED_EDGE('',*,*,#4478,.T.);
#1586=ORIENTED_EDGE('',*,*,#4482,.F.);
#1587=ORIENTED_EDGE('',*,*,#4483,.F.);
#1588=ORIENTED_EDGE('',*,*,#4484,.F.);
#1589=ORIENTED_EDGE('',*,*,#4485,.F.);
#1590=ORIENTED_EDGE('',*,*,#4486,.F.);
#1591=ORIENTED_EDGE('',*,*,#4487,.F.);
#1592=ORIENTED_EDGE('',*,*,#4488,.F.);
#1593=ORIENTED_EDGE('',*,*,#4489,.T.);
#1594=ORIENTED_EDGE('',*,*,#4490,.T.);
#1595=ORIENTED_EDGE('',*,*,#4491,.F.);
#1596=ORIENTED_EDGE('',*,*,#4492,.F.);
#1597=ORIENTED_EDGE('',*,*,#4493,.T.);
#1598=ORIENTED_EDGE('',*,*,#4494,.T.);
#1599=ORIENTED_EDGE('',*,*,#4489,.F.);
#1600=ORIENTED_EDGE('',*,*,#4495,.F.);
#1601=ORIENTED_EDGE('',*,*,#4496,.T.);
#1602=ORIENTED_EDGE('',*,*,#4497,.T.);
#1603=ORIENTED_EDGE('',*,*,#4493,.F.);
#1604=ORIENTED_EDGE('',*,*,#4498,.F.);
#1605=ORIENTED_EDGE('',*,*,#4499,.F.);
#1606=ORIENTED_EDGE('',*,*,#4500,.F.);
#1607=ORIENTED_EDGE('',*,*,#4501,.F.);
#1608=ORIENTED_EDGE('',*,*,#4502,.F.);
#1609=ORIENTED_EDGE('',*,*,#4503,.F.);
#1610=ORIENTED_EDGE('',*,*,#4504,.F.);
#1611=ORIENTED_EDGE('',*,*,#4505,.F.);
#1612=ORIENTED_EDGE('',*,*,#4506,.F.);
#1613=ORIENTED_EDGE('',*,*,#4507,.F.);
#1614=ORIENTED_EDGE('',*,*,#4508,.F.);
#1615=ORIENTED_EDGE('',*,*,#4509,.F.);
#1616=ORIENTED_EDGE('',*,*,#4510,.F.);
#1617=ORIENTED_EDGE('',*,*,#4511,.T.);
#1618=ORIENTED_EDGE('',*,*,#4512,.T.);
#1619=ORIENTED_EDGE('',*,*,#4513,.F.);
#1620=ORIENTED_EDGE('',*,*,#4514,.F.);
#1621=ORIENTED_EDGE('',*,*,#4515,.T.);
#1622=ORIENTED_EDGE('',*,*,#4516,.T.);
#1623=ORIENTED_EDGE('',*,*,#4511,.F.);
#1624=ORIENTED_EDGE('',*,*,#4517,.F.);
#1625=ORIENTED_EDGE('',*,*,#4518,.T.);
#1626=ORIENTED_EDGE('',*,*,#4519,.T.);
#1627=ORIENTED_EDGE('',*,*,#4515,.F.);
#1628=ORIENTED_EDGE('',*,*,#4520,.F.);
#1629=ORIENTED_EDGE('',*,*,#4521,.F.);
#1630=ORIENTED_EDGE('',*,*,#4522,.F.);
#1631=ORIENTED_EDGE('',*,*,#4523,.F.);
#1632=ORIENTED_EDGE('',*,*,#4524,.F.);
#1633=ORIENTED_EDGE('',*,*,#4525,.F.);
#1634=ORIENTED_EDGE('',*,*,#4526,.F.);
#1635=ORIENTED_EDGE('',*,*,#4527,.F.);
#1636=ORIENTED_EDGE('',*,*,#4528,.F.);
#1637=ORIENTED_EDGE('',*,*,#4529,.F.);
#1638=ORIENTED_EDGE('',*,*,#4530,.F.);
#1639=ORIENTED_EDGE('',*,*,#4531,.F.);
#1640=ORIENTED_EDGE('',*,*,#4532,.F.);
#1641=ORIENTED_EDGE('',*,*,#4533,.T.);
#1642=ORIENTED_EDGE('',*,*,#4534,.T.);
#1643=ORIENTED_EDGE('',*,*,#4535,.F.);
#1644=ORIENTED_EDGE('',*,*,#4536,.F.);
#1645=ORIENTED_EDGE('',*,*,#4537,.T.);
#1646=ORIENTED_EDGE('',*,*,#4538,.T.);
#1647=ORIENTED_EDGE('',*,*,#4533,.F.);
#1648=ORIENTED_EDGE('',*,*,#4539,.F.);
#1649=ORIENTED_EDGE('',*,*,#4540,.T.);
#1650=ORIENTED_EDGE('',*,*,#4541,.T.);
#1651=ORIENTED_EDGE('',*,*,#4537,.F.);
#1652=ORIENTED_EDGE('',*,*,#4542,.F.);
#1653=ORIENTED_EDGE('',*,*,#4543,.F.);
#1654=ORIENTED_EDGE('',*,*,#4544,.F.);
#1655=ORIENTED_EDGE('',*,*,#4545,.F.);
#1656=ORIENTED_EDGE('',*,*,#4546,.F.);
#1657=ORIENTED_EDGE('',*,*,#4547,.F.);
#1658=ORIENTED_EDGE('',*,*,#4548,.F.);
#1659=ORIENTED_EDGE('',*,*,#4549,.F.);
#1660=ORIENTED_EDGE('',*,*,#4550,.F.);
#1661=ORIENTED_EDGE('',*,*,#4551,.F.);
#1662=ORIENTED_EDGE('',*,*,#4552,.F.);
#1663=ORIENTED_EDGE('',*,*,#4553,.F.);
#1664=ORIENTED_EDGE('',*,*,#4554,.F.);
#1665=ORIENTED_EDGE('',*,*,#4555,.T.);
#1666=ORIENTED_EDGE('',*,*,#4556,.T.);
#1667=ORIENTED_EDGE('',*,*,#4557,.F.);
#1668=ORIENTED_EDGE('',*,*,#4558,.F.);
#1669=ORIENTED_EDGE('',*,*,#4559,.T.);
#1670=ORIENTED_EDGE('',*,*,#4560,.T.);
#1671=ORIENTED_EDGE('',*,*,#4555,.F.);
#1672=ORIENTED_EDGE('',*,*,#4561,.F.);
#1673=ORIENTED_EDGE('',*,*,#4562,.T.);
#1674=ORIENTED_EDGE('',*,*,#4563,.T.);
#1675=ORIENTED_EDGE('',*,*,#4559,.F.);
#1676=ORIENTED_EDGE('',*,*,#4564,.F.);
#1677=ORIENTED_EDGE('',*,*,#4565,.F.);
#1678=ORIENTED_EDGE('',*,*,#4566,.F.);
#1679=ORIENTED_EDGE('',*,*,#4567,.F.);
#1680=ORIENTED_EDGE('',*,*,#4568,.F.);
#1681=ORIENTED_EDGE('',*,*,#4569,.F.);
#1682=ORIENTED_EDGE('',*,*,#4570,.F.);
#1683=ORIENTED_EDGE('',*,*,#4571,.F.);
#1684=ORIENTED_EDGE('',*,*,#4572,.F.);
#1685=ORIENTED_EDGE('',*,*,#4573,.F.);
#1686=ORIENTED_EDGE('',*,*,#4574,.F.);
#1687=ORIENTED_EDGE('',*,*,#4575,.F.);
#1688=ORIENTED_EDGE('',*,*,#4576,.F.);
#1689=ORIENTED_EDGE('',*,*,#4577,.T.);
#1690=ORIENTED_EDGE('',*,*,#4578,.T.);
#1691=ORIENTED_EDGE('',*,*,#4579,.F.);
#1692=ORIENTED_EDGE('',*,*,#4580,.F.);
#1693=ORIENTED_EDGE('',*,*,#4581,.T.);
#1694=ORIENTED_EDGE('',*,*,#4582,.T.);
#1695=ORIENTED_EDGE('',*,*,#4577,.F.);
#1696=ORIENTED_EDGE('',*,*,#4583,.F.);
#1697=ORIENTED_EDGE('',*,*,#4584,.T.);
#1698=ORIENTED_EDGE('',*,*,#4585,.T.);
#1699=ORIENTED_EDGE('',*,*,#4581,.F.);
#1700=ORIENTED_EDGE('',*,*,#4586,.F.);
#1701=ORIENTED_EDGE('',*,*,#4587,.F.);
#1702=ORIENTED_EDGE('',*,*,#4588,.F.);
#1703=ORIENTED_EDGE('',*,*,#4589,.F.);
#1704=ORIENTED_EDGE('',*,*,#4590,.F.);
#1705=ORIENTED_EDGE('',*,*,#4591,.F.);
#1706=ORIENTED_EDGE('',*,*,#4592,.F.);
#1707=ORIENTED_EDGE('',*,*,#4593,.F.);
#1708=ORIENTED_EDGE('',*,*,#4594,.F.);
#1709=ORIENTED_EDGE('',*,*,#4595,.F.);
#1710=ORIENTED_EDGE('',*,*,#4596,.F.);
#1711=ORIENTED_EDGE('',*,*,#4597,.F.);
#1712=ORIENTED_EDGE('',*,*,#4598,.F.);
#1713=ORIENTED_EDGE('',*,*,#4599,.T.);
#1714=ORIENTED_EDGE('',*,*,#4600,.T.);
#1715=ORIENTED_EDGE('',*,*,#4601,.F.);
#1716=ORIENTED_EDGE('',*,*,#4602,.F.);
#1717=ORIENTED_EDGE('',*,*,#4603,.T.);
#1718=ORIENTED_EDGE('',*,*,#4604,.T.);
#1719=ORIENTED_EDGE('',*,*,#4599,.F.);
#1720=ORIENTED_EDGE('',*,*,#4605,.F.);
#1721=ORIENTED_EDGE('',*,*,#4606,.T.);
#1722=ORIENTED_EDGE('',*,*,#4607,.T.);
#1723=ORIENTED_EDGE('',*,*,#4603,.F.);
#1724=ORIENTED_EDGE('',*,*,#4608,.F.);
#1725=ORIENTED_EDGE('',*,*,#4609,.F.);
#1726=ORIENTED_EDGE('',*,*,#4610,.F.);
#1727=ORIENTED_EDGE('',*,*,#4611,.F.);
#1728=ORIENTED_EDGE('',*,*,#4612,.F.);
#1729=ORIENTED_EDGE('',*,*,#4613,.F.);
#1730=ORIENTED_EDGE('',*,*,#4614,.F.);
#1731=ORIENTED_EDGE('',*,*,#4615,.F.);
#1732=ORIENTED_EDGE('',*,*,#4616,.F.);
#1733=ORIENTED_EDGE('',*,*,#4617,.F.);
#1734=ORIENTED_EDGE('',*,*,#4618,.F.);
#1735=ORIENTED_EDGE('',*,*,#4619,.F.);
#1736=ORIENTED_EDGE('',*,*,#4620,.F.);
#1737=ORIENTED_EDGE('',*,*,#4621,.T.);
#1738=ORIENTED_EDGE('',*,*,#4622,.T.);
#1739=ORIENTED_EDGE('',*,*,#4623,.F.);
#1740=ORIENTED_EDGE('',*,*,#4624,.F.);
#1741=ORIENTED_EDGE('',*,*,#4625,.T.);
#1742=ORIENTED_EDGE('',*,*,#4626,.T.);
#1743=ORIENTED_EDGE('',*,*,#4621,.F.);
#1744=ORIENTED_EDGE('',*,*,#4627,.F.);
#1745=ORIENTED_EDGE('',*,*,#4628,.T.);
#1746=ORIENTED_EDGE('',*,*,#4629,.T.);
#1747=ORIENTED_EDGE('',*,*,#4625,.F.);
#1748=ORIENTED_EDGE('',*,*,#4630,.F.);
#1749=ORIENTED_EDGE('',*,*,#4631,.F.);
#1750=ORIENTED_EDGE('',*,*,#4632,.F.);
#1751=ORIENTED_EDGE('',*,*,#4633,.F.);
#1752=ORIENTED_EDGE('',*,*,#4634,.F.);
#1753=ORIENTED_EDGE('',*,*,#4635,.F.);
#1754=ORIENTED_EDGE('',*,*,#4636,.F.);
#1755=ORIENTED_EDGE('',*,*,#4637,.F.);
#1756=ORIENTED_EDGE('',*,*,#4638,.F.);
#1757=ORIENTED_EDGE('',*,*,#4639,.F.);
#1758=ORIENTED_EDGE('',*,*,#4640,.F.);
#1759=ORIENTED_EDGE('',*,*,#4641,.F.);
#1760=ORIENTED_EDGE('',*,*,#4642,.F.);
#1761=ORIENTED_EDGE('',*,*,#4643,.T.);
#1762=ORIENTED_EDGE('',*,*,#4644,.T.);
#1763=ORIENTED_EDGE('',*,*,#4645,.F.);
#1764=ORIENTED_EDGE('',*,*,#4646,.F.);
#1765=ORIENTED_EDGE('',*,*,#4647,.T.);
#1766=ORIENTED_EDGE('',*,*,#4648,.T.);
#1767=ORIENTED_EDGE('',*,*,#4643,.F.);
#1768=ORIENTED_EDGE('',*,*,#4649,.F.);
#1769=ORIENTED_EDGE('',*,*,#4650,.T.);
#1770=ORIENTED_EDGE('',*,*,#4651,.T.);
#1771=ORIENTED_EDGE('',*,*,#4647,.F.);
#1772=ORIENTED_EDGE('',*,*,#4652,.F.);
#1773=ORIENTED_EDGE('',*,*,#4653,.F.);
#1774=ORIENTED_EDGE('',*,*,#4654,.F.);
#1775=ORIENTED_EDGE('',*,*,#4655,.F.);
#1776=ORIENTED_EDGE('',*,*,#4656,.F.);
#1777=ORIENTED_EDGE('',*,*,#4657,.F.);
#1778=ORIENTED_EDGE('',*,*,#4658,.F.);
#1779=ORIENTED_EDGE('',*,*,#4659,.F.);
#1780=ORIENTED_EDGE('',*,*,#4660,.F.);
#1781=ORIENTED_EDGE('',*,*,#4661,.F.);
#1782=ORIENTED_EDGE('',*,*,#4662,.F.);
#1783=ORIENTED_EDGE('',*,*,#4663,.F.);
#1784=ORIENTED_EDGE('',*,*,#4664,.F.);
#1785=ORIENTED_EDGE('',*,*,#4665,.T.);
#1786=ORIENTED_EDGE('',*,*,#4666,.T.);
#1787=ORIENTED_EDGE('',*,*,#4667,.F.);
#1788=ORIENTED_EDGE('',*,*,#4668,.F.);
#1789=ORIENTED_EDGE('',*,*,#4669,.T.);
#1790=ORIENTED_EDGE('',*,*,#4670,.T.);
#1791=ORIENTED_EDGE('',*,*,#4665,.F.);
#1792=ORIENTED_EDGE('',*,*,#4671,.F.);
#1793=ORIENTED_EDGE('',*,*,#4672,.T.);
#1794=ORIENTED_EDGE('',*,*,#4673,.T.);
#1795=ORIENTED_EDGE('',*,*,#4669,.F.);
#1796=ORIENTED_EDGE('',*,*,#4674,.F.);
#1797=ORIENTED_EDGE('',*,*,#4675,.F.);
#1798=ORIENTED_EDGE('',*,*,#4676,.F.);
#1799=ORIENTED_EDGE('',*,*,#4677,.F.);
#1800=ORIENTED_EDGE('',*,*,#4678,.F.);
#1801=ORIENTED_EDGE('',*,*,#4679,.F.);
#1802=ORIENTED_EDGE('',*,*,#4680,.F.);
#1803=ORIENTED_EDGE('',*,*,#4681,.F.);
#1804=ORIENTED_EDGE('',*,*,#4682,.F.);
#1805=ORIENTED_EDGE('',*,*,#4683,.F.);
#1806=ORIENTED_EDGE('',*,*,#4684,.F.);
#1807=ORIENTED_EDGE('',*,*,#4685,.F.);
#1808=ORIENTED_EDGE('',*,*,#4686,.F.);
#1809=ORIENTED_EDGE('',*,*,#4687,.T.);
#1810=ORIENTED_EDGE('',*,*,#4688,.T.);
#1811=ORIENTED_EDGE('',*,*,#4689,.F.);
#1812=ORIENTED_EDGE('',*,*,#4690,.F.);
#1813=ORIENTED_EDGE('',*,*,#4691,.T.);
#1814=ORIENTED_EDGE('',*,*,#4692,.T.);
#1815=ORIENTED_EDGE('',*,*,#4687,.F.);
#1816=ORIENTED_EDGE('',*,*,#4693,.F.);
#1817=ORIENTED_EDGE('',*,*,#4694,.T.);
#1818=ORIENTED_EDGE('',*,*,#4695,.T.);
#1819=ORIENTED_EDGE('',*,*,#4691,.F.);
#1820=ORIENTED_EDGE('',*,*,#4696,.F.);
#1821=ORIENTED_EDGE('',*,*,#4697,.F.);
#1822=ORIENTED_EDGE('',*,*,#4698,.F.);
#1823=ORIENTED_EDGE('',*,*,#4699,.F.);
#1824=ORIENTED_EDGE('',*,*,#4700,.F.);
#1825=ORIENTED_EDGE('',*,*,#4701,.F.);
#1826=ORIENTED_EDGE('',*,*,#4702,.F.);
#1827=ORIENTED_EDGE('',*,*,#4703,.F.);
#1828=ORIENTED_EDGE('',*,*,#4704,.F.);
#1829=ORIENTED_EDGE('',*,*,#4705,.F.);
#1830=ORIENTED_EDGE('',*,*,#4706,.F.);
#1831=ORIENTED_EDGE('',*,*,#4707,.F.);
#1832=ORIENTED_EDGE('',*,*,#4708,.F.);
#1833=ORIENTED_EDGE('',*,*,#4709,.T.);
#1834=ORIENTED_EDGE('',*,*,#4710,.T.);
#1835=ORIENTED_EDGE('',*,*,#4711,.F.);
#1836=ORIENTED_EDGE('',*,*,#4712,.F.);
#1837=ORIENTED_EDGE('',*,*,#4713,.T.);
#1838=ORIENTED_EDGE('',*,*,#4714,.T.);
#1839=ORIENTED_EDGE('',*,*,#4709,.F.);
#1840=ORIENTED_EDGE('',*,*,#4715,.F.);
#1841=ORIENTED_EDGE('',*,*,#4716,.T.);
#1842=ORIENTED_EDGE('',*,*,#4717,.T.);
#1843=ORIENTED_EDGE('',*,*,#4713,.F.);
#1844=ORIENTED_EDGE('',*,*,#4718,.F.);
#1845=ORIENTED_EDGE('',*,*,#4719,.F.);
#1846=ORIENTED_EDGE('',*,*,#4720,.F.);
#1847=ORIENTED_EDGE('',*,*,#4721,.F.);
#1848=ORIENTED_EDGE('',*,*,#4722,.F.);
#1849=ORIENTED_EDGE('',*,*,#4723,.F.);
#1850=ORIENTED_EDGE('',*,*,#4724,.F.);
#1851=ORIENTED_EDGE('',*,*,#4725,.F.);
#1852=ORIENTED_EDGE('',*,*,#4726,.F.);
#1853=ORIENTED_EDGE('',*,*,#4727,.F.);
#1854=ORIENTED_EDGE('',*,*,#4728,.F.);
#1855=ORIENTED_EDGE('',*,*,#4729,.F.);
#1856=ORIENTED_EDGE('',*,*,#4730,.F.);
#1857=ORIENTED_EDGE('',*,*,#4731,.T.);
#1858=ORIENTED_EDGE('',*,*,#4732,.T.);
#1859=ORIENTED_EDGE('',*,*,#4733,.F.);
#1860=ORIENTED_EDGE('',*,*,#4734,.F.);
#1861=ORIENTED_EDGE('',*,*,#4735,.T.);
#1862=ORIENTED_EDGE('',*,*,#4736,.T.);
#1863=ORIENTED_EDGE('',*,*,#4731,.F.);
#1864=ORIENTED_EDGE('',*,*,#4737,.F.);
#1865=ORIENTED_EDGE('',*,*,#4738,.T.);
#1866=ORIENTED_EDGE('',*,*,#4739,.T.);
#1867=ORIENTED_EDGE('',*,*,#4735,.F.);
#1868=ORIENTED_EDGE('',*,*,#4740,.F.);
#1869=ORIENTED_EDGE('',*,*,#4741,.F.);
#1870=ORIENTED_EDGE('',*,*,#4742,.F.);
#1871=ORIENTED_EDGE('',*,*,#4743,.F.);
#1872=ORIENTED_EDGE('',*,*,#4744,.F.);
#1873=ORIENTED_EDGE('',*,*,#4745,.F.);
#1874=ORIENTED_EDGE('',*,*,#4746,.F.);
#1875=ORIENTED_EDGE('',*,*,#4747,.F.);
#1876=ORIENTED_EDGE('',*,*,#4748,.F.);
#1877=ORIENTED_EDGE('',*,*,#4749,.F.);
#1878=ORIENTED_EDGE('',*,*,#4750,.F.);
#1879=ORIENTED_EDGE('',*,*,#4751,.F.);
#1880=ORIENTED_EDGE('',*,*,#4752,.F.);
#1881=ORIENTED_EDGE('',*,*,#4753,.T.);
#1882=ORIENTED_EDGE('',*,*,#4754,.T.);
#1883=ORIENTED_EDGE('',*,*,#4755,.F.);
#1884=ORIENTED_EDGE('',*,*,#4756,.F.);
#1885=ORIENTED_EDGE('',*,*,#4757,.T.);
#1886=ORIENTED_EDGE('',*,*,#4758,.T.);
#1887=ORIENTED_EDGE('',*,*,#4753,.F.);
#1888=ORIENTED_EDGE('',*,*,#4759,.F.);
#1889=ORIENTED_EDGE('',*,*,#4760,.T.);
#1890=ORIENTED_EDGE('',*,*,#4761,.T.);
#1891=ORIENTED_EDGE('',*,*,#4757,.F.);
#1892=ORIENTED_EDGE('',*,*,#4762,.F.);
#1893=ORIENTED_EDGE('',*,*,#4763,.F.);
#1894=ORIENTED_EDGE('',*,*,#4764,.F.);
#1895=ORIENTED_EDGE('',*,*,#4765,.F.);
#1896=ORIENTED_EDGE('',*,*,#4766,.F.);
#1897=ORIENTED_EDGE('',*,*,#4767,.F.);
#1898=ORIENTED_EDGE('',*,*,#4768,.F.);
#1899=ORIENTED_EDGE('',*,*,#4769,.F.);
#1900=ORIENTED_EDGE('',*,*,#4770,.F.);
#1901=ORIENTED_EDGE('',*,*,#4771,.F.);
#1902=ORIENTED_EDGE('',*,*,#4772,.F.);
#1903=ORIENTED_EDGE('',*,*,#4773,.F.);
#1904=ORIENTED_EDGE('',*,*,#4774,.F.);
#1905=ORIENTED_EDGE('',*,*,#4775,.T.);
#1906=ORIENTED_EDGE('',*,*,#4776,.T.);
#1907=ORIENTED_EDGE('',*,*,#4777,.F.);
#1908=ORIENTED_EDGE('',*,*,#4778,.F.);
#1909=ORIENTED_EDGE('',*,*,#4779,.T.);
#1910=ORIENTED_EDGE('',*,*,#4780,.T.);
#1911=ORIENTED_EDGE('',*,*,#4775,.F.);
#1912=ORIENTED_EDGE('',*,*,#4781,.F.);
#1913=ORIENTED_EDGE('',*,*,#4782,.T.);
#1914=ORIENTED_EDGE('',*,*,#4783,.T.);
#1915=ORIENTED_EDGE('',*,*,#4779,.F.);
#1916=ORIENTED_EDGE('',*,*,#4784,.F.);
#1917=ORIENTED_EDGE('',*,*,#4785,.F.);
#1918=ORIENTED_EDGE('',*,*,#4786,.F.);
#1919=ORIENTED_EDGE('',*,*,#4787,.F.);
#1920=ORIENTED_EDGE('',*,*,#4788,.F.);
#1921=ORIENTED_EDGE('',*,*,#4789,.F.);
#1922=ORIENTED_EDGE('',*,*,#4790,.F.);
#1923=ORIENTED_EDGE('',*,*,#4791,.F.);
#1924=ORIENTED_EDGE('',*,*,#4792,.F.);
#1925=ORIENTED_EDGE('',*,*,#4793,.F.);
#1926=ORIENTED_EDGE('',*,*,#4794,.F.);
#1927=ORIENTED_EDGE('',*,*,#4795,.F.);
#1928=ORIENTED_EDGE('',*,*,#4796,.F.);
#1929=ORIENTED_EDGE('',*,*,#4797,.T.);
#1930=ORIENTED_EDGE('',*,*,#4798,.T.);
#1931=ORIENTED_EDGE('',*,*,#4799,.F.);
#1932=ORIENTED_EDGE('',*,*,#4800,.F.);
#1933=ORIENTED_EDGE('',*,*,#4801,.T.);
#1934=ORIENTED_EDGE('',*,*,#4802,.T.);
#1935=ORIENTED_EDGE('',*,*,#4797,.F.);
#1936=ORIENTED_EDGE('',*,*,#4803,.F.);
#1937=ORIENTED_EDGE('',*,*,#4804,.T.);
#1938=ORIENTED_EDGE('',*,*,#4805,.T.);
#1939=ORIENTED_EDGE('',*,*,#4801,.F.);
#1940=ORIENTED_EDGE('',*,*,#4806,.F.);
#1941=ORIENTED_EDGE('',*,*,#4807,.F.);
#1942=ORIENTED_EDGE('',*,*,#4808,.F.);
#1943=ORIENTED_EDGE('',*,*,#4809,.F.);
#1944=ORIENTED_EDGE('',*,*,#4810,.F.);
#1945=ORIENTED_EDGE('',*,*,#4811,.F.);
#1946=ORIENTED_EDGE('',*,*,#4812,.F.);
#1947=ORIENTED_EDGE('',*,*,#4813,.F.);
#1948=ORIENTED_EDGE('',*,*,#4814,.F.);
#1949=ORIENTED_EDGE('',*,*,#4815,.F.);
#1950=ORIENTED_EDGE('',*,*,#4816,.F.);
#1951=ORIENTED_EDGE('',*,*,#4817,.F.);
#1952=ORIENTED_EDGE('',*,*,#4818,.F.);
#1953=ORIENTED_EDGE('',*,*,#4819,.T.);
#1954=ORIENTED_EDGE('',*,*,#4820,.T.);
#1955=ORIENTED_EDGE('',*,*,#4821,.F.);
#1956=ORIENTED_EDGE('',*,*,#4822,.F.);
#1957=ORIENTED_EDGE('',*,*,#4823,.T.);
#1958=ORIENTED_EDGE('',*,*,#4824,.T.);
#1959=ORIENTED_EDGE('',*,*,#4819,.F.);
#1960=ORIENTED_EDGE('',*,*,#4825,.F.);
#1961=ORIENTED_EDGE('',*,*,#4826,.T.);
#1962=ORIENTED_EDGE('',*,*,#4827,.T.);
#1963=ORIENTED_EDGE('',*,*,#4823,.F.);
#1964=ORIENTED_EDGE('',*,*,#4828,.F.);
#1965=ORIENTED_EDGE('',*,*,#4829,.F.);
#1966=ORIENTED_EDGE('',*,*,#4830,.F.);
#1967=ORIENTED_EDGE('',*,*,#4831,.F.);
#1968=ORIENTED_EDGE('',*,*,#4832,.F.);
#1969=ORIENTED_EDGE('',*,*,#4833,.F.);
#1970=ORIENTED_EDGE('',*,*,#4834,.F.);
#1971=ORIENTED_EDGE('',*,*,#4491,.T.);
#1972=ORIENTED_EDGE('',*,*,#4835,.T.);
#1973=ORIENTED_EDGE('',*,*,#4496,.F.);
#1974=ORIENTED_EDGE('',*,*,#4836,.F.);
#1975=ORIENTED_EDGE('',*,*,#4513,.T.);
#1976=ORIENTED_EDGE('',*,*,#4837,.T.);
#1977=ORIENTED_EDGE('',*,*,#4518,.F.);
#1978=ORIENTED_EDGE('',*,*,#4838,.F.);
#1979=ORIENTED_EDGE('',*,*,#4535,.T.);
#1980=ORIENTED_EDGE('',*,*,#4839,.T.);
#1981=ORIENTED_EDGE('',*,*,#4540,.F.);
#1982=ORIENTED_EDGE('',*,*,#4840,.F.);
#1983=ORIENTED_EDGE('',*,*,#4557,.T.);
#1984=ORIENTED_EDGE('',*,*,#4841,.T.);
#1985=ORIENTED_EDGE('',*,*,#4562,.F.);
#1986=ORIENTED_EDGE('',*,*,#4842,.F.);
#1987=ORIENTED_EDGE('',*,*,#4579,.T.);
#1988=ORIENTED_EDGE('',*,*,#4843,.T.);
#1989=ORIENTED_EDGE('',*,*,#4584,.F.);
#1990=ORIENTED_EDGE('',*,*,#4844,.F.);
#1991=ORIENTED_EDGE('',*,*,#4601,.T.);
#1992=ORIENTED_EDGE('',*,*,#4845,.T.);
#1993=ORIENTED_EDGE('',*,*,#4606,.F.);
#1994=ORIENTED_EDGE('',*,*,#4846,.F.);
#1995=ORIENTED_EDGE('',*,*,#4623,.T.);
#1996=ORIENTED_EDGE('',*,*,#4847,.T.);
#1997=ORIENTED_EDGE('',*,*,#4628,.F.);
#1998=ORIENTED_EDGE('',*,*,#4848,.F.);
#1999=ORIENTED_EDGE('',*,*,#4645,.T.);
#2000=ORIENTED_EDGE('',*,*,#4849,.T.);
#2001=ORIENTED_EDGE('',*,*,#4650,.F.);
#2002=ORIENTED_EDGE('',*,*,#4850,.F.);
#2003=ORIENTED_EDGE('',*,*,#4667,.T.);
#2004=ORIENTED_EDGE('',*,*,#4851,.T.);
#2005=ORIENTED_EDGE('',*,*,#4672,.F.);
#2006=ORIENTED_EDGE('',*,*,#4852,.F.);
#2007=ORIENTED_EDGE('',*,*,#4689,.T.);
#2008=ORIENTED_EDGE('',*,*,#4853,.T.);
#2009=ORIENTED_EDGE('',*,*,#4694,.F.);
#2010=ORIENTED_EDGE('',*,*,#4854,.F.);
#2011=ORIENTED_EDGE('',*,*,#4711,.T.);
#2012=ORIENTED_EDGE('',*,*,#4855,.T.);
#2013=ORIENTED_EDGE('',*,*,#4716,.F.);
#2014=ORIENTED_EDGE('',*,*,#4856,.F.);
#2015=ORIENTED_EDGE('',*,*,#4733,.T.);
#2016=ORIENTED_EDGE('',*,*,#4857,.T.);
#2017=ORIENTED_EDGE('',*,*,#4738,.F.);
#2018=ORIENTED_EDGE('',*,*,#4858,.F.);
#2019=ORIENTED_EDGE('',*,*,#4755,.T.);
#2020=ORIENTED_EDGE('',*,*,#4859,.T.);
#2021=ORIENTED_EDGE('',*,*,#4760,.F.);
#2022=ORIENTED_EDGE('',*,*,#4860,.F.);
#2023=ORIENTED_EDGE('',*,*,#4777,.T.);
#2024=ORIENTED_EDGE('',*,*,#4861,.T.);
#2025=ORIENTED_EDGE('',*,*,#4782,.F.);
#2026=ORIENTED_EDGE('',*,*,#4862,.F.);
#2027=ORIENTED_EDGE('',*,*,#4799,.T.);
#2028=ORIENTED_EDGE('',*,*,#4863,.T.);
#2029=ORIENTED_EDGE('',*,*,#4804,.F.);
#2030=ORIENTED_EDGE('',*,*,#4864,.F.);
#2031=ORIENTED_EDGE('',*,*,#4821,.T.);
#2032=ORIENTED_EDGE('',*,*,#4865,.T.);
#2033=ORIENTED_EDGE('',*,*,#4826,.F.);
#2034=ORIENTED_EDGE('',*,*,#4490,.F.);
#2035=ORIENTED_EDGE('',*,*,#4494,.F.);
#2036=ORIENTED_EDGE('',*,*,#4497,.F.);
#2037=ORIENTED_EDGE('',*,*,#4835,.F.);
#2038=ORIENTED_EDGE('',*,*,#4512,.F.);
#2039=ORIENTED_EDGE('',*,*,#4516,.F.);
#2040=ORIENTED_EDGE('',*,*,#4519,.F.);
#2041=ORIENTED_EDGE('',*,*,#4837,.F.);
#2042=ORIENTED_EDGE('',*,*,#4534,.F.);
#2043=ORIENTED_EDGE('',*,*,#4538,.F.);
#2044=ORIENTED_EDGE('',*,*,#4541,.F.);
#2045=ORIENTED_EDGE('',*,*,#4839,.F.);
#2046=ORIENTED_EDGE('',*,*,#4556,.F.);
#2047=ORIENTED_EDGE('',*,*,#4560,.F.);
#2048=ORIENTED_EDGE('',*,*,#4563,.F.);
#2049=ORIENTED_EDGE('',*,*,#4841,.F.);
#2050=ORIENTED_EDGE('',*,*,#4578,.F.);
#2051=ORIENTED_EDGE('',*,*,#4582,.F.);
#2052=ORIENTED_EDGE('',*,*,#4585,.F.);
#2053=ORIENTED_EDGE('',*,*,#4843,.F.);
#2054=ORIENTED_EDGE('',*,*,#4600,.F.);
#2055=ORIENTED_EDGE('',*,*,#4604,.F.);
#2056=ORIENTED_EDGE('',*,*,#4607,.F.);
#2057=ORIENTED_EDGE('',*,*,#4845,.F.);
#2058=ORIENTED_EDGE('',*,*,#4622,.F.);
#2059=ORIENTED_EDGE('',*,*,#4626,.F.);
#2060=ORIENTED_EDGE('',*,*,#4629,.F.);
#2061=ORIENTED_EDGE('',*,*,#4847,.F.);
#2062=ORIENTED_EDGE('',*,*,#4644,.F.);
#2063=ORIENTED_EDGE('',*,*,#4648,.F.);
#2064=ORIENTED_EDGE('',*,*,#4651,.F.);
#2065=ORIENTED_EDGE('',*,*,#4849,.F.);
#2066=ORIENTED_EDGE('',*,*,#4666,.F.);
#2067=ORIENTED_EDGE('',*,*,#4670,.F.);
#2068=ORIENTED_EDGE('',*,*,#4673,.F.);
#2069=ORIENTED_EDGE('',*,*,#4851,.F.);
#2070=ORIENTED_EDGE('',*,*,#4688,.F.);
#2071=ORIENTED_EDGE('',*,*,#4692,.F.);
#2072=ORIENTED_EDGE('',*,*,#4695,.F.);
#2073=ORIENTED_EDGE('',*,*,#4853,.F.);
#2074=ORIENTED_EDGE('',*,*,#4710,.F.);
#2075=ORIENTED_EDGE('',*,*,#4714,.F.);
#2076=ORIENTED_EDGE('',*,*,#4717,.F.);
#2077=ORIENTED_EDGE('',*,*,#4855,.F.);
#2078=ORIENTED_EDGE('',*,*,#4732,.F.);
#2079=ORIENTED_EDGE('',*,*,#4736,.F.);
#2080=ORIENTED_EDGE('',*,*,#4739,.F.);
#2081=ORIENTED_EDGE('',*,*,#4857,.F.);
#2082=ORIENTED_EDGE('',*,*,#4754,.F.);
#2083=ORIENTED_EDGE('',*,*,#4758,.F.);
#2084=ORIENTED_EDGE('',*,*,#4761,.F.);
#2085=ORIENTED_EDGE('',*,*,#4859,.F.);
#2086=ORIENTED_EDGE('',*,*,#4776,.F.);
#2087=ORIENTED_EDGE('',*,*,#4780,.F.);
#2088=ORIENTED_EDGE('',*,*,#4783,.F.);
#2089=ORIENTED_EDGE('',*,*,#4861,.F.);
#2090=ORIENTED_EDGE('',*,*,#4798,.F.);
#2091=ORIENTED_EDGE('',*,*,#4802,.F.);
#2092=ORIENTED_EDGE('',*,*,#4805,.F.);
#2093=ORIENTED_EDGE('',*,*,#4863,.F.);
#2094=ORIENTED_EDGE('',*,*,#4820,.F.);
#2095=ORIENTED_EDGE('',*,*,#4824,.F.);
#2096=ORIENTED_EDGE('',*,*,#4827,.F.);
#2097=ORIENTED_EDGE('',*,*,#4865,.F.);
#2098=ORIENTED_EDGE('',*,*,#4472,.T.);
#2099=ORIENTED_EDGE('',*,*,#4476,.T.);
#2100=ORIENTED_EDGE('',*,*,#4479,.T.);
#2101=ORIENTED_EDGE('',*,*,#4481,.T.);
#2102=ORIENTED_EDGE('',*,*,#4812,.T.);
#2103=ORIENTED_EDGE('',*,*,#4864,.T.);
#2104=ORIENTED_EDGE('',*,*,#4825,.T.);
#2105=ORIENTED_EDGE('',*,*,#4866,.T.);
#2106=ORIENTED_EDGE('',*,*,#4818,.T.);
#2107=ORIENTED_EDGE('',*,*,#4867,.F.);
#2108=ORIENTED_EDGE('',*,*,#4828,.T.);
#2109=ORIENTED_EDGE('',*,*,#4822,.T.);
#2110=ORIENTED_EDGE('',*,*,#4817,.T.);
#2111=ORIENTED_EDGE('',*,*,#4868,.F.);
#2112=ORIENTED_EDGE('',*,*,#4829,.T.);
#2113=ORIENTED_EDGE('',*,*,#4867,.T.);
#2114=ORIENTED_EDGE('',*,*,#4816,.T.);
#2115=ORIENTED_EDGE('',*,*,#4869,.F.);
#2116=ORIENTED_EDGE('',*,*,#4830,.T.);
#2117=ORIENTED_EDGE('',*,*,#4868,.T.);
#2118=ORIENTED_EDGE('',*,*,#4815,.T.);
#2119=ORIENTED_EDGE('',*,*,#4870,.F.);
#2120=ORIENTED_EDGE('',*,*,#4831,.T.);
#2121=ORIENTED_EDGE('',*,*,#4869,.T.);
#2122=ORIENTED_EDGE('',*,*,#4814,.T.);
#2123=ORIENTED_EDGE('',*,*,#4871,.F.);
#2124=ORIENTED_EDGE('',*,*,#4832,.T.);
#2125=ORIENTED_EDGE('',*,*,#4870,.T.);
#2126=ORIENTED_EDGE('',*,*,#4813,.T.);
#2127=ORIENTED_EDGE('',*,*,#4866,.F.);
#2128=ORIENTED_EDGE('',*,*,#4833,.T.);
#2129=ORIENTED_EDGE('',*,*,#4871,.T.);
#2130=ORIENTED_EDGE('',*,*,#4790,.T.);
#2131=ORIENTED_EDGE('',*,*,#4862,.T.);
#2132=ORIENTED_EDGE('',*,*,#4803,.T.);
#2133=ORIENTED_EDGE('',*,*,#4872,.T.);
#2134=ORIENTED_EDGE('',*,*,#4796,.T.);
#2135=ORIENTED_EDGE('',*,*,#4873,.F.);
#2136=ORIENTED_EDGE('',*,*,#4806,.T.);
#2137=ORIENTED_EDGE('',*,*,#4800,.T.);
#2138=ORIENTED_EDGE('',*,*,#4795,.T.);
#2139=ORIENTED_EDGE('',*,*,#4874,.F.);
#2140=ORIENTED_EDGE('',*,*,#4807,.T.);
#2141=ORIENTED_EDGE('',*,*,#4873,.T.);
#2142=ORIENTED_EDGE('',*,*,#4794,.T.);
#2143=ORIENTED_EDGE('',*,*,#4875,.F.);
#2144=ORIENTED_EDGE('',*,*,#4808,.T.);
#2145=ORIENTED_EDGE('',*,*,#4874,.T.);
#2146=ORIENTED_EDGE('',*,*,#4793,.T.);
#2147=ORIENTED_EDGE('',*,*,#4876,.F.);
#2148=ORIENTED_EDGE('',*,*,#4809,.T.);
#2149=ORIENTED_EDGE('',*,*,#4875,.T.);
#2150=ORIENTED_EDGE('',*,*,#4792,.T.);
#2151=ORIENTED_EDGE('',*,*,#4877,.F.);
#2152=ORIENTED_EDGE('',*,*,#4810,.T.);
#2153=ORIENTED_EDGE('',*,*,#4876,.T.);
#2154=ORIENTED_EDGE('',*,*,#4791,.T.);
#2155=ORIENTED_EDGE('',*,*,#4872,.F.);
#2156=ORIENTED_EDGE('',*,*,#4811,.T.);
#2157=ORIENTED_EDGE('',*,*,#4877,.T.);
#2158=ORIENTED_EDGE('',*,*,#4768,.T.);
#2159=ORIENTED_EDGE('',*,*,#4860,.T.);
#2160=ORIENTED_EDGE('',*,*,#4781,.T.);
#2161=ORIENTED_EDGE('',*,*,#4878,.T.);
#2162=ORIENTED_EDGE('',*,*,#4774,.T.);
#2163=ORIENTED_EDGE('',*,*,#4879,.F.);
#2164=ORIENTED_EDGE('',*,*,#4784,.T.);
#2165=ORIENTED_EDGE('',*,*,#4778,.T.);
#2166=ORIENTED_EDGE('',*,*,#4773,.T.);
#2167=ORIENTED_EDGE('',*,*,#4880,.F.);
#2168=ORIENTED_EDGE('',*,*,#4785,.T.);
#2169=ORIENTED_EDGE('',*,*,#4879,.T.);
#2170=ORIENTED_EDGE('',*,*,#4772,.T.);
#2171=ORIENTED_EDGE('',*,*,#4881,.F.);
#2172=ORIENTED_EDGE('',*,*,#4786,.T.);
#2173=ORIENTED_EDGE('',*,*,#4880,.T.);
#2174=ORIENTED_EDGE('',*,*,#4771,.T.);
#2175=ORIENTED_EDGE('',*,*,#4882,.F.);
#2176=ORIENTED_EDGE('',*,*,#4787,.T.);
#2177=ORIENTED_EDGE('',*,*,#4881,.T.);
#2178=ORIENTED_EDGE('',*,*,#4770,.T.);
#2179=ORIENTED_EDGE('',*,*,#4883,.F.);
#2180=ORIENTED_EDGE('',*,*,#4788,.T.);
#2181=ORIENTED_EDGE('',*,*,#4882,.T.);
#2182=ORIENTED_EDGE('',*,*,#4769,.T.);
#2183=ORIENTED_EDGE('',*,*,#4878,.F.);
#2184=ORIENTED_EDGE('',*,*,#4789,.T.);
#2185=ORIENTED_EDGE('',*,*,#4883,.T.);
#2186=ORIENTED_EDGE('',*,*,#4746,.T.);
#2187=ORIENTED_EDGE('',*,*,#4858,.T.);
#2188=ORIENTED_EDGE('',*,*,#4759,.T.);
#2189=ORIENTED_EDGE('',*,*,#4884,.T.);
#2190=ORIENTED_EDGE('',*,*,#4752,.T.);
#2191=ORIENTED_EDGE('',*,*,#4885,.F.);
#2192=ORIENTED_EDGE('',*,*,#4762,.T.);
#2193=ORIENTED_EDGE('',*,*,#4756,.T.);
#2194=ORIENTED_EDGE('',*,*,#4751,.T.);
#2195=ORIENTED_EDGE('',*,*,#4886,.F.);
#2196=ORIENTED_EDGE('',*,*,#4763,.T.);
#2197=ORIENTED_EDGE('',*,*,#4885,.T.);
#2198=ORIENTED_EDGE('',*,*,#4750,.T.);
#2199=ORIENTED_EDGE('',*,*,#4887,.F.);
#2200=ORIENTED_EDGE('',*,*,#4764,.T.);
#2201=ORIENTED_EDGE('',*,*,#4886,.T.);
#2202=ORIENTED_EDGE('',*,*,#4749,.T.);
#2203=ORIENTED_EDGE('',*,*,#4888,.F.);
#2204=ORIENTED_EDGE('',*,*,#4765,.T.);
#2205=ORIENTED_EDGE('',*,*,#4887,.T.);
#2206=ORIENTED_EDGE('',*,*,#4748,.T.);
#2207=ORIENTED_EDGE('',*,*,#4889,.F.);
#2208=ORIENTED_EDGE('',*,*,#4766,.T.);
#2209=ORIENTED_EDGE('',*,*,#4888,.T.);
#2210=ORIENTED_EDGE('',*,*,#4747,.T.);
#2211=ORIENTED_EDGE('',*,*,#4884,.F.);
#2212=ORIENTED_EDGE('',*,*,#4767,.T.);
#2213=ORIENTED_EDGE('',*,*,#4889,.T.);
#2214=ORIENTED_EDGE('',*,*,#4724,.T.);
#2215=ORIENTED_EDGE('',*,*,#4856,.T.);
#2216=ORIENTED_EDGE('',*,*,#4737,.T.);
#2217=ORIENTED_EDGE('',*,*,#4890,.T.);
#2218=ORIENTED_EDGE('',*,*,#4730,.T.);
#2219=ORIENTED_EDGE('',*,*,#4891,.F.);
#2220=ORIENTED_EDGE('',*,*,#4740,.T.);
#2221=ORIENTED_EDGE('',*,*,#4734,.T.);
#2222=ORIENTED_EDGE('',*,*,#4729,.T.);
#2223=ORIENTED_EDGE('',*,*,#4892,.F.);
#2224=ORIENTED_EDGE('',*,*,#4741,.T.);
#2225=ORIENTED_EDGE('',*,*,#4891,.T.);
#2226=ORIENTED_EDGE('',*,*,#4728,.T.);
#2227=ORIENTED_EDGE('',*,*,#4893,.F.);
#2228=ORIENTED_EDGE('',*,*,#4742,.T.);
#2229=ORIENTED_EDGE('',*,*,#4892,.T.);
#2230=ORIENTED_EDGE('',*,*,#4727,.T.);
#2231=ORIENTED_EDGE('',*,*,#4894,.F.);
#2232=ORIENTED_EDGE('',*,*,#4743,.T.);
#2233=ORIENTED_EDGE('',*,*,#4893,.T.);
#2234=ORIENTED_EDGE('',*,*,#4726,.T.);
#2235=ORIENTED_EDGE('',*,*,#4895,.F.);
#2236=ORIENTED_EDGE('',*,*,#4744,.T.);
#2237=ORIENTED_EDGE('',*,*,#4894,.T.);
#2238=ORIENTED_EDGE('',*,*,#4725,.T.);
#2239=ORIENTED_EDGE('',*,*,#4890,.F.);
#2240=ORIENTED_EDGE('',*,*,#4745,.T.);
#2241=ORIENTED_EDGE('',*,*,#4895,.T.);
#2242=ORIENTED_EDGE('',*,*,#4702,.T.);
#2243=ORIENTED_EDGE('',*,*,#4854,.T.);
#2244=ORIENTED_EDGE('',*,*,#4715,.T.);
#2245=ORIENTED_EDGE('',*,*,#4896,.T.);
#2246=ORIENTED_EDGE('',*,*,#4708,.T.);
#2247=ORIENTED_EDGE('',*,*,#4897,.F.);
#2248=ORIENTED_EDGE('',*,*,#4718,.T.);
#2249=ORIENTED_EDGE('',*,*,#4712,.T.);
#2250=ORIENTED_EDGE('',*,*,#4707,.T.);
#2251=ORIENTED_EDGE('',*,*,#4898,.F.);
#2252=ORIENTED_EDGE('',*,*,#4719,.T.);
#2253=ORIENTED_EDGE('',*,*,#4897,.T.);
#2254=ORIENTED_EDGE('',*,*,#4706,.T.);
#2255=ORIENTED_EDGE('',*,*,#4899,.F.);
#2256=ORIENTED_EDGE('',*,*,#4720,.T.);
#2257=ORIENTED_EDGE('',*,*,#4898,.T.);
#2258=ORIENTED_EDGE('',*,*,#4705,.T.);
#2259=ORIENTED_EDGE('',*,*,#4900,.F.);
#2260=ORIENTED_EDGE('',*,*,#4721,.T.);
#2261=ORIENTED_EDGE('',*,*,#4899,.T.);
#2262=ORIENTED_EDGE('',*,*,#4704,.T.);
#2263=ORIENTED_EDGE('',*,*,#4901,.F.);
#2264=ORIENTED_EDGE('',*,*,#4722,.T.);
#2265=ORIENTED_EDGE('',*,*,#4900,.T.);
#2266=ORIENTED_EDGE('',*,*,#4703,.T.);
#2267=ORIENTED_EDGE('',*,*,#4896,.F.);
#2268=ORIENTED_EDGE('',*,*,#4723,.T.);
#2269=ORIENTED_EDGE('',*,*,#4901,.T.);
#2270=ORIENTED_EDGE('',*,*,#4680,.T.);
#2271=ORIENTED_EDGE('',*,*,#4852,.T.);
#2272=ORIENTED_EDGE('',*,*,#4693,.T.);
#2273=ORIENTED_EDGE('',*,*,#4902,.T.);
#2274=ORIENTED_EDGE('',*,*,#4686,.T.);
#2275=ORIENTED_EDGE('',*,*,#4903,.F.);
#2276=ORIENTED_EDGE('',*,*,#4696,.T.);
#2277=ORIENTED_EDGE('',*,*,#4690,.T.);
#2278=ORIENTED_EDGE('',*,*,#4685,.T.);
#2279=ORIENTED_EDGE('',*,*,#4904,.F.);
#2280=ORIENTED_EDGE('',*,*,#4697,.T.);
#2281=ORIENTED_EDGE('',*,*,#4903,.T.);
#2282=ORIENTED_EDGE('',*,*,#4684,.T.);
#2283=ORIENTED_EDGE('',*,*,#4905,.F.);
#2284=ORIENTED_EDGE('',*,*,#4698,.T.);
#2285=ORIENTED_EDGE('',*,*,#4904,.T.);
#2286=ORIENTED_EDGE('',*,*,#4683,.T.);
#2287=ORIENTED_EDGE('',*,*,#4906,.F.);
#2288=ORIENTED_EDGE('',*,*,#4699,.T.);
#2289=ORIENTED_EDGE('',*,*,#4905,.T.);
#2290=ORIENTED_EDGE('',*,*,#4682,.T.);
#2291=ORIENTED_EDGE('',*,*,#4907,.F.);
#2292=ORIENTED_EDGE('',*,*,#4700,.T.);
#2293=ORIENTED_EDGE('',*,*,#4906,.T.);
#2294=ORIENTED_EDGE('',*,*,#4681,.T.);
#2295=ORIENTED_EDGE('',*,*,#4902,.F.);
#2296=ORIENTED_EDGE('',*,*,#4701,.T.);
#2297=ORIENTED_EDGE('',*,*,#4907,.T.);
#2298=ORIENTED_EDGE('',*,*,#4658,.T.);
#2299=ORIENTED_EDGE('',*,*,#4850,.T.);
#2300=ORIENTED_EDGE('',*,*,#4671,.T.);
#2301=ORIENTED_EDGE('',*,*,#4908,.T.);
#2302=ORIENTED_EDGE('',*,*,#4664,.T.);
#2303=ORIENTED_EDGE('',*,*,#4909,.F.);
#2304=ORIENTED_EDGE('',*,*,#4674,.T.);
#2305=ORIENTED_EDGE('',*,*,#4668,.T.);
#2306=ORIENTED_EDGE('',*,*,#4663,.T.);
#2307=ORIENTED_EDGE('',*,*,#4910,.F.);
#2308=ORIENTED_EDGE('',*,*,#4675,.T.);
#2309=ORIENTED_EDGE('',*,*,#4909,.T.);
#2310=ORIENTED_EDGE('',*,*,#4662,.T.);
#2311=ORIENTED_EDGE('',*,*,#4911,.F.);
#2312=ORIENTED_EDGE('',*,*,#4676,.T.);
#2313=ORIENTED_EDGE('',*,*,#4910,.T.);
#2314=ORIENTED_EDGE('',*,*,#4661,.T.);
#2315=ORIENTED_EDGE('',*,*,#4912,.F.);
#2316=ORIENTED_EDGE('',*,*,#4677,.T.);
#2317=ORIENTED_EDGE('',*,*,#4911,.T.);
#2318=ORIENTED_EDGE('',*,*,#4660,.T.);
#2319=ORIENTED_EDGE('',*,*,#4913,.F.);
#2320=ORIENTED_EDGE('',*,*,#4678,.T.);
#2321=ORIENTED_EDGE('',*,*,#4912,.T.);
#2322=ORIENTED_EDGE('',*,*,#4659,.T.);
#2323=ORIENTED_EDGE('',*,*,#4908,.F.);
#2324=ORIENTED_EDGE('',*,*,#4679,.T.);
#2325=ORIENTED_EDGE('',*,*,#4913,.T.);
#2326=ORIENTED_EDGE('',*,*,#4636,.T.);
#2327=ORIENTED_EDGE('',*,*,#4848,.T.);
#2328=ORIENTED_EDGE('',*,*,#4649,.T.);
#2329=ORIENTED_EDGE('',*,*,#4914,.T.);
#2330=ORIENTED_EDGE('',*,*,#4642,.T.);
#2331=ORIENTED_EDGE('',*,*,#4915,.F.);
#2332=ORIENTED_EDGE('',*,*,#4652,.T.);
#2333=ORIENTED_EDGE('',*,*,#4646,.T.);
#2334=ORIENTED_EDGE('',*,*,#4641,.T.);
#2335=ORIENTED_EDGE('',*,*,#4916,.F.);
#2336=ORIENTED_EDGE('',*,*,#4653,.T.);
#2337=ORIENTED_EDGE('',*,*,#4915,.T.);
#2338=ORIENTED_EDGE('',*,*,#4640,.T.);
#2339=ORIENTED_EDGE('',*,*,#4917,.F.);
#2340=ORIENTED_EDGE('',*,*,#4654,.T.);
#2341=ORIENTED_EDGE('',*,*,#4916,.T.);
#2342=ORIENTED_EDGE('',*,*,#4639,.T.);
#2343=ORIENTED_EDGE('',*,*,#4918,.F.);
#2344=ORIENTED_EDGE('',*,*,#4655,.T.);
#2345=ORIENTED_EDGE('',*,*,#4917,.T.);
#2346=ORIENTED_EDGE('',*,*,#4638,.T.);
#2347=ORIENTED_EDGE('',*,*,#4919,.F.);
#2348=ORIENTED_EDGE('',*,*,#4656,.T.);
#2349=ORIENTED_EDGE('',*,*,#4918,.T.);
#2350=ORIENTED_EDGE('',*,*,#4637,.T.);
#2351=ORIENTED_EDGE('',*,*,#4914,.F.);
#2352=ORIENTED_EDGE('',*,*,#4657,.T.);
#2353=ORIENTED_EDGE('',*,*,#4919,.T.);
#2354=ORIENTED_EDGE('',*,*,#4614,.T.);
#2355=ORIENTED_EDGE('',*,*,#4846,.T.);
#2356=ORIENTED_EDGE('',*,*,#4627,.T.);
#2357=ORIENTED_EDGE('',*,*,#4920,.T.);
#2358=ORIENTED_EDGE('',*,*,#4620,.T.);
#2359=ORIENTED_EDGE('',*,*,#4921,.F.);
#2360=ORIENTED_EDGE('',*,*,#4630,.T.);
#2361=ORIENTED_EDGE('',*,*,#4624,.T.);
#2362=ORIENTED_EDGE('',*,*,#4619,.T.);
#2363=ORIENTED_EDGE('',*,*,#4922,.F.);
#2364=ORIENTED_EDGE('',*,*,#4631,.T.);
#2365=ORIENTED_EDGE('',*,*,#4921,.T.);
#2366=ORIENTED_EDGE('',*,*,#4618,.T.);
#2367=ORIENTED_EDGE('',*,*,#4923,.F.);
#2368=ORIENTED_EDGE('',*,*,#4632,.T.);
#2369=ORIENTED_EDGE('',*,*,#4922,.T.);
#2370=ORIENTED_EDGE('',*,*,#4617,.T.);
#2371=ORIENTED_EDGE('',*,*,#4924,.F.);
#2372=ORIENTED_EDGE('',*,*,#4633,.T.);
#2373=ORIENTED_EDGE('',*,*,#4923,.T.);
#2374=ORIENTED_EDGE('',*,*,#4616,.T.);
#2375=ORIENTED_EDGE('',*,*,#4925,.F.);
#2376=ORIENTED_EDGE('',*,*,#4634,.T.);
#2377=ORIENTED_EDGE('',*,*,#4924,.T.);
#2378=ORIENTED_EDGE('',*,*,#4615,.T.);
#2379=ORIENTED_EDGE('',*,*,#4920,.F.);
#2380=ORIENTED_EDGE('',*,*,#4635,.T.);
#2381=ORIENTED_EDGE('',*,*,#4925,.T.);
#2382=ORIENTED_EDGE('',*,*,#4592,.T.);
#2383=ORIENTED_EDGE('',*,*,#4844,.T.);
#2384=ORIENTED_EDGE('',*,*,#4605,.T.);
#2385=ORIENTED_EDGE('',*,*,#4926,.T.);
#2386=ORIENTED_EDGE('',*,*,#4598,.T.);
#2387=ORIENTED_EDGE('',*,*,#4927,.F.);
#2388=ORIENTED_EDGE('',*,*,#4608,.T.);
#2389=ORIENTED_EDGE('',*,*,#4602,.T.);
#2390=ORIENTED_EDGE('',*,*,#4597,.T.);
#2391=ORIENTED_EDGE('',*,*,#4928,.F.);
#2392=ORIENTED_EDGE('',*,*,#4609,.T.);
#2393=ORIENTED_EDGE('',*,*,#4927,.T.);
#2394=ORIENTED_EDGE('',*,*,#4596,.T.);
#2395=ORIENTED_EDGE('',*,*,#4929,.F.);
#2396=ORIENTED_EDGE('',*,*,#4610,.T.);
#2397=ORIENTED_EDGE('',*,*,#4928,.T.);
#2398=ORIENTED_EDGE('',*,*,#4595,.T.);
#2399=ORIENTED_EDGE('',*,*,#4930,.F.);
#2400=ORIENTED_EDGE('',*,*,#4611,.T.);
#2401=ORIENTED_EDGE('',*,*,#4929,.T.);
#2402=ORIENTED_EDGE('',*,*,#4594,.T.);
#2403=ORIENTED_EDGE('',*,*,#4931,.F.);
#2404=ORIENTED_EDGE('',*,*,#4612,.T.);
#2405=ORIENTED_EDGE('',*,*,#4930,.T.);
#2406=ORIENTED_EDGE('',*,*,#4593,.T.);
#2407=ORIENTED_EDGE('',*,*,#4926,.F.);
#2408=ORIENTED_EDGE('',*,*,#4613,.T.);
#2409=ORIENTED_EDGE('',*,*,#4931,.T.);
#2410=ORIENTED_EDGE('',*,*,#4570,.T.);
#2411=ORIENTED_EDGE('',*,*,#4842,.T.);
#2412=ORIENTED_EDGE('',*,*,#4583,.T.);
#2413=ORIENTED_EDGE('',*,*,#4932,.T.);
#2414=ORIENTED_EDGE('',*,*,#4576,.T.);
#2415=ORIENTED_EDGE('',*,*,#4933,.F.);
#2416=ORIENTED_EDGE('',*,*,#4586,.T.);
#2417=ORIENTED_EDGE('',*,*,#4580,.T.);
#2418=ORIENTED_EDGE('',*,*,#4575,.T.);
#2419=ORIENTED_EDGE('',*,*,#4934,.F.);
#2420=ORIENTED_EDGE('',*,*,#4587,.T.);
#2421=ORIENTED_EDGE('',*,*,#4933,.T.);
#2422=ORIENTED_EDGE('',*,*,#4574,.T.);
#2423=ORIENTED_EDGE('',*,*,#4935,.F.);
#2424=ORIENTED_EDGE('',*,*,#4588,.T.);
#2425=ORIENTED_EDGE('',*,*,#4934,.T.);
#2426=ORIENTED_EDGE('',*,*,#4573,.T.);
#2427=ORIENTED_EDGE('',*,*,#4936,.F.);
#2428=ORIENTED_EDGE('',*,*,#4589,.T.);
#2429=ORIENTED_EDGE('',*,*,#4935,.T.);
#2430=ORIENTED_EDGE('',*,*,#4572,.T.);
#2431=ORIENTED_EDGE('',*,*,#4937,.F.);
#2432=ORIENTED_EDGE('',*,*,#4590,.T.);
#2433=ORIENTED_EDGE('',*,*,#4936,.T.);
#2434=ORIENTED_EDGE('',*,*,#4571,.T.);
#2435=ORIENTED_EDGE('',*,*,#4932,.F.);
#2436=ORIENTED_EDGE('',*,*,#4591,.T.);
#2437=ORIENTED_EDGE('',*,*,#4937,.T.);
#2438=ORIENTED_EDGE('',*,*,#4548,.T.);
#2439=ORIENTED_EDGE('',*,*,#4840,.T.);
#2440=ORIENTED_EDGE('',*,*,#4561,.T.);
#2441=ORIENTED_EDGE('',*,*,#4938,.T.);
#2442=ORIENTED_EDGE('',*,*,#4554,.T.);
#2443=ORIENTED_EDGE('',*,*,#4939,.F.);
#2444=ORIENTED_EDGE('',*,*,#4564,.T.);
#2445=ORIENTED_EDGE('',*,*,#4558,.T.);
#2446=ORIENTED_EDGE('',*,*,#4553,.T.);
#2447=ORIENTED_EDGE('',*,*,#4940,.F.);
#2448=ORIENTED_EDGE('',*,*,#4565,.T.);
#2449=ORIENTED_EDGE('',*,*,#4939,.T.);
#2450=ORIENTED_EDGE('',*,*,#4552,.T.);
#2451=ORIENTED_EDGE('',*,*,#4941,.F.);
#2452=ORIENTED_EDGE('',*,*,#4566,.T.);
#2453=ORIENTED_EDGE('',*,*,#4940,.T.);
#2454=ORIENTED_EDGE('',*,*,#4551,.T.);
#2455=ORIENTED_EDGE('',*,*,#4942,.F.);
#2456=ORIENTED_EDGE('',*,*,#4567,.T.);
#2457=ORIENTED_EDGE('',*,*,#4941,.T.);
#2458=ORIENTED_EDGE('',*,*,#4550,.T.);
#2459=ORIENTED_EDGE('',*,*,#4943,.F.);
#2460=ORIENTED_EDGE('',*,*,#4568,.T.);
#2461=ORIENTED_EDGE('',*,*,#4942,.T.);
#2462=ORIENTED_EDGE('',*,*,#4549,.T.);
#2463=ORIENTED_EDGE('',*,*,#4938,.F.);
#2464=ORIENTED_EDGE('',*,*,#4569,.T.);
#2465=ORIENTED_EDGE('',*,*,#4943,.T.);
#2466=ORIENTED_EDGE('',*,*,#4526,.T.);
#2467=ORIENTED_EDGE('',*,*,#4838,.T.);
#2468=ORIENTED_EDGE('',*,*,#4539,.T.);
#2469=ORIENTED_EDGE('',*,*,#4944,.T.);
#2470=ORIENTED_EDGE('',*,*,#4532,.T.);
#2471=ORIENTED_EDGE('',*,*,#4945,.F.);
#2472=ORIENTED_EDGE('',*,*,#4542,.T.);
#2473=ORIENTED_EDGE('',*,*,#4536,.T.);
#2474=ORIENTED_EDGE('',*,*,#4531,.T.);
#2475=ORIENTED_EDGE('',*,*,#4946,.F.);
#2476=ORIENTED_EDGE('',*,*,#4543,.T.);
#2477=ORIENTED_EDGE('',*,*,#4945,.T.);
#2478=ORIENTED_EDGE('',*,*,#4530,.T.);
#2479=ORIENTED_EDGE('',*,*,#4947,.F.);
#2480=ORIENTED_EDGE('',*,*,#4544,.T.);
#2481=ORIENTED_EDGE('',*,*,#4946,.T.);
#2482=ORIENTED_EDGE('',*,*,#4529,.T.);
#2483=ORIENTED_EDGE('',*,*,#4948,.F.);
#2484=ORIENTED_EDGE('',*,*,#4545,.T.);
#2485=ORIENTED_EDGE('',*,*,#4947,.T.);
#2486=ORIENTED_EDGE('',*,*,#4528,.T.);
#2487=ORIENTED_EDGE('',*,*,#4949,.F.);
#2488=ORIENTED_EDGE('',*,*,#4546,.T.);
#2489=ORIENTED_EDGE('',*,*,#4948,.T.);
#2490=ORIENTED_EDGE('',*,*,#4527,.T.);
#2491=ORIENTED_EDGE('',*,*,#4944,.F.);
#2492=ORIENTED_EDGE('',*,*,#4547,.T.);
#2493=ORIENTED_EDGE('',*,*,#4949,.T.);
#2494=ORIENTED_EDGE('',*,*,#4504,.T.);
#2495=ORIENTED_EDGE('',*,*,#4836,.T.);
#2496=ORIENTED_EDGE('',*,*,#4517,.T.);
#2497=ORIENTED_EDGE('',*,*,#4950,.T.);
#2498=ORIENTED_EDGE('',*,*,#4510,.T.);
#2499=ORIENTED_EDGE('',*,*,#4951,.F.);
#2500=ORIENTED_EDGE('',*,*,#4520,.T.);
#2501=ORIENTED_EDGE('',*,*,#4514,.T.);
#2502=ORIENTED_EDGE('',*,*,#4509,.T.);
#2503=ORIENTED_EDGE('',*,*,#4952,.F.);
#2504=ORIENTED_EDGE('',*,*,#4521,.T.);
#2505=ORIENTED_EDGE('',*,*,#4951,.T.);
#2506=ORIENTED_EDGE('',*,*,#4508,.T.);
#2507=ORIENTED_EDGE('',*,*,#4953,.F.);
#2508=ORIENTED_EDGE('',*,*,#4522,.T.);
#2509=ORIENTED_EDGE('',*,*,#4952,.T.);
#2510=ORIENTED_EDGE('',*,*,#4507,.T.);
#2511=ORIENTED_EDGE('',*,*,#4954,.F.);
#2512=ORIENTED_EDGE('',*,*,#4523,.T.);
#2513=ORIENTED_EDGE('',*,*,#4953,.T.);
#2514=ORIENTED_EDGE('',*,*,#4506,.T.);
#2515=ORIENTED_EDGE('',*,*,#4955,.F.);
#2516=ORIENTED_EDGE('',*,*,#4524,.T.);
#2517=ORIENTED_EDGE('',*,*,#4954,.T.);
#2518=ORIENTED_EDGE('',*,*,#4505,.T.);
#2519=ORIENTED_EDGE('',*,*,#4950,.F.);
#2520=ORIENTED_EDGE('',*,*,#4525,.T.);
#2521=ORIENTED_EDGE('',*,*,#4955,.T.);
#2522=ORIENTED_EDGE('',*,*,#4483,.T.);
#2523=ORIENTED_EDGE('',*,*,#4956,.F.);
#2524=ORIENTED_EDGE('',*,*,#4503,.T.);
#2525=ORIENTED_EDGE('',*,*,#4957,.T.);
#2526=ORIENTED_EDGE('',*,*,#4484,.T.);
#2527=ORIENTED_EDGE('',*,*,#4957,.F.);
#2528=ORIENTED_EDGE('',*,*,#4502,.T.);
#2529=ORIENTED_EDGE('',*,*,#4958,.T.);
#2530=ORIENTED_EDGE('',*,*,#4485,.T.);
#2531=ORIENTED_EDGE('',*,*,#4958,.F.);
#2532=ORIENTED_EDGE('',*,*,#4501,.T.);
#2533=ORIENTED_EDGE('',*,*,#4959,.T.);
#2534=ORIENTED_EDGE('',*,*,#4486,.T.);
#2535=ORIENTED_EDGE('',*,*,#4959,.F.);
#2536=ORIENTED_EDGE('',*,*,#4500,.T.);
#2537=ORIENTED_EDGE('',*,*,#4960,.T.);
#2538=ORIENTED_EDGE('',*,*,#4487,.T.);
#2539=ORIENTED_EDGE('',*,*,#4960,.F.);
#2540=ORIENTED_EDGE('',*,*,#4499,.T.);
#2541=ORIENTED_EDGE('',*,*,#4961,.T.);
#2542=ORIENTED_EDGE('',*,*,#4488,.T.);
#2543=ORIENTED_EDGE('',*,*,#4961,.F.);
#2544=ORIENTED_EDGE('',*,*,#4498,.T.);
#2545=ORIENTED_EDGE('',*,*,#4492,.T.);
#2546=ORIENTED_EDGE('',*,*,#4482,.T.);
#2547=ORIENTED_EDGE('',*,*,#4834,.T.);
#2548=ORIENTED_EDGE('',*,*,#4495,.T.);
#2549=ORIENTED_EDGE('',*,*,#4956,.T.);
#2550=ORIENTED_EDGE('',*,*,#4470,.T.);
#2551=ORIENTED_EDGE('',*,*,#4480,.T.);
#2552=ORIENTED_EDGE('',*,*,#4477,.T.);
#2553=ORIENTED_EDGE('',*,*,#4474,.T.);
#2554=ORIENTED_EDGE('',*,*,#4962,.F.);
#2555=ORIENTED_EDGE('',*,*,#4963,.F.);
#2556=ORIENTED_EDGE('',*,*,#4964,.F.);
#2557=ORIENTED_EDGE('',*,*,#4965,.F.);
#2558=ORIENTED_EDGE('',*,*,#4966,.F.);
#2559=ORIENTED_EDGE('',*,*,#4967,.F.);
#2560=ORIENTED_EDGE('',*,*,#4968,.F.);
#2561=ORIENTED_EDGE('',*,*,#4969,.F.);
#2562=ORIENTED_EDGE('',*,*,#4970,.F.);
#2563=ORIENTED_EDGE('',*,*,#4971,.F.);
#2564=ORIENTED_EDGE('',*,*,#4972,.F.);
#2565=ORIENTED_EDGE('',*,*,#4973,.F.);
#2566=ORIENTED_EDGE('',*,*,#4974,.F.);
#2567=ORIENTED_EDGE('',*,*,#4975,.F.);
#2568=ORIENTED_EDGE('',*,*,#4976,.F.);
#2569=ORIENTED_EDGE('',*,*,#4977,.F.);
#2570=ORIENTED_EDGE('',*,*,#4978,.F.);
#2571=ORIENTED_EDGE('',*,*,#4979,.F.);
#2572=ORIENTED_EDGE('',*,*,#4980,.F.);
#2573=ORIENTED_EDGE('',*,*,#4981,.F.);
#2574=ORIENTED_EDGE('',*,*,#4982,.F.);
#2575=ORIENTED_EDGE('',*,*,#4983,.F.);
#2576=ORIENTED_EDGE('',*,*,#4984,.F.);
#2577=ORIENTED_EDGE('',*,*,#4985,.F.);
#2578=ORIENTED_EDGE('',*,*,#4986,.F.);
#2579=ORIENTED_EDGE('',*,*,#4987,.F.);
#2580=ORIENTED_EDGE('',*,*,#4988,.F.);
#2581=ORIENTED_EDGE('',*,*,#4989,.F.);
#2582=ORIENTED_EDGE('',*,*,#4990,.F.);
#2583=ORIENTED_EDGE('',*,*,#4991,.F.);
#2584=ORIENTED_EDGE('',*,*,#4992,.F.);
#2585=ORIENTED_EDGE('',*,*,#4993,.F.);
#2586=ORIENTED_EDGE('',*,*,#4994,.T.);
#2587=ORIENTED_EDGE('',*,*,#4995,.F.);
#2588=ORIENTED_EDGE('',*,*,#4996,.T.);
#2589=ORIENTED_EDGE('',*,*,#4997,.T.);
#2590=ORIENTED_EDGE('',*,*,#4998,.T.);
#2591=ORIENTED_EDGE('',*,*,#4999,.F.);
#2592=ORIENTED_EDGE('',*,*,#5000,.T.);
#2593=ORIENTED_EDGE('',*,*,#5001,.T.);
#2594=ORIENTED_EDGE('',*,*,#5002,.T.);
#2595=ORIENTED_EDGE('',*,*,#5003,.F.);
#2596=ORIENTED_EDGE('',*,*,#5004,.T.);
#2597=ORIENTED_EDGE('',*,*,#5005,.T.);
#2598=ORIENTED_EDGE('',*,*,#5006,.T.);
#2599=ORIENTED_EDGE('',*,*,#5007,.F.);
#2600=ORIENTED_EDGE('',*,*,#5008,.T.);
#2601=ORIENTED_EDGE('',*,*,#5009,.T.);
#2602=ORIENTED_EDGE('',*,*,#5010,.T.);
#2603=ORIENTED_EDGE('',*,*,#5011,.F.);
#2604=ORIENTED_EDGE('',*,*,#5012,.T.);
#2605=ORIENTED_EDGE('',*,*,#5013,.T.);
#2606=ORIENTED_EDGE('',*,*,#5014,.T.);
#2607=ORIENTED_EDGE('',*,*,#5015,.F.);
#2608=ORIENTED_EDGE('',*,*,#5016,.T.);
#2609=ORIENTED_EDGE('',*,*,#5017,.T.);
#2610=ORIENTED_EDGE('',*,*,#5018,.T.);
#2611=ORIENTED_EDGE('',*,*,#5019,.F.);
#2612=ORIENTED_EDGE('',*,*,#5020,.T.);
#2613=ORIENTED_EDGE('',*,*,#5021,.T.);
#2614=ORIENTED_EDGE('',*,*,#5022,.T.);
#2615=ORIENTED_EDGE('',*,*,#5023,.F.);
#2616=ORIENTED_EDGE('',*,*,#5024,.T.);
#2617=ORIENTED_EDGE('',*,*,#5025,.T.);
#2618=ORIENTED_EDGE('',*,*,#5026,.T.);
#2619=ORIENTED_EDGE('',*,*,#5027,.F.);
#2620=ORIENTED_EDGE('',*,*,#5028,.T.);
#2621=ORIENTED_EDGE('',*,*,#5029,.T.);
#2622=ORIENTED_EDGE('',*,*,#5030,.T.);
#2623=ORIENTED_EDGE('',*,*,#5031,.F.);
#2624=ORIENTED_EDGE('',*,*,#5032,.T.);
#2625=ORIENTED_EDGE('',*,*,#5033,.T.);
#2626=ORIENTED_EDGE('',*,*,#5034,.T.);
#2627=ORIENTED_EDGE('',*,*,#5035,.F.);
#2628=ORIENTED_EDGE('',*,*,#5036,.F.);
#2629=ORIENTED_EDGE('',*,*,#5037,.F.);
#2630=ORIENTED_EDGE('',*,*,#5038,.T.);
#2631=ORIENTED_EDGE('',*,*,#5039,.T.);
#2632=ORIENTED_EDGE('',*,*,#5040,.T.);
#2633=ORIENTED_EDGE('',*,*,#5041,.F.);
#2634=ORIENTED_EDGE('',*,*,#5042,.T.);
#2635=ORIENTED_EDGE('',*,*,#5043,.T.);
#2636=ORIENTED_EDGE('',*,*,#5044,.T.);
#2637=ORIENTED_EDGE('',*,*,#5045,.F.);
#2638=ORIENTED_EDGE('',*,*,#5046,.T.);
#2639=ORIENTED_EDGE('',*,*,#5047,.T.);
#2640=ORIENTED_EDGE('',*,*,#5048,.T.);
#2641=ORIENTED_EDGE('',*,*,#5049,.F.);
#2642=ORIENTED_EDGE('',*,*,#5050,.T.);
#2643=ORIENTED_EDGE('',*,*,#5051,.T.);
#2644=ORIENTED_EDGE('',*,*,#5052,.T.);
#2645=ORIENTED_EDGE('',*,*,#5053,.F.);
#2646=ORIENTED_EDGE('',*,*,#5054,.T.);
#2647=ORIENTED_EDGE('',*,*,#5055,.T.);
#2648=ORIENTED_EDGE('',*,*,#5056,.T.);
#2649=ORIENTED_EDGE('',*,*,#5057,.F.);
#2650=ORIENTED_EDGE('',*,*,#5058,.T.);
#2651=ORIENTED_EDGE('',*,*,#5059,.T.);
#2652=ORIENTED_EDGE('',*,*,#5060,.T.);
#2653=ORIENTED_EDGE('',*,*,#5061,.F.);
#2654=ORIENTED_EDGE('',*,*,#5062,.T.);
#2655=ORIENTED_EDGE('',*,*,#5063,.T.);
#2656=ORIENTED_EDGE('',*,*,#5064,.T.);
#2657=ORIENTED_EDGE('',*,*,#5065,.F.);
#2658=ORIENTED_EDGE('',*,*,#5066,.T.);
#2659=ORIENTED_EDGE('',*,*,#5067,.T.);
#2660=ORIENTED_EDGE('',*,*,#5068,.T.);
#2661=ORIENTED_EDGE('',*,*,#5069,.F.);
#2662=ORIENTED_EDGE('',*,*,#5070,.T.);
#2663=ORIENTED_EDGE('',*,*,#5071,.T.);
#2664=ORIENTED_EDGE('',*,*,#5072,.T.);
#2665=ORIENTED_EDGE('',*,*,#5073,.F.);
#2666=ORIENTED_EDGE('',*,*,#5074,.T.);
#2667=ORIENTED_EDGE('',*,*,#5075,.T.);
#2668=ORIENTED_EDGE('',*,*,#5076,.T.);
#2669=ORIENTED_EDGE('',*,*,#5077,.F.);
#2670=ORIENTED_EDGE('',*,*,#5078,.T.);
#2671=ORIENTED_EDGE('',*,*,#5079,.T.);
#2672=ORIENTED_EDGE('',*,*,#5080,.T.);
#2673=ORIENTED_EDGE('',*,*,#5081,.F.);
#2674=ORIENTED_EDGE('',*,*,#5082,.T.);
#2675=ORIENTED_EDGE('',*,*,#5083,.T.);
#2676=ORIENTED_EDGE('',*,*,#5084,.T.);
#2677=ORIENTED_EDGE('',*,*,#5085,.F.);
#2678=ORIENTED_EDGE('',*,*,#5086,.T.);
#2679=ORIENTED_EDGE('',*,*,#5087,.T.);
#2680=ORIENTED_EDGE('',*,*,#5088,.T.);
#2681=ORIENTED_EDGE('',*,*,#5089,.F.);
#2682=ORIENTED_EDGE('',*,*,#5090,.T.);
#2683=ORIENTED_EDGE('',*,*,#5091,.T.);
#2684=ORIENTED_EDGE('',*,*,#5092,.T.);
#2685=ORIENTED_EDGE('',*,*,#5093,.F.);
#2686=ORIENTED_EDGE('',*,*,#5094,.T.);
#2687=ORIENTED_EDGE('',*,*,#5095,.T.);
#2688=ORIENTED_EDGE('',*,*,#5096,.T.);
#2689=ORIENTED_EDGE('',*,*,#5097,.F.);
#2690=ORIENTED_EDGE('',*,*,#5098,.T.);
#2691=ORIENTED_EDGE('',*,*,#5099,.T.);
#2692=ORIENTED_EDGE('',*,*,#5100,.T.);
#2693=ORIENTED_EDGE('',*,*,#5101,.F.);
#2694=ORIENTED_EDGE('',*,*,#5102,.F.);
#2695=ORIENTED_EDGE('',*,*,#5103,.F.);
#2696=ORIENTED_EDGE('',*,*,#5104,.T.);
#2697=ORIENTED_EDGE('',*,*,#5105,.T.);
#2698=ORIENTED_EDGE('',*,*,#5106,.T.);
#2699=ORIENTED_EDGE('',*,*,#5107,.F.);
#2700=ORIENTED_EDGE('',*,*,#5108,.T.);
#2701=ORIENTED_EDGE('',*,*,#5109,.T.);
#2702=ORIENTED_EDGE('',*,*,#5110,.T.);
#2703=ORIENTED_EDGE('',*,*,#5111,.F.);
#2704=ORIENTED_EDGE('',*,*,#5112,.T.);
#2705=ORIENTED_EDGE('',*,*,#5113,.T.);
#2706=ORIENTED_EDGE('',*,*,#5114,.T.);
#2707=ORIENTED_EDGE('',*,*,#5115,.F.);
#2708=ORIENTED_EDGE('',*,*,#5116,.T.);
#2709=ORIENTED_EDGE('',*,*,#5117,.T.);
#2710=ORIENTED_EDGE('',*,*,#5118,.T.);
#2711=ORIENTED_EDGE('',*,*,#5119,.F.);
#2712=ORIENTED_EDGE('',*,*,#5120,.T.);
#2713=ORIENTED_EDGE('',*,*,#5121,.T.);
#2714=ORIENTED_EDGE('',*,*,#5122,.T.);
#2715=ORIENTED_EDGE('',*,*,#5123,.F.);
#2716=ORIENTED_EDGE('',*,*,#5124,.T.);
#2717=ORIENTED_EDGE('',*,*,#5125,.T.);
#2718=ORIENTED_EDGE('',*,*,#5126,.F.);
#2719=ORIENTED_EDGE('',*,*,#5127,.F.);
#2720=ORIENTED_EDGE('',*,*,#5128,.F.);
#2721=ORIENTED_EDGE('',*,*,#5129,.F.);
#2722=ORIENTED_EDGE('',*,*,#5130,.F.);
#2723=ORIENTED_EDGE('',*,*,#5131,.F.);
#2724=ORIENTED_EDGE('',*,*,#5132,.F.);
#2725=ORIENTED_EDGE('',*,*,#5133,.F.);
#2726=ORIENTED_EDGE('',*,*,#5134,.F.);
#2727=ORIENTED_EDGE('',*,*,#5135,.F.);
#2728=ORIENTED_EDGE('',*,*,#5136,.F.);
#2729=ORIENTED_EDGE('',*,*,#5137,.F.);
#2730=ORIENTED_EDGE('',*,*,#5138,.F.);
#2731=ORIENTED_EDGE('',*,*,#5139,.F.);
#2732=ORIENTED_EDGE('',*,*,#5140,.F.);
#2733=ORIENTED_EDGE('',*,*,#5141,.F.);
#2734=ORIENTED_EDGE('',*,*,#5142,.F.);
#2735=ORIENTED_EDGE('',*,*,#5143,.F.);
#2736=ORIENTED_EDGE('',*,*,#5144,.F.);
#2737=ORIENTED_EDGE('',*,*,#5145,.F.);
#2738=ORIENTED_EDGE('',*,*,#5146,.F.);
#2739=ORIENTED_EDGE('',*,*,#5147,.F.);
#2740=ORIENTED_EDGE('',*,*,#5148,.F.);
#2741=ORIENTED_EDGE('',*,*,#5149,.F.);
#2742=ORIENTED_EDGE('',*,*,#5150,.F.);
#2743=ORIENTED_EDGE('',*,*,#5151,.F.);
#2744=ORIENTED_EDGE('',*,*,#5152,.F.);
#2745=ORIENTED_EDGE('',*,*,#5153,.F.);
#2746=ORIENTED_EDGE('',*,*,#5154,.F.);
#2747=ORIENTED_EDGE('',*,*,#5155,.F.);
#2748=ORIENTED_EDGE('',*,*,#5156,.F.);
#2749=ORIENTED_EDGE('',*,*,#5157,.F.);
#2750=ORIENTED_EDGE('',*,*,#5101,.T.);
#2751=ORIENTED_EDGE('',*,*,#5158,.T.);
#2752=ORIENTED_EDGE('',*,*,#5159,.T.);
#2753=ORIENTED_EDGE('',*,*,#5160,.F.);
#2754=ORIENTED_EDGE('',*,*,#5097,.T.);
#2755=ORIENTED_EDGE('',*,*,#5161,.T.);
#2756=ORIENTED_EDGE('',*,*,#5162,.T.);
#2757=ORIENTED_EDGE('',*,*,#5163,.F.);
#2758=ORIENTED_EDGE('',*,*,#5093,.T.);
#2759=ORIENTED_EDGE('',*,*,#5164,.T.);
#2760=ORIENTED_EDGE('',*,*,#5165,.T.);
#2761=ORIENTED_EDGE('',*,*,#5166,.F.);
#2762=ORIENTED_EDGE('',*,*,#5089,.T.);
#2763=ORIENTED_EDGE('',*,*,#5167,.T.);
#2764=ORIENTED_EDGE('',*,*,#5168,.T.);
#2765=ORIENTED_EDGE('',*,*,#5169,.F.);
#2766=ORIENTED_EDGE('',*,*,#5085,.T.);
#2767=ORIENTED_EDGE('',*,*,#5170,.T.);
#2768=ORIENTED_EDGE('',*,*,#5171,.T.);
#2769=ORIENTED_EDGE('',*,*,#5172,.F.);
#2770=ORIENTED_EDGE('',*,*,#5081,.T.);
#2771=ORIENTED_EDGE('',*,*,#5173,.T.);
#2772=ORIENTED_EDGE('',*,*,#5174,.T.);
#2773=ORIENTED_EDGE('',*,*,#5175,.F.);
#2774=ORIENTED_EDGE('',*,*,#5077,.T.);
#2775=ORIENTED_EDGE('',*,*,#5176,.T.);
#2776=ORIENTED_EDGE('',*,*,#5177,.T.);
#2777=ORIENTED_EDGE('',*,*,#5178,.F.);
#2778=ORIENTED_EDGE('',*,*,#5073,.T.);
#2779=ORIENTED_EDGE('',*,*,#5179,.T.);
#2780=ORIENTED_EDGE('',*,*,#5180,.T.);
#2781=ORIENTED_EDGE('',*,*,#5181,.F.);
#2782=ORIENTED_EDGE('',*,*,#5069,.T.);
#2783=ORIENTED_EDGE('',*,*,#5182,.T.);
#2784=ORIENTED_EDGE('',*,*,#5183,.T.);
#2785=ORIENTED_EDGE('',*,*,#5184,.F.);
#2786=ORIENTED_EDGE('',*,*,#5065,.T.);
#2787=ORIENTED_EDGE('',*,*,#5185,.T.);
#2788=ORIENTED_EDGE('',*,*,#5186,.T.);
#2789=ORIENTED_EDGE('',*,*,#5187,.F.);
#2790=ORIENTED_EDGE('',*,*,#5061,.T.);
#2791=ORIENTED_EDGE('',*,*,#5188,.T.);
#2792=ORIENTED_EDGE('',*,*,#5189,.T.);
#2793=ORIENTED_EDGE('',*,*,#5190,.F.);
#2794=ORIENTED_EDGE('',*,*,#5057,.T.);
#2795=ORIENTED_EDGE('',*,*,#5191,.T.);
#2796=ORIENTED_EDGE('',*,*,#5192,.T.);
#2797=ORIENTED_EDGE('',*,*,#5193,.F.);
#2798=ORIENTED_EDGE('',*,*,#5053,.T.);
#2799=ORIENTED_EDGE('',*,*,#5194,.T.);
#2800=ORIENTED_EDGE('',*,*,#5195,.T.);
#2801=ORIENTED_EDGE('',*,*,#5196,.F.);
#2802=ORIENTED_EDGE('',*,*,#5049,.T.);
#2803=ORIENTED_EDGE('',*,*,#5197,.T.);
#2804=ORIENTED_EDGE('',*,*,#5198,.T.);
#2805=ORIENTED_EDGE('',*,*,#5199,.F.);
#2806=ORIENTED_EDGE('',*,*,#5045,.T.);
#2807=ORIENTED_EDGE('',*,*,#5200,.T.);
#2808=ORIENTED_EDGE('',*,*,#5201,.T.);
#2809=ORIENTED_EDGE('',*,*,#5202,.F.);
#2810=ORIENTED_EDGE('',*,*,#5041,.T.);
#2811=ORIENTED_EDGE('',*,*,#5203,.T.);
#2812=ORIENTED_EDGE('',*,*,#5204,.T.);
#2813=ORIENTED_EDGE('',*,*,#5205,.F.);
#2814=ORIENTED_EDGE('',*,*,#5037,.T.);
#2815=ORIENTED_EDGE('',*,*,#5206,.F.);
#2816=ORIENTED_EDGE('',*,*,#5207,.F.);
#2817=ORIENTED_EDGE('',*,*,#5208,.T.);
#2818=ORIENTED_EDGE('',*,*,#5036,.T.);
#2819=ORIENTED_EDGE('',*,*,#5209,.F.);
#2820=ORIENTED_EDGE('',*,*,#5210,.F.);
#2821=ORIENTED_EDGE('',*,*,#5206,.T.);
#2822=ORIENTED_EDGE('',*,*,#5035,.T.);
#2823=ORIENTED_EDGE('',*,*,#5211,.T.);
#2824=ORIENTED_EDGE('',*,*,#5212,.T.);
#2825=ORIENTED_EDGE('',*,*,#5213,.F.);
#2826=ORIENTED_EDGE('',*,*,#5031,.T.);
#2827=ORIENTED_EDGE('',*,*,#5214,.T.);
#2828=ORIENTED_EDGE('',*,*,#5215,.T.);
#2829=ORIENTED_EDGE('',*,*,#5216,.F.);
#2830=ORIENTED_EDGE('',*,*,#5027,.T.);
#2831=ORIENTED_EDGE('',*,*,#5217,.T.);
#2832=ORIENTED_EDGE('',*,*,#5218,.T.);
#2833=ORIENTED_EDGE('',*,*,#5219,.F.);
#2834=ORIENTED_EDGE('',*,*,#5023,.T.);
#2835=ORIENTED_EDGE('',*,*,#5220,.T.);
#2836=ORIENTED_EDGE('',*,*,#5221,.T.);
#2837=ORIENTED_EDGE('',*,*,#5222,.F.);
#2838=ORIENTED_EDGE('',*,*,#5019,.T.);
#2839=ORIENTED_EDGE('',*,*,#5223,.T.);
#2840=ORIENTED_EDGE('',*,*,#5224,.T.);
#2841=ORIENTED_EDGE('',*,*,#5225,.F.);
#2842=ORIENTED_EDGE('',*,*,#5015,.T.);
#2843=ORIENTED_EDGE('',*,*,#5226,.T.);
#2844=ORIENTED_EDGE('',*,*,#5227,.T.);
#2845=ORIENTED_EDGE('',*,*,#5228,.F.);
#2846=ORIENTED_EDGE('',*,*,#5011,.T.);
#2847=ORIENTED_EDGE('',*,*,#5229,.T.);
#2848=ORIENTED_EDGE('',*,*,#5230,.T.);
#2849=ORIENTED_EDGE('',*,*,#5231,.F.);
#2850=ORIENTED_EDGE('',*,*,#5007,.T.);
#2851=ORIENTED_EDGE('',*,*,#5232,.T.);
#2852=ORIENTED_EDGE('',*,*,#5233,.T.);
#2853=ORIENTED_EDGE('',*,*,#5234,.F.);
#2854=ORIENTED_EDGE('',*,*,#5003,.T.);
#2855=ORIENTED_EDGE('',*,*,#5235,.T.);
#2856=ORIENTED_EDGE('',*,*,#5236,.T.);
#2857=ORIENTED_EDGE('',*,*,#5237,.F.);
#2858=ORIENTED_EDGE('',*,*,#4999,.T.);
#2859=ORIENTED_EDGE('',*,*,#5238,.T.);
#2860=ORIENTED_EDGE('',*,*,#5239,.T.);
#2861=ORIENTED_EDGE('',*,*,#5240,.F.);
#2862=ORIENTED_EDGE('',*,*,#4995,.T.);
#2863=ORIENTED_EDGE('',*,*,#5241,.T.);
#2864=ORIENTED_EDGE('',*,*,#5242,.T.);
#2865=ORIENTED_EDGE('',*,*,#5243,.F.);
#2866=ORIENTED_EDGE('',*,*,#5123,.T.);
#2867=ORIENTED_EDGE('',*,*,#5244,.T.);
#2868=ORIENTED_EDGE('',*,*,#5245,.T.);
#2869=ORIENTED_EDGE('',*,*,#5246,.F.);
#2870=ORIENTED_EDGE('',*,*,#5119,.T.);
#2871=ORIENTED_EDGE('',*,*,#5247,.T.);
#2872=ORIENTED_EDGE('',*,*,#5248,.T.);
#2873=ORIENTED_EDGE('',*,*,#5249,.F.);
#2874=ORIENTED_EDGE('',*,*,#5115,.T.);
#2875=ORIENTED_EDGE('',*,*,#5250,.T.);
#2876=ORIENTED_EDGE('',*,*,#5251,.T.);
#2877=ORIENTED_EDGE('',*,*,#5252,.F.);
#2878=ORIENTED_EDGE('',*,*,#5111,.T.);
#2879=ORIENTED_EDGE('',*,*,#5253,.T.);
#2880=ORIENTED_EDGE('',*,*,#5254,.T.);
#2881=ORIENTED_EDGE('',*,*,#5255,.F.);
#2882=ORIENTED_EDGE('',*,*,#5107,.T.);
#2883=ORIENTED_EDGE('',*,*,#5256,.T.);
#2884=ORIENTED_EDGE('',*,*,#5257,.T.);
#2885=ORIENTED_EDGE('',*,*,#5258,.F.);
#2886=ORIENTED_EDGE('',*,*,#5103,.T.);
#2887=ORIENTED_EDGE('',*,*,#5259,.F.);
#2888=ORIENTED_EDGE('',*,*,#5260,.F.);
#2889=ORIENTED_EDGE('',*,*,#5209,.T.);
#2890=ORIENTED_EDGE('',*,*,#5102,.T.);
#2891=ORIENTED_EDGE('',*,*,#5208,.F.);
#2892=ORIENTED_EDGE('',*,*,#5261,.F.);
#2893=ORIENTED_EDGE('',*,*,#5259,.T.);
#2894=ORIENTED_EDGE('',*,*,#5207,.T.);
#2895=ORIENTED_EDGE('',*,*,#5210,.T.);
#2896=ORIENTED_EDGE('',*,*,#5260,.T.);
#2897=ORIENTED_EDGE('',*,*,#5261,.T.);
#2898=ORIENTED_EDGE('',*,*,#5262,.T.);
#2899=ORIENTED_EDGE('',*,*,#5263,.F.);
#2900=ORIENTED_EDGE('',*,*,#5033,.F.);
#2901=ORIENTED_EDGE('',*,*,#5264,.T.);
#2902=ORIENTED_EDGE('',*,*,#5265,.T.);
#2903=ORIENTED_EDGE('',*,*,#5211,.F.);
#2904=ORIENTED_EDGE('',*,*,#5034,.F.);
#2905=ORIENTED_EDGE('',*,*,#5263,.T.);
#2906=ORIENTED_EDGE('',*,*,#5266,.T.);
#2907=ORIENTED_EDGE('',*,*,#5264,.F.);
#2908=ORIENTED_EDGE('',*,*,#5032,.F.);
#2909=ORIENTED_EDGE('',*,*,#5213,.T.);
#2910=ORIENTED_EDGE('',*,*,#5262,.F.);
#2911=ORIENTED_EDGE('',*,*,#5266,.F.);
#2912=ORIENTED_EDGE('',*,*,#5212,.F.);
#2913=ORIENTED_EDGE('',*,*,#5265,.F.);
#2914=ORIENTED_EDGE('',*,*,#5267,.T.);
#2915=ORIENTED_EDGE('',*,*,#5268,.F.);
#2916=ORIENTED_EDGE('',*,*,#5029,.F.);
#2917=ORIENTED_EDGE('',*,*,#5269,.T.);
#2918=ORIENTED_EDGE('',*,*,#5270,.T.);
#2919=ORIENTED_EDGE('',*,*,#5214,.F.);
#2920=ORIENTED_EDGE('',*,*,#5030,.F.);
#2921=ORIENTED_EDGE('',*,*,#5268,.T.);
#2922=ORIENTED_EDGE('',*,*,#5271,.T.);
#2923=ORIENTED_EDGE('',*,*,#5269,.F.);
#2924=ORIENTED_EDGE('',*,*,#5028,.F.);
#2925=ORIENTED_EDGE('',*,*,#5216,.T.);
#2926=ORIENTED_EDGE('',*,*,#5267,.F.);
#2927=ORIENTED_EDGE('',*,*,#5271,.F.);
#2928=ORIENTED_EDGE('',*,*,#5215,.F.);
#2929=ORIENTED_EDGE('',*,*,#5270,.F.);
#2930=ORIENTED_EDGE('',*,*,#5272,.T.);
#2931=ORIENTED_EDGE('',*,*,#5273,.F.);
#2932=ORIENTED_EDGE('',*,*,#5098,.F.);
#2933=ORIENTED_EDGE('',*,*,#5160,.T.);
#2934=ORIENTED_EDGE('',*,*,#5274,.T.);
#2935=ORIENTED_EDGE('',*,*,#5275,.F.);
#2936=ORIENTED_EDGE('',*,*,#5099,.F.);
#2937=ORIENTED_EDGE('',*,*,#5273,.T.);
#2938=ORIENTED_EDGE('',*,*,#5276,.T.);
#2939=ORIENTED_EDGE('',*,*,#5158,.F.);
#2940=ORIENTED_EDGE('',*,*,#5100,.F.);
#2941=ORIENTED_EDGE('',*,*,#5275,.T.);
#2942=ORIENTED_EDGE('',*,*,#5159,.F.);
#2943=ORIENTED_EDGE('',*,*,#5276,.F.);
#2944=ORIENTED_EDGE('',*,*,#5274,.F.);
#2945=ORIENTED_EDGE('',*,*,#5272,.F.);
#2946=ORIENTED_EDGE('',*,*,#5277,.T.);
#2947=ORIENTED_EDGE('',*,*,#5278,.F.);
#2948=ORIENTED_EDGE('',*,*,#5094,.F.);
#2949=ORIENTED_EDGE('',*,*,#5163,.T.);
#2950=ORIENTED_EDGE('',*,*,#5279,.T.);
#2951=ORIENTED_EDGE('',*,*,#5280,.F.);
#2952=ORIENTED_EDGE('',*,*,#5095,.F.);
#2953=ORIENTED_EDGE('',*,*,#5278,.T.);
#2954=ORIENTED_EDGE('',*,*,#5281,.T.);
#2955=ORIENTED_EDGE('',*,*,#5161,.F.);
#2956=ORIENTED_EDGE('',*,*,#5096,.F.);
#2957=ORIENTED_EDGE('',*,*,#5280,.T.);
#2958=ORIENTED_EDGE('',*,*,#5162,.F.);
#2959=ORIENTED_EDGE('',*,*,#5281,.F.);
#2960=ORIENTED_EDGE('',*,*,#5279,.F.);
#2961=ORIENTED_EDGE('',*,*,#5277,.F.);
#2962=ORIENTED_EDGE('',*,*,#5282,.T.);
#2963=ORIENTED_EDGE('',*,*,#5283,.F.);
#2964=ORIENTED_EDGE('',*,*,#5090,.F.);
#2965=ORIENTED_EDGE('',*,*,#5166,.T.);
#2966=ORIENTED_EDGE('',*,*,#5284,.T.);
#2967=ORIENTED_EDGE('',*,*,#5285,.F.);
#2968=ORIENTED_EDGE('',*,*,#5091,.F.);
#2969=ORIENTED_EDGE('',*,*,#5283,.T.);
#2970=ORIENTED_EDGE('',*,*,#5286,.T.);
#2971=ORIENTED_EDGE('',*,*,#5164,.F.);
#2972=ORIENTED_EDGE('',*,*,#5092,.F.);
#2973=ORIENTED_EDGE('',*,*,#5285,.T.);
#2974=ORIENTED_EDGE('',*,*,#5165,.F.);
#2975=ORIENTED_EDGE('',*,*,#5286,.F.);
#2976=ORIENTED_EDGE('',*,*,#5284,.F.);
#2977=ORIENTED_EDGE('',*,*,#5282,.F.);
#2978=ORIENTED_EDGE('',*,*,#5287,.T.);
#2979=ORIENTED_EDGE('',*,*,#5288,.F.);
#2980=ORIENTED_EDGE('',*,*,#5086,.F.);
#2981=ORIENTED_EDGE('',*,*,#5169,.T.);
#2982=ORIENTED_EDGE('',*,*,#5289,.T.);
#2983=ORIENTED_EDGE('',*,*,#5290,.F.);
#2984=ORIENTED_EDGE('',*,*,#5087,.F.);
#2985=ORIENTED_EDGE('',*,*,#5288,.T.);
#2986=ORIENTED_EDGE('',*,*,#5291,.T.);
#2987=ORIENTED_EDGE('',*,*,#5167,.F.);
#2988=ORIENTED_EDGE('',*,*,#5088,.F.);
#2989=ORIENTED_EDGE('',*,*,#5290,.T.);
#2990=ORIENTED_EDGE('',*,*,#5168,.F.);
#2991=ORIENTED_EDGE('',*,*,#5291,.F.);
#2992=ORIENTED_EDGE('',*,*,#5289,.F.);
#2993=ORIENTED_EDGE('',*,*,#5287,.F.);
#2994=ORIENTED_EDGE('',*,*,#5292,.T.);
#2995=ORIENTED_EDGE('',*,*,#5293,.F.);
#2996=ORIENTED_EDGE('',*,*,#5082,.F.);
#2997=ORIENTED_EDGE('',*,*,#5172,.T.);
#2998=ORIENTED_EDGE('',*,*,#5294,.T.);
#2999=ORIENTED_EDGE('',*,*,#5295,.F.);
#3000=ORIENTED_EDGE('',*,*,#5083,.F.);
#3001=ORIENTED_EDGE('',*,*,#5293,.T.);
#3002=ORIENTED_EDGE('',*,*,#5296,.T.);
#3003=ORIENTED_EDGE('',*,*,#5170,.F.);
#3004=ORIENTED_EDGE('',*,*,#5084,.F.);
#3005=ORIENTED_EDGE('',*,*,#5295,.T.);
#3006=ORIENTED_EDGE('',*,*,#5171,.F.);
#3007=ORIENTED_EDGE('',*,*,#5296,.F.);
#3008=ORIENTED_EDGE('',*,*,#5294,.F.);
#3009=ORIENTED_EDGE('',*,*,#5292,.F.);
#3010=ORIENTED_EDGE('',*,*,#5297,.T.);
#3011=ORIENTED_EDGE('',*,*,#5298,.F.);
#3012=ORIENTED_EDGE('',*,*,#5078,.F.);
#3013=ORIENTED_EDGE('',*,*,#5175,.T.);
#3014=ORIENTED_EDGE('',*,*,#5299,.T.);
#3015=ORIENTED_EDGE('',*,*,#5300,.F.);
#3016=ORIENTED_EDGE('',*,*,#5079,.F.);
#3017=ORIENTED_EDGE('',*,*,#5298,.T.);
#3018=ORIENTED_EDGE('',*,*,#5301,.T.);
#3019=ORIENTED_EDGE('',*,*,#5173,.F.);
#3020=ORIENTED_EDGE('',*,*,#5080,.F.);
#3021=ORIENTED_EDGE('',*,*,#5300,.T.);
#3022=ORIENTED_EDGE('',*,*,#5174,.F.);
#3023=ORIENTED_EDGE('',*,*,#5301,.F.);
#3024=ORIENTED_EDGE('',*,*,#5299,.F.);
#3025=ORIENTED_EDGE('',*,*,#5297,.F.);
#3026=ORIENTED_EDGE('',*,*,#5302,.T.);
#3027=ORIENTED_EDGE('',*,*,#5303,.F.);
#3028=ORIENTED_EDGE('',*,*,#5074,.F.);
#3029=ORIENTED_EDGE('',*,*,#5178,.T.);
#3030=ORIENTED_EDGE('',*,*,#5304,.T.);
#3031=ORIENTED_EDGE('',*,*,#5305,.F.);
#3032=ORIENTED_EDGE('',*,*,#5075,.F.);
#3033=ORIENTED_EDGE('',*,*,#5303,.T.);
#3034=ORIENTED_EDGE('',*,*,#5306,.T.);
#3035=ORIENTED_EDGE('',*,*,#5176,.F.);
#3036=ORIENTED_EDGE('',*,*,#5076,.F.);
#3037=ORIENTED_EDGE('',*,*,#5305,.T.);
#3038=ORIENTED_EDGE('',*,*,#5177,.F.);
#3039=ORIENTED_EDGE('',*,*,#5306,.F.);
#3040=ORIENTED_EDGE('',*,*,#5304,.F.);
#3041=ORIENTED_EDGE('',*,*,#5302,.F.);
#3042=ORIENTED_EDGE('',*,*,#5307,.T.);
#3043=ORIENTED_EDGE('',*,*,#5308,.F.);
#3044=ORIENTED_EDGE('',*,*,#5070,.F.);
#3045=ORIENTED_EDGE('',*,*,#5181,.T.);
#3046=ORIENTED_EDGE('',*,*,#5309,.T.);
#3047=ORIENTED_EDGE('',*,*,#5310,.F.);
#3048=ORIENTED_EDGE('',*,*,#5071,.F.);
#3049=ORIENTED_EDGE('',*,*,#5308,.T.);
#3050=ORIENTED_EDGE('',*,*,#5311,.T.);
#3051=ORIENTED_EDGE('',*,*,#5179,.F.);
#3052=ORIENTED_EDGE('',*,*,#5072,.F.);
#3053=ORIENTED_EDGE('',*,*,#5310,.T.);
#3054=ORIENTED_EDGE('',*,*,#5180,.F.);
#3055=ORIENTED_EDGE('',*,*,#5311,.F.);
#3056=ORIENTED_EDGE('',*,*,#5309,.F.);
#3057=ORIENTED_EDGE('',*,*,#5307,.F.);
#3058=ORIENTED_EDGE('',*,*,#5312,.T.);
#3059=ORIENTED_EDGE('',*,*,#5313,.F.);
#3060=ORIENTED_EDGE('',*,*,#5066,.F.);
#3061=ORIENTED_EDGE('',*,*,#5184,.T.);
#3062=ORIENTED_EDGE('',*,*,#5314,.T.);
#3063=ORIENTED_EDGE('',*,*,#5315,.F.);
#3064=ORIENTED_EDGE('',*,*,#5067,.F.);
#3065=ORIENTED_EDGE('',*,*,#5313,.T.);
#3066=ORIENTED_EDGE('',*,*,#5316,.T.);
#3067=ORIENTED_EDGE('',*,*,#5182,.F.);
#3068=ORIENTED_EDGE('',*,*,#5068,.F.);
#3069=ORIENTED_EDGE('',*,*,#5315,.T.);
#3070=ORIENTED_EDGE('',*,*,#5183,.F.);
#3071=ORIENTED_EDGE('',*,*,#5316,.F.);
#3072=ORIENTED_EDGE('',*,*,#5314,.F.);
#3073=ORIENTED_EDGE('',*,*,#5312,.F.);
#3074=ORIENTED_EDGE('',*,*,#5317,.T.);
#3075=ORIENTED_EDGE('',*,*,#5318,.F.);
#3076=ORIENTED_EDGE('',*,*,#5062,.F.);
#3077=ORIENTED_EDGE('',*,*,#5187,.T.);
#3078=ORIENTED_EDGE('',*,*,#5319,.T.);
#3079=ORIENTED_EDGE('',*,*,#5320,.F.);
#3080=ORIENTED_EDGE('',*,*,#5063,.F.);
#3081=ORIENTED_EDGE('',*,*,#5318,.T.);
#3082=ORIENTED_EDGE('',*,*,#5321,.T.);
#3083=ORIENTED_EDGE('',*,*,#5185,.F.);
#3084=ORIENTED_EDGE('',*,*,#5064,.F.);
#3085=ORIENTED_EDGE('',*,*,#5320,.T.);
#3086=ORIENTED_EDGE('',*,*,#5186,.F.);
#3087=ORIENTED_EDGE('',*,*,#5321,.F.);
#3088=ORIENTED_EDGE('',*,*,#5319,.F.);
#3089=ORIENTED_EDGE('',*,*,#5317,.F.);
#3090=ORIENTED_EDGE('',*,*,#5322,.T.);
#3091=ORIENTED_EDGE('',*,*,#5323,.F.);
#3092=ORIENTED_EDGE('',*,*,#5058,.F.);
#3093=ORIENTED_EDGE('',*,*,#5190,.T.);
#3094=ORIENTED_EDGE('',*,*,#5324,.T.);
#3095=ORIENTED_EDGE('',*,*,#5325,.F.);
#3096=ORIENTED_EDGE('',*,*,#5059,.F.);
#3097=ORIENTED_EDGE('',*,*,#5323,.T.);
#3098=ORIENTED_EDGE('',*,*,#5326,.T.);
#3099=ORIENTED_EDGE('',*,*,#5188,.F.);
#3100=ORIENTED_EDGE('',*,*,#5060,.F.);
#3101=ORIENTED_EDGE('',*,*,#5325,.T.);
#3102=ORIENTED_EDGE('',*,*,#5189,.F.);
#3103=ORIENTED_EDGE('',*,*,#5326,.F.);
#3104=ORIENTED_EDGE('',*,*,#5324,.F.);
#3105=ORIENTED_EDGE('',*,*,#5322,.F.);
#3106=ORIENTED_EDGE('',*,*,#5327,.T.);
#3107=ORIENTED_EDGE('',*,*,#5328,.F.);
#3108=ORIENTED_EDGE('',*,*,#5054,.F.);
#3109=ORIENTED_EDGE('',*,*,#5193,.T.);
#3110=ORIENTED_EDGE('',*,*,#5329,.T.);
#3111=ORIENTED_EDGE('',*,*,#5330,.F.);
#3112=ORIENTED_EDGE('',*,*,#5055,.F.);
#3113=ORIENTED_EDGE('',*,*,#5328,.T.);
#3114=ORIENTED_EDGE('',*,*,#5331,.T.);
#3115=ORIENTED_EDGE('',*,*,#5191,.F.);
#3116=ORIENTED_EDGE('',*,*,#5056,.F.);
#3117=ORIENTED_EDGE('',*,*,#5330,.T.);
#3118=ORIENTED_EDGE('',*,*,#5192,.F.);
#3119=ORIENTED_EDGE('',*,*,#5331,.F.);
#3120=ORIENTED_EDGE('',*,*,#5329,.F.);
#3121=ORIENTED_EDGE('',*,*,#5327,.F.);
#3122=ORIENTED_EDGE('',*,*,#5332,.T.);
#3123=ORIENTED_EDGE('',*,*,#5333,.F.);
#3124=ORIENTED_EDGE('',*,*,#5050,.F.);
#3125=ORIENTED_EDGE('',*,*,#5196,.T.);
#3126=ORIENTED_EDGE('',*,*,#5334,.T.);
#3127=ORIENTED_EDGE('',*,*,#5335,.F.);
#3128=ORIENTED_EDGE('',*,*,#5051,.F.);
#3129=ORIENTED_EDGE('',*,*,#5333,.T.);
#3130=ORIENTED_EDGE('',*,*,#5336,.T.);
#3131=ORIENTED_EDGE('',*,*,#5194,.F.);
#3132=ORIENTED_EDGE('',*,*,#5052,.F.);
#3133=ORIENTED_EDGE('',*,*,#5335,.T.);
#3134=ORIENTED_EDGE('',*,*,#5195,.F.);
#3135=ORIENTED_EDGE('',*,*,#5336,.F.);
#3136=ORIENTED_EDGE('',*,*,#5334,.F.);
#3137=ORIENTED_EDGE('',*,*,#5332,.F.);
#3138=ORIENTED_EDGE('',*,*,#5337,.T.);
#3139=ORIENTED_EDGE('',*,*,#5338,.F.);
#3140=ORIENTED_EDGE('',*,*,#5046,.F.);
#3141=ORIENTED_EDGE('',*,*,#5199,.T.);
#3142=ORIENTED_EDGE('',*,*,#5339,.T.);
#3143=ORIENTED_EDGE('',*,*,#5340,.F.);
#3144=ORIENTED_EDGE('',*,*,#5047,.F.);
#3145=ORIENTED_EDGE('',*,*,#5338,.T.);
#3146=ORIENTED_EDGE('',*,*,#5341,.T.);
#3147=ORIENTED_EDGE('',*,*,#5197,.F.);
#3148=ORIENTED_EDGE('',*,*,#5048,.F.);
#3149=ORIENTED_EDGE('',*,*,#5340,.T.);
#3150=ORIENTED_EDGE('',*,*,#5198,.F.);
#3151=ORIENTED_EDGE('',*,*,#5341,.F.);
#3152=ORIENTED_EDGE('',*,*,#5339,.F.);
#3153=ORIENTED_EDGE('',*,*,#5337,.F.);
#3154=ORIENTED_EDGE('',*,*,#5342,.T.);
#3155=ORIENTED_EDGE('',*,*,#5343,.F.);
#3156=ORIENTED_EDGE('',*,*,#5025,.F.);
#3157=ORIENTED_EDGE('',*,*,#5344,.T.);
#3158=ORIENTED_EDGE('',*,*,#5345,.T.);
#3159=ORIENTED_EDGE('',*,*,#5217,.F.);
#3160=ORIENTED_EDGE('',*,*,#5026,.F.);
#3161=ORIENTED_EDGE('',*,*,#5343,.T.);
#3162=ORIENTED_EDGE('',*,*,#5346,.T.);
#3163=ORIENTED_EDGE('',*,*,#5344,.F.);
#3164=ORIENTED_EDGE('',*,*,#5024,.F.);
#3165=ORIENTED_EDGE('',*,*,#5219,.T.);
#3166=ORIENTED_EDGE('',*,*,#5342,.F.);
#3167=ORIENTED_EDGE('',*,*,#5346,.F.);
#3168=ORIENTED_EDGE('',*,*,#5218,.F.);
#3169=ORIENTED_EDGE('',*,*,#5345,.F.);
#3170=ORIENTED_EDGE('',*,*,#5347,.T.);
#3171=ORIENTED_EDGE('',*,*,#5348,.F.);
#3172=ORIENTED_EDGE('',*,*,#5021,.F.);
#3173=ORIENTED_EDGE('',*,*,#5349,.T.);
#3174=ORIENTED_EDGE('',*,*,#5350,.T.);
#3175=ORIENTED_EDGE('',*,*,#5220,.F.);
#3176=ORIENTED_EDGE('',*,*,#5022,.F.);
#3177=ORIENTED_EDGE('',*,*,#5348,.T.);
#3178=ORIENTED_EDGE('',*,*,#5351,.T.);
#3179=ORIENTED_EDGE('',*,*,#5349,.F.);
#3180=ORIENTED_EDGE('',*,*,#5020,.F.);
#3181=ORIENTED_EDGE('',*,*,#5222,.T.);
#3182=ORIENTED_EDGE('',*,*,#5347,.F.);
#3183=ORIENTED_EDGE('',*,*,#5351,.F.);
#3184=ORIENTED_EDGE('',*,*,#5221,.F.);
#3185=ORIENTED_EDGE('',*,*,#5350,.F.);
#3186=ORIENTED_EDGE('',*,*,#5352,.T.);
#3187=ORIENTED_EDGE('',*,*,#5353,.F.);
#3188=ORIENTED_EDGE('',*,*,#5017,.F.);
#3189=ORIENTED_EDGE('',*,*,#5354,.T.);
#3190=ORIENTED_EDGE('',*,*,#5355,.T.);
#3191=ORIENTED_EDGE('',*,*,#5223,.F.);
#3192=ORIENTED_EDGE('',*,*,#5018,.F.);
#3193=ORIENTED_EDGE('',*,*,#5353,.T.);
#3194=ORIENTED_EDGE('',*,*,#5356,.T.);
#3195=ORIENTED_EDGE('',*,*,#5354,.F.);
#3196=ORIENTED_EDGE('',*,*,#5016,.F.);
#3197=ORIENTED_EDGE('',*,*,#5225,.T.);
#3198=ORIENTED_EDGE('',*,*,#5352,.F.);
#3199=ORIENTED_EDGE('',*,*,#5356,.F.);
#3200=ORIENTED_EDGE('',*,*,#5224,.F.);
#3201=ORIENTED_EDGE('',*,*,#5355,.F.);
#3202=ORIENTED_EDGE('',*,*,#5357,.T.);
#3203=ORIENTED_EDGE('',*,*,#5358,.F.);
#3204=ORIENTED_EDGE('',*,*,#5013,.F.);
#3205=ORIENTED_EDGE('',*,*,#5359,.T.);
#3206=ORIENTED_EDGE('',*,*,#5360,.T.);
#3207=ORIENTED_EDGE('',*,*,#5226,.F.);
#3208=ORIENTED_EDGE('',*,*,#5014,.F.);
#3209=ORIENTED_EDGE('',*,*,#5358,.T.);
#3210=ORIENTED_EDGE('',*,*,#5361,.T.);
#3211=ORIENTED_EDGE('',*,*,#5359,.F.);
#3212=ORIENTED_EDGE('',*,*,#5012,.F.);
#3213=ORIENTED_EDGE('',*,*,#5228,.T.);
#3214=ORIENTED_EDGE('',*,*,#5357,.F.);
#3215=ORIENTED_EDGE('',*,*,#5361,.F.);
#3216=ORIENTED_EDGE('',*,*,#5227,.F.);
#3217=ORIENTED_EDGE('',*,*,#5360,.F.);
#3218=ORIENTED_EDGE('',*,*,#5362,.T.);
#3219=ORIENTED_EDGE('',*,*,#5363,.F.);
#3220=ORIENTED_EDGE('',*,*,#5009,.F.);
#3221=ORIENTED_EDGE('',*,*,#5364,.T.);
#3222=ORIENTED_EDGE('',*,*,#5365,.T.);
#3223=ORIENTED_EDGE('',*,*,#5229,.F.);
#3224=ORIENTED_EDGE('',*,*,#5010,.F.);
#3225=ORIENTED_EDGE('',*,*,#5363,.T.);
#3226=ORIENTED_EDGE('',*,*,#5366,.T.);
#3227=ORIENTED_EDGE('',*,*,#5364,.F.);
#3228=ORIENTED_EDGE('',*,*,#5008,.F.);
#3229=ORIENTED_EDGE('',*,*,#5231,.T.);
#3230=ORIENTED_EDGE('',*,*,#5362,.F.);
#3231=ORIENTED_EDGE('',*,*,#5366,.F.);
#3232=ORIENTED_EDGE('',*,*,#5230,.F.);
#3233=ORIENTED_EDGE('',*,*,#5365,.F.);
#3234=ORIENTED_EDGE('',*,*,#5367,.T.);
#3235=ORIENTED_EDGE('',*,*,#5368,.F.);
#3236=ORIENTED_EDGE('',*,*,#5005,.F.);
#3237=ORIENTED_EDGE('',*,*,#5369,.T.);
#3238=ORIENTED_EDGE('',*,*,#5370,.T.);
#3239=ORIENTED_EDGE('',*,*,#5232,.F.);
#3240=ORIENTED_EDGE('',*,*,#5006,.F.);
#3241=ORIENTED_EDGE('',*,*,#5368,.T.);
#3242=ORIENTED_EDGE('',*,*,#5371,.T.);
#3243=ORIENTED_EDGE('',*,*,#5369,.F.);
#3244=ORIENTED_EDGE('',*,*,#5004,.F.);
#3245=ORIENTED_EDGE('',*,*,#5234,.T.);
#3246=ORIENTED_EDGE('',*,*,#5367,.F.);
#3247=ORIENTED_EDGE('',*,*,#5371,.F.);
#3248=ORIENTED_EDGE('',*,*,#5233,.F.);
#3249=ORIENTED_EDGE('',*,*,#5370,.F.);
#3250=ORIENTED_EDGE('',*,*,#5372,.T.);
#3251=ORIENTED_EDGE('',*,*,#5373,.F.);
#3252=ORIENTED_EDGE('',*,*,#5001,.F.);
#3253=ORIENTED_EDGE('',*,*,#5374,.T.);
#3254=ORIENTED_EDGE('',*,*,#5375,.T.);
#3255=ORIENTED_EDGE('',*,*,#5235,.F.);
#3256=ORIENTED_EDGE('',*,*,#5002,.F.);
#3257=ORIENTED_EDGE('',*,*,#5373,.T.);
#3258=ORIENTED_EDGE('',*,*,#5376,.T.);
#3259=ORIENTED_EDGE('',*,*,#5374,.F.);
#3260=ORIENTED_EDGE('',*,*,#5000,.F.);
#3261=ORIENTED_EDGE('',*,*,#5237,.T.);
#3262=ORIENTED_EDGE('',*,*,#5372,.F.);
#3263=ORIENTED_EDGE('',*,*,#5376,.F.);
#3264=ORIENTED_EDGE('',*,*,#5236,.F.);
#3265=ORIENTED_EDGE('',*,*,#5375,.F.);
#3266=ORIENTED_EDGE('',*,*,#5377,.T.);
#3267=ORIENTED_EDGE('',*,*,#5378,.F.);
#3268=ORIENTED_EDGE('',*,*,#4997,.F.);
#3269=ORIENTED_EDGE('',*,*,#5379,.T.);
#3270=ORIENTED_EDGE('',*,*,#5380,.T.);
#3271=ORIENTED_EDGE('',*,*,#5238,.F.);
#3272=ORIENTED_EDGE('',*,*,#4998,.F.);
#3273=ORIENTED_EDGE('',*,*,#5378,.T.);
#3274=ORIENTED_EDGE('',*,*,#5381,.T.);
#3275=ORIENTED_EDGE('',*,*,#5379,.F.);
#3276=ORIENTED_EDGE('',*,*,#4996,.F.);
#3277=ORIENTED_EDGE('',*,*,#5240,.T.);
#3278=ORIENTED_EDGE('',*,*,#5377,.F.);
#3279=ORIENTED_EDGE('',*,*,#5381,.F.);
#3280=ORIENTED_EDGE('',*,*,#5239,.F.);
#3281=ORIENTED_EDGE('',*,*,#5380,.F.);
#3282=ORIENTED_EDGE('',*,*,#5382,.T.);
#3283=ORIENTED_EDGE('',*,*,#5383,.F.);
#3284=ORIENTED_EDGE('',*,*,#5042,.F.);
#3285=ORIENTED_EDGE('',*,*,#5202,.T.);
#3286=ORIENTED_EDGE('',*,*,#5384,.T.);
#3287=ORIENTED_EDGE('',*,*,#5385,.F.);
#3288=ORIENTED_EDGE('',*,*,#5043,.F.);
#3289=ORIENTED_EDGE('',*,*,#5383,.T.);
#3290=ORIENTED_EDGE('',*,*,#5386,.T.);
#3291=ORIENTED_EDGE('',*,*,#5200,.F.);
#3292=ORIENTED_EDGE('',*,*,#5044,.F.);
#3293=ORIENTED_EDGE('',*,*,#5385,.T.);
#3294=ORIENTED_EDGE('',*,*,#5201,.F.);
#3295=ORIENTED_EDGE('',*,*,#5386,.F.);
#3296=ORIENTED_EDGE('',*,*,#5384,.F.);
#3297=ORIENTED_EDGE('',*,*,#5382,.F.);
#3298=ORIENTED_EDGE('',*,*,#5387,.T.);
#3299=ORIENTED_EDGE('',*,*,#5388,.F.);
#3300=ORIENTED_EDGE('',*,*,#5038,.F.);
#3301=ORIENTED_EDGE('',*,*,#5205,.T.);
#3302=ORIENTED_EDGE('',*,*,#5389,.T.);
#3303=ORIENTED_EDGE('',*,*,#5390,.F.);
#3304=ORIENTED_EDGE('',*,*,#5039,.F.);
#3305=ORIENTED_EDGE('',*,*,#5388,.T.);
#3306=ORIENTED_EDGE('',*,*,#5391,.T.);
#3307=ORIENTED_EDGE('',*,*,#5203,.F.);
#3308=ORIENTED_EDGE('',*,*,#5040,.F.);
#3309=ORIENTED_EDGE('',*,*,#5390,.T.);
#3310=ORIENTED_EDGE('',*,*,#5204,.F.);
#3311=ORIENTED_EDGE('',*,*,#5391,.F.);
#3312=ORIENTED_EDGE('',*,*,#5389,.F.);
#3313=ORIENTED_EDGE('',*,*,#5387,.F.);
#3314=ORIENTED_EDGE('',*,*,#5392,.T.);
#3315=ORIENTED_EDGE('',*,*,#5393,.F.);
#3316=ORIENTED_EDGE('',*,*,#5105,.F.);
#3317=ORIENTED_EDGE('',*,*,#5394,.T.);
#3318=ORIENTED_EDGE('',*,*,#5395,.T.);
#3319=ORIENTED_EDGE('',*,*,#5256,.F.);
#3320=ORIENTED_EDGE('',*,*,#5106,.F.);
#3321=ORIENTED_EDGE('',*,*,#5393,.T.);
#3322=ORIENTED_EDGE('',*,*,#5396,.T.);
#3323=ORIENTED_EDGE('',*,*,#5394,.F.);
#3324=ORIENTED_EDGE('',*,*,#5104,.F.);
#3325=ORIENTED_EDGE('',*,*,#5258,.T.);
#3326=ORIENTED_EDGE('',*,*,#5392,.F.);
#3327=ORIENTED_EDGE('',*,*,#5396,.F.);
#3328=ORIENTED_EDGE('',*,*,#5257,.F.);
#3329=ORIENTED_EDGE('',*,*,#5395,.F.);
#3330=ORIENTED_EDGE('',*,*,#5397,.T.);
#3331=ORIENTED_EDGE('',*,*,#5398,.F.);
#3332=ORIENTED_EDGE('',*,*,#5109,.F.);
#3333=ORIENTED_EDGE('',*,*,#5399,.T.);
#3334=ORIENTED_EDGE('',*,*,#5400,.T.);
#3335=ORIENTED_EDGE('',*,*,#5253,.F.);
#3336=ORIENTED_EDGE('',*,*,#5110,.F.);
#3337=ORIENTED_EDGE('',*,*,#5398,.T.);
#3338=ORIENTED_EDGE('',*,*,#5401,.T.);
#3339=ORIENTED_EDGE('',*,*,#5399,.F.);
#3340=ORIENTED_EDGE('',*,*,#5108,.F.);
#3341=ORIENTED_EDGE('',*,*,#5255,.T.);
#3342=ORIENTED_EDGE('',*,*,#5397,.F.);
#3343=ORIENTED_EDGE('',*,*,#5401,.F.);
#3344=ORIENTED_EDGE('',*,*,#5254,.F.);
#3345=ORIENTED_EDGE('',*,*,#5400,.F.);
#3346=ORIENTED_EDGE('',*,*,#5402,.T.);
#3347=ORIENTED_EDGE('',*,*,#5403,.F.);
#3348=ORIENTED_EDGE('',*,*,#5113,.F.);
#3349=ORIENTED_EDGE('',*,*,#5404,.T.);
#3350=ORIENTED_EDGE('',*,*,#5405,.T.);
#3351=ORIENTED_EDGE('',*,*,#5250,.F.);
#3352=ORIENTED_EDGE('',*,*,#5114,.F.);
#3353=ORIENTED_EDGE('',*,*,#5403,.T.);
#3354=ORIENTED_EDGE('',*,*,#5406,.T.);
#3355=ORIENTED_EDGE('',*,*,#5404,.F.);
#3356=ORIENTED_EDGE('',*,*,#5112,.F.);
#3357=ORIENTED_EDGE('',*,*,#5252,.T.);
#3358=ORIENTED_EDGE('',*,*,#5402,.F.);
#3359=ORIENTED_EDGE('',*,*,#5406,.F.);
#3360=ORIENTED_EDGE('',*,*,#5251,.F.);
#3361=ORIENTED_EDGE('',*,*,#5405,.F.);
#3362=ORIENTED_EDGE('',*,*,#5407,.T.);
#3363=ORIENTED_EDGE('',*,*,#5408,.F.);
#3364=ORIENTED_EDGE('',*,*,#5117,.F.);
#3365=ORIENTED_EDGE('',*,*,#5409,.T.);
#3366=ORIENTED_EDGE('',*,*,#5410,.T.);
#3367=ORIENTED_EDGE('',*,*,#5247,.F.);
#3368=ORIENTED_EDGE('',*,*,#5118,.F.);
#3369=ORIENTED_EDGE('',*,*,#5408,.T.);
#3370=ORIENTED_EDGE('',*,*,#5411,.T.);
#3371=ORIENTED_EDGE('',*,*,#5409,.F.);
#3372=ORIENTED_EDGE('',*,*,#5116,.F.);
#3373=ORIENTED_EDGE('',*,*,#5249,.T.);
#3374=ORIENTED_EDGE('',*,*,#5407,.F.);
#3375=ORIENTED_EDGE('',*,*,#5411,.F.);
#3376=ORIENTED_EDGE('',*,*,#5248,.F.);
#3377=ORIENTED_EDGE('',*,*,#5410,.F.);
#3378=ORIENTED_EDGE('',*,*,#5412,.T.);
#3379=ORIENTED_EDGE('',*,*,#5413,.F.);
#3380=ORIENTED_EDGE('',*,*,#5121,.F.);
#3381=ORIENTED_EDGE('',*,*,#5414,.T.);
#3382=ORIENTED_EDGE('',*,*,#5415,.T.);
#3383=ORIENTED_EDGE('',*,*,#5244,.F.);
#3384=ORIENTED_EDGE('',*,*,#5122,.F.);
#3385=ORIENTED_EDGE('',*,*,#5413,.T.);
#3386=ORIENTED_EDGE('',*,*,#5416,.T.);
#3387=ORIENTED_EDGE('',*,*,#5414,.F.);
#3388=ORIENTED_EDGE('',*,*,#5120,.F.);
#3389=ORIENTED_EDGE('',*,*,#5246,.T.);
#3390=ORIENTED_EDGE('',*,*,#5412,.F.);
#3391=ORIENTED_EDGE('',*,*,#5416,.F.);
#3392=ORIENTED_EDGE('',*,*,#5245,.F.);
#3393=ORIENTED_EDGE('',*,*,#5415,.F.);
#3394=ORIENTED_EDGE('',*,*,#5417,.T.);
#3395=ORIENTED_EDGE('',*,*,#5418,.F.);
#3396=ORIENTED_EDGE('',*,*,#5125,.F.);
#3397=ORIENTED_EDGE('',*,*,#5419,.T.);
#3398=ORIENTED_EDGE('',*,*,#5420,.T.);
#3399=ORIENTED_EDGE('',*,*,#5241,.F.);
#3400=ORIENTED_EDGE('',*,*,#4994,.F.);
#3401=ORIENTED_EDGE('',*,*,#5418,.T.);
#3402=ORIENTED_EDGE('',*,*,#5421,.T.);
#3403=ORIENTED_EDGE('',*,*,#5419,.F.);
#3404=ORIENTED_EDGE('',*,*,#5124,.F.);
#3405=ORIENTED_EDGE('',*,*,#5243,.T.);
#3406=ORIENTED_EDGE('',*,*,#5417,.F.);
#3407=ORIENTED_EDGE('',*,*,#5421,.F.);
#3408=ORIENTED_EDGE('',*,*,#5242,.F.);
#3409=ORIENTED_EDGE('',*,*,#5420,.F.);
#3410=ORIENTED_EDGE('',*,*,#5422,.F.);
#3411=ORIENTED_EDGE('',*,*,#4990,.T.);
#3412=ORIENTED_EDGE('',*,*,#5423,.T.);
#3413=ORIENTED_EDGE('',*,*,#5424,.T.);
#3414=ORIENTED_EDGE('',*,*,#5425,.F.);
#3415=ORIENTED_EDGE('',*,*,#4991,.T.);
#3416=ORIENTED_EDGE('',*,*,#5422,.T.);
#3417=ORIENTED_EDGE('',*,*,#5426,.T.);
#3418=ORIENTED_EDGE('',*,*,#5427,.F.);
#3419=ORIENTED_EDGE('',*,*,#4992,.T.);
#3420=ORIENTED_EDGE('',*,*,#5425,.T.);
#3421=ORIENTED_EDGE('',*,*,#5428,.T.);
#3422=ORIENTED_EDGE('',*,*,#5423,.F.);
#3423=ORIENTED_EDGE('',*,*,#4993,.T.);
#3424=ORIENTED_EDGE('',*,*,#5427,.T.);
#3425=ORIENTED_EDGE('',*,*,#5429,.T.);
#3426=ORIENTED_EDGE('',*,*,#5424,.F.);
#3427=ORIENTED_EDGE('',*,*,#5429,.F.);
#3428=ORIENTED_EDGE('',*,*,#5428,.F.);
#3429=ORIENTED_EDGE('',*,*,#5426,.F.);
#3430=ORIENTED_EDGE('',*,*,#5430,.F.);
#3431=ORIENTED_EDGE('',*,*,#5126,.T.);
#3432=ORIENTED_EDGE('',*,*,#5431,.T.);
#3433=ORIENTED_EDGE('',*,*,#5432,.T.);
#3434=ORIENTED_EDGE('',*,*,#5433,.F.);
#3435=ORIENTED_EDGE('',*,*,#5127,.T.);
#3436=ORIENTED_EDGE('',*,*,#5430,.T.);
#3437=ORIENTED_EDGE('',*,*,#5434,.T.);
#3438=ORIENTED_EDGE('',*,*,#5435,.F.);
#3439=ORIENTED_EDGE('',*,*,#5128,.T.);
#3440=ORIENTED_EDGE('',*,*,#5433,.T.);
#3441=ORIENTED_EDGE('',*,*,#5436,.T.);
#3442=ORIENTED_EDGE('',*,*,#5431,.F.);
#3443=ORIENTED_EDGE('',*,*,#5129,.T.);
#3444=ORIENTED_EDGE('',*,*,#5435,.T.);
#3445=ORIENTED_EDGE('',*,*,#5437,.T.);
#3446=ORIENTED_EDGE('',*,*,#5432,.F.);
#3447=ORIENTED_EDGE('',*,*,#5437,.F.);
#3448=ORIENTED_EDGE('',*,*,#5436,.F.);
#3449=ORIENTED_EDGE('',*,*,#5434,.F.);
#3450=ORIENTED_EDGE('',*,*,#5438,.F.);
#3451=ORIENTED_EDGE('',*,*,#4986,.T.);
#3452=ORIENTED_EDGE('',*,*,#5439,.T.);
#3453=ORIENTED_EDGE('',*,*,#5440,.T.);
#3454=ORIENTED_EDGE('',*,*,#5441,.F.);
#3455=ORIENTED_EDGE('',*,*,#4987,.T.);
#3456=ORIENTED_EDGE('',*,*,#5438,.T.);
#3457=ORIENTED_EDGE('',*,*,#5442,.T.);
#3458=ORIENTED_EDGE('',*,*,#5443,.F.);
#3459=ORIENTED_EDGE('',*,*,#4988,.T.);
#3460=ORIENTED_EDGE('',*,*,#5441,.T.);
#3461=ORIENTED_EDGE('',*,*,#5444,.T.);
#3462=ORIENTED_EDGE('',*,*,#5439,.F.);
#3463=ORIENTED_EDGE('',*,*,#4989,.T.);
#3464=ORIENTED_EDGE('',*,*,#5443,.T.);
#3465=ORIENTED_EDGE('',*,*,#5445,.T.);
#3466=ORIENTED_EDGE('',*,*,#5440,.F.);
#3467=ORIENTED_EDGE('',*,*,#5445,.F.);
#3468=ORIENTED_EDGE('',*,*,#5444,.F.);
#3469=ORIENTED_EDGE('',*,*,#5442,.F.);
#3470=ORIENTED_EDGE('',*,*,#5446,.F.);
#3471=ORIENTED_EDGE('',*,*,#5130,.T.);
#3472=ORIENTED_EDGE('',*,*,#5447,.T.);
#3473=ORIENTED_EDGE('',*,*,#5448,.T.);
#3474=ORIENTED_EDGE('',*,*,#5449,.F.);
#3475=ORIENTED_EDGE('',*,*,#5131,.T.);
#3476=ORIENTED_EDGE('',*,*,#5446,.T.);
#3477=ORIENTED_EDGE('',*,*,#5450,.T.);
#3478=ORIENTED_EDGE('',*,*,#5451,.F.);
#3479=ORIENTED_EDGE('',*,*,#5132,.T.);
#3480=ORIENTED_EDGE('',*,*,#5449,.T.);
#3481=ORIENTED_EDGE('',*,*,#5452,.T.);
#3482=ORIENTED_EDGE('',*,*,#5447,.F.);
#3483=ORIENTED_EDGE('',*,*,#5133,.T.);
#3484=ORIENTED_EDGE('',*,*,#5451,.T.);
#3485=ORIENTED_EDGE('',*,*,#5453,.T.);
#3486=ORIENTED_EDGE('',*,*,#5448,.F.);
#3487=ORIENTED_EDGE('',*,*,#5453,.F.);
#3488=ORIENTED_EDGE('',*,*,#5452,.F.);
#3489=ORIENTED_EDGE('',*,*,#5450,.F.);
#3490=ORIENTED_EDGE('',*,*,#5454,.F.);
#3491=ORIENTED_EDGE('',*,*,#4982,.T.);
#3492=ORIENTED_EDGE('',*,*,#5455,.T.);
#3493=ORIENTED_EDGE('',*,*,#5456,.T.);
#3494=ORIENTED_EDGE('',*,*,#5457,.F.);
#3495=ORIENTED_EDGE('',*,*,#4983,.T.);
#3496=ORIENTED_EDGE('',*,*,#5454,.T.);
#3497=ORIENTED_EDGE('',*,*,#5458,.T.);
#3498=ORIENTED_EDGE('',*,*,#5459,.F.);
#3499=ORIENTED_EDGE('',*,*,#4984,.T.);
#3500=ORIENTED_EDGE('',*,*,#5457,.T.);
#3501=ORIENTED_EDGE('',*,*,#5460,.T.);
#3502=ORIENTED_EDGE('',*,*,#5455,.F.);
#3503=ORIENTED_EDGE('',*,*,#4985,.T.);
#3504=ORIENTED_EDGE('',*,*,#5459,.T.);
#3505=ORIENTED_EDGE('',*,*,#5461,.T.);
#3506=ORIENTED_EDGE('',*,*,#5456,.F.);
#3507=ORIENTED_EDGE('',*,*,#5461,.F.);
#3508=ORIENTED_EDGE('',*,*,#5460,.F.);
#3509=ORIENTED_EDGE('',*,*,#5458,.F.);
#3510=ORIENTED_EDGE('',*,*,#5462,.F.);
#3511=ORIENTED_EDGE('',*,*,#5134,.T.);
#3512=ORIENTED_EDGE('',*,*,#5463,.T.);
#3513=ORIENTED_EDGE('',*,*,#5464,.T.);
#3514=ORIENTED_EDGE('',*,*,#5465,.F.);
#3515=ORIENTED_EDGE('',*,*,#5135,.T.);
#3516=ORIENTED_EDGE('',*,*,#5462,.T.);
#3517=ORIENTED_EDGE('',*,*,#5466,.T.);
#3518=ORIENTED_EDGE('',*,*,#5467,.F.);
#3519=ORIENTED_EDGE('',*,*,#5136,.T.);
#3520=ORIENTED_EDGE('',*,*,#5465,.T.);
#3521=ORIENTED_EDGE('',*,*,#5468,.T.);
#3522=ORIENTED_EDGE('',*,*,#5463,.F.);
#3523=ORIENTED_EDGE('',*,*,#5137,.T.);
#3524=ORIENTED_EDGE('',*,*,#5467,.T.);
#3525=ORIENTED_EDGE('',*,*,#5469,.T.);
#3526=ORIENTED_EDGE('',*,*,#5464,.F.);
#3527=ORIENTED_EDGE('',*,*,#5469,.F.);
#3528=ORIENTED_EDGE('',*,*,#5468,.F.);
#3529=ORIENTED_EDGE('',*,*,#5466,.F.);
#3530=ORIENTED_EDGE('',*,*,#5470,.F.);
#3531=ORIENTED_EDGE('',*,*,#4978,.T.);
#3532=ORIENTED_EDGE('',*,*,#5471,.T.);
#3533=ORIENTED_EDGE('',*,*,#5472,.T.);
#3534=ORIENTED_EDGE('',*,*,#5473,.F.);
#3535=ORIENTED_EDGE('',*,*,#4979,.T.);
#3536=ORIENTED_EDGE('',*,*,#5470,.T.);
#3537=ORIENTED_EDGE('',*,*,#5474,.T.);
#3538=ORIENTED_EDGE('',*,*,#5475,.F.);
#3539=ORIENTED_EDGE('',*,*,#4980,.T.);
#3540=ORIENTED_EDGE('',*,*,#5473,.T.);
#3541=ORIENTED_EDGE('',*,*,#5476,.T.);
#3542=ORIENTED_EDGE('',*,*,#5471,.F.);
#3543=ORIENTED_EDGE('',*,*,#4981,.T.);
#3544=ORIENTED_EDGE('',*,*,#5475,.T.);
#3545=ORIENTED_EDGE('',*,*,#5477,.T.);
#3546=ORIENTED_EDGE('',*,*,#5472,.F.);
#3547=ORIENTED_EDGE('',*,*,#5477,.F.);
#3548=ORIENTED_EDGE('',*,*,#5476,.F.);
#3549=ORIENTED_EDGE('',*,*,#5474,.F.);
#3550=ORIENTED_EDGE('',*,*,#5478,.F.);
#3551=ORIENTED_EDGE('',*,*,#5138,.T.);
#3552=ORIENTED_EDGE('',*,*,#5479,.T.);
#3553=ORIENTED_EDGE('',*,*,#5480,.T.);
#3554=ORIENTED_EDGE('',*,*,#5481,.F.);
#3555=ORIENTED_EDGE('',*,*,#5139,.T.);
#3556=ORIENTED_EDGE('',*,*,#5478,.T.);
#3557=ORIENTED_EDGE('',*,*,#5482,.T.);
#3558=ORIENTED_EDGE('',*,*,#5483,.F.);
#3559=ORIENTED_EDGE('',*,*,#5140,.T.);
#3560=ORIENTED_EDGE('',*,*,#5481,.T.);
#3561=ORIENTED_EDGE('',*,*,#5484,.T.);
#3562=ORIENTED_EDGE('',*,*,#5479,.F.);
#3563=ORIENTED_EDGE('',*,*,#5141,.T.);
#3564=ORIENTED_EDGE('',*,*,#5483,.T.);
#3565=ORIENTED_EDGE('',*,*,#5485,.T.);
#3566=ORIENTED_EDGE('',*,*,#5480,.F.);
#3567=ORIENTED_EDGE('',*,*,#5485,.F.);
#3568=ORIENTED_EDGE('',*,*,#5484,.F.);
#3569=ORIENTED_EDGE('',*,*,#5482,.F.);
#3570=ORIENTED_EDGE('',*,*,#5486,.F.);
#3571=ORIENTED_EDGE('',*,*,#4974,.T.);
#3572=ORIENTED_EDGE('',*,*,#5487,.T.);
#3573=ORIENTED_EDGE('',*,*,#5488,.T.);
#3574=ORIENTED_EDGE('',*,*,#5489,.F.);
#3575=ORIENTED_EDGE('',*,*,#4975,.T.);
#3576=ORIENTED_EDGE('',*,*,#5486,.T.);
#3577=ORIENTED_EDGE('',*,*,#5490,.T.);
#3578=ORIENTED_EDGE('',*,*,#5491,.F.);
#3579=ORIENTED_EDGE('',*,*,#4976,.T.);
#3580=ORIENTED_EDGE('',*,*,#5489,.T.);
#3581=ORIENTED_EDGE('',*,*,#5492,.T.);
#3582=ORIENTED_EDGE('',*,*,#5487,.F.);
#3583=ORIENTED_EDGE('',*,*,#4977,.T.);
#3584=ORIENTED_EDGE('',*,*,#5491,.T.);
#3585=ORIENTED_EDGE('',*,*,#5493,.T.);
#3586=ORIENTED_EDGE('',*,*,#5488,.F.);
#3587=ORIENTED_EDGE('',*,*,#5493,.F.);
#3588=ORIENTED_EDGE('',*,*,#5492,.F.);
#3589=ORIENTED_EDGE('',*,*,#5490,.F.);
#3590=ORIENTED_EDGE('',*,*,#5494,.F.);
#3591=ORIENTED_EDGE('',*,*,#5142,.T.);
#3592=ORIENTED_EDGE('',*,*,#5495,.T.);
#3593=ORIENTED_EDGE('',*,*,#5496,.T.);
#3594=ORIENTED_EDGE('',*,*,#5497,.F.);
#3595=ORIENTED_EDGE('',*,*,#5143,.T.);
#3596=ORIENTED_EDGE('',*,*,#5494,.T.);
#3597=ORIENTED_EDGE('',*,*,#5498,.T.);
#3598=ORIENTED_EDGE('',*,*,#5499,.F.);
#3599=ORIENTED_EDGE('',*,*,#5144,.T.);
#3600=ORIENTED_EDGE('',*,*,#5497,.T.);
#3601=ORIENTED_EDGE('',*,*,#5500,.T.);
#3602=ORIENTED_EDGE('',*,*,#5495,.F.);
#3603=ORIENTED_EDGE('',*,*,#5145,.T.);
#3604=ORIENTED_EDGE('',*,*,#5499,.T.);
#3605=ORIENTED_EDGE('',*,*,#5501,.T.);
#3606=ORIENTED_EDGE('',*,*,#5496,.F.);
#3607=ORIENTED_EDGE('',*,*,#5501,.F.);
#3608=ORIENTED_EDGE('',*,*,#5500,.F.);
#3609=ORIENTED_EDGE('',*,*,#5498,.F.);
#3610=ORIENTED_EDGE('',*,*,#5502,.F.);
#3611=ORIENTED_EDGE('',*,*,#4970,.T.);
#3612=ORIENTED_EDGE('',*,*,#5503,.T.);
#3613=ORIENTED_EDGE('',*,*,#5504,.T.);
#3614=ORIENTED_EDGE('',*,*,#5505,.F.);
#3615=ORIENTED_EDGE('',*,*,#4971,.T.);
#3616=ORIENTED_EDGE('',*,*,#5502,.T.);
#3617=ORIENTED_EDGE('',*,*,#5506,.T.);
#3618=ORIENTED_EDGE('',*,*,#5507,.F.);
#3619=ORIENTED_EDGE('',*,*,#4972,.T.);
#3620=ORIENTED_EDGE('',*,*,#5505,.T.);
#3621=ORIENTED_EDGE('',*,*,#5508,.T.);
#3622=ORIENTED_EDGE('',*,*,#5503,.F.);
#3623=ORIENTED_EDGE('',*,*,#4973,.T.);
#3624=ORIENTED_EDGE('',*,*,#5507,.T.);
#3625=ORIENTED_EDGE('',*,*,#5509,.T.);
#3626=ORIENTED_EDGE('',*,*,#5504,.F.);
#3627=ORIENTED_EDGE('',*,*,#5509,.F.);
#3628=ORIENTED_EDGE('',*,*,#5508,.F.);
#3629=ORIENTED_EDGE('',*,*,#5506,.F.);
#3630=ORIENTED_EDGE('',*,*,#5510,.F.);
#3631=ORIENTED_EDGE('',*,*,#5146,.T.);
#3632=ORIENTED_EDGE('',*,*,#5511,.T.);
#3633=ORIENTED_EDGE('',*,*,#5512,.T.);
#3634=ORIENTED_EDGE('',*,*,#5513,.F.);
#3635=ORIENTED_EDGE('',*,*,#5147,.T.);
#3636=ORIENTED_EDGE('',*,*,#5510,.T.);
#3637=ORIENTED_EDGE('',*,*,#5514,.T.);
#3638=ORIENTED_EDGE('',*,*,#5515,.F.);
#3639=ORIENTED_EDGE('',*,*,#5148,.T.);
#3640=ORIENTED_EDGE('',*,*,#5513,.T.);
#3641=ORIENTED_EDGE('',*,*,#5516,.T.);
#3642=ORIENTED_EDGE('',*,*,#5511,.F.);
#3643=ORIENTED_EDGE('',*,*,#5149,.T.);
#3644=ORIENTED_EDGE('',*,*,#5515,.T.);
#3645=ORIENTED_EDGE('',*,*,#5517,.T.);
#3646=ORIENTED_EDGE('',*,*,#5512,.F.);
#3647=ORIENTED_EDGE('',*,*,#5517,.F.);
#3648=ORIENTED_EDGE('',*,*,#5516,.F.);
#3649=ORIENTED_EDGE('',*,*,#5514,.F.);
#3650=ORIENTED_EDGE('',*,*,#5518,.F.);
#3651=ORIENTED_EDGE('',*,*,#4966,.T.);
#3652=ORIENTED_EDGE('',*,*,#5519,.T.);
#3653=ORIENTED_EDGE('',*,*,#5520,.T.);
#3654=ORIENTED_EDGE('',*,*,#5521,.F.);
#3655=ORIENTED_EDGE('',*,*,#4967,.T.);
#3656=ORIENTED_EDGE('',*,*,#5518,.T.);
#3657=ORIENTED_EDGE('',*,*,#5522,.T.);
#3658=ORIENTED_EDGE('',*,*,#5523,.F.);
#3659=ORIENTED_EDGE('',*,*,#4968,.T.);
#3660=ORIENTED_EDGE('',*,*,#5521,.T.);
#3661=ORIENTED_EDGE('',*,*,#5524,.T.);
#3662=ORIENTED_EDGE('',*,*,#5519,.F.);
#3663=ORIENTED_EDGE('',*,*,#4969,.T.);
#3664=ORIENTED_EDGE('',*,*,#5523,.T.);
#3665=ORIENTED_EDGE('',*,*,#5525,.T.);
#3666=ORIENTED_EDGE('',*,*,#5520,.F.);
#3667=ORIENTED_EDGE('',*,*,#5525,.F.);
#3668=ORIENTED_EDGE('',*,*,#5524,.F.);
#3669=ORIENTED_EDGE('',*,*,#5522,.F.);
#3670=ORIENTED_EDGE('',*,*,#5526,.F.);
#3671=ORIENTED_EDGE('',*,*,#5150,.T.);
#3672=ORIENTED_EDGE('',*,*,#5527,.T.);
#3673=ORIENTED_EDGE('',*,*,#5528,.T.);
#3674=ORIENTED_EDGE('',*,*,#5529,.F.);
#3675=ORIENTED_EDGE('',*,*,#5151,.T.);
#3676=ORIENTED_EDGE('',*,*,#5526,.T.);
#3677=ORIENTED_EDGE('',*,*,#5530,.T.);
#3678=ORIENTED_EDGE('',*,*,#5531,.F.);
#3679=ORIENTED_EDGE('',*,*,#5152,.T.);
#3680=ORIENTED_EDGE('',*,*,#5529,.T.);
#3681=ORIENTED_EDGE('',*,*,#5532,.T.);
#3682=ORIENTED_EDGE('',*,*,#5527,.F.);
#3683=ORIENTED_EDGE('',*,*,#5153,.T.);
#3684=ORIENTED_EDGE('',*,*,#5531,.T.);
#3685=ORIENTED_EDGE('',*,*,#5533,.T.);
#3686=ORIENTED_EDGE('',*,*,#5528,.F.);
#3687=ORIENTED_EDGE('',*,*,#5533,.F.);
#3688=ORIENTED_EDGE('',*,*,#5532,.F.);
#3689=ORIENTED_EDGE('',*,*,#5530,.F.);
#3690=ORIENTED_EDGE('',*,*,#5534,.F.);
#3691=ORIENTED_EDGE('',*,*,#4962,.T.);
#3692=ORIENTED_EDGE('',*,*,#5535,.T.);
#3693=ORIENTED_EDGE('',*,*,#5536,.T.);
#3694=ORIENTED_EDGE('',*,*,#5537,.F.);
#3695=ORIENTED_EDGE('',*,*,#4963,.T.);
#3696=ORIENTED_EDGE('',*,*,#5534,.T.);
#3697=ORIENTED_EDGE('',*,*,#5538,.T.);
#3698=ORIENTED_EDGE('',*,*,#5539,.F.);
#3699=ORIENTED_EDGE('',*,*,#4964,.T.);
#3700=ORIENTED_EDGE('',*,*,#5537,.T.);
#3701=ORIENTED_EDGE('',*,*,#5540,.T.);
#3702=ORIENTED_EDGE('',*,*,#5535,.F.);
#3703=ORIENTED_EDGE('',*,*,#4965,.T.);
#3704=ORIENTED_EDGE('',*,*,#5539,.T.);
#3705=ORIENTED_EDGE('',*,*,#5541,.T.);
#3706=ORIENTED_EDGE('',*,*,#5536,.F.);
#3707=ORIENTED_EDGE('',*,*,#5541,.F.);
#3708=ORIENTED_EDGE('',*,*,#5540,.F.);
#3709=ORIENTED_EDGE('',*,*,#5538,.F.);
#3710=ORIENTED_EDGE('',*,*,#5542,.F.);
#3711=ORIENTED_EDGE('',*,*,#5154,.T.);
#3712=ORIENTED_EDGE('',*,*,#5543,.T.);
#3713=ORIENTED_EDGE('',*,*,#5544,.T.);
#3714=ORIENTED_EDGE('',*,*,#5545,.F.);
#3715=ORIENTED_EDGE('',*,*,#5155,.T.);
#3716=ORIENTED_EDGE('',*,*,#5542,.T.);
#3717=ORIENTED_EDGE('',*,*,#5546,.T.);
#3718=ORIENTED_EDGE('',*,*,#5547,.F.);
#3719=ORIENTED_EDGE('',*,*,#5156,.T.);
#3720=ORIENTED_EDGE('',*,*,#5545,.T.);
#3721=ORIENTED_EDGE('',*,*,#5548,.T.);
#3722=ORIENTED_EDGE('',*,*,#5543,.F.);
#3723=ORIENTED_EDGE('',*,*,#5157,.T.);
#3724=ORIENTED_EDGE('',*,*,#5547,.T.);
#3725=ORIENTED_EDGE('',*,*,#5549,.T.);
#3726=ORIENTED_EDGE('',*,*,#5544,.F.);
#3727=ORIENTED_EDGE('',*,*,#5549,.F.);
#3728=ORIENTED_EDGE('',*,*,#5548,.F.);
#3729=ORIENTED_EDGE('',*,*,#5546,.F.);
#3730=EDGE_CURVE('',#5550,#5551,#6742,.T.);
#3731=EDGE_CURVE('',#5552,#5551,#6743,.T.);
#3732=EDGE_CURVE('',#5553,#5552,#6744,.T.);
#3733=EDGE_CURVE('',#5550,#5553,#6745,.T.);
#3734=EDGE_CURVE('',#5554,#5555,#6746,.T.);
#3735=EDGE_CURVE('',#5556,#5554,#6747,.T.);
#3736=EDGE_CURVE('',#5556,#5557,#6748,.T.);
#3737=EDGE_CURVE('',#5555,#5557,#6749,.T.);
#3738=EDGE_CURVE('',#5558,#5559,#6750,.T.);
#3739=EDGE_CURVE('',#5560,#5558,#6751,.T.);
#3740=EDGE_CURVE('',#5560,#5561,#6752,.T.);
#3741=EDGE_CURVE('',#5559,#5561,#6753,.T.);
#3742=EDGE_CURVE('',#5562,#5563,#6754,.T.);
#3743=EDGE_CURVE('',#5564,#5562,#6755,.T.);
#3744=EDGE_CURVE('',#5564,#5565,#6756,.T.);
#3745=EDGE_CURVE('',#5563,#5565,#6757,.T.);
#3746=EDGE_CURVE('',#5566,#5567,#6758,.T.);
#3747=EDGE_CURVE('',#5568,#5566,#6759,.T.);
#3748=EDGE_CURVE('',#5568,#5569,#6760,.T.);
#3749=EDGE_CURVE('',#5567,#5569,#6761,.T.);
#3750=EDGE_CURVE('',#5570,#5571,#6762,.T.);
#3751=EDGE_CURVE('',#5572,#5570,#6763,.T.);
#3752=EDGE_CURVE('',#5572,#5573,#6764,.T.);
#3753=EDGE_CURVE('',#5571,#5573,#6765,.T.);
#3754=EDGE_CURVE('',#5574,#5575,#6766,.T.);
#3755=EDGE_CURVE('',#5576,#5574,#6767,.T.);
#3756=EDGE_CURVE('',#5576,#5577,#6768,.T.);
#3757=EDGE_CURVE('',#5575,#5577,#6769,.T.);
#3758=EDGE_CURVE('',#5578,#5579,#6770,.T.);
#3759=EDGE_CURVE('',#5580,#5578,#6771,.T.);
#3760=EDGE_CURVE('',#5580,#5581,#6772,.T.);
#3761=EDGE_CURVE('',#5579,#5581,#6773,.T.);
#3762=EDGE_CURVE('',#5582,#5583,#6774,.T.);
#3763=EDGE_CURVE('',#5584,#5582,#6775,.T.);
#3764=EDGE_CURVE('',#5585,#5584,#6776,.T.);
#3765=EDGE_CURVE('',#5583,#5585,#6777,.T.);
#3766=EDGE_CURVE('',#5586,#5587,#6778,.T.);
#3767=EDGE_CURVE('',#5588,#5587,#6779,.T.);
#3768=EDGE_CURVE('',#5589,#5588,#6780,.T.);
#3769=EDGE_CURVE('',#5589,#5586,#6781,.T.);
#3770=EDGE_CURVE('',#5590,#5591,#6782,.T.);
#3771=EDGE_CURVE('',#5590,#5592,#6783,.T.);
#3772=EDGE_CURVE('',#5592,#5593,#6784,.T.);
#3773=EDGE_CURVE('',#5591,#5593,#6785,.T.);
#3774=EDGE_CURVE('',#5594,#5595,#6786,.T.);
#3775=EDGE_CURVE('',#5594,#5596,#6787,.T.);
#3776=EDGE_CURVE('',#5596,#5597,#6788,.T.);
#3777=EDGE_CURVE('',#5595,#5597,#6789,.T.);
#3778=EDGE_CURVE('',#5598,#5599,#6790,.T.);
#3779=EDGE_CURVE('',#5598,#5600,#6791,.T.);
#3780=EDGE_CURVE('',#5600,#5601,#6792,.T.);
#3781=EDGE_CURVE('',#5599,#5601,#6793,.T.);
#3782=EDGE_CURVE('',#5602,#5603,#6794,.T.);
#3783=EDGE_CURVE('',#5602,#5604,#6795,.T.);
#3784=EDGE_CURVE('',#5604,#5605,#6796,.T.);
#3785=EDGE_CURVE('',#5603,#5605,#6797,.T.);
#3786=EDGE_CURVE('',#5606,#5607,#6798,.T.);
#3787=EDGE_CURVE('',#5606,#5608,#6799,.T.);
#3788=EDGE_CURVE('',#5608,#5609,#6800,.T.);
#3789=EDGE_CURVE('',#5607,#5609,#6801,.T.);
#3790=EDGE_CURVE('',#5610,#5611,#6802,.T.);
#3791=EDGE_CURVE('',#5610,#5612,#6803,.T.);
#3792=EDGE_CURVE('',#5612,#5613,#6804,.T.);
#3793=EDGE_CURVE('',#5611,#5613,#6805,.T.);
#3794=EDGE_CURVE('',#5614,#5615,#6806,.T.);
#3795=EDGE_CURVE('',#5614,#5616,#6807,.T.);
#3796=EDGE_CURVE('',#5616,#5617,#6808,.T.);
#3797=EDGE_CURVE('',#5615,#5617,#6809,.T.);
#3798=EDGE_CURVE('',#5618,#5619,#6810,.T.);
#3799=EDGE_CURVE('',#5620,#5619,#6811,.T.);
#3800=EDGE_CURVE('',#5621,#5620,#6812,.T.);
#3801=EDGE_CURVE('',#5618,#5621,#6813,.T.);
#3802=EDGE_CURVE('',#5587,#5622,#6814,.T.);
#3803=EDGE_CURVE('',#5622,#5623,#6815,.T.);
#3804=EDGE_CURVE('',#5623,#5591,#6816,.T.);
#3805=EDGE_CURVE('',#5593,#5624,#6817,.T.);
#3806=EDGE_CURVE('',#5624,#5625,#6818,.T.);
#3807=EDGE_CURVE('',#5625,#5595,#6819,.T.);
#3808=EDGE_CURVE('',#5597,#5626,#6820,.T.);
#3809=EDGE_CURVE('',#5626,#5627,#6821,.T.);
#3810=EDGE_CURVE('',#5627,#5599,#6822,.T.);
#3811=EDGE_CURVE('',#5601,#5628,#6823,.T.);
#3812=EDGE_CURVE('',#5628,#5629,#6824,.T.);
#3813=EDGE_CURVE('',#5629,#5603,#6825,.T.);
#3814=EDGE_CURVE('',#5605,#5630,#6826,.T.);
#3815=EDGE_CURVE('',#5630,#5631,#6827,.T.);
#3816=EDGE_CURVE('',#5631,#5607,#6828,.T.);
#3817=EDGE_CURVE('',#5609,#5632,#6829,.T.);
#3818=EDGE_CURVE('',#5632,#5633,#6830,.T.);
#3819=EDGE_CURVE('',#5633,#5611,#6831,.T.);
#3820=EDGE_CURVE('',#5613,#5634,#6832,.T.);
#3821=EDGE_CURVE('',#5634,#5635,#6833,.T.);
#3822=EDGE_CURVE('',#5635,#5615,#6834,.T.);
#3823=EDGE_CURVE('',#5617,#5636,#6835,.T.);
#3824=EDGE_CURVE('',#5636,#5637,#6836,.T.);
#3825=EDGE_CURVE('',#5637,#5621,#6837,.T.);
#3826=EDGE_CURVE('',#5638,#5620,#6838,.T.);
#3827=EDGE_CURVE('',#5639,#5638,#6839,.T.);
#3828=EDGE_CURVE('',#5639,#5588,#6840,.T.);
#3829=EDGE_CURVE('',#5550,#5640,#6841,.T.);
#3830=EDGE_CURVE('',#5641,#5553,#6842,.T.);
#3831=EDGE_CURVE('',#5642,#5641,#6843,.T.);
#3832=EDGE_CURVE('',#5642,#5584,#6844,.T.);
#3833=EDGE_CURVE('',#5643,#5582,#6845,.T.);
#3834=EDGE_CURVE('',#5644,#5643,#6846,.T.);
#3835=EDGE_CURVE('',#5580,#5644,#6847,.T.);
#3836=EDGE_CURVE('',#5645,#5578,#6848,.T.);
#3837=EDGE_CURVE('',#5646,#5645,#6849,.T.);
#3838=EDGE_CURVE('',#5576,#5646,#6850,.T.);
#3839=EDGE_CURVE('',#5647,#5574,#6851,.T.);
#3840=EDGE_CURVE('',#5648,#5647,#6852,.T.);
#3841=EDGE_CURVE('',#5572,#5648,#6853,.T.);
#3842=EDGE_CURVE('',#5649,#5570,#6854,.T.);
#3843=EDGE_CURVE('',#5650,#5649,#6855,.T.);
#3844=EDGE_CURVE('',#5568,#5650,#6856,.T.);
#3845=EDGE_CURVE('',#5651,#5566,#6857,.T.);
#3846=EDGE_CURVE('',#5652,#5651,#6858,.T.);
#3847=EDGE_CURVE('',#5564,#5652,#6859,.T.);
#3848=EDGE_CURVE('',#5653,#5562,#6860,.T.);
#3849=EDGE_CURVE('',#5654,#5653,#6861,.T.);
#3850=EDGE_CURVE('',#5560,#5654,#6862,.T.);
#3851=EDGE_CURVE('',#5655,#5558,#6863,.T.);
#3852=EDGE_CURVE('',#5656,#5655,#6864,.T.);
#3853=EDGE_CURVE('',#5556,#5656,#6865,.T.);
#3854=EDGE_CURVE('',#5657,#5554,#6866,.T.);
#3855=EDGE_CURVE('',#5640,#5657,#6867,.T.);
#3856=EDGE_CURVE('',#5551,#5658,#6868,.T.);
#3857=EDGE_CURVE('',#5659,#5658,#6869,.T.);
#3858=EDGE_CURVE('',#5659,#5552,#6870,.T.);
#3859=EDGE_CURVE('',#5660,#5661,#6871,.T.);
#3860=EDGE_CURVE('',#5660,#5555,#6872,.T.);
#3861=EDGE_CURVE('',#5557,#5661,#6873,.T.);
#3862=EDGE_CURVE('',#5662,#5663,#6874,.T.);
#3863=EDGE_CURVE('',#5662,#5559,#6875,.T.);
#3864=EDGE_CURVE('',#5561,#5663,#6876,.T.);
#3865=EDGE_CURVE('',#5664,#5665,#6877,.T.);
#3866=EDGE_CURVE('',#5664,#5563,#6878,.T.);
#3867=EDGE_CURVE('',#5565,#5665,#6879,.T.);
#3868=EDGE_CURVE('',#5666,#5667,#6880,.T.);
#3869=EDGE_CURVE('',#5666,#5567,#6881,.T.);
#3870=EDGE_CURVE('',#5569,#5667,#6882,.T.);
#3871=EDGE_CURVE('',#5668,#5669,#6883,.T.);
#3872=EDGE_CURVE('',#5668,#5571,#6884,.T.);
#3873=EDGE_CURVE('',#5573,#5669,#6885,.T.);
#3874=EDGE_CURVE('',#5670,#5671,#6886,.T.);
#3875=EDGE_CURVE('',#5670,#5575,#6887,.T.);
#3876=EDGE_CURVE('',#5577,#5671,#6888,.T.);
#3877=EDGE_CURVE('',#5672,#5673,#6889,.T.);
#3878=EDGE_CURVE('',#5672,#5579,#6890,.T.);
#3879=EDGE_CURVE('',#5581,#5673,#6891,.T.);
#3880=EDGE_CURVE('',#5674,#5675,#6892,.T.);
#3881=EDGE_CURVE('',#5674,#5583,#6893,.T.);
#3882=EDGE_CURVE('',#5675,#5585,#6894,.T.);
#3883=EDGE_CURVE('',#5676,#5677,#6895,.T.);
#3884=EDGE_CURVE('',#5677,#5586,#6896,.T.);
#3885=EDGE_CURVE('',#5589,#5676,#6897,.T.);
#3886=EDGE_CURVE('',#5590,#5678,#6898,.T.);
#3887=EDGE_CURVE('',#5678,#5679,#6899,.T.);
#3888=EDGE_CURVE('',#5679,#5592,#6900,.T.);
#3889=EDGE_CURVE('',#5594,#5680,#6901,.T.);
#3890=EDGE_CURVE('',#5680,#5681,#6902,.T.);
#3891=EDGE_CURVE('',#5681,#5596,#6903,.T.);
#3892=EDGE_CURVE('',#5598,#5682,#6904,.T.);
#3893=EDGE_CURVE('',#5682,#5683,#6905,.T.);
#3894=EDGE_CURVE('',#5683,#5600,#6906,.T.);
#3895=EDGE_CURVE('',#5602,#5684,#6907,.T.);
#3896=EDGE_CURVE('',#5684,#5685,#6908,.T.);
#3897=EDGE_CURVE('',#5685,#5604,#6909,.T.);
#3898=EDGE_CURVE('',#5606,#5686,#6910,.T.);
#3899=EDGE_CURVE('',#5686,#5687,#6911,.T.);
#3900=EDGE_CURVE('',#5687,#5608,#6912,.T.);
#3901=EDGE_CURVE('',#5610,#5688,#6913,.T.);
#3902=EDGE_CURVE('',#5688,#5689,#6914,.T.);
#3903=EDGE_CURVE('',#5689,#5612,#6915,.T.);
#3904=EDGE_CURVE('',#5614,#5690,#6916,.T.);
#3905=EDGE_CURVE('',#5690,#5691,#6917,.T.);
#3906=EDGE_CURVE('',#5691,#5616,#6918,.T.);
#3907=EDGE_CURVE('',#5618,#5692,#6919,.T.);
#3908=EDGE_CURVE('',#5692,#5693,#6920,.T.);
#3909=EDGE_CURVE('',#5619,#5693,#6921,.T.);
#3910=EDGE_CURVE('',#5638,#5642,#6922,.T.);
#3911=EDGE_CURVE('',#5693,#5675,#6923,.T.);
#3912=EDGE_CURVE('',#5676,#5659,#6924,.T.);
#3913=EDGE_CURVE('',#5641,#5639,#6925,.T.);
#3914=EDGE_CURVE('',#5694,#5695,#6926,.T.);
#3915=EDGE_CURVE('',#5696,#5694,#6927,.T.);
#3916=EDGE_CURVE('',#5696,#5697,#6928,.T.);
#3917=EDGE_CURVE('',#5697,#5695,#6929,.T.);
#3918=EDGE_CURVE('',#5698,#5694,#6930,.T.);
#3919=EDGE_CURVE('',#5699,#5698,#6931,.T.);
#3920=EDGE_CURVE('',#5699,#5696,#6932,.T.);
#3921=EDGE_CURVE('',#5700,#5698,#6933,.T.);
#3922=EDGE_CURVE('',#5701,#5700,#6934,.T.);
#3923=EDGE_CURVE('',#5701,#5699,#6935,.T.);
#3924=EDGE_CURVE('',#5702,#5703,#6936,.T.);
#3925=EDGE_CURVE('',#5704,#5702,#6937,.T.);
#3926=EDGE_CURVE('',#5704,#5705,#6938,.T.);
#3927=EDGE_CURVE('',#5705,#5703,#6939,.T.);
#3928=EDGE_CURVE('',#5706,#5702,#6940,.T.);
#3929=EDGE_CURVE('',#5707,#5706,#6941,.T.);
#3930=EDGE_CURVE('',#5707,#5704,#6942,.T.);
#3931=EDGE_CURVE('',#5708,#5706,#6943,.T.);
#3932=EDGE_CURVE('',#5709,#5708,#6944,.T.);
#3933=EDGE_CURVE('',#5709,#5707,#6945,.T.);
#3934=EDGE_CURVE('',#5710,#5711,#6946,.T.);
#3935=EDGE_CURVE('',#5712,#5710,#6947,.T.);
#3936=EDGE_CURVE('',#5712,#5713,#6948,.T.);
#3937=EDGE_CURVE('',#5713,#5711,#6949,.T.);
#3938=EDGE_CURVE('',#5714,#5710,#6950,.T.);
#3939=EDGE_CURVE('',#5715,#5714,#6951,.T.);
#3940=EDGE_CURVE('',#5715,#5712,#6952,.T.);
#3941=EDGE_CURVE('',#5716,#5714,#6953,.T.);
#3942=EDGE_CURVE('',#5717,#5716,#6954,.T.);
#3943=EDGE_CURVE('',#5717,#5715,#6955,.T.);
#3944=EDGE_CURVE('',#5718,#5719,#6956,.T.);
#3945=EDGE_CURVE('',#5720,#5718,#6957,.T.);
#3946=EDGE_CURVE('',#5720,#5721,#6958,.T.);
#3947=EDGE_CURVE('',#5721,#5719,#6959,.T.);
#3948=EDGE_CURVE('',#5722,#5718,#6960,.T.);
#3949=EDGE_CURVE('',#5723,#5722,#6961,.T.);
#3950=EDGE_CURVE('',#5723,#5720,#6962,.T.);
#3951=EDGE_CURVE('',#5724,#5722,#6963,.T.);
#3952=EDGE_CURVE('',#5725,#5724,#6964,.T.);
#3953=EDGE_CURVE('',#5725,#5723,#6965,.T.);
#3954=EDGE_CURVE('',#5726,#5727,#6966,.T.);
#3955=EDGE_CURVE('',#5728,#5726,#6967,.T.);
#3956=EDGE_CURVE('',#5728,#5729,#6968,.T.);
#3957=EDGE_CURVE('',#5729,#5727,#6969,.T.);
#3958=EDGE_CURVE('',#5730,#5726,#6970,.T.);
#3959=EDGE_CURVE('',#5731,#5730,#6971,.T.);
#3960=EDGE_CURVE('',#5731,#5728,#6972,.T.);
#3961=EDGE_CURVE('',#5732,#5730,#6973,.T.);
#3962=EDGE_CURVE('',#5733,#5732,#6974,.T.);
#3963=EDGE_CURVE('',#5733,#5731,#6975,.T.);
#3964=EDGE_CURVE('',#5734,#5735,#6976,.T.);
#3965=EDGE_CURVE('',#5736,#5734,#6977,.T.);
#3966=EDGE_CURVE('',#5736,#5737,#6978,.T.);
#3967=EDGE_CURVE('',#5737,#5735,#6979,.T.);
#3968=EDGE_CURVE('',#5738,#5734,#6980,.T.);
#3969=EDGE_CURVE('',#5739,#5738,#6981,.T.);
#3970=EDGE_CURVE('',#5739,#5736,#6982,.T.);
#3971=EDGE_CURVE('',#5740,#5738,#6983,.T.);
#3972=EDGE_CURVE('',#5741,#5740,#6984,.T.);
#3973=EDGE_CURVE('',#5741,#5739,#6985,.T.);
#3974=EDGE_CURVE('',#5742,#5743,#6986,.T.);
#3975=EDGE_CURVE('',#5744,#5742,#6987,.T.);
#3976=EDGE_CURVE('',#5744,#5745,#6988,.T.);
#3977=EDGE_CURVE('',#5745,#5743,#6989,.T.);
#3978=EDGE_CURVE('',#5746,#5742,#6990,.T.);
#3979=EDGE_CURVE('',#5747,#5746,#6991,.T.);
#3980=EDGE_CURVE('',#5747,#5744,#6992,.T.);
#3981=EDGE_CURVE('',#5748,#5746,#6993,.T.);
#3982=EDGE_CURVE('',#5749,#5748,#6994,.T.);
#3983=EDGE_CURVE('',#5749,#5747,#6995,.T.);
#3984=EDGE_CURVE('',#5750,#5751,#6996,.T.);
#3985=EDGE_CURVE('',#5752,#5750,#6997,.T.);
#3986=EDGE_CURVE('',#5752,#5753,#6998,.T.);
#3987=EDGE_CURVE('',#5753,#5751,#6999,.T.);
#3988=EDGE_CURVE('',#5754,#5750,#7000,.T.);
#3989=EDGE_CURVE('',#5755,#5754,#7001,.T.);
#3990=EDGE_CURVE('',#5755,#5752,#7002,.T.);
#3991=EDGE_CURVE('',#5756,#5754,#7003,.T.);
#3992=EDGE_CURVE('',#5757,#5756,#7004,.T.);
#3993=EDGE_CURVE('',#5757,#5755,#7005,.T.);
#3994=EDGE_CURVE('',#5758,#5759,#7006,.T.);
#3995=EDGE_CURVE('',#5760,#5758,#7007,.T.);
#3996=EDGE_CURVE('',#5760,#5761,#7008,.T.);
#3997=EDGE_CURVE('',#5761,#5759,#7009,.T.);
#3998=EDGE_CURVE('',#5762,#5758,#7010,.T.);
#3999=EDGE_CURVE('',#5763,#5762,#7011,.T.);
#4000=EDGE_CURVE('',#5763,#5760,#7012,.T.);
#4001=EDGE_CURVE('',#5764,#5762,#7013,.T.);
#4002=EDGE_CURVE('',#5765,#5764,#7014,.T.);
#4003=EDGE_CURVE('',#5765,#5763,#7015,.T.);
#4004=EDGE_CURVE('',#5766,#5767,#7016,.T.);
#4005=EDGE_CURVE('',#5768,#5766,#7017,.T.);
#4006=EDGE_CURVE('',#5768,#5769,#7018,.T.);
#4007=EDGE_CURVE('',#5769,#5767,#7019,.T.);
#4008=EDGE_CURVE('',#5770,#5766,#7020,.T.);
#4009=EDGE_CURVE('',#5771,#5770,#7021,.T.);
#4010=EDGE_CURVE('',#5771,#5768,#7022,.T.);
#4011=EDGE_CURVE('',#5772,#5770,#7023,.T.);
#4012=EDGE_CURVE('',#5773,#5772,#7024,.T.);
#4013=EDGE_CURVE('',#5773,#5771,#7025,.T.);
#4014=EDGE_CURVE('',#5774,#5775,#7026,.T.);
#4015=EDGE_CURVE('',#5776,#5774,#7027,.T.);
#4016=EDGE_CURVE('',#5776,#5777,#7028,.T.);
#4017=EDGE_CURVE('',#5777,#5775,#7029,.T.);
#4018=EDGE_CURVE('',#5778,#5774,#7030,.T.);
#4019=EDGE_CURVE('',#5779,#5778,#7031,.T.);
#4020=EDGE_CURVE('',#5779,#5776,#7032,.T.);
#4021=EDGE_CURVE('',#5780,#5778,#7033,.T.);
#4022=EDGE_CURVE('',#5781,#5780,#7034,.T.);
#4023=EDGE_CURVE('',#5781,#5779,#7035,.T.);
#4024=EDGE_CURVE('',#5782,#5783,#7036,.T.);
#4025=EDGE_CURVE('',#5784,#5782,#7037,.T.);
#4026=EDGE_CURVE('',#5784,#5785,#7038,.T.);
#4027=EDGE_CURVE('',#5785,#5783,#7039,.T.);
#4028=EDGE_CURVE('',#5786,#5782,#7040,.T.);
#4029=EDGE_CURVE('',#5787,#5786,#7041,.T.);
#4030=EDGE_CURVE('',#5787,#5784,#7042,.T.);
#4031=EDGE_CURVE('',#5788,#5786,#7043,.T.);
#4032=EDGE_CURVE('',#5789,#5788,#7044,.T.);
#4033=EDGE_CURVE('',#5789,#5787,#7045,.T.);
#4034=EDGE_CURVE('',#5790,#5791,#7046,.T.);
#4035=EDGE_CURVE('',#5792,#5790,#7047,.T.);
#4036=EDGE_CURVE('',#5792,#5793,#7048,.T.);
#4037=EDGE_CURVE('',#5793,#5791,#7049,.T.);
#4038=EDGE_CURVE('',#5794,#5790,#7050,.T.);
#4039=EDGE_CURVE('',#5795,#5794,#7051,.T.);
#4040=EDGE_CURVE('',#5795,#5792,#7052,.T.);
#4041=EDGE_CURVE('',#5796,#5794,#7053,.T.);
#4042=EDGE_CURVE('',#5797,#5796,#7054,.T.);
#4043=EDGE_CURVE('',#5797,#5795,#7055,.T.);
#4044=EDGE_CURVE('',#5798,#5799,#7056,.T.);
#4045=EDGE_CURVE('',#5800,#5798,#7057,.T.);
#4046=EDGE_CURVE('',#5800,#5801,#7058,.T.);
#4047=EDGE_CURVE('',#5801,#5799,#7059,.T.);
#4048=EDGE_CURVE('',#5802,#5798,#7060,.T.);
#4049=EDGE_CURVE('',#5803,#5802,#7061,.T.);
#4050=EDGE_CURVE('',#5803,#5800,#7062,.T.);
#4051=EDGE_CURVE('',#5804,#5802,#7063,.T.);
#4052=EDGE_CURVE('',#5805,#5804,#7064,.T.);
#4053=EDGE_CURVE('',#5805,#5803,#7065,.T.);
#4054=EDGE_CURVE('',#5806,#5807,#7066,.T.);
#4055=EDGE_CURVE('',#5808,#5806,#7067,.T.);
#4056=EDGE_CURVE('',#5808,#5809,#7068,.T.);
#4057=EDGE_CURVE('',#5809,#5807,#7069,.T.);
#4058=EDGE_CURVE('',#5810,#5806,#7070,.T.);
#4059=EDGE_CURVE('',#5811,#5810,#7071,.T.);
#4060=EDGE_CURVE('',#5811,#5808,#7072,.T.);
#4061=EDGE_CURVE('',#5812,#5810,#7073,.T.);
#4062=EDGE_CURVE('',#5813,#5812,#7074,.T.);
#4063=EDGE_CURVE('',#5813,#5811,#7075,.T.);
#4064=EDGE_CURVE('',#5814,#5815,#7076,.T.);
#4065=EDGE_CURVE('',#5816,#5814,#7077,.T.);
#4066=EDGE_CURVE('',#5816,#5817,#7078,.T.);
#4067=EDGE_CURVE('',#5817,#5815,#7079,.T.);
#4068=EDGE_CURVE('',#5818,#5814,#7080,.T.);
#4069=EDGE_CURVE('',#5819,#5818,#7081,.T.);
#4070=EDGE_CURVE('',#5819,#5816,#7082,.T.);
#4071=EDGE_CURVE('',#5820,#5818,#7083,.T.);
#4072=EDGE_CURVE('',#5821,#5820,#7084,.T.);
#4073=EDGE_CURVE('',#5821,#5819,#7085,.T.);
#4074=EDGE_CURVE('',#5695,#5700,#7086,.T.);
#4075=EDGE_CURVE('',#5697,#5701,#7087,.T.);
#4076=EDGE_CURVE('',#5703,#5708,#7088,.T.);
#4077=EDGE_CURVE('',#5705,#5709,#7089,.T.);
#4078=EDGE_CURVE('',#5711,#5716,#7090,.T.);
#4079=EDGE_CURVE('',#5713,#5717,#7091,.T.);
#4080=EDGE_CURVE('',#5719,#5724,#7092,.T.);
#4081=EDGE_CURVE('',#5721,#5725,#7093,.T.);
#4082=EDGE_CURVE('',#5727,#5732,#7094,.T.);
#4083=EDGE_CURVE('',#5729,#5733,#7095,.T.);
#4084=EDGE_CURVE('',#5735,#5740,#7096,.T.);
#4085=EDGE_CURVE('',#5737,#5741,#7097,.T.);
#4086=EDGE_CURVE('',#5743,#5748,#7098,.T.);
#4087=EDGE_CURVE('',#5745,#5749,#7099,.T.);
#4088=EDGE_CURVE('',#5751,#5756,#7100,.T.);
#4089=EDGE_CURVE('',#5753,#5757,#7101,.T.);
#4090=EDGE_CURVE('',#5759,#5764,#7102,.T.);
#4091=EDGE_CURVE('',#5761,#5765,#7103,.T.);
#4092=EDGE_CURVE('',#5767,#5772,#7104,.T.);
#4093=EDGE_CURVE('',#5769,#5773,#7105,.T.);
#4094=EDGE_CURVE('',#5775,#5780,#7106,.T.);
#4095=EDGE_CURVE('',#5777,#5781,#7107,.T.);
#4096=EDGE_CURVE('',#5783,#5788,#7108,.T.);
#4097=EDGE_CURVE('',#5785,#5789,#7109,.T.);
#4098=EDGE_CURVE('',#5791,#5796,#7110,.T.);
#4099=EDGE_CURVE('',#5793,#5797,#7111,.T.);
#4100=EDGE_CURVE('',#5799,#5804,#7112,.T.);
#4101=EDGE_CURVE('',#5801,#5805,#7113,.T.);
#4102=EDGE_CURVE('',#5807,#5812,#7114,.T.);
#4103=EDGE_CURVE('',#5809,#5813,#7115,.T.);
#4104=EDGE_CURVE('',#5815,#5820,#7116,.T.);
#4105=EDGE_CURVE('',#5817,#5821,#7117,.T.);
#4106=EDGE_CURVE('',#5691,#5636,#7118,.T.);
#4107=EDGE_CURVE('',#5690,#5635,#7119,.T.);
#4108=EDGE_CURVE('',#5689,#5634,#7120,.T.);
#4109=EDGE_CURVE('',#5688,#5633,#7121,.T.);
#4110=EDGE_CURVE('',#5687,#5632,#7122,.T.);
#4111=EDGE_CURVE('',#5686,#5631,#7123,.T.);
#4112=EDGE_CURVE('',#5685,#5630,#7124,.T.);
#4113=EDGE_CURVE('',#5684,#5629,#7125,.T.);
#4114=EDGE_CURVE('',#5683,#5628,#7126,.T.);
#4115=EDGE_CURVE('',#5682,#5627,#7127,.T.);
#4116=EDGE_CURVE('',#5681,#5626,#7128,.T.);
#4117=EDGE_CURVE('',#5680,#5625,#7129,.T.);
#4118=EDGE_CURVE('',#5679,#5624,#7130,.T.);
#4119=EDGE_CURVE('',#5678,#5623,#7131,.T.);
#4120=EDGE_CURVE('',#5677,#5622,#7132,.T.);
#4121=EDGE_CURVE('',#5640,#5658,#7133,.T.);
#4122=EDGE_CURVE('',#5657,#5660,#7134,.T.);
#4123=EDGE_CURVE('',#5656,#5661,#7135,.T.);
#4124=EDGE_CURVE('',#5655,#5662,#7136,.T.);
#4125=EDGE_CURVE('',#5654,#5663,#7137,.T.);
#4126=EDGE_CURVE('',#5653,#5664,#7138,.T.);
#4127=EDGE_CURVE('',#5652,#5665,#7139,.T.);
#4128=EDGE_CURVE('',#5651,#5666,#7140,.T.);
#4129=EDGE_CURVE('',#5650,#5667,#7141,.T.);
#4130=EDGE_CURVE('',#5649,#5668,#7142,.T.);
#4131=EDGE_CURVE('',#5648,#5669,#7143,.T.);
#4132=EDGE_CURVE('',#5647,#5670,#7144,.T.);
#4133=EDGE_CURVE('',#5646,#5671,#7145,.T.);
#4134=EDGE_CURVE('',#5645,#5672,#7146,.T.);
#4135=EDGE_CURVE('',#5644,#5673,#7147,.T.);
#4136=EDGE_CURVE('',#5643,#5674,#7148,.T.);
#4137=EDGE_CURVE('',#5692,#5637,#7149,.T.);
#4138=EDGE_CURVE('',#5822,#5823,#7150,.T.);
#4139=EDGE_CURVE('',#5822,#5824,#7151,.T.);
#4140=EDGE_CURVE('',#5824,#5825,#7152,.T.);
#4141=EDGE_CURVE('',#5823,#5825,#7153,.T.);
#4142=EDGE_CURVE('',#5823,#5826,#7154,.T.);
#4143=EDGE_CURVE('',#5825,#5827,#7155,.T.);
#4144=EDGE_CURVE('',#5826,#5827,#7156,.T.);
#4145=EDGE_CURVE('',#5826,#5828,#7157,.T.);
#4146=EDGE_CURVE('',#5827,#5829,#7158,.T.);
#4147=EDGE_CURVE('',#5828,#5829,#7159,.T.);
#4148=EDGE_CURVE('',#5828,#5822,#7160,.T.);
#4149=EDGE_CURVE('',#5829,#5824,#7161,.T.);
#4150=EDGE_CURVE('',#5830,#5831,#7162,.T.);
#4151=EDGE_CURVE('',#5830,#5832,#7163,.T.);
#4152=EDGE_CURVE('',#5832,#5833,#7164,.T.);
#4153=EDGE_CURVE('',#5831,#5833,#7165,.T.);
#4154=EDGE_CURVE('',#5834,#5835,#7166,.T.);
#4155=EDGE_CURVE('',#5834,#5836,#7167,.T.);
#4156=EDGE_CURVE('',#5836,#5837,#7168,.T.);
#4157=EDGE_CURVE('',#5835,#5837,#7169,.T.);
#4158=EDGE_CURVE('',#5838,#5839,#7170,.T.);
#4159=EDGE_CURVE('',#5838,#5840,#7171,.T.);
#4160=EDGE_CURVE('',#5840,#5841,#7172,.T.);
#4161=EDGE_CURVE('',#5839,#5841,#7173,.T.);
#4162=EDGE_CURVE('',#5842,#5843,#7174,.T.);
#4163=EDGE_CURVE('',#5842,#5844,#7175,.T.);
#4164=EDGE_CURVE('',#5844,#5845,#7176,.T.);
#4165=EDGE_CURVE('',#5843,#5845,#7177,.T.);
#4166=EDGE_CURVE('',#5846,#5847,#7178,.T.);
#4167=EDGE_CURVE('',#5846,#5848,#7179,.T.);
#4168=EDGE_CURVE('',#5848,#5849,#7180,.T.);
#4169=EDGE_CURVE('',#5847,#5849,#7181,.T.);
#4170=EDGE_CURVE('',#5850,#5851,#7182,.T.);
#4171=EDGE_CURVE('',#5850,#5852,#7183,.T.);
#4172=EDGE_CURVE('',#5852,#5853,#7184,.T.);
#4173=EDGE_CURVE('',#5851,#5853,#7185,.T.);
#4174=EDGE_CURVE('',#5854,#5855,#7186,.T.);
#4175=EDGE_CURVE('',#5854,#5856,#7187,.T.);
#4176=EDGE_CURVE('',#5856,#5857,#7188,.T.);
#4177=EDGE_CURVE('',#5855,#5857,#7189,.T.);
#4178=EDGE_CURVE('',#5858,#5859,#7190,.T.);
#4179=EDGE_CURVE('',#5858,#5860,#7191,.T.);
#4180=EDGE_CURVE('',#5860,#5861,#7192,.T.);
#4181=EDGE_CURVE('',#5859,#5861,#7193,.T.);
#4182=EDGE_CURVE('',#5862,#5863,#7194,.T.);
#4183=EDGE_CURVE('',#5862,#5864,#7195,.T.);
#4184=EDGE_CURVE('',#5864,#5865,#7196,.T.);
#4185=EDGE_CURVE('',#5863,#5865,#7197,.T.);
#4186=EDGE_CURVE('',#5866,#5867,#7198,.T.);
#4187=EDGE_CURVE('',#5866,#5868,#7199,.T.);
#4188=EDGE_CURVE('',#5868,#5869,#7200,.T.);
#4189=EDGE_CURVE('',#5867,#5869,#7201,.T.);
#4190=EDGE_CURVE('',#5870,#5871,#7202,.T.);
#4191=EDGE_CURVE('',#5870,#5872,#7203,.T.);
#4192=EDGE_CURVE('',#5872,#5873,#7204,.T.);
#4193=EDGE_CURVE('',#5871,#5873,#7205,.T.);
#4194=EDGE_CURVE('',#5874,#5875,#7206,.T.);
#4195=EDGE_CURVE('',#5874,#5876,#7207,.T.);
#4196=EDGE_CURVE('',#5876,#5877,#7208,.T.);
#4197=EDGE_CURVE('',#5875,#5877,#7209,.T.);
#4198=EDGE_CURVE('',#5878,#5879,#7210,.T.);
#4199=EDGE_CURVE('',#5878,#5880,#7211,.T.);
#4200=EDGE_CURVE('',#5880,#5881,#7212,.T.);
#4201=EDGE_CURVE('',#5879,#5881,#7213,.T.);
#4202=EDGE_CURVE('',#5882,#5883,#7214,.T.);
#4203=EDGE_CURVE('',#5882,#5884,#7215,.T.);
#4204=EDGE_CURVE('',#5884,#5885,#7216,.T.);
#4205=EDGE_CURVE('',#5883,#5885,#7217,.T.);
#4206=EDGE_CURVE('',#5886,#5887,#7218,.T.);
#4207=EDGE_CURVE('',#5886,#5888,#7219,.T.);
#4208=EDGE_CURVE('',#5888,#5889,#7220,.T.);
#4209=EDGE_CURVE('',#5887,#5889,#7221,.T.);
#4210=EDGE_CURVE('',#5890,#5891,#7222,.T.);
#4211=EDGE_CURVE('',#5890,#5892,#7223,.T.);
#4212=EDGE_CURVE('',#5892,#5893,#7224,.T.);
#4213=EDGE_CURVE('',#5891,#5893,#7225,.T.);
#4214=EDGE_CURVE('',#5894,#5895,#7226,.T.);
#4215=EDGE_CURVE('',#5896,#5894,#7227,.T.);
#4216=EDGE_CURVE('',#5896,#5897,#7228,.T.);
#4217=EDGE_CURVE('',#5895,#5897,#7229,.T.);
#4218=EDGE_CURVE('',#5898,#5899,#7230,.T.);
#4219=EDGE_CURVE('',#5900,#5898,#7231,.T.);
#4220=EDGE_CURVE('',#5900,#5901,#7232,.T.);
#4221=EDGE_CURVE('',#5899,#5901,#7233,.T.);
#4222=EDGE_CURVE('',#5902,#5903,#7234,.T.);
#4223=EDGE_CURVE('',#5904,#5902,#7235,.T.);
#4224=EDGE_CURVE('',#5904,#5905,#7236,.T.);
#4225=EDGE_CURVE('',#5903,#5905,#7237,.T.);
#4226=EDGE_CURVE('',#5906,#5907,#7238,.T.);
#4227=EDGE_CURVE('',#5908,#5906,#7239,.T.);
#4228=EDGE_CURVE('',#5908,#5909,#7240,.T.);
#4229=EDGE_CURVE('',#5907,#5909,#7241,.T.);
#4230=EDGE_CURVE('',#5910,#5911,#7242,.T.);
#4231=EDGE_CURVE('',#5912,#5910,#7243,.T.);
#4232=EDGE_CURVE('',#5912,#5913,#7244,.T.);
#4233=EDGE_CURVE('',#5911,#5913,#7245,.T.);
#4234=EDGE_CURVE('',#5914,#5915,#7246,.T.);
#4235=EDGE_CURVE('',#5916,#5914,#7247,.T.);
#4236=EDGE_CURVE('',#5916,#5917,#7248,.T.);
#4237=EDGE_CURVE('',#5915,#5917,#7249,.T.);
#4238=EDGE_CURVE('',#5918,#5919,#7250,.T.);
#4239=EDGE_CURVE('',#5920,#5918,#7251,.T.);
#4240=EDGE_CURVE('',#5920,#5921,#7252,.T.);
#4241=EDGE_CURVE('',#5919,#5921,#7253,.T.);
#4242=EDGE_CURVE('',#5922,#5923,#7254,.T.);
#4243=EDGE_CURVE('',#5924,#5922,#7255,.T.);
#4244=EDGE_CURVE('',#5924,#5925,#7256,.T.);
#4245=EDGE_CURVE('',#5923,#5925,#7257,.T.);
#4246=EDGE_CURVE('',#5926,#5927,#7258,.T.);
#4247=EDGE_CURVE('',#5928,#5926,#7259,.T.);
#4248=EDGE_CURVE('',#5928,#5929,#7260,.T.);
#4249=EDGE_CURVE('',#5927,#5929,#7261,.T.);
#4250=EDGE_CURVE('',#5930,#5931,#7262,.T.);
#4251=EDGE_CURVE('',#5932,#5930,#7263,.T.);
#4252=EDGE_CURVE('',#5932,#5933,#7264,.T.);
#4253=EDGE_CURVE('',#5931,#5933,#7265,.T.);
#4254=EDGE_CURVE('',#5934,#5935,#7266,.T.);
#4255=EDGE_CURVE('',#5936,#5934,#7267,.T.);
#4256=EDGE_CURVE('',#5936,#5937,#7268,.T.);
#4257=EDGE_CURVE('',#5935,#5937,#7269,.T.);
#4258=EDGE_CURVE('',#5938,#5939,#7270,.T.);
#4259=EDGE_CURVE('',#5940,#5938,#7271,.T.);
#4260=EDGE_CURVE('',#5940,#5941,#7272,.T.);
#4261=EDGE_CURVE('',#5939,#5941,#7273,.T.);
#4262=EDGE_CURVE('',#5942,#5943,#7274,.T.);
#4263=EDGE_CURVE('',#5944,#5942,#7275,.T.);
#4264=EDGE_CURVE('',#5944,#5945,#7276,.T.);
#4265=EDGE_CURVE('',#5943,#5945,#7277,.T.);
#4266=EDGE_CURVE('',#5946,#5947,#7278,.T.);
#4267=EDGE_CURVE('',#5948,#5946,#7279,.T.);
#4268=EDGE_CURVE('',#5948,#5949,#7280,.T.);
#4269=EDGE_CURVE('',#5947,#5949,#7281,.T.);
#4270=EDGE_CURVE('',#5950,#5951,#7282,.T.);
#4271=EDGE_CURVE('',#5952,#5950,#7283,.T.);
#4272=EDGE_CURVE('',#5952,#5953,#7284,.T.);
#4273=EDGE_CURVE('',#5951,#5953,#7285,.T.);
#4274=EDGE_CURVE('',#5954,#5955,#7286,.T.);
#4275=EDGE_CURVE('',#5956,#5954,#7287,.T.);
#4276=EDGE_CURVE('',#5956,#5957,#7288,.T.);
#4277=EDGE_CURVE('',#5955,#5957,#7289,.T.);
#4278=EDGE_CURVE('',#5958,#5959,#7290,.T.);
#4279=EDGE_CURVE('',#5960,#5958,#7291,.T.);
#4280=EDGE_CURVE('',#5961,#5960,#7292,.T.);
#4281=EDGE_CURVE('',#5959,#5961,#7293,.T.);
#4282=EDGE_CURVE('',#5962,#5963,#7294,.T.);
#4283=EDGE_CURVE('',#5964,#5962,#7295,.T.);
#4284=EDGE_CURVE('',#5965,#5964,#7296,.T.);
#4285=EDGE_CURVE('',#5963,#5965,#7297,.T.);
#4286=EDGE_CURVE('',#5966,#5967,#7298,.T.);
#4287=EDGE_CURVE('',#5968,#5966,#7299,.T.);
#4288=EDGE_CURVE('',#5969,#5968,#7300,.T.);
#4289=EDGE_CURVE('',#5967,#5969,#7301,.T.);
#4290=EDGE_CURVE('',#5970,#5971,#7302,.T.);
#4291=EDGE_CURVE('',#5972,#5970,#7303,.T.);
#4292=EDGE_CURVE('',#5973,#5972,#7304,.T.);
#4293=EDGE_CURVE('',#5971,#5973,#7305,.T.);
#4294=EDGE_CURVE('',#5974,#5975,#7306,.T.);
#4295=EDGE_CURVE('',#5976,#5974,#7307,.T.);
#4296=EDGE_CURVE('',#5977,#5976,#7308,.T.);
#4297=EDGE_CURVE('',#5975,#5977,#7309,.T.);
#4298=EDGE_CURVE('',#5978,#5979,#7310,.T.);
#4299=EDGE_CURVE('',#5980,#5978,#7311,.T.);
#4300=EDGE_CURVE('',#5981,#5980,#7312,.T.);
#4301=EDGE_CURVE('',#5979,#5981,#7313,.T.);
#4302=EDGE_CURVE('',#5982,#5983,#7314,.T.);
#4303=EDGE_CURVE('',#5984,#5982,#7315,.T.);
#4304=EDGE_CURVE('',#5985,#5984,#7316,.T.);
#4305=EDGE_CURVE('',#5983,#5985,#7317,.T.);
#4306=EDGE_CURVE('',#5986,#5987,#7318,.T.);
#4307=EDGE_CURVE('',#5988,#5986,#7319,.T.);
#4308=EDGE_CURVE('',#5989,#5988,#7320,.T.);
#4309=EDGE_CURVE('',#5987,#5989,#7321,.T.);
#4310=EDGE_CURVE('',#5990,#5991,#7322,.T.);
#4311=EDGE_CURVE('',#5992,#5990,#7323,.T.);
#4312=EDGE_CURVE('',#5993,#5992,#7324,.T.);
#4313=EDGE_CURVE('',#5991,#5993,#7325,.T.);
#4314=EDGE_CURVE('',#5994,#5995,#7326,.T.);
#4315=EDGE_CURVE('',#5996,#5994,#7327,.T.);
#4316=EDGE_CURVE('',#5997,#5996,#7328,.T.);
#4317=EDGE_CURVE('',#5995,#5997,#7329,.T.);
#4318=EDGE_CURVE('',#5998,#5999,#7330,.T.);
#4319=EDGE_CURVE('',#6000,#5998,#7331,.T.);
#4320=EDGE_CURVE('',#6001,#6000,#7332,.T.);
#4321=EDGE_CURVE('',#5999,#6001,#7333,.T.);
#4322=EDGE_CURVE('',#6002,#6003,#7334,.T.);
#4323=EDGE_CURVE('',#6004,#6002,#7335,.T.);
#4324=EDGE_CURVE('',#6005,#6004,#7336,.T.);
#4325=EDGE_CURVE('',#6003,#6005,#7337,.T.);
#4326=EDGE_CURVE('',#6006,#6007,#7338,.T.);
#4327=EDGE_CURVE('',#6008,#6006,#7339,.T.);
#4328=EDGE_CURVE('',#6009,#6008,#7340,.T.);
#4329=EDGE_CURVE('',#6007,#6009,#7341,.T.);
#4330=EDGE_CURVE('',#6010,#6011,#7342,.T.);
#4331=EDGE_CURVE('',#6012,#6010,#7343,.T.);
#4332=EDGE_CURVE('',#6013,#6012,#7344,.T.);
#4333=EDGE_CURVE('',#6011,#6013,#7345,.T.);
#4334=EDGE_CURVE('',#6014,#6015,#7346,.T.);
#4335=EDGE_CURVE('',#6016,#6014,#7347,.T.);
#4336=EDGE_CURVE('',#6017,#6016,#7348,.T.);
#4337=EDGE_CURVE('',#6015,#6017,#7349,.T.);
#4338=EDGE_CURVE('',#6018,#6019,#7350,.T.);
#4339=EDGE_CURVE('',#6020,#6018,#7351,.T.);
#4340=EDGE_CURVE('',#6021,#6020,#7352,.T.);
#4341=EDGE_CURVE('',#6019,#6021,#7353,.T.);
#4342=EDGE_CURVE('',#6018,#5890,#7354,.T.);
#4343=EDGE_CURVE('',#5890,#5956,#7355,.T.);
#4344=EDGE_CURVE('',#5956,#6020,#7356,.T.);
#4345=EDGE_CURVE('',#5892,#5954,#7357,.T.);
#4346=EDGE_CURVE('',#5892,#6019,#7358,.T.);
#4347=EDGE_CURVE('',#6021,#5954,#7359,.T.);
#4348=EDGE_CURVE('',#6014,#5830,#7360,.T.);
#4349=EDGE_CURVE('',#5830,#5896,#7361,.T.);
#4350=EDGE_CURVE('',#5896,#6016,#7362,.T.);
#4351=EDGE_CURVE('',#5832,#5894,#7363,.T.);
#4352=EDGE_CURVE('',#5832,#6015,#7364,.T.);
#4353=EDGE_CURVE('',#6017,#5894,#7365,.T.);
#4354=EDGE_CURVE('',#6010,#5834,#7366,.T.);
#4355=EDGE_CURVE('',#5834,#5900,#7367,.T.);
#4356=EDGE_CURVE('',#5900,#6012,#7368,.T.);
#4357=EDGE_CURVE('',#5836,#5898,#7369,.T.);
#4358=EDGE_CURVE('',#5836,#6011,#7370,.T.);
#4359=EDGE_CURVE('',#6013,#5898,#7371,.T.);
#4360=EDGE_CURVE('',#6006,#5838,#7372,.T.);
#4361=EDGE_CURVE('',#5838,#5904,#7373,.T.);
#4362=EDGE_CURVE('',#5904,#6008,#7374,.T.);
#4363=EDGE_CURVE('',#5840,#5902,#7375,.T.);
#4364=EDGE_CURVE('',#5840,#6007,#7376,.T.);
#4365=EDGE_CURVE('',#6009,#5902,#7377,.T.);
#4366=EDGE_CURVE('',#6002,#5842,#7378,.T.);
#4367=EDGE_CURVE('',#5842,#5908,#7379,.T.);
#4368=EDGE_CURVE('',#5908,#6004,#7380,.T.);
#4369=EDGE_CURVE('',#5844,#5906,#7381,.T.);
#4370=EDGE_CURVE('',#5844,#6003,#7382,.T.);
#4371=EDGE_CURVE('',#6005,#5906,#7383,.T.);
#4372=EDGE_CURVE('',#5998,#5846,#7384,.T.);
#4373=EDGE_CURVE('',#5846,#5912,#7385,.T.);
#4374=EDGE_CURVE('',#5912,#6000,#7386,.T.);
#4375=EDGE_CURVE('',#5848,#5910,#7387,.T.);
#4376=EDGE_CURVE('',#5848,#5999,#7388,.T.);
#4377=EDGE_CURVE('',#6001,#5910,#7389,.T.);
#4378=EDGE_CURVE('',#5994,#5850,#7390,.T.);
#4379=EDGE_CURVE('',#5850,#5916,#7391,.T.);
#4380=EDGE_CURVE('',#5916,#5996,#7392,.T.);
#4381=EDGE_CURVE('',#5852,#5914,#7393,.T.);
#4382=EDGE_CURVE('',#5852,#5995,#7394,.T.);
#4383=EDGE_CURVE('',#5997,#5914,#7395,.T.);
#4384=EDGE_CURVE('',#5990,#5854,#7396,.T.);
#4385=EDGE_CURVE('',#5854,#5920,#7397,.T.);
#4386=EDGE_CURVE('',#5920,#5992,#7398,.T.);
#4387=EDGE_CURVE('',#5856,#5918,#7399,.T.);
#4388=EDGE_CURVE('',#5856,#5991,#7400,.T.);
#4389=EDGE_CURVE('',#5993,#5918,#7401,.T.);
#4390=EDGE_CURVE('',#5986,#5858,#7402,.T.);
#4391=EDGE_CURVE('',#5858,#5924,#7403,.T.);
#4392=EDGE_CURVE('',#5924,#5988,#7404,.T.);
#4393=EDGE_CURVE('',#5860,#5922,#7405,.T.);
#4394=EDGE_CURVE('',#5860,#5987,#7406,.T.);
#4395=EDGE_CURVE('',#5989,#5922,#7407,.T.);
#4396=EDGE_CURVE('',#5982,#5862,#7408,.T.);
#4397=EDGE_CURVE('',#5862,#5928,#7409,.T.);
#4398=EDGE_CURVE('',#5928,#5984,#7410,.T.);
#4399=EDGE_CURVE('',#5864,#5926,#7411,.T.);
#4400=EDGE_CURVE('',#5864,#5983,#7412,.T.);
#4401=EDGE_CURVE('',#5985,#5926,#7413,.T.);
#4402=EDGE_CURVE('',#5978,#5866,#7414,.T.);
#4403=EDGE_CURVE('',#5866,#5932,#7415,.T.);
#4404=EDGE_CURVE('',#5932,#5980,#7416,.T.);
#4405=EDGE_CURVE('',#5868,#5930,#7417,.T.);
#4406=EDGE_CURVE('',#5868,#5979,#7418,.T.);
#4407=EDGE_CURVE('',#5981,#5930,#7419,.T.);
#4408=EDGE_CURVE('',#5974,#5870,#7420,.T.);
#4409=EDGE_CURVE('',#5870,#5936,#7421,.T.);
#4410=EDGE_CURVE('',#5936,#5976,#7422,.T.);
#4411=EDGE_CURVE('',#5872,#5934,#7423,.T.);
#4412=EDGE_CURVE('',#5872,#5975,#7424,.T.);
#4413=EDGE_CURVE('',#5977,#5934,#7425,.T.);
#4414=EDGE_CURVE('',#5970,#5874,#7426,.T.);
#4415=EDGE_CURVE('',#5874,#5940,#7427,.T.);
#4416=EDGE_CURVE('',#5940,#5972,#7428,.T.);
#4417=EDGE_CURVE('',#5876,#5938,#7429,.T.);
#4418=EDGE_CURVE('',#5876,#5971,#7430,.T.);
#4419=EDGE_CURVE('',#5973,#5938,#7431,.T.);
#4420=EDGE_CURVE('',#5966,#5878,#7432,.T.);
#4421=EDGE_CURVE('',#5878,#5944,#7433,.T.);
#4422=EDGE_CURVE('',#5944,#5968,#7434,.T.);
#4423=EDGE_CURVE('',#5880,#5942,#7435,.T.);
#4424=EDGE_CURVE('',#5880,#5967,#7436,.T.);
#4425=EDGE_CURVE('',#5969,#5942,#7437,.T.);
#4426=EDGE_CURVE('',#5962,#5882,#7438,.T.);
#4427=EDGE_CURVE('',#5882,#5948,#7439,.T.);
#4428=EDGE_CURVE('',#5948,#5964,#7440,.T.);
#4429=EDGE_CURVE('',#5884,#5946,#7441,.T.);
#4430=EDGE_CURVE('',#5884,#5963,#7442,.T.);
#4431=EDGE_CURVE('',#5965,#5946,#7443,.T.);
#4432=EDGE_CURVE('',#5958,#5886,#7444,.T.);
#4433=EDGE_CURVE('',#5886,#5952,#7445,.T.);
#4434=EDGE_CURVE('',#5952,#5960,#7446,.T.);
#4435=EDGE_CURVE('',#5888,#5950,#7447,.T.);
#4436=EDGE_CURVE('',#5888,#5959,#7448,.T.);
#4437=EDGE_CURVE('',#5961,#5950,#7449,.T.);
#4438=EDGE_CURVE('',#5833,#5895,#7450,.T.);
#4439=EDGE_CURVE('',#5897,#5831,#7451,.T.);
#4440=EDGE_CURVE('',#5837,#5899,#7452,.T.);
#4441=EDGE_CURVE('',#5901,#5835,#7453,.T.);
#4442=EDGE_CURVE('',#5841,#5903,#7454,.T.);
#4443=EDGE_CURVE('',#5905,#5839,#7455,.T.);
#4444=EDGE_CURVE('',#5845,#5907,#7456,.T.);
#4445=EDGE_CURVE('',#5909,#5843,#7457,.T.);
#4446=EDGE_CURVE('',#5849,#5911,#7458,.T.);
#4447=EDGE_CURVE('',#5913,#5847,#7459,.T.);
#4448=EDGE_CURVE('',#5853,#5915,#7460,.T.);
#4449=EDGE_CURVE('',#5917,#5851,#7461,.T.);
#4450=EDGE_CURVE('',#5857,#5919,#7462,.T.);
#4451=EDGE_CURVE('',#5921,#5855,#7463,.T.);
#4452=EDGE_CURVE('',#5861,#5923,#7464,.T.);
#4453=EDGE_CURVE('',#5925,#5859,#7465,.T.);
#4454=EDGE_CURVE('',#5865,#5927,#7466,.T.);
#4455=EDGE_CURVE('',#5929,#5863,#7467,.T.);
#4456=EDGE_CURVE('',#5869,#5931,#7468,.T.);
#4457=EDGE_CURVE('',#5933,#5867,#7469,.T.);
#4458=EDGE_CURVE('',#5873,#5935,#7470,.T.);
#4459=EDGE_CURVE('',#5937,#5871,#7471,.T.);
#4460=EDGE_CURVE('',#5877,#5939,#7472,.T.);
#4461=EDGE_CURVE('',#5941,#5875,#7473,.T.);
#4462=EDGE_CURVE('',#5881,#5943,#7474,.T.);
#4463=EDGE_CURVE('',#5945,#5879,#7475,.T.);
#4464=EDGE_CURVE('',#5885,#5947,#7476,.T.);
#4465=EDGE_CURVE('',#5949,#5883,#7477,.T.);
#4466=EDGE_CURVE('',#5889,#5951,#7478,.T.);
#4467=EDGE_CURVE('',#5953,#5887,#7479,.T.);
#4468=EDGE_CURVE('',#5893,#5955,#7480,.T.);
#4469=EDGE_CURVE('',#5957,#5891,#7481,.T.);
#4470=EDGE_CURVE('',#6022,#6023,#7482,.T.);
#4471=EDGE_CURVE('',#6024,#6022,#7483,.T.);
#4472=EDGE_CURVE('',#6025,#6024,#7484,.T.);
#4473=EDGE_CURVE('',#6025,#6023,#7485,.T.);
#4474=EDGE_CURVE('',#6026,#6022,#7486,.T.);
#4475=EDGE_CURVE('',#6027,#6026,#7487,.T.);
#4476=EDGE_CURVE('',#6024,#6027,#7488,.T.);
#4477=EDGE_CURVE('',#6028,#6026,#7489,.T.);
#4478=EDGE_CURVE('',#6029,#6028,#7490,.T.);
#4479=EDGE_CURVE('',#6027,#6029,#7491,.T.);
#4480=EDGE_CURVE('',#6023,#6028,#7492,.T.);
#4481=EDGE_CURVE('',#6029,#6025,#7493,.T.);
#4482=EDGE_CURVE('',#6030,#6031,#7494,.T.);
#4483=EDGE_CURVE('',#6032,#6030,#7495,.T.);
#4484=EDGE_CURVE('',#6033,#6032,#7496,.T.);
#4485=EDGE_CURVE('',#6034,#6033,#34,.F.);
#4486=EDGE_CURVE('',#6035,#6034,#7497,.T.);
#4487=EDGE_CURVE('',#6036,#6035,#7498,.T.);
#4488=EDGE_CURVE('',#6037,#6036,#7499,.T.);
#4489=EDGE_CURVE('',#6037,#6038,#7500,.T.);
#4490=EDGE_CURVE('',#6038,#6039,#7501,.T.);
#4491=EDGE_CURVE('',#6031,#6039,#7502,.T.);
#4492=EDGE_CURVE('',#6040,#6037,#7503,.T.);
#4493=EDGE_CURVE('',#6040,#6041,#7504,.T.);
#4494=EDGE_CURVE('',#6041,#6038,#7505,.T.);
#4495=EDGE_CURVE('',#6042,#6043,#7506,.T.);
#4496=EDGE_CURVE('',#6042,#6044,#7507,.T.);
#4497=EDGE_CURVE('',#6044,#6041,#7508,.T.);
#4498=EDGE_CURVE('',#6045,#6040,#7509,.T.);
#4499=EDGE_CURVE('',#6046,#6045,#7510,.T.);
#4500=EDGE_CURVE('',#6047,#6046,#7511,.T.);
#4501=EDGE_CURVE('',#6048,#6047,#35,.F.);
#4502=EDGE_CURVE('',#6049,#6048,#7512,.T.);
#4503=EDGE_CURVE('',#6043,#6049,#7513,.T.);
#4504=EDGE_CURVE('',#6050,#6051,#7514,.T.);
#4505=EDGE_CURVE('',#6052,#6050,#7515,.T.);
#4506=EDGE_CURVE('',#6053,#6052,#7516,.T.);
#4507=EDGE_CURVE('',#6054,#6053,#36,.F.);
#4508=EDGE_CURVE('',#6055,#6054,#7517,.T.);
#4509=EDGE_CURVE('',#6056,#6055,#7518,.T.);
#4510=EDGE_CURVE('',#6057,#6056,#7519,.T.);
#4511=EDGE_CURVE('',#6057,#6058,#7520,.T.);
#4512=EDGE_CURVE('',#6058,#6059,#7521,.T.);
#4513=EDGE_CURVE('',#6051,#6059,#7522,.T.);
#4514=EDGE_CURVE('',#6060,#6057,#7523,.T.);
#4515=EDGE_CURVE('',#6060,#6061,#7524,.T.);
#4516=EDGE_CURVE('',#6061,#6058,#7525,.T.);
#4517=EDGE_CURVE('',#6062,#6063,#7526,.T.);
#4518=EDGE_CURVE('',#6062,#6064,#7527,.T.);
#4519=EDGE_CURVE('',#6064,#6061,#7528,.T.);
#4520=EDGE_CURVE('',#6065,#6060,#7529,.T.);
#4521=EDGE_CURVE('',#6066,#6065,#7530,.T.);
#4522=EDGE_CURVE('',#6067,#6066,#7531,.T.);
#4523=EDGE_CURVE('',#6068,#6067,#37,.F.);
#4524=EDGE_CURVE('',#6069,#6068,#7532,.T.);
#4525=EDGE_CURVE('',#6063,#6069,#7533,.T.);
#4526=EDGE_CURVE('',#6070,#6071,#7534,.T.);
#4527=EDGE_CURVE('',#6072,#6070,#7535,.T.);
#4528=EDGE_CURVE('',#6073,#6072,#7536,.T.);
#4529=EDGE_CURVE('',#6074,#6073,#38,.F.);
#4530=EDGE_CURVE('',#6075,#6074,#7537,.T.);
#4531=EDGE_CURVE('',#6076,#6075,#7538,.T.);
#4532=EDGE_CURVE('',#6077,#6076,#7539,.T.);
#4533=EDGE_CURVE('',#6077,#6078,#7540,.T.);
#4534=EDGE_CURVE('',#6078,#6079,#7541,.T.);
#4535=EDGE_CURVE('',#6071,#6079,#7542,.T.);
#4536=EDGE_CURVE('',#6080,#6077,#7543,.T.);
#4537=EDGE_CURVE('',#6080,#6081,#7544,.T.);
#4538=EDGE_CURVE('',#6081,#6078,#7545,.T.);
#4539=EDGE_CURVE('',#6082,#6083,#7546,.T.);
#4540=EDGE_CURVE('',#6082,#6084,#7547,.T.);
#4541=EDGE_CURVE('',#6084,#6081,#7548,.T.);
#4542=EDGE_CURVE('',#6085,#6080,#7549,.T.);
#4543=EDGE_CURVE('',#6086,#6085,#7550,.T.);
#4544=EDGE_CURVE('',#6087,#6086,#7551,.T.);
#4545=EDGE_CURVE('',#6088,#6087,#39,.F.);
#4546=EDGE_CURVE('',#6089,#6088,#7552,.T.);
#4547=EDGE_CURVE('',#6083,#6089,#7553,.T.);
#4548=EDGE_CURVE('',#6090,#6091,#7554,.T.);
#4549=EDGE_CURVE('',#6092,#6090,#7555,.T.);
#4550=EDGE_CURVE('',#6093,#6092,#7556,.T.);
#4551=EDGE_CURVE('',#6094,#6093,#40,.F.);
#4552=EDGE_CURVE('',#6095,#6094,#7557,.T.);
#4553=EDGE_CURVE('',#6096,#6095,#7558,.T.);
#4554=EDGE_CURVE('',#6097,#6096,#7559,.T.);
#4555=EDGE_CURVE('',#6097,#6098,#7560,.T.);
#4556=EDGE_CURVE('',#6098,#6099,#7561,.T.);
#4557=EDGE_CURVE('',#6091,#6099,#7562,.T.);
#4558=EDGE_CURVE('',#6100,#6097,#7563,.T.);
#4559=EDGE_CURVE('',#6100,#6101,#7564,.T.);
#4560=EDGE_CURVE('',#6101,#6098,#7565,.T.);
#4561=EDGE_CURVE('',#6102,#6103,#7566,.T.);
#4562=EDGE_CURVE('',#6102,#6104,#7567,.T.);
#4563=EDGE_CURVE('',#6104,#6101,#7568,.T.);
#4564=EDGE_CURVE('',#6105,#6100,#7569,.T.);
#4565=EDGE_CURVE('',#6106,#6105,#7570,.T.);
#4566=EDGE_CURVE('',#6107,#6106,#7571,.T.);
#4567=EDGE_CURVE('',#6108,#6107,#41,.F.);
#4568=EDGE_CURVE('',#6109,#6108,#7572,.T.);
#4569=EDGE_CURVE('',#6103,#6109,#7573,.T.);
#4570=EDGE_CURVE('',#6110,#6111,#7574,.T.);
#4571=EDGE_CURVE('',#6112,#6110,#7575,.T.);
#4572=EDGE_CURVE('',#6113,#6112,#7576,.T.);
#4573=EDGE_CURVE('',#6114,#6113,#42,.F.);
#4574=EDGE_CURVE('',#6115,#6114,#7577,.T.);
#4575=EDGE_CURVE('',#6116,#6115,#7578,.T.);
#4576=EDGE_CURVE('',#6117,#6116,#7579,.T.);
#4577=EDGE_CURVE('',#6117,#6118,#7580,.T.);
#4578=EDGE_CURVE('',#6118,#6119,#7581,.T.);
#4579=EDGE_CURVE('',#6111,#6119,#7582,.T.);
#4580=EDGE_CURVE('',#6120,#6117,#7583,.T.);
#4581=EDGE_CURVE('',#6120,#6121,#7584,.T.);
#4582=EDGE_CURVE('',#6121,#6118,#7585,.T.);
#4583=EDGE_CURVE('',#6122,#6123,#7586,.T.);
#4584=EDGE_CURVE('',#6122,#6124,#7587,.T.);
#4585=EDGE_CURVE('',#6124,#6121,#7588,.T.);
#4586=EDGE_CURVE('',#6125,#6120,#7589,.T.);
#4587=EDGE_CURVE('',#6126,#6125,#7590,.T.);
#4588=EDGE_CURVE('',#6127,#6126,#7591,.T.);
#4589=EDGE_CURVE('',#6128,#6127,#43,.F.);
#4590=EDGE_CURVE('',#6129,#6128,#7592,.T.);
#4591=EDGE_CURVE('',#6123,#6129,#7593,.T.);
#4592=EDGE_CURVE('',#6130,#6131,#7594,.T.);
#4593=EDGE_CURVE('',#6132,#6130,#7595,.T.);
#4594=EDGE_CURVE('',#6133,#6132,#7596,.T.);
#4595=EDGE_CURVE('',#6134,#6133,#44,.F.);
#4596=EDGE_CURVE('',#6135,#6134,#7597,.T.);
#4597=EDGE_CURVE('',#6136,#6135,#7598,.T.);
#4598=EDGE_CURVE('',#6137,#6136,#7599,.T.);
#4599=EDGE_CURVE('',#6137,#6138,#7600,.T.);
#4600=EDGE_CURVE('',#6138,#6139,#7601,.T.);
#4601=EDGE_CURVE('',#6131,#6139,#7602,.T.);
#4602=EDGE_CURVE('',#6140,#6137,#7603,.T.);
#4603=EDGE_CURVE('',#6140,#6141,#7604,.T.);
#4604=EDGE_CURVE('',#6141,#6138,#7605,.T.);
#4605=EDGE_CURVE('',#6142,#6143,#7606,.T.);
#4606=EDGE_CURVE('',#6142,#6144,#7607,.T.);
#4607=EDGE_CURVE('',#6144,#6141,#7608,.T.);
#4608=EDGE_CURVE('',#6145,#6140,#7609,.T.);
#4609=EDGE_CURVE('',#6146,#6145,#7610,.T.);
#4610=EDGE_CURVE('',#6147,#6146,#7611,.T.);
#4611=EDGE_CURVE('',#6148,#6147,#45,.F.);
#4612=EDGE_CURVE('',#6149,#6148,#7612,.T.);
#4613=EDGE_CURVE('',#6143,#6149,#7613,.T.);
#4614=EDGE_CURVE('',#6150,#6151,#7614,.T.);
#4615=EDGE_CURVE('',#6152,#6150,#7615,.T.);
#4616=EDGE_CURVE('',#6153,#6152,#7616,.T.);
#4617=EDGE_CURVE('',#6154,#6153,#46,.F.);
#4618=EDGE_CURVE('',#6155,#6154,#7617,.T.);
#4619=EDGE_CURVE('',#6156,#6155,#7618,.T.);
#4620=EDGE_CURVE('',#6157,#6156,#7619,.T.);
#4621=EDGE_CURVE('',#6157,#6158,#7620,.T.);
#4622=EDGE_CURVE('',#6158,#6159,#7621,.T.);
#4623=EDGE_CURVE('',#6151,#6159,#7622,.T.);
#4624=EDGE_CURVE('',#6160,#6157,#7623,.T.);
#4625=EDGE_CURVE('',#6160,#6161,#7624,.T.);
#4626=EDGE_CURVE('',#6161,#6158,#7625,.T.);
#4627=EDGE_CURVE('',#6162,#6163,#7626,.T.);
#4628=EDGE_CURVE('',#6162,#6164,#7627,.T.);
#4629=EDGE_CURVE('',#6164,#6161,#7628,.T.);
#4630=EDGE_CURVE('',#6165,#6160,#7629,.T.);
#4631=EDGE_CURVE('',#6166,#6165,#7630,.T.);
#4632=EDGE_CURVE('',#6167,#6166,#7631,.T.);
#4633=EDGE_CURVE('',#6168,#6167,#47,.F.);
#4634=EDGE_CURVE('',#6169,#6168,#7632,.T.);
#4635=EDGE_CURVE('',#6163,#6169,#7633,.T.);
#4636=EDGE_CURVE('',#6170,#6171,#7634,.T.);
#4637=EDGE_CURVE('',#6172,#6170,#7635,.T.);
#4638=EDGE_CURVE('',#6173,#6172,#7636,.T.);
#4639=EDGE_CURVE('',#6174,#6173,#48,.F.);
#4640=EDGE_CURVE('',#6175,#6174,#7637,.T.);
#4641=EDGE_CURVE('',#6176,#6175,#7638,.T.);
#4642=EDGE_CURVE('',#6177,#6176,#7639,.T.);
#4643=EDGE_CURVE('',#6177,#6178,#7640,.T.);
#4644=EDGE_CURVE('',#6178,#6179,#7641,.T.);
#4645=EDGE_CURVE('',#6171,#6179,#7642,.T.);
#4646=EDGE_CURVE('',#6180,#6177,#7643,.T.);
#4647=EDGE_CURVE('',#6180,#6181,#7644,.T.);
#4648=EDGE_CURVE('',#6181,#6178,#7645,.T.);
#4649=EDGE_CURVE('',#6182,#6183,#7646,.T.);
#4650=EDGE_CURVE('',#6182,#6184,#7647,.T.);
#4651=EDGE_CURVE('',#6184,#6181,#7648,.T.);
#4652=EDGE_CURVE('',#6185,#6180,#7649,.T.);
#4653=EDGE_CURVE('',#6186,#6185,#7650,.T.);
#4654=EDGE_CURVE('',#6187,#6186,#7651,.T.);
#4655=EDGE_CURVE('',#6188,#6187,#49,.F.);
#4656=EDGE_CURVE('',#6189,#6188,#7652,.T.);
#4657=EDGE_CURVE('',#6183,#6189,#7653,.T.);
#4658=EDGE_CURVE('',#6190,#6191,#7654,.T.);
#4659=EDGE_CURVE('',#6192,#6190,#7655,.T.);
#4660=EDGE_CURVE('',#6193,#6192,#7656,.T.);
#4661=EDGE_CURVE('',#6194,#6193,#50,.F.);
#4662=EDGE_CURVE('',#6195,#6194,#7657,.T.);
#4663=EDGE_CURVE('',#6196,#6195,#7658,.T.);
#4664=EDGE_CURVE('',#6197,#6196,#7659,.T.);
#4665=EDGE_CURVE('',#6197,#6198,#7660,.T.);
#4666=EDGE_CURVE('',#6198,#6199,#7661,.T.);
#4667=EDGE_CURVE('',#6191,#6199,#7662,.T.);
#4668=EDGE_CURVE('',#6200,#6197,#7663,.T.);
#4669=EDGE_CURVE('',#6200,#6201,#7664,.T.);
#4670=EDGE_CURVE('',#6201,#6198,#7665,.T.);
#4671=EDGE_CURVE('',#6202,#6203,#7666,.T.);
#4672=EDGE_CURVE('',#6202,#6204,#7667,.T.);
#4673=EDGE_CURVE('',#6204,#6201,#7668,.T.);
#4674=EDGE_CURVE('',#6205,#6200,#7669,.T.);
#4675=EDGE_CURVE('',#6206,#6205,#7670,.T.);
#4676=EDGE_CURVE('',#6207,#6206,#7671,.T.);
#4677=EDGE_CURVE('',#6208,#6207,#51,.F.);
#4678=EDGE_CURVE('',#6209,#6208,#7672,.T.);
#4679=EDGE_CURVE('',#6203,#6209,#7673,.T.);
#4680=EDGE_CURVE('',#6210,#6211,#7674,.T.);
#4681=EDGE_CURVE('',#6212,#6210,#7675,.T.);
#4682=EDGE_CURVE('',#6213,#6212,#7676,.T.);
#4683=EDGE_CURVE('',#6214,#6213,#52,.F.);
#4684=EDGE_CURVE('',#6215,#6214,#7677,.T.);
#4685=EDGE_CURVE('',#6216,#6215,#7678,.T.);
#4686=EDGE_CURVE('',#6217,#6216,#7679,.T.);
#4687=EDGE_CURVE('',#6217,#6218,#7680,.T.);
#4688=EDGE_CURVE('',#6218,#6219,#7681,.T.);
#4689=EDGE_CURVE('',#6211,#6219,#7682,.T.);
#4690=EDGE_CURVE('',#6220,#6217,#7683,.T.);
#4691=EDGE_CURVE('',#6220,#6221,#7684,.T.);
#4692=EDGE_CURVE('',#6221,#6218,#7685,.T.);
#4693=EDGE_CURVE('',#6222,#6223,#7686,.T.);
#4694=EDGE_CURVE('',#6222,#6224,#7687,.T.);
#4695=EDGE_CURVE('',#6224,#6221,#7688,.T.);
#4696=EDGE_CURVE('',#6225,#6220,#7689,.T.);
#4697=EDGE_CURVE('',#6226,#6225,#7690,.T.);
#4698=EDGE_CURVE('',#6227,#6226,#7691,.T.);
#4699=EDGE_CURVE('',#6228,#6227,#53,.F.);
#4700=EDGE_CURVE('',#6229,#6228,#7692,.T.);
#4701=EDGE_CURVE('',#6223,#6229,#7693,.T.);
#4702=EDGE_CURVE('',#6230,#6231,#7694,.T.);
#4703=EDGE_CURVE('',#6232,#6230,#7695,.T.);
#4704=EDGE_CURVE('',#6233,#6232,#7696,.T.);
#4705=EDGE_CURVE('',#6234,#6233,#54,.F.);
#4706=EDGE_CURVE('',#6235,#6234,#7697,.T.);
#4707=EDGE_CURVE('',#6236,#6235,#7698,.T.);
#4708=EDGE_CURVE('',#6237,#6236,#7699,.T.);
#4709=EDGE_CURVE('',#6237,#6238,#7700,.T.);
#4710=EDGE_CURVE('',#6238,#6239,#7701,.T.);
#4711=EDGE_CURVE('',#6231,#6239,#7702,.T.);
#4712=EDGE_CURVE('',#6240,#6237,#7703,.T.);
#4713=EDGE_CURVE('',#6240,#6241,#7704,.T.);
#4714=EDGE_CURVE('',#6241,#6238,#7705,.T.);
#4715=EDGE_CURVE('',#6242,#6243,#7706,.T.);
#4716=EDGE_CURVE('',#6242,#6244,#7707,.T.);
#4717=EDGE_CURVE('',#6244,#6241,#7708,.T.);
#4718=EDGE_CURVE('',#6245,#6240,#7709,.T.);
#4719=EDGE_CURVE('',#6246,#6245,#7710,.T.);
#4720=EDGE_CURVE('',#6247,#6246,#7711,.T.);
#4721=EDGE_CURVE('',#6248,#6247,#55,.F.);
#4722=EDGE_CURVE('',#6249,#6248,#7712,.T.);
#4723=EDGE_CURVE('',#6243,#6249,#7713,.T.);
#4724=EDGE_CURVE('',#6250,#6251,#7714,.T.);
#4725=EDGE_CURVE('',#6252,#6250,#7715,.T.);
#4726=EDGE_CURVE('',#6253,#6252,#7716,.T.);
#4727=EDGE_CURVE('',#6254,#6253,#56,.F.);
#4728=EDGE_CURVE('',#6255,#6254,#7717,.T.);
#4729=EDGE_CURVE('',#6256,#6255,#7718,.T.);
#4730=EDGE_CURVE('',#6257,#6256,#7719,.T.);
#4731=EDGE_CURVE('',#6257,#6258,#7720,.T.);
#4732=EDGE_CURVE('',#6258,#6259,#7721,.T.);
#4733=EDGE_CURVE('',#6251,#6259,#7722,.T.);
#4734=EDGE_CURVE('',#6260,#6257,#7723,.T.);
#4735=EDGE_CURVE('',#6260,#6261,#7724,.T.);
#4736=EDGE_CURVE('',#6261,#6258,#7725,.T.);
#4737=EDGE_CURVE('',#6262,#6263,#7726,.T.);
#4738=EDGE_CURVE('',#6262,#6264,#7727,.T.);
#4739=EDGE_CURVE('',#6264,#6261,#7728,.T.);
#4740=EDGE_CURVE('',#6265,#6260,#7729,.T.);
#4741=EDGE_CURVE('',#6266,#6265,#7730,.T.);
#4742=EDGE_CURVE('',#6267,#6266,#7731,.T.);
#4743=EDGE_CURVE('',#6268,#6267,#57,.F.);
#4744=EDGE_CURVE('',#6269,#6268,#7732,.T.);
#4745=EDGE_CURVE('',#6263,#6269,#7733,.T.);
#4746=EDGE_CURVE('',#6270,#6271,#7734,.T.);
#4747=EDGE_CURVE('',#6272,#6270,#7735,.T.);
#4748=EDGE_CURVE('',#6273,#6272,#7736,.T.);
#4749=EDGE_CURVE('',#6274,#6273,#58,.F.);
#4750=EDGE_CURVE('',#6275,#6274,#7737,.T.);
#4751=EDGE_CURVE('',#6276,#6275,#7738,.T.);
#4752=EDGE_CURVE('',#6277,#6276,#7739,.T.);
#4753=EDGE_CURVE('',#6277,#6278,#7740,.T.);
#4754=EDGE_CURVE('',#6278,#6279,#7741,.T.);
#4755=EDGE_CURVE('',#6271,#6279,#7742,.T.);
#4756=EDGE_CURVE('',#6280,#6277,#7743,.T.);
#4757=EDGE_CURVE('',#6280,#6281,#7744,.T.);
#4758=EDGE_CURVE('',#6281,#6278,#7745,.T.);
#4759=EDGE_CURVE('',#6282,#6283,#7746,.T.);
#4760=EDGE_CURVE('',#6282,#6284,#7747,.T.);
#4761=EDGE_CURVE('',#6284,#6281,#7748,.T.);
#4762=EDGE_CURVE('',#6285,#6280,#7749,.T.);
#4763=EDGE_CURVE('',#6286,#6285,#7750,.T.);
#4764=EDGE_CURVE('',#6287,#6286,#7751,.T.);
#4765=EDGE_CURVE('',#6288,#6287,#59,.F.);
#4766=EDGE_CURVE('',#6289,#6288,#7752,.T.);
#4767=EDGE_CURVE('',#6283,#6289,#7753,.T.);
#4768=EDGE_CURVE('',#6290,#6291,#7754,.T.);
#4769=EDGE_CURVE('',#6292,#6290,#7755,.T.);
#4770=EDGE_CURVE('',#6293,#6292,#7756,.T.);
#4771=EDGE_CURVE('',#6294,#6293,#60,.F.);
#4772=EDGE_CURVE('',#6295,#6294,#7757,.T.);
#4773=EDGE_CURVE('',#6296,#6295,#7758,.T.);
#4774=EDGE_CURVE('',#6297,#6296,#7759,.T.);
#4775=EDGE_CURVE('',#6297,#6298,#7760,.T.);
#4776=EDGE_CURVE('',#6298,#6299,#7761,.T.);
#4777=EDGE_CURVE('',#6291,#6299,#7762,.T.);
#4778=EDGE_CURVE('',#6300,#6297,#7763,.T.);
#4779=EDGE_CURVE('',#6300,#6301,#7764,.T.);
#4780=EDGE_CURVE('',#6301,#6298,#7765,.T.);
#4781=EDGE_CURVE('',#6302,#6303,#7766,.T.);
#4782=EDGE_CURVE('',#6302,#6304,#7767,.T.);
#4783=EDGE_CURVE('',#6304,#6301,#7768,.T.);
#4784=EDGE_CURVE('',#6305,#6300,#7769,.T.);
#4785=EDGE_CURVE('',#6306,#6305,#7770,.T.);
#4786=EDGE_CURVE('',#6307,#6306,#7771,.T.);
#4787=EDGE_CURVE('',#6308,#6307,#61,.F.);
#4788=EDGE_CURVE('',#6309,#6308,#7772,.T.);
#4789=EDGE_CURVE('',#6303,#6309,#7773,.T.);
#4790=EDGE_CURVE('',#6310,#6311,#7774,.T.);
#4791=EDGE_CURVE('',#6312,#6310,#7775,.T.);
#4792=EDGE_CURVE('',#6313,#6312,#7776,.T.);
#4793=EDGE_CURVE('',#6314,#6313,#62,.F.);
#4794=EDGE_CURVE('',#6315,#6314,#7777,.T.);
#4795=EDGE_CURVE('',#6316,#6315,#7778,.T.);
#4796=EDGE_CURVE('',#6317,#6316,#7779,.T.);
#4797=EDGE_CURVE('',#6317,#6318,#7780,.T.);
#4798=EDGE_CURVE('',#6318,#6319,#7781,.T.);
#4799=EDGE_CURVE('',#6311,#6319,#7782,.T.);
#4800=EDGE_CURVE('',#6320,#6317,#7783,.T.);
#4801=EDGE_CURVE('',#6320,#6321,#7784,.T.);
#4802=EDGE_CURVE('',#6321,#6318,#7785,.T.);
#4803=EDGE_CURVE('',#6322,#6323,#7786,.T.);
#4804=EDGE_CURVE('',#6322,#6324,#7787,.T.);
#4805=EDGE_CURVE('',#6324,#6321,#7788,.T.);
#4806=EDGE_CURVE('',#6325,#6320,#7789,.T.);
#4807=EDGE_CURVE('',#6326,#6325,#7790,.T.);
#4808=EDGE_CURVE('',#6327,#6326,#7791,.T.);
#4809=EDGE_CURVE('',#6328,#6327,#63,.F.);
#4810=EDGE_CURVE('',#6329,#6328,#7792,.T.);
#4811=EDGE_CURVE('',#6323,#6329,#7793,.T.);
#4812=EDGE_CURVE('',#6330,#6331,#7794,.T.);
#4813=EDGE_CURVE('',#6332,#6330,#7795,.T.);
#4814=EDGE_CURVE('',#6333,#6332,#7796,.T.);
#4815=EDGE_CURVE('',#6334,#6333,#64,.F.);
#4816=EDGE_CURVE('',#6335,#6334,#7797,.T.);
#4817=EDGE_CURVE('',#6336,#6335,#7798,.T.);
#4818=EDGE_CURVE('',#6337,#6336,#7799,.T.);
#4819=EDGE_CURVE('',#6337,#6338,#7800,.T.);
#4820=EDGE_CURVE('',#6338,#6339,#7801,.T.);
#4821=EDGE_CURVE('',#6331,#6339,#7802,.T.);
#4822=EDGE_CURVE('',#6340,#6337,#7803,.T.);
#4823=EDGE_CURVE('',#6340,#6341,#7804,.T.);
#4824=EDGE_CURVE('',#6341,#6338,#7805,.T.);
#4825=EDGE_CURVE('',#6342,#6343,#7806,.T.);
#4826=EDGE_CURVE('',#6342,#6344,#7807,.T.);
#4827=EDGE_CURVE('',#6344,#6341,#7808,.T.);
#4828=EDGE_CURVE('',#6345,#6340,#7809,.T.);
#4829=EDGE_CURVE('',#6346,#6345,#7810,.T.);
#4830=EDGE_CURVE('',#6347,#6346,#7811,.T.);
#4831=EDGE_CURVE('',#6348,#6347,#65,.F.);
#4832=EDGE_CURVE('',#6349,#6348,#7812,.T.);
#4833=EDGE_CURVE('',#6343,#6349,#7813,.T.);
#4834=EDGE_CURVE('',#6031,#6042,#7814,.T.);
#4835=EDGE_CURVE('',#6039,#6044,#7815,.T.);
#4836=EDGE_CURVE('',#6051,#6062,#7816,.T.);
#4837=EDGE_CURVE('',#6059,#6064,#7817,.T.);
#4838=EDGE_CURVE('',#6071,#6082,#7818,.T.);
#4839=EDGE_CURVE('',#6079,#6084,#7819,.T.);
#4840=EDGE_CURVE('',#6091,#6102,#7820,.T.);
#4841=EDGE_CURVE('',#6099,#6104,#7821,.T.);
#4842=EDGE_CURVE('',#6111,#6122,#7822,.T.);
#4843=EDGE_CURVE('',#6119,#6124,#7823,.T.);
#4844=EDGE_CURVE('',#6131,#6142,#7824,.T.);
#4845=EDGE_CURVE('',#6139,#6144,#7825,.T.);
#4846=EDGE_CURVE('',#6151,#6162,#7826,.T.);
#4847=EDGE_CURVE('',#6159,#6164,#7827,.T.);
#4848=EDGE_CURVE('',#6171,#6182,#7828,.T.);
#4849=EDGE_CURVE('',#6179,#6184,#7829,.T.);
#4850=EDGE_CURVE('',#6191,#6202,#7830,.T.);
#4851=EDGE_CURVE('',#6199,#6204,#7831,.T.);
#4852=EDGE_CURVE('',#6211,#6222,#7832,.T.);
#4853=EDGE_CURVE('',#6219,#6224,#7833,.T.);
#4854=EDGE_CURVE('',#6231,#6242,#7834,.T.);
#4855=EDGE_CURVE('',#6239,#6244,#7835,.T.);
#4856=EDGE_CURVE('',#6251,#6262,#7836,.T.);
#4857=EDGE_CURVE('',#6259,#6264,#7837,.T.);
#4858=EDGE_CURVE('',#6271,#6282,#7838,.T.);
#4859=EDGE_CURVE('',#6279,#6284,#7839,.T.);
#4860=EDGE_CURVE('',#6291,#6302,#7840,.T.);
#4861=EDGE_CURVE('',#6299,#6304,#7841,.T.);
#4862=EDGE_CURVE('',#6311,#6322,#7842,.T.);
#4863=EDGE_CURVE('',#6319,#6324,#7843,.T.);
#4864=EDGE_CURVE('',#6331,#6342,#7844,.T.);
#4865=EDGE_CURVE('',#6339,#6344,#7845,.T.);
#4866=EDGE_CURVE('',#6343,#6330,#7846,.T.);
#4867=EDGE_CURVE('',#6345,#6336,#7847,.T.);
#4868=EDGE_CURVE('',#6346,#6335,#7848,.T.);
#4869=EDGE_CURVE('',#6347,#6334,#7849,.T.);
#4870=EDGE_CURVE('',#6348,#6333,#7850,.T.);
#4871=EDGE_CURVE('',#6349,#6332,#7851,.T.);
#4872=EDGE_CURVE('',#6323,#6310,#7852,.T.);
#4873=EDGE_CURVE('',#6325,#6316,#7853,.T.);
#4874=EDGE_CURVE('',#6326,#6315,#7854,.T.);
#4875=EDGE_CURVE('',#6327,#6314,#7855,.T.);
#4876=EDGE_CURVE('',#6328,#6313,#7856,.T.);
#4877=EDGE_CURVE('',#6329,#6312,#7857,.T.);
#4878=EDGE_CURVE('',#6303,#6290,#7858,.T.);
#4879=EDGE_CURVE('',#6305,#6296,#7859,.T.);
#4880=EDGE_CURVE('',#6306,#6295,#7860,.T.);
#4881=EDGE_CURVE('',#6307,#6294,#7861,.T.);
#4882=EDGE_CURVE('',#6308,#6293,#7862,.T.);
#4883=EDGE_CURVE('',#6309,#6292,#7863,.T.);
#4884=EDGE_CURVE('',#6283,#6270,#7864,.T.);
#4885=EDGE_CURVE('',#6285,#6276,#7865,.T.);
#4886=EDGE_CURVE('',#6286,#6275,#7866,.T.);
#4887=EDGE_CURVE('',#6287,#6274,#7867,.T.);
#4888=EDGE_CURVE('',#6288,#6273,#7868,.T.);
#4889=EDGE_CURVE('',#6289,#6272,#7869,.T.);
#4890=EDGE_CURVE('',#6263,#6250,#7870,.T.);
#4891=EDGE_CURVE('',#6265,#6256,#7871,.T.);
#4892=EDGE_CURVE('',#6266,#6255,#7872,.T.);
#4893=EDGE_CURVE('',#6267,#6254,#7873,.T.);
#4894=EDGE_CURVE('',#6268,#6253,#7874,.T.);
#4895=EDGE_CURVE('',#6269,#6252,#7875,.T.);
#4896=EDGE_CURVE('',#6243,#6230,#7876,.T.);
#4897=EDGE_CURVE('',#6245,#6236,#7877,.T.);
#4898=EDGE_CURVE('',#6246,#6235,#7878,.T.);
#4899=EDGE_CURVE('',#6247,#6234,#7879,.T.);
#4900=EDGE_CURVE('',#6248,#6233,#7880,.T.);
#4901=EDGE_CURVE('',#6249,#6232,#7881,.T.);
#4902=EDGE_CURVE('',#6223,#6210,#7882,.T.);
#4903=EDGE_CURVE('',#6225,#6216,#7883,.T.);
#4904=EDGE_CURVE('',#6226,#6215,#7884,.T.);
#4905=EDGE_CURVE('',#6227,#6214,#7885,.T.);
#4906=EDGE_CURVE('',#6228,#6213,#7886,.T.);
#4907=EDGE_CURVE('',#6229,#6212,#7887,.T.);
#4908=EDGE_CURVE('',#6203,#6190,#7888,.T.);
#4909=EDGE_CURVE('',#6205,#6196,#7889,.T.);
#4910=EDGE_CURVE('',#6206,#6195,#7890,.T.);
#4911=EDGE_CURVE('',#6207,#6194,#7891,.T.);
#4912=EDGE_CURVE('',#6208,#6193,#7892,.T.);
#4913=EDGE_CURVE('',#6209,#6192,#7893,.T.);
#4914=EDGE_CURVE('',#6183,#6170,#7894,.T.);
#4915=EDGE_CURVE('',#6185,#6176,#7895,.T.);
#4916=EDGE_CURVE('',#6186,#6175,#7896,.T.);
#4917=EDGE_CURVE('',#6187,#6174,#7897,.T.);
#4918=EDGE_CURVE('',#6188,#6173,#7898,.T.);
#4919=EDGE_CURVE('',#6189,#6172,#7899,.T.);
#4920=EDGE_CURVE('',#6163,#6150,#7900,.T.);
#4921=EDGE_CURVE('',#6165,#6156,#7901,.T.);
#4922=EDGE_CURVE('',#6166,#6155,#7902,.T.);
#4923=EDGE_CURVE('',#6167,#6154,#7903,.T.);
#4924=EDGE_CURVE('',#6168,#6153,#7904,.T.);
#4925=EDGE_CURVE('',#6169,#6152,#7905,.T.);
#4926=EDGE_CURVE('',#6143,#6130,#7906,.T.);
#4927=EDGE_CURVE('',#6145,#6136,#7907,.T.);
#4928=EDGE_CURVE('',#6146,#6135,#7908,.T.);
#4929=EDGE_CURVE('',#6147,#6134,#7909,.T.);
#4930=EDGE_CURVE('',#6148,#6133,#7910,.T.);
#4931=EDGE_CURVE('',#6149,#6132,#7911,.T.);
#4932=EDGE_CURVE('',#6123,#6110,#7912,.T.);
#4933=EDGE_CURVE('',#6125,#6116,#7913,.T.);
#4934=EDGE_CURVE('',#6126,#6115,#7914,.T.);
#4935=EDGE_CURVE('',#6127,#6114,#7915,.T.);
#4936=EDGE_CURVE('',#6128,#6113,#7916,.T.);
#4937=EDGE_CURVE('',#6129,#6112,#7917,.T.);
#4938=EDGE_CURVE('',#6103,#6090,#7918,.T.);
#4939=EDGE_CURVE('',#6105,#6096,#7919,.T.);
#4940=EDGE_CURVE('',#6106,#6095,#7920,.T.);
#4941=EDGE_CURVE('',#6107,#6094,#7921,.T.);
#4942=EDGE_CURVE('',#6108,#6093,#7922,.T.);
#4943=EDGE_CURVE('',#6109,#6092,#7923,.T.);
#4944=EDGE_CURVE('',#6083,#6070,#7924,.T.);
#4945=EDGE_CURVE('',#6085,#6076,#7925,.T.);
#4946=EDGE_CURVE('',#6086,#6075,#7926,.T.);
#4947=EDGE_CURVE('',#6087,#6074,#7927,.T.);
#4948=EDGE_CURVE('',#6088,#6073,#7928,.T.);
#4949=EDGE_CURVE('',#6089,#6072,#7929,.T.);
#4950=EDGE_CURVE('',#6063,#6050,#7930,.T.);
#4951=EDGE_CURVE('',#6065,#6056,#7931,.T.);
#4952=EDGE_CURVE('',#6066,#6055,#7932,.T.);
#4953=EDGE_CURVE('',#6067,#6054,#7933,.T.);
#4954=EDGE_CURVE('',#6068,#6053,#7934,.T.);
#4955=EDGE_CURVE('',#6069,#6052,#7935,.T.);
#4956=EDGE_CURVE('',#6043,#6030,#7936,.T.);
#4957=EDGE_CURVE('',#6049,#6032,#7937,.T.);
#4958=EDGE_CURVE('',#6048,#6033,#7938,.T.);
#4959=EDGE_CURVE('',#6047,#6034,#7939,.T.);
#4960=EDGE_CURVE('',#6046,#6035,#7940,.T.);
#4961=EDGE_CURVE('',#6045,#6036,#7941,.T.);
#4962=EDGE_CURVE('',#6350,#6351,#7942,.T.);
#4963=EDGE_CURVE('',#6352,#6350,#7943,.T.);
#4964=EDGE_CURVE('',#6353,#6352,#7944,.T.);
#4965=EDGE_CURVE('',#6351,#6353,#7945,.T.);
#4966=EDGE_CURVE('',#6354,#6355,#7946,.T.);
#4967=EDGE_CURVE('',#6356,#6354,#7947,.T.);
#4968=EDGE_CURVE('',#6357,#6356,#7948,.T.);
#4969=EDGE_CURVE('',#6355,#6357,#7949,.T.);
#4970=EDGE_CURVE('',#6358,#6359,#7950,.T.);
#4971=EDGE_CURVE('',#6360,#6358,#7951,.T.);
#4972=EDGE_CURVE('',#6361,#6360,#7952,.T.);
#4973=EDGE_CURVE('',#6359,#6361,#7953,.T.);
#4974=EDGE_CURVE('',#6362,#6363,#7954,.T.);
#4975=EDGE_CURVE('',#6364,#6362,#7955,.T.);
#4976=EDGE_CURVE('',#6365,#6364,#7956,.T.);
#4977=EDGE_CURVE('',#6363,#6365,#7957,.T.);
#4978=EDGE_CURVE('',#6366,#6367,#7958,.T.);
#4979=EDGE_CURVE('',#6368,#6366,#7959,.T.);
#4980=EDGE_CURVE('',#6369,#6368,#7960,.T.);
#4981=EDGE_CURVE('',#6367,#6369,#7961,.T.);
#4982=EDGE_CURVE('',#6370,#6371,#7962,.T.);
#4983=EDGE_CURVE('',#6372,#6370,#7963,.T.);
#4984=EDGE_CURVE('',#6373,#6372,#7964,.T.);
#4985=EDGE_CURVE('',#6371,#6373,#7965,.T.);
#4986=EDGE_CURVE('',#6374,#6375,#7966,.T.);
#4987=EDGE_CURVE('',#6376,#6374,#7967,.T.);
#4988=EDGE_CURVE('',#6377,#6376,#7968,.T.);
#4989=EDGE_CURVE('',#6375,#6377,#7969,.T.);
#4990=EDGE_CURVE('',#6378,#6379,#7970,.T.);
#4991=EDGE_CURVE('',#6380,#6378,#7971,.T.);
#4992=EDGE_CURVE('',#6381,#6380,#7972,.T.);
#4993=EDGE_CURVE('',#6379,#6381,#7973,.T.);
#4994=EDGE_CURVE('',#6382,#6383,#7974,.T.);
#4995=EDGE_CURVE('',#6384,#6383,#7975,.T.);
#4996=EDGE_CURVE('',#6384,#6385,#7976,.T.);
#4997=EDGE_CURVE('',#6385,#6386,#7977,.T.);
#4998=EDGE_CURVE('',#6386,#6387,#7978,.T.);
#4999=EDGE_CURVE('',#6388,#6387,#7979,.T.);
#5000=EDGE_CURVE('',#6388,#6389,#7980,.T.);
#5001=EDGE_CURVE('',#6389,#6390,#7981,.T.);
#5002=EDGE_CURVE('',#6390,#6391,#7982,.T.);
#5003=EDGE_CURVE('',#6392,#6391,#7983,.T.);
#5004=EDGE_CURVE('',#6392,#6393,#7984,.T.);
#5005=EDGE_CURVE('',#6393,#6394,#7985,.T.);
#5006=EDGE_CURVE('',#6394,#6395,#7986,.T.);
#5007=EDGE_CURVE('',#6396,#6395,#7987,.T.);
#5008=EDGE_CURVE('',#6396,#6397,#7988,.T.);
#5009=EDGE_CURVE('',#6397,#6398,#7989,.T.);
#5010=EDGE_CURVE('',#6398,#6399,#7990,.T.);
#5011=EDGE_CURVE('',#6400,#6399,#7991,.T.);
#5012=EDGE_CURVE('',#6400,#6401,#7992,.T.);
#5013=EDGE_CURVE('',#6401,#6402,#7993,.T.);
#5014=EDGE_CURVE('',#6402,#6403,#7994,.T.);
#5015=EDGE_CURVE('',#6404,#6403,#7995,.T.);
#5016=EDGE_CURVE('',#6404,#6405,#7996,.T.);
#5017=EDGE_CURVE('',#6405,#6406,#7997,.T.);
#5018=EDGE_CURVE('',#6406,#6407,#7998,.T.);
#5019=EDGE_CURVE('',#6408,#6407,#7999,.T.);
#5020=EDGE_CURVE('',#6408,#6409,#8000,.T.);
#5021=EDGE_CURVE('',#6409,#6410,#8001,.T.);
#5022=EDGE_CURVE('',#6410,#6411,#8002,.T.);
#5023=EDGE_CURVE('',#6412,#6411,#8003,.T.);
#5024=EDGE_CURVE('',#6412,#6413,#8004,.T.);
#5025=EDGE_CURVE('',#6413,#6414,#8005,.T.);
#5026=EDGE_CURVE('',#6414,#6415,#8006,.T.);
#5027=EDGE_CURVE('',#6416,#6415,#8007,.T.);
#5028=EDGE_CURVE('',#6416,#6417,#8008,.T.);
#5029=EDGE_CURVE('',#6417,#6418,#8009,.T.);
#5030=EDGE_CURVE('',#6418,#6419,#8010,.T.);
#5031=EDGE_CURVE('',#6420,#6419,#8011,.T.);
#5032=EDGE_CURVE('',#6420,#6421,#8012,.T.);
#5033=EDGE_CURVE('',#6421,#6422,#8013,.T.);
#5034=EDGE_CURVE('',#6422,#6423,#8014,.T.);
#5035=EDGE_CURVE('',#6424,#6423,#8015,.T.);
#5036=EDGE_CURVE('',#6425,#6424,#8016,.T.);
#5037=EDGE_CURVE('',#6426,#6425,#8017,.T.);
#5038=EDGE_CURVE('',#6426,#6427,#8018,.T.);
#5039=EDGE_CURVE('',#6427,#6428,#8019,.T.);
#5040=EDGE_CURVE('',#6428,#6429,#8020,.T.);
#5041=EDGE_CURVE('',#6430,#6429,#8021,.T.);
#5042=EDGE_CURVE('',#6430,#6431,#8022,.T.);
#5043=EDGE_CURVE('',#6431,#6432,#8023,.T.);
#5044=EDGE_CURVE('',#6432,#6433,#8024,.T.);
#5045=EDGE_CURVE('',#6434,#6433,#8025,.T.);
#5046=EDGE_CURVE('',#6434,#6435,#8026,.T.);
#5047=EDGE_CURVE('',#6435,#6436,#8027,.T.);
#5048=EDGE_CURVE('',#6436,#6437,#8028,.T.);
#5049=EDGE_CURVE('',#6438,#6437,#8029,.T.);
#5050=EDGE_CURVE('',#6438,#6439,#8030,.T.);
#5051=EDGE_CURVE('',#6439,#6440,#8031,.T.);
#5052=EDGE_CURVE('',#6440,#6441,#8032,.T.);
#5053=EDGE_CURVE('',#6442,#6441,#8033,.T.);
#5054=EDGE_CURVE('',#6442,#6443,#8034,.T.);
#5055=EDGE_CURVE('',#6443,#6444,#8035,.T.);
#5056=EDGE_CURVE('',#6444,#6445,#8036,.T.);
#5057=EDGE_CURVE('',#6446,#6445,#8037,.T.);
#5058=EDGE_CURVE('',#6446,#6447,#8038,.T.);
#5059=EDGE_CURVE('',#6447,#6448,#8039,.T.);
#5060=EDGE_CURVE('',#6448,#6449,#8040,.T.);
#5061=EDGE_CURVE('',#6450,#6449,#8041,.T.);
#5062=EDGE_CURVE('',#6450,#6451,#8042,.T.);
#5063=EDGE_CURVE('',#6451,#6452,#8043,.T.);
#5064=EDGE_CURVE('',#6452,#6453,#8044,.T.);
#5065=EDGE_CURVE('',#6454,#6453,#8045,.T.);
#5066=EDGE_CURVE('',#6454,#6455,#8046,.T.);
#5067=EDGE_CURVE('',#6455,#6456,#8047,.T.);
#5068=EDGE_CURVE('',#6456,#6457,#8048,.T.);
#5069=EDGE_CURVE('',#6458,#6457,#8049,.T.);
#5070=EDGE_CURVE('',#6458,#6459,#8050,.T.);
#5071=EDGE_CURVE('',#6459,#6460,#8051,.T.);
#5072=EDGE_CURVE('',#6460,#6461,#8052,.T.);
#5073=EDGE_CURVE('',#6462,#6461,#8053,.T.);
#5074=EDGE_CURVE('',#6462,#6463,#8054,.T.);
#5075=EDGE_CURVE('',#6463,#6464,#8055,.T.);
#5076=EDGE_CURVE('',#6464,#6465,#8056,.T.);
#5077=EDGE_CURVE('',#6466,#6465,#8057,.T.);
#5078=EDGE_CURVE('',#6466,#6467,#8058,.T.);
#5079=EDGE_CURVE('',#6467,#6468,#8059,.T.);
#5080=EDGE_CURVE('',#6468,#6469,#8060,.T.);
#5081=EDGE_CURVE('',#6470,#6469,#8061,.T.);
#5082=EDGE_CURVE('',#6470,#6471,#8062,.T.);
#5083=EDGE_CURVE('',#6471,#6472,#8063,.T.);
#5084=EDGE_CURVE('',#6472,#6473,#8064,.T.);
#5085=EDGE_CURVE('',#6474,#6473,#8065,.T.);
#5086=EDGE_CURVE('',#6474,#6475,#8066,.T.);
#5087=EDGE_CURVE('',#6475,#6476,#8067,.T.);
#5088=EDGE_CURVE('',#6476,#6477,#8068,.T.);
#5089=EDGE_CURVE('',#6478,#6477,#8069,.T.);
#5090=EDGE_CURVE('',#6478,#6479,#8070,.T.);
#5091=EDGE_CURVE('',#6479,#6480,#8071,.T.);
#5092=EDGE_CURVE('',#6480,#6481,#8072,.T.);
#5093=EDGE_CURVE('',#6482,#6481,#8073,.T.);
#5094=EDGE_CURVE('',#6482,#6483,#8074,.T.);
#5095=EDGE_CURVE('',#6483,#6484,#8075,.T.);
#5096=EDGE_CURVE('',#6484,#6485,#8076,.T.);
#5097=EDGE_CURVE('',#6486,#6485,#8077,.T.);
#5098=EDGE_CURVE('',#6486,#6487,#8078,.T.);
#5099=EDGE_CURVE('',#6487,#6488,#8079,.T.);
#5100=EDGE_CURVE('',#6488,#6489,#8080,.T.);
#5101=EDGE_CURVE('',#6490,#6489,#8081,.T.);
#5102=EDGE_CURVE('',#6491,#6490,#8082,.T.);
#5103=EDGE_CURVE('',#6492,#6491,#8083,.T.);
#5104=EDGE_CURVE('',#6492,#6493,#8084,.T.);
#5105=EDGE_CURVE('',#6493,#6494,#8085,.T.);
#5106=EDGE_CURVE('',#6494,#6495,#8086,.T.);
#5107=EDGE_CURVE('',#6496,#6495,#8087,.T.);
#5108=EDGE_CURVE('',#6496,#6497,#8088,.T.);
#5109=EDGE_CURVE('',#6497,#6498,#8089,.T.);
#5110=EDGE_CURVE('',#6498,#6499,#8090,.T.);
#5111=EDGE_CURVE('',#6500,#6499,#8091,.T.);
#5112=EDGE_CURVE('',#6500,#6501,#8092,.T.);
#5113=EDGE_CURVE('',#6501,#6502,#8093,.T.);
#5114=EDGE_CURVE('',#6502,#6503,#8094,.T.);
#5115=EDGE_CURVE('',#6504,#6503,#8095,.T.);
#5116=EDGE_CURVE('',#6504,#6505,#8096,.T.);
#5117=EDGE_CURVE('',#6505,#6506,#8097,.T.);
#5118=EDGE_CURVE('',#6506,#6507,#8098,.T.);
#5119=EDGE_CURVE('',#6508,#6507,#8099,.T.);
#5120=EDGE_CURVE('',#6508,#6509,#8100,.T.);
#5121=EDGE_CURVE('',#6509,#6510,#8101,.T.);
#5122=EDGE_CURVE('',#6510,#6511,#8102,.T.);
#5123=EDGE_CURVE('',#6512,#6511,#8103,.T.);
#5124=EDGE_CURVE('',#6512,#6513,#8104,.T.);
#5125=EDGE_CURVE('',#6513,#6382,#8105,.T.);
#5126=EDGE_CURVE('',#6514,#6515,#8106,.T.);
#5127=EDGE_CURVE('',#6516,#6514,#8107,.T.);
#5128=EDGE_CURVE('',#6517,#6516,#8108,.T.);
#5129=EDGE_CURVE('',#6515,#6517,#8109,.T.);
#5130=EDGE_CURVE('',#6518,#6519,#8110,.T.);
#5131=EDGE_CURVE('',#6520,#6518,#8111,.T.);
#5132=EDGE_CURVE('',#6521,#6520,#8112,.T.);
#5133=EDGE_CURVE('',#6519,#6521,#8113,.T.);
#5134=EDGE_CURVE('',#6522,#6523,#8114,.T.);
#5135=EDGE_CURVE('',#6524,#6522,#8115,.T.);
#5136=EDGE_CURVE('',#6525,#6524,#8116,.T.);
#5137=EDGE_CURVE('',#6523,#6525,#8117,.T.);
#5138=EDGE_CURVE('',#6526,#6527,#8118,.T.);
#5139=EDGE_CURVE('',#6528,#6526,#8119,.T.);
#5140=EDGE_CURVE('',#6529,#6528,#8120,.T.);
#5141=EDGE_CURVE('',#6527,#6529,#8121,.T.);
#5142=EDGE_CURVE('',#6530,#6531,#8122,.T.);
#5143=EDGE_CURVE('',#6532,#6530,#8123,.T.);
#5144=EDGE_CURVE('',#6533,#6532,#8124,.T.);
#5145=EDGE_CURVE('',#6531,#6533,#8125,.T.);
#5146=EDGE_CURVE('',#6534,#6535,#8126,.T.);
#5147=EDGE_CURVE('',#6536,#6534,#8127,.T.);
#5148=EDGE_CURVE('',#6537,#6536,#8128,.T.);
#5149=EDGE_CURVE('',#6535,#6537,#8129,.T.);
#5150=EDGE_CURVE('',#6538,#6539,#8130,.T.);
#5151=EDGE_CURVE('',#6540,#6538,#8131,.T.);
#5152=EDGE_CURVE('',#6541,#6540,#8132,.T.);
#5153=EDGE_CURVE('',#6539,#6541,#8133,.T.);
#5154=EDGE_CURVE('',#6542,#6543,#8134,.T.);
#5155=EDGE_CURVE('',#6544,#6542,#8135,.T.);
#5156=EDGE_CURVE('',#6545,#6544,#8136,.T.);
#5157=EDGE_CURVE('',#6543,#6545,#8137,.T.);
#5158=EDGE_CURVE('',#6489,#6546,#8138,.T.);
#5159=EDGE_CURVE('',#6546,#6547,#8139,.T.);
#5160=EDGE_CURVE('',#6486,#6547,#8140,.T.);
#5161=EDGE_CURVE('',#6485,#6548,#8141,.T.);
#5162=EDGE_CURVE('',#6548,#6549,#8142,.T.);
#5163=EDGE_CURVE('',#6482,#6549,#8143,.T.);
#5164=EDGE_CURVE('',#6481,#6550,#8144,.T.);
#5165=EDGE_CURVE('',#6550,#6551,#8145,.T.);
#5166=EDGE_CURVE('',#6478,#6551,#8146,.T.);
#5167=EDGE_CURVE('',#6477,#6552,#8147,.T.);
#5168=EDGE_CURVE('',#6552,#6553,#8148,.T.);
#5169=EDGE_CURVE('',#6474,#6553,#8149,.T.);
#5170=EDGE_CURVE('',#6473,#6554,#8150,.T.);
#5171=EDGE_CURVE('',#6554,#6555,#8151,.T.);
#5172=EDGE_CURVE('',#6470,#6555,#8152,.T.);
#5173=EDGE_CURVE('',#6469,#6556,#8153,.T.);
#5174=EDGE_CURVE('',#6556,#6557,#8154,.T.);
#5175=EDGE_CURVE('',#6466,#6557,#8155,.T.);
#5176=EDGE_CURVE('',#6465,#6558,#8156,.T.);
#5177=EDGE_CURVE('',#6558,#6559,#8157,.T.);
#5178=EDGE_CURVE('',#6462,#6559,#8158,.T.);
#5179=EDGE_CURVE('',#6461,#6560,#8159,.T.);
#5180=EDGE_CURVE('',#6560,#6561,#8160,.T.);
#5181=EDGE_CURVE('',#6458,#6561,#8161,.T.);
#5182=EDGE_CURVE('',#6457,#6562,#8162,.T.);
#5183=EDGE_CURVE('',#6562,#6563,#8163,.T.);
#5184=EDGE_CURVE('',#6454,#6563,#8164,.T.);
#5185=EDGE_CURVE('',#6453,#6564,#8165,.T.);
#5186=EDGE_CURVE('',#6564,#6565,#8166,.T.);
#5187=EDGE_CURVE('',#6450,#6565,#8167,.T.);
#5188=EDGE_CURVE('',#6449,#6566,#8168,.T.);
#5189=EDGE_CURVE('',#6566,#6567,#8169,.T.);
#5190=EDGE_CURVE('',#6446,#6567,#8170,.T.);
#5191=EDGE_CURVE('',#6445,#6568,#8171,.T.);
#5192=EDGE_CURVE('',#6568,#6569,#8172,.T.);
#5193=EDGE_CURVE('',#6442,#6569,#8173,.T.);
#5194=EDGE_CURVE('',#6441,#6570,#8174,.T.);
#5195=EDGE_CURVE('',#6570,#6571,#8175,.T.);
#5196=EDGE_CURVE('',#6438,#6571,#8176,.T.);
#5197=EDGE_CURVE('',#6437,#6572,#8177,.T.);
#5198=EDGE_CURVE('',#6572,#6573,#8178,.T.);
#5199=EDGE_CURVE('',#6434,#6573,#8179,.T.);
#5200=EDGE_CURVE('',#6433,#6574,#8180,.T.);
#5201=EDGE_CURVE('',#6574,#6575,#8181,.T.);
#5202=EDGE_CURVE('',#6430,#6575,#8182,.T.);
#5203=EDGE_CURVE('',#6429,#6576,#8183,.T.);
#5204=EDGE_CURVE('',#6576,#6577,#8184,.T.);
#5205=EDGE_CURVE('',#6426,#6577,#8185,.T.);
#5206=EDGE_CURVE('',#6578,#6425,#8186,.T.);
#5207=EDGE_CURVE('',#6579,#6578,#8187,.T.);
#5208=EDGE_CURVE('',#6579,#6490,#8188,.T.);
#5209=EDGE_CURVE('',#6580,#6424,#8189,.T.);
#5210=EDGE_CURVE('',#6578,#6580,#8190,.T.);
#5211=EDGE_CURVE('',#6423,#6581,#8191,.T.);
#5212=EDGE_CURVE('',#6581,#6582,#8192,.T.);
#5213=EDGE_CURVE('',#6420,#6582,#8193,.T.);
#5214=EDGE_CURVE('',#6419,#6583,#8194,.T.);
#5215=EDGE_CURVE('',#6583,#6584,#8195,.T.);
#5216=EDGE_CURVE('',#6416,#6584,#8196,.T.);
#5217=EDGE_CURVE('',#6415,#6585,#8197,.T.);
#5218=EDGE_CURVE('',#6585,#6586,#8198,.T.);
#5219=EDGE_CURVE('',#6412,#6586,#8199,.T.);
#5220=EDGE_CURVE('',#6411,#6587,#8200,.T.);
#5221=EDGE_CURVE('',#6587,#6588,#8201,.T.);
#5222=EDGE_CURVE('',#6408,#6588,#8202,.T.);
#5223=EDGE_CURVE('',#6407,#6589,#8203,.T.);
#5224=EDGE_CURVE('',#6589,#6590,#8204,.T.);
#5225=EDGE_CURVE('',#6404,#6590,#8205,.T.);
#5226=EDGE_CURVE('',#6403,#6591,#8206,.T.);
#5227=EDGE_CURVE('',#6591,#6592,#8207,.T.);
#5228=EDGE_CURVE('',#6400,#6592,#8208,.T.);
#5229=EDGE_CURVE('',#6399,#6593,#8209,.T.);
#5230=EDGE_CURVE('',#6593,#6594,#8210,.T.);
#5231=EDGE_CURVE('',#6396,#6594,#8211,.T.);
#5232=EDGE_CURVE('',#6395,#6595,#8212,.T.);
#5233=EDGE_CURVE('',#6595,#6596,#8213,.T.);
#5234=EDGE_CURVE('',#6392,#6596,#8214,.T.);
#5235=EDGE_CURVE('',#6391,#6597,#8215,.T.);
#5236=EDGE_CURVE('',#6597,#6598,#8216,.T.);
#5237=EDGE_CURVE('',#6388,#6598,#8217,.T.);
#5238=EDGE_CURVE('',#6387,#6599,#8218,.T.);
#5239=EDGE_CURVE('',#6599,#6600,#8219,.T.);
#5240=EDGE_CURVE('',#6384,#6600,#8220,.T.);
#5241=EDGE_CURVE('',#6383,#6601,#8221,.T.);
#5242=EDGE_CURVE('',#6601,#6602,#8222,.T.);
#5243=EDGE_CURVE('',#6512,#6602,#8223,.T.);
#5244=EDGE_CURVE('',#6511,#6603,#8224,.T.);
#5245=EDGE_CURVE('',#6603,#6604,#8225,.T.);
#5246=EDGE_CURVE('',#6508,#6604,#8226,.T.);
#5247=EDGE_CURVE('',#6507,#6605,#8227,.T.);
#5248=EDGE_CURVE('',#6605,#6606,#8228,.T.);
#5249=EDGE_CURVE('',#6504,#6606,#8229,.T.);
#5250=EDGE_CURVE('',#6503,#6607,#8230,.T.);
#5251=EDGE_CURVE('',#6607,#6608,#8231,.T.);
#5252=EDGE_CURVE('',#6500,#6608,#8232,.T.);
#5253=EDGE_CURVE('',#6499,#6609,#8233,.T.);
#5254=EDGE_CURVE('',#6609,#6610,#8234,.T.);
#5255=EDGE_CURVE('',#6496,#6610,#8235,.T.);
#5256=EDGE_CURVE('',#6495,#6611,#8236,.T.);
#5257=EDGE_CURVE('',#6611,#6612,#8237,.T.);
#5258=EDGE_CURVE('',#6492,#6612,#8238,.T.);
#5259=EDGE_CURVE('',#6613,#6491,#8239,.T.);
#5260=EDGE_CURVE('',#6580,#6613,#8240,.T.);
#5261=EDGE_CURVE('',#6613,#6579,#8241,.T.);
#5262=EDGE_CURVE('',#6614,#6615,#8242,.T.);
#5263=EDGE_CURVE('',#6422,#6615,#8243,.T.);
#5264=EDGE_CURVE('',#6421,#6614,#8244,.T.);
#5265=EDGE_CURVE('',#6615,#6581,#8245,.T.);
#5266=EDGE_CURVE('',#6582,#6614,#8246,.T.);
#5267=EDGE_CURVE('',#6616,#6617,#8247,.T.);
#5268=EDGE_CURVE('',#6418,#6617,#8248,.T.);
#5269=EDGE_CURVE('',#6417,#6616,#8249,.T.);
#5270=EDGE_CURVE('',#6617,#6583,#8250,.T.);
#5271=EDGE_CURVE('',#6584,#6616,#8251,.T.);
#5272=EDGE_CURVE('',#6547,#6618,#8252,.T.);
#5273=EDGE_CURVE('',#6487,#6618,#8253,.T.);
#5274=EDGE_CURVE('',#6618,#6619,#8254,.T.);
#5275=EDGE_CURVE('',#6488,#6619,#8255,.T.);
#5276=EDGE_CURVE('',#6619,#6546,#8256,.T.);
#5277=EDGE_CURVE('',#6549,#6620,#8257,.T.);
#5278=EDGE_CURVE('',#6483,#6620,#8258,.T.);
#5279=EDGE_CURVE('',#6620,#6621,#8259,.T.);
#5280=EDGE_CURVE('',#6484,#6621,#8260,.T.);
#5281=EDGE_CURVE('',#6621,#6548,#8261,.T.);
#5282=EDGE_CURVE('',#6551,#6622,#8262,.T.);
#5283=EDGE_CURVE('',#6479,#6622,#8263,.T.);
#5284=EDGE_CURVE('',#6622,#6623,#8264,.T.);
#5285=EDGE_CURVE('',#6480,#6623,#8265,.T.);
#5286=EDGE_CURVE('',#6623,#6550,#8266,.T.);
#5287=EDGE_CURVE('',#6553,#6624,#8267,.T.);
#5288=EDGE_CURVE('',#6475,#6624,#8268,.T.);
#5289=EDGE_CURVE('',#6624,#6625,#8269,.T.);
#5290=EDGE_CURVE('',#6476,#6625,#8270,.T.);
#5291=EDGE_CURVE('',#6625,#6552,#8271,.T.);
#5292=EDGE_CURVE('',#6555,#6626,#8272,.T.);
#5293=EDGE_CURVE('',#6471,#6626,#8273,.T.);
#5294=EDGE_CURVE('',#6626,#6627,#8274,.T.);
#5295=EDGE_CURVE('',#6472,#6627,#8275,.T.);
#5296=EDGE_CURVE('',#6627,#6554,#8276,.T.);
#5297=EDGE_CURVE('',#6557,#6628,#8277,.T.);
#5298=EDGE_CURVE('',#6467,#6628,#8278,.T.);
#5299=EDGE_CURVE('',#6628,#6629,#8279,.T.);
#5300=EDGE_CURVE('',#6468,#6629,#8280,.T.);
#5301=EDGE_CURVE('',#6629,#6556,#8281,.T.);
#5302=EDGE_CURVE('',#6559,#6630,#8282,.T.);
#5303=EDGE_CURVE('',#6463,#6630,#8283,.T.);
#5304=EDGE_CURVE('',#6630,#6631,#8284,.T.);
#5305=EDGE_CURVE('',#6464,#6631,#8285,.T.);
#5306=EDGE_CURVE('',#6631,#6558,#8286,.T.);
#5307=EDGE_CURVE('',#6561,#6632,#8287,.T.);
#5308=EDGE_CURVE('',#6459,#6632,#8288,.T.);
#5309=EDGE_CURVE('',#6632,#6633,#8289,.T.);
#5310=EDGE_CURVE('',#6460,#6633,#8290,.T.);
#5311=EDGE_CURVE('',#6633,#6560,#8291,.T.);
#5312=EDGE_CURVE('',#6563,#6634,#8292,.T.);
#5313=EDGE_CURVE('',#6455,#6634,#8293,.T.);
#5314=EDGE_CURVE('',#6634,#6635,#8294,.T.);
#5315=EDGE_CURVE('',#6456,#6635,#8295,.T.);
#5316=EDGE_CURVE('',#6635,#6562,#8296,.T.);
#5317=EDGE_CURVE('',#6565,#6636,#8297,.T.);
#5318=EDGE_CURVE('',#6451,#6636,#8298,.T.);
#5319=EDGE_CURVE('',#6636,#6637,#8299,.T.);
#5320=EDGE_CURVE('',#6452,#6637,#8300,.T.);
#5321=EDGE_CURVE('',#6637,#6564,#8301,.T.);
#5322=EDGE_CURVE('',#6567,#6638,#8302,.T.);
#5323=EDGE_CURVE('',#6447,#6638,#8303,.T.);
#5324=EDGE_CURVE('',#6638,#6639,#8304,.T.);
#5325=EDGE_CURVE('',#6448,#6639,#8305,.T.);
#5326=EDGE_CURVE('',#6639,#6566,#8306,.T.);
#5327=EDGE_CURVE('',#6569,#6640,#8307,.T.);
#5328=EDGE_CURVE('',#6443,#6640,#8308,.T.);
#5329=EDGE_CURVE('',#6640,#6641,#8309,.T.);
#5330=EDGE_CURVE('',#6444,#6641,#8310,.T.);
#5331=EDGE_CURVE('',#6641,#6568,#8311,.T.);
#5332=EDGE_CURVE('',#6571,#6642,#8312,.T.);
#5333=EDGE_CURVE('',#6439,#6642,#8313,.T.);
#5334=EDGE_CURVE('',#6642,#6643,#8314,.T.);
#5335=EDGE_CURVE('',#6440,#6643,#8315,.T.);
#5336=EDGE_CURVE('',#6643,#6570,#8316,.T.);
#5337=EDGE_CURVE('',#6573,#6644,#8317,.T.);
#5338=EDGE_CURVE('',#6435,#6644,#8318,.T.);
#5339=EDGE_CURVE('',#6644,#6645,#8319,.T.);
#5340=EDGE_CURVE('',#6436,#6645,#8320,.T.);
#5341=EDGE_CURVE('',#6645,#6572,#8321,.T.);
#5342=EDGE_CURVE('',#6646,#6647,#8322,.T.);
#5343=EDGE_CURVE('',#6414,#6647,#8323,.T.);
#5344=EDGE_CURVE('',#6413,#6646,#8324,.T.);
#5345=EDGE_CURVE('',#6647,#6585,#8325,.T.);
#5346=EDGE_CURVE('',#6586,#6646,#8326,.T.);
#5347=EDGE_CURVE('',#6648,#6649,#8327,.T.);
#5348=EDGE_CURVE('',#6410,#6649,#8328,.T.);
#5349=EDGE_CURVE('',#6409,#6648,#8329,.T.);
#5350=EDGE_CURVE('',#6649,#6587,#8330,.T.);
#5351=EDGE_CURVE('',#6588,#6648,#8331,.T.);
#5352=EDGE_CURVE('',#6650,#6651,#8332,.T.);
#5353=EDGE_CURVE('',#6406,#6651,#8333,.T.);
#5354=EDGE_CURVE('',#6405,#6650,#8334,.T.);
#5355=EDGE_CURVE('',#6651,#6589,#8335,.T.);
#5356=EDGE_CURVE('',#6590,#6650,#8336,.T.);
#5357=EDGE_CURVE('',#6652,#6653,#8337,.T.);
#5358=EDGE_CURVE('',#6402,#6653,#8338,.T.);
#5359=EDGE_CURVE('',#6401,#6652,#8339,.T.);
#5360=EDGE_CURVE('',#6653,#6591,#8340,.T.);
#5361=EDGE_CURVE('',#6592,#6652,#8341,.T.);
#5362=EDGE_CURVE('',#6654,#6655,#8342,.T.);
#5363=EDGE_CURVE('',#6398,#6655,#8343,.T.);
#5364=EDGE_CURVE('',#6397,#6654,#8344,.T.);
#5365=EDGE_CURVE('',#6655,#6593,#8345,.T.);
#5366=EDGE_CURVE('',#6594,#6654,#8346,.T.);
#5367=EDGE_CURVE('',#6656,#6657,#8347,.T.);
#5368=EDGE_CURVE('',#6394,#6657,#8348,.T.);
#5369=EDGE_CURVE('',#6393,#6656,#8349,.T.);
#5370=EDGE_CURVE('',#6657,#6595,#8350,.T.);
#5371=EDGE_CURVE('',#6596,#6656,#8351,.T.);
#5372=EDGE_CURVE('',#6658,#6659,#8352,.T.);
#5373=EDGE_CURVE('',#6390,#6659,#8353,.T.);
#5374=EDGE_CURVE('',#6389,#6658,#8354,.T.);
#5375=EDGE_CURVE('',#6659,#6597,#8355,.T.);
#5376=EDGE_CURVE('',#6598,#6658,#8356,.T.);
#5377=EDGE_CURVE('',#6660,#6661,#8357,.T.);
#5378=EDGE_CURVE('',#6386,#6661,#8358,.T.);
#5379=EDGE_CURVE('',#6385,#6660,#8359,.T.);
#5380=EDGE_CURVE('',#6661,#6599,#8360,.T.);
#5381=EDGE_CURVE('',#6600,#6660,#8361,.T.);
#5382=EDGE_CURVE('',#6575,#6662,#8362,.T.);
#5383=EDGE_CURVE('',#6431,#6662,#8363,.T.);
#5384=EDGE_CURVE('',#6662,#6663,#8364,.T.);
#5385=EDGE_CURVE('',#6432,#6663,#8365,.T.);
#5386=EDGE_CURVE('',#6663,#6574,#8366,.T.);
#5387=EDGE_CURVE('',#6577,#6664,#8367,.T.);
#5388=EDGE_CURVE('',#6427,#6664,#8368,.T.);
#5389=EDGE_CURVE('',#6664,#6665,#8369,.T.);
#5390=EDGE_CURVE('',#6428,#6665,#8370,.T.);
#5391=EDGE_CURVE('',#6665,#6576,#8371,.T.);
#5392=EDGE_CURVE('',#6666,#6667,#8372,.T.);
#5393=EDGE_CURVE('',#6494,#6667,#8373,.T.);
#5394=EDGE_CURVE('',#6493,#6666,#8374,.T.);
#5395=EDGE_CURVE('',#6667,#6611,#8375,.T.);
#5396=EDGE_CURVE('',#6612,#6666,#8376,.T.);
#5397=EDGE_CURVE('',#6668,#6669,#8377,.T.);
#5398=EDGE_CURVE('',#6498,#6669,#8378,.T.);
#5399=EDGE_CURVE('',#6497,#6668,#8379,.T.);
#5400=EDGE_CURVE('',#6669,#6609,#8380,.T.);
#5401=EDGE_CURVE('',#6610,#6668,#8381,.T.);
#5402=EDGE_CURVE('',#6670,#6671,#8382,.T.);
#5403=EDGE_CURVE('',#6502,#6671,#8383,.T.);
#5404=EDGE_CURVE('',#6501,#6670,#8384,.T.);
#5405=EDGE_CURVE('',#6671,#6607,#8385,.T.);
#5406=EDGE_CURVE('',#6608,#6670,#8386,.T.);
#5407=EDGE_CURVE('',#6672,#6673,#8387,.T.);
#5408=EDGE_CURVE('',#6506,#6673,#8388,.T.);
#5409=EDGE_CURVE('',#6505,#6672,#8389,.T.);
#5410=EDGE_CURVE('',#6673,#6605,#8390,.T.);
#5411=EDGE_CURVE('',#6606,#6672,#8391,.T.);
#5412=EDGE_CURVE('',#6674,#6675,#8392,.T.);
#5413=EDGE_CURVE('',#6510,#6675,#8393,.T.);
#5414=EDGE_CURVE('',#6509,#6674,#8394,.T.);
#5415=EDGE_CURVE('',#6675,#6603,#8395,.T.);
#5416=EDGE_CURVE('',#6604,#6674,#8396,.T.);
#5417=EDGE_CURVE('',#6676,#6677,#8397,.T.);
#5418=EDGE_CURVE('',#6382,#6677,#8398,.T.);
#5419=EDGE_CURVE('',#6513,#6676,#8399,.T.);
#5420=EDGE_CURVE('',#6677,#6601,#8400,.T.);
#5421=EDGE_CURVE('',#6602,#6676,#8401,.T.);
#5422=EDGE_CURVE('',#6378,#6678,#8402,.T.);
#5423=EDGE_CURVE('',#6379,#6679,#8403,.T.);
#5424=EDGE_CURVE('',#6679,#6678,#8404,.T.);
#5425=EDGE_CURVE('',#6380,#6680,#8405,.T.);
#5426=EDGE_CURVE('',#6678,#6680,#8406,.T.);
#5427=EDGE_CURVE('',#6381,#6681,#8407,.T.);
#5428=EDGE_CURVE('',#6680,#6681,#8408,.T.);
#5429=EDGE_CURVE('',#6681,#6679,#8409,.T.);
#5430=EDGE_CURVE('',#6514,#6682,#8410,.T.);
#5431=EDGE_CURVE('',#6515,#6683,#8411,.T.);
#5432=EDGE_CURVE('',#6683,#6682,#8412,.T.);
#5433=EDGE_CURVE('',#6516,#6684,#8413,.T.);
#5434=EDGE_CURVE('',#6682,#6684,#8414,.T.);
#5435=EDGE_CURVE('',#6517,#6685,#8415,.T.);
#5436=EDGE_CURVE('',#6684,#6685,#8416,.T.);
#5437=EDGE_CURVE('',#6685,#6683,#8417,.T.);
#5438=EDGE_CURVE('',#6374,#6686,#8418,.T.);
#5439=EDGE_CURVE('',#6375,#6687,#8419,.T.);
#5440=EDGE_CURVE('',#6687,#6686,#8420,.T.);
#5441=EDGE_CURVE('',#6376,#6688,#8421,.T.);
#5442=EDGE_CURVE('',#6686,#6688,#8422,.T.);
#5443=EDGE_CURVE('',#6377,#6689,#8423,.T.);
#5444=EDGE_CURVE('',#6688,#6689,#8424,.T.);
#5445=EDGE_CURVE('',#6689,#6687,#8425,.T.);
#5446=EDGE_CURVE('',#6518,#6690,#8426,.T.);
#5447=EDGE_CURVE('',#6519,#6691,#8427,.T.);
#5448=EDGE_CURVE('',#6691,#6690,#8428,.T.);
#5449=EDGE_CURVE('',#6520,#6692,#8429,.T.);
#5450=EDGE_CURVE('',#6690,#6692,#8430,.T.);
#5451=EDGE_CURVE('',#6521,#6693,#8431,.T.);
#5452=EDGE_CURVE('',#6692,#6693,#8432,.T.);
#5453=EDGE_CURVE('',#6693,#6691,#8433,.T.);
#5454=EDGE_CURVE('',#6370,#6694,#8434,.T.);
#5455=EDGE_CURVE('',#6371,#6695,#8435,.T.);
#5456=EDGE_CURVE('',#6695,#6694,#8436,.T.);
#5457=EDGE_CURVE('',#6372,#6696,#8437,.T.);
#5458=EDGE_CURVE('',#6694,#6696,#8438,.T.);
#5459=EDGE_CURVE('',#6373,#6697,#8439,.T.);
#5460=EDGE_CURVE('',#6696,#6697,#8440,.T.);
#5461=EDGE_CURVE('',#6697,#6695,#8441,.T.);
#5462=EDGE_CURVE('',#6522,#6698,#8442,.T.);
#5463=EDGE_CURVE('',#6523,#6699,#8443,.T.);
#5464=EDGE_CURVE('',#6699,#6698,#8444,.T.);
#5465=EDGE_CURVE('',#6524,#6700,#8445,.T.);
#5466=EDGE_CURVE('',#6698,#6700,#8446,.T.);
#5467=EDGE_CURVE('',#6525,#6701,#8447,.T.);
#5468=EDGE_CURVE('',#6700,#6701,#8448,.T.);
#5469=EDGE_CURVE('',#6701,#6699,#8449,.T.);
#5470=EDGE_CURVE('',#6366,#6702,#8450,.T.);
#5471=EDGE_CURVE('',#6367,#6703,#8451,.T.);
#5472=EDGE_CURVE('',#6703,#6702,#8452,.T.);
#5473=EDGE_CURVE('',#6368,#6704,#8453,.T.);
#5474=EDGE_CURVE('',#6702,#6704,#8454,.T.);
#5475=EDGE_CURVE('',#6369,#6705,#8455,.T.);
#5476=EDGE_CURVE('',#6704,#6705,#8456,.T.);
#5477=EDGE_CURVE('',#6705,#6703,#8457,.T.);
#5478=EDGE_CURVE('',#6526,#6706,#8458,.T.);
#5479=EDGE_CURVE('',#6527,#6707,#8459,.T.);
#5480=EDGE_CURVE('',#6707,#6706,#8460,.T.);
#5481=EDGE_CURVE('',#6528,#6708,#8461,.T.);
#5482=EDGE_CURVE('',#6706,#6708,#8462,.T.);
#5483=EDGE_CURVE('',#6529,#6709,#8463,.T.);
#5484=EDGE_CURVE('',#6708,#6709,#8464,.T.);
#5485=EDGE_CURVE('',#6709,#6707,#8465,.T.);
#5486=EDGE_CURVE('',#6362,#6710,#8466,.T.);
#5487=EDGE_CURVE('',#6363,#6711,#8467,.T.);
#5488=EDGE_CURVE('',#6711,#6710,#8468,.T.);
#5489=EDGE_CURVE('',#6364,#6712,#8469,.T.);
#5490=EDGE_CURVE('',#6710,#6712,#8470,.T.);
#5491=EDGE_CURVE('',#6365,#6713,#8471,.T.);
#5492=EDGE_CURVE('',#6712,#6713,#8472,.T.);
#5493=EDGE_CURVE('',#6713,#6711,#8473,.T.);
#5494=EDGE_CURVE('',#6530,#6714,#8474,.T.);
#5495=EDGE_CURVE('',#6531,#6715,#8475,.T.);
#5496=EDGE_CURVE('',#6715,#6714,#8476,.T.);
#5497=EDGE_CURVE('',#6532,#6716,#8477,.T.);
#5498=EDGE_CURVE('',#6714,#6716,#8478,.T.);
#5499=EDGE_CURVE('',#6533,#6717,#8479,.T.);
#5500=EDGE_CURVE('',#6716,#6717,#8480,.T.);
#5501=EDGE_CURVE('',#6717,#6715,#8481,.T.);
#5502=EDGE_CURVE('',#6358,#6718,#8482,.T.);
#5503=EDGE_CURVE('',#6359,#6719,#8483,.T.);
#5504=EDGE_CURVE('',#6719,#6718,#8484,.T.);
#5505=EDGE_CURVE('',#6360,#6720,#8485,.T.);
#5506=EDGE_CURVE('',#6718,#6720,#8486,.T.);
#5507=EDGE_CURVE('',#6361,#6721,#8487,.T.);
#5508=EDGE_CURVE('',#6720,#6721,#8488,.T.);
#5509=EDGE_CURVE('',#6721,#6719,#8489,.T.);
#5510=EDGE_CURVE('',#6534,#6722,#8490,.T.);
#5511=EDGE_CURVE('',#6535,#6723,#8491,.T.);
#5512=EDGE_CURVE('',#6723,#6722,#8492,.T.);
#5513=EDGE_CURVE('',#6536,#6724,#8493,.T.);
#5514=EDGE_CURVE('',#6722,#6724,#8494,.T.);
#5515=EDGE_CURVE('',#6537,#6725,#8495,.T.);
#5516=EDGE_CURVE('',#6724,#6725,#8496,.T.);
#5517=EDGE_CURVE('',#6725,#6723,#8497,.T.);
#5518=EDGE_CURVE('',#6354,#6726,#8498,.T.);
#5519=EDGE_CURVE('',#6355,#6727,#8499,.T.);
#5520=EDGE_CURVE('',#6727,#6726,#8500,.T.);
#5521=EDGE_CURVE('',#6356,#6728,#8501,.T.);
#5522=EDGE_CURVE('',#6726,#6728,#8502,.T.);
#5523=EDGE_CURVE('',#6357,#6729,#8503,.T.);
#5524=EDGE_CURVE('',#6728,#6729,#8504,.T.);
#5525=EDGE_CURVE('',#6729,#6727,#8505,.T.);
#5526=EDGE_CURVE('',#6538,#6730,#8506,.T.);
#5527=EDGE_CURVE('',#6539,#6731,#8507,.T.);
#5528=EDGE_CURVE('',#6731,#6730,#8508,.T.);
#5529=EDGE_CURVE('',#6540,#6732,#8509,.T.);
#5530=EDGE_CURVE('',#6730,#6732,#8510,.T.);
#5531=EDGE_CURVE('',#6541,#6733,#8511,.T.);
#5532=EDGE_CURVE('',#6732,#6733,#8512,.T.);
#5533=EDGE_CURVE('',#6733,#6731,#8513,.T.);
#5534=EDGE_CURVE('',#6350,#6734,#8514,.T.);
#5535=EDGE_CURVE('',#6351,#6735,#8515,.T.);
#5536=EDGE_CURVE('',#6735,#6734,#8516,.T.);
#5537=EDGE_CURVE('',#6352,#6736,#8517,.T.);
#5538=EDGE_CURVE('',#6734,#6736,#8518,.T.);
#5539=EDGE_CURVE('',#6353,#6737,#8519,.T.);
#5540=EDGE_CURVE('',#6736,#6737,#8520,.T.);
#5541=EDGE_CURVE('',#6737,#6735,#8521,.T.);
#5542=EDGE_CURVE('',#6542,#6738,#8522,.T.);
#5543=EDGE_CURVE('',#6543,#6739,#8523,.T.);
#5544=EDGE_CURVE('',#6739,#6738,#8524,.T.);
#5545=EDGE_CURVE('',#6544,#6740,#8525,.T.);
#5546=EDGE_CURVE('',#6738,#6740,#8526,.T.);
#5547=EDGE_CURVE('',#6545,#6741,#8527,.T.);
#5548=EDGE_CURVE('',#6740,#6741,#8528,.T.);
#5549=EDGE_CURVE('',#6741,#6739,#8529,.T.);
#5550=VERTEX_POINT('',#17250);
#5551=VERTEX_POINT('',#17251);
#5552=VERTEX_POINT('',#17253);
#5553=VERTEX_POINT('',#17255);
#5554=VERTEX_POINT('',#17259);
#5555=VERTEX_POINT('',#17260);
#5556=VERTEX_POINT('',#17262);
#5557=VERTEX_POINT('',#17264);
#5558=VERTEX_POINT('',#17268);
#5559=VERTEX_POINT('',#17269);
#5560=VERTEX_POINT('',#17271);
#5561=VERTEX_POINT('',#17273);
#5562=VERTEX_POINT('',#17277);
#5563=VERTEX_POINT('',#17278);
#5564=VERTEX_POINT('',#17280);
#5565=VERTEX_POINT('',#17282);
#5566=VERTEX_POINT('',#17286);
#5567=VERTEX_POINT('',#17287);
#5568=VERTEX_POINT('',#17289);
#5569=VERTEX_POINT('',#17291);
#5570=VERTEX_POINT('',#17295);
#5571=VERTEX_POINT('',#17296);
#5572=VERTEX_POINT('',#17298);
#5573=VERTEX_POINT('',#17300);
#5574=VERTEX_POINT('',#17304);
#5575=VERTEX_POINT('',#17305);
#5576=VERTEX_POINT('',#17307);
#5577=VERTEX_POINT('',#17309);
#5578=VERTEX_POINT('',#17313);
#5579=VERTEX_POINT('',#17314);
#5580=VERTEX_POINT('',#17316);
#5581=VERTEX_POINT('',#17318);
#5582=VERTEX_POINT('',#17322);
#5583=VERTEX_POINT('',#17323);
#5584=VERTEX_POINT('',#17325);
#5585=VERTEX_POINT('',#17327);
#5586=VERTEX_POINT('',#17331);
#5587=VERTEX_POINT('',#17332);
#5588=VERTEX_POINT('',#17334);
#5589=VERTEX_POINT('',#17336);
#5590=VERTEX_POINT('',#17340);
#5591=VERTEX_POINT('',#17341);
#5592=VERTEX_POINT('',#17343);
#5593=VERTEX_POINT('',#17345);
#5594=VERTEX_POINT('',#17349);
#5595=VERTEX_POINT('',#17350);
#5596=VERTEX_POINT('',#17352);
#5597=VERTEX_POINT('',#17354);
#5598=VERTEX_POINT('',#17358);
#5599=VERTEX_POINT('',#17359);
#5600=VERTEX_POINT('',#17361);
#5601=VERTEX_POINT('',#17363);
#5602=VERTEX_POINT('',#17367);
#5603=VERTEX_POINT('',#17368);
#5604=VERTEX_POINT('',#17370);
#5605=VERTEX_POINT('',#17372);
#5606=VERTEX_POINT('',#17376);
#5607=VERTEX_POINT('',#17377);
#5608=VERTEX_POINT('',#17379);
#5609=VERTEX_POINT('',#17381);
#5610=VERTEX_POINT('',#17385);
#5611=VERTEX_POINT('',#17386);
#5612=VERTEX_POINT('',#17388);
#5613=VERTEX_POINT('',#17390);
#5614=VERTEX_POINT('',#17394);
#5615=VERTEX_POINT('',#17395);
#5616=VERTEX_POINT('',#17397);
#5617=VERTEX_POINT('',#17399);
#5618=VERTEX_POINT('',#17403);
#5619=VERTEX_POINT('',#17404);
#5620=VERTEX_POINT('',#17406);
#5621=VERTEX_POINT('',#17408);
#5622=VERTEX_POINT('',#17412);
#5623=VERTEX_POINT('',#17414);
#5624=VERTEX_POINT('',#17417);
#5625=VERTEX_POINT('',#17419);
#5626=VERTEX_POINT('',#17422);
#5627=VERTEX_POINT('',#17424);
#5628=VERTEX_POINT('',#17427);
#5629=VERTEX_POINT('',#17429);
#5630=VERTEX_POINT('',#17432);
#5631=VERTEX_POINT('',#17434);
#5632=VERTEX_POINT('',#17437);
#5633=VERTEX_POINT('',#17439);
#5634=VERTEX_POINT('',#17442);
#5635=VERTEX_POINT('',#17444);
#5636=VERTEX_POINT('',#17447);
#5637=VERTEX_POINT('',#17449);
#5638=VERTEX_POINT('',#17452);
#5639=VERTEX_POINT('',#17454);
#5640=VERTEX_POINT('',#17458);
#5641=VERTEX_POINT('',#17460);
#5642=VERTEX_POINT('',#17462);
#5643=VERTEX_POINT('',#17465);
#5644=VERTEX_POINT('',#17467);
#5645=VERTEX_POINT('',#17470);
#5646=VERTEX_POINT('',#17472);
#5647=VERTEX_POINT('',#17475);
#5648=VERTEX_POINT('',#17477);
#5649=VERTEX_POINT('',#17480);
#5650=VERTEX_POINT('',#17482);
#5651=VERTEX_POINT('',#17485);
#5652=VERTEX_POINT('',#17487);
#5653=VERTEX_POINT('',#17490);
#5654=VERTEX_POINT('',#17492);
#5655=VERTEX_POINT('',#17495);
#5656=VERTEX_POINT('',#17497);
#5657=VERTEX_POINT('',#17500);
#5658=VERTEX_POINT('',#17504);
#5659=VERTEX_POINT('',#17506);
#5660=VERTEX_POINT('',#17510);
#5661=VERTEX_POINT('',#17511);
#5662=VERTEX_POINT('',#17516);
#5663=VERTEX_POINT('',#17517);
#5664=VERTEX_POINT('',#17522);
#5665=VERTEX_POINT('',#17523);
#5666=VERTEX_POINT('',#17528);
#5667=VERTEX_POINT('',#17529);
#5668=VERTEX_POINT('',#17534);
#5669=VERTEX_POINT('',#17535);
#5670=VERTEX_POINT('',#17540);
#5671=VERTEX_POINT('',#17541);
#5672=VERTEX_POINT('',#17546);
#5673=VERTEX_POINT('',#17547);
#5674=VERTEX_POINT('',#17552);
#5675=VERTEX_POINT('',#17553);
#5676=VERTEX_POINT('',#17558);
#5677=VERTEX_POINT('',#17559);
#5678=VERTEX_POINT('',#17564);
#5679=VERTEX_POINT('',#17566);
#5680=VERTEX_POINT('',#17570);
#5681=VERTEX_POINT('',#17572);
#5682=VERTEX_POINT('',#17576);
#5683=VERTEX_POINT('',#17578);
#5684=VERTEX_POINT('',#17582);
#5685=VERTEX_POINT('',#17584);
#5686=VERTEX_POINT('',#17588);
#5687=VERTEX_POINT('',#17590);
#5688=VERTEX_POINT('',#17594);
#5689=VERTEX_POINT('',#17596);
#5690=VERTEX_POINT('',#17600);
#5691=VERTEX_POINT('',#17602);
#5692=VERTEX_POINT('',#17606);
#5693=VERTEX_POINT('',#17608);
#5694=VERTEX_POINT('',#17618);
#5695=VERTEX_POINT('',#17619);
#5696=VERTEX_POINT('',#17621);
#5697=VERTEX_POINT('',#17623);
#5698=VERTEX_POINT('',#17627);
#5699=VERTEX_POINT('',#17629);
#5700=VERTEX_POINT('',#17633);
#5701=VERTEX_POINT('',#17635);
#5702=VERTEX_POINT('',#17639);
#5703=VERTEX_POINT('',#17640);
#5704=VERTEX_POINT('',#17642);
#5705=VERTEX_POINT('',#17644);
#5706=VERTEX_POINT('',#17648);
#5707=VERTEX_POINT('',#17650);
#5708=VERTEX_POINT('',#17654);
#5709=VERTEX_POINT('',#17656);
#5710=VERTEX_POINT('',#17660);
#5711=VERTEX_POINT('',#17661);
#5712=VERTEX_POINT('',#17663);
#5713=VERTEX_POINT('',#17665);
#5714=VERTEX_POINT('',#17669);
#5715=VERTEX_POINT('',#17671);
#5716=VERTEX_POINT('',#17675);
#5717=VERTEX_POINT('',#17677);
#5718=VERTEX_POINT('',#17681);
#5719=VERTEX_POINT('',#17682);
#5720=VERTEX_POINT('',#17684);
#5721=VERTEX_POINT('',#17686);
#5722=VERTEX_POINT('',#17690);
#5723=VERTEX_POINT('',#17692);
#5724=VERTEX_POINT('',#17696);
#5725=VERTEX_POINT('',#17698);
#5726=VERTEX_POINT('',#17702);
#5727=VERTEX_POINT('',#17703);
#5728=VERTEX_POINT('',#17705);
#5729=VERTEX_POINT('',#17707);
#5730=VERTEX_POINT('',#17711);
#5731=VERTEX_POINT('',#17713);
#5732=VERTEX_POINT('',#17717);
#5733=VERTEX_POINT('',#17719);
#5734=VERTEX_POINT('',#17723);
#5735=VERTEX_POINT('',#17724);
#5736=VERTEX_POINT('',#17726);
#5737=VERTEX_POINT('',#17728);
#5738=VERTEX_POINT('',#17732);
#5739=VERTEX_POINT('',#17734);
#5740=VERTEX_POINT('',#17738);
#5741=VERTEX_POINT('',#17740);
#5742=VERTEX_POINT('',#17744);
#5743=VERTEX_POINT('',#17745);
#5744=VERTEX_POINT('',#17747);
#5745=VERTEX_POINT('',#17749);
#5746=VERTEX_POINT('',#17753);
#5747=VERTEX_POINT('',#17755);
#5748=VERTEX_POINT('',#17759);
#5749=VERTEX_POINT('',#17761);
#5750=VERTEX_POINT('',#17765);
#5751=VERTEX_POINT('',#17766);
#5752=VERTEX_POINT('',#17768);
#5753=VERTEX_POINT('',#17770);
#5754=VERTEX_POINT('',#17774);
#5755=VERTEX_POINT('',#17776);
#5756=VERTEX_POINT('',#17780);
#5757=VERTEX_POINT('',#17782);
#5758=VERTEX_POINT('',#17786);
#5759=VERTEX_POINT('',#17787);
#5760=VERTEX_POINT('',#17789);
#5761=VERTEX_POINT('',#17791);
#5762=VERTEX_POINT('',#17795);
#5763=VERTEX_POINT('',#17797);
#5764=VERTEX_POINT('',#17801);
#5765=VERTEX_POINT('',#17803);
#5766=VERTEX_POINT('',#17807);
#5767=VERTEX_POINT('',#17808);
#5768=VERTEX_POINT('',#17810);
#5769=VERTEX_POINT('',#17812);
#5770=VERTEX_POINT('',#17816);
#5771=VERTEX_POINT('',#17818);
#5772=VERTEX_POINT('',#17822);
#5773=VERTEX_POINT('',#17824);
#5774=VERTEX_POINT('',#17828);
#5775=VERTEX_POINT('',#17829);
#5776=VERTEX_POINT('',#17831);
#5777=VERTEX_POINT('',#17833);
#5778=VERTEX_POINT('',#17837);
#5779=VERTEX_POINT('',#17839);
#5780=VERTEX_POINT('',#17843);
#5781=VERTEX_POINT('',#17845);
#5782=VERTEX_POINT('',#17849);
#5783=VERTEX_POINT('',#17850);
#5784=VERTEX_POINT('',#17852);
#5785=VERTEX_POINT('',#17854);
#5786=VERTEX_POINT('',#17858);
#5787=VERTEX_POINT('',#17860);
#5788=VERTEX_POINT('',#17864);
#5789=VERTEX_POINT('',#17866);
#5790=VERTEX_POINT('',#17870);
#5791=VERTEX_POINT('',#17871);
#5792=VERTEX_POINT('',#17873);
#5793=VERTEX_POINT('',#17875);
#5794=VERTEX_POINT('',#17879);
#5795=VERTEX_POINT('',#17881);
#5796=VERTEX_POINT('',#17885);
#5797=VERTEX_POINT('',#17887);
#5798=VERTEX_POINT('',#17891);
#5799=VERTEX_POINT('',#17892);
#5800=VERTEX_POINT('',#17894);
#5801=VERTEX_POINT('',#17896);
#5802=VERTEX_POINT('',#17900);
#5803=VERTEX_POINT('',#17902);
#5804=VERTEX_POINT('',#17906);
#5805=VERTEX_POINT('',#17908);
#5806=VERTEX_POINT('',#17912);
#5807=VERTEX_POINT('',#17913);
#5808=VERTEX_POINT('',#17915);
#5809=VERTEX_POINT('',#17917);
#5810=VERTEX_POINT('',#17921);
#5811=VERTEX_POINT('',#17923);
#5812=VERTEX_POINT('',#17927);
#5813=VERTEX_POINT('',#17929);
#5814=VERTEX_POINT('',#17933);
#5815=VERTEX_POINT('',#17934);
#5816=VERTEX_POINT('',#17936);
#5817=VERTEX_POINT('',#17938);
#5818=VERTEX_POINT('',#17942);
#5819=VERTEX_POINT('',#17944);
#5820=VERTEX_POINT('',#17948);
#5821=VERTEX_POINT('',#17950);
#5822=VERTEX_POINT('',#18085);
#5823=VERTEX_POINT('',#18086);
#5824=VERTEX_POINT('',#18088);
#5825=VERTEX_POINT('',#18090);
#5826=VERTEX_POINT('',#18094);
#5827=VERTEX_POINT('',#18096);
#5828=VERTEX_POINT('',#18100);
#5829=VERTEX_POINT('',#18102);
#5830=VERTEX_POINT('',#18109);
#5831=VERTEX_POINT('',#18110);
#5832=VERTEX_POINT('',#18112);
#5833=VERTEX_POINT('',#18114);
#5834=VERTEX_POINT('',#18118);
#5835=VERTEX_POINT('',#18119);
#5836=VERTEX_POINT('',#18121);
#5837=VERTEX_POINT('',#18123);
#5838=VERTEX_POINT('',#18127);
#5839=VERTEX_POINT('',#18128);
#5840=VERTEX_POINT('',#18130);
#5841=VERTEX_POINT('',#18132);
#5842=VERTEX_POINT('',#18136);
#5843=VERTEX_POINT('',#18137);
#5844=VERTEX_POINT('',#18139);
#5845=VERTEX_POINT('',#18141);
#5846=VERTEX_POINT('',#18145);
#5847=VERTEX_POINT('',#18146);
#5848=VERTEX_POINT('',#18148);
#5849=VERTEX_POINT('',#18150);
#5850=VERTEX_POINT('',#18154);
#5851=VERTEX_POINT('',#18155);
#5852=VERTEX_POINT('',#18157);
#5853=VERTEX_POINT('',#18159);
#5854=VERTEX_POINT('',#18163);
#5855=VERTEX_POINT('',#18164);
#5856=VERTEX_POINT('',#18166);
#5857=VERTEX_POINT('',#18168);
#5858=VERTEX_POINT('',#18172);
#5859=VERTEX_POINT('',#18173);
#5860=VERTEX_POINT('',#18175);
#5861=VERTEX_POINT('',#18177);
#5862=VERTEX_POINT('',#18181);
#5863=VERTEX_POINT('',#18182);
#5864=VERTEX_POINT('',#18184);
#5865=VERTEX_POINT('',#18186);
#5866=VERTEX_POINT('',#18190);
#5867=VERTEX_POINT('',#18191);
#5868=VERTEX_POINT('',#18193);
#5869=VERTEX_POINT('',#18195);
#5870=VERTEX_POINT('',#18199);
#5871=VERTEX_POINT('',#18200);
#5872=VERTEX_POINT('',#18202);
#5873=VERTEX_POINT('',#18204);
#5874=VERTEX_POINT('',#18208);
#5875=VERTEX_POINT('',#18209);
#5876=VERTEX_POINT('',#18211);
#5877=VERTEX_POINT('',#18213);
#5878=VERTEX_POINT('',#18217);
#5879=VERTEX_POINT('',#18218);
#5880=VERTEX_POINT('',#18220);
#5881=VERTEX_POINT('',#18222);
#5882=VERTEX_POINT('',#18226);
#5883=VERTEX_POINT('',#18227);
#5884=VERTEX_POINT('',#18229);
#5885=VERTEX_POINT('',#18231);
#5886=VERTEX_POINT('',#18235);
#5887=VERTEX_POINT('',#18236);
#5888=VERTEX_POINT('',#18238);
#5889=VERTEX_POINT('',#18240);
#5890=VERTEX_POINT('',#18244);
#5891=VERTEX_POINT('',#18245);
#5892=VERTEX_POINT('',#18247);
#5893=VERTEX_POINT('',#18249);
#5894=VERTEX_POINT('',#18253);
#5895=VERTEX_POINT('',#18254);
#5896=VERTEX_POINT('',#18256);
#5897=VERTEX_POINT('',#18258);
#5898=VERTEX_POINT('',#18262);
#5899=VERTEX_POINT('',#18263);
#5900=VERTEX_POINT('',#18265);
#5901=VERTEX_POINT('',#18267);
#5902=VERTEX_POINT('',#18271);
#5903=VERTEX_POINT('',#18272);
#5904=VERTEX_POINT('',#18274);
#5905=VERTEX_POINT('',#18276);
#5906=VERTEX_POINT('',#18280);
#5907=VERTEX_POINT('',#18281);
#5908=VERTEX_POINT('',#18283);
#5909=VERTEX_POINT('',#18285);
#5910=VERTEX_POINT('',#18289);
#5911=VERTEX_POINT('',#18290);
#5912=VERTEX_POINT('',#18292);
#5913=VERTEX_POINT('',#18294);
#5914=VERTEX_POINT('',#18298);
#5915=VERTEX_POINT('',#18299);
#5916=VERTEX_POINT('',#18301);
#5917=VERTEX_POINT('',#18303);
#5918=VERTEX_POINT('',#18307);
#5919=VERTEX_POINT('',#18308);
#5920=VERTEX_POINT('',#18310);
#5921=VERTEX_POINT('',#18312);
#5922=VERTEX_POINT('',#18316);
#5923=VERTEX_POINT('',#18317);
#5924=VERTEX_POINT('',#18319);
#5925=VERTEX_POINT('',#18321);
#5926=VERTEX_POINT('',#18325);
#5927=VERTEX_POINT('',#18326);
#5928=VERTEX_POINT('',#18328);
#5929=VERTEX_POINT('',#18330);
#5930=VERTEX_POINT('',#18334);
#5931=VERTEX_POINT('',#18335);
#5932=VERTEX_POINT('',#18337);
#5933=VERTEX_POINT('',#18339);
#5934=VERTEX_POINT('',#18343);
#5935=VERTEX_POINT('',#18344);
#5936=VERTEX_POINT('',#18346);
#5937=VERTEX_POINT('',#18348);
#5938=VERTEX_POINT('',#18352);
#5939=VERTEX_POINT('',#18353);
#5940=VERTEX_POINT('',#18355);
#5941=VERTEX_POINT('',#18357);
#5942=VERTEX_POINT('',#18361);
#5943=VERTEX_POINT('',#18362);
#5944=VERTEX_POINT('',#18364);
#5945=VERTEX_POINT('',#18366);
#5946=VERTEX_POINT('',#18370);
#5947=VERTEX_POINT('',#18371);
#5948=VERTEX_POINT('',#18373);
#5949=VERTEX_POINT('',#18375);
#5950=VERTEX_POINT('',#18379);
#5951=VERTEX_POINT('',#18380);
#5952=VERTEX_POINT('',#18382);
#5953=VERTEX_POINT('',#18384);
#5954=VERTEX_POINT('',#18388);
#5955=VERTEX_POINT('',#18389);
#5956=VERTEX_POINT('',#18391);
#5957=VERTEX_POINT('',#18393);
#5958=VERTEX_POINT('',#18397);
#5959=VERTEX_POINT('',#18398);
#5960=VERTEX_POINT('',#18400);
#5961=VERTEX_POINT('',#18402);
#5962=VERTEX_POINT('',#18406);
#5963=VERTEX_POINT('',#18407);
#5964=VERTEX_POINT('',#18409);
#5965=VERTEX_POINT('',#18411);
#5966=VERTEX_POINT('',#18415);
#5967=VERTEX_POINT('',#18416);
#5968=VERTEX_POINT('',#18418);
#5969=VERTEX_POINT('',#18420);
#5970=VERTEX_POINT('',#18424);
#5971=VERTEX_POINT('',#18425);
#5972=VERTEX_POINT('',#18427);
#5973=VERTEX_POINT('',#18429);
#5974=VERTEX_POINT('',#18433);
#5975=VERTEX_POINT('',#18434);
#5976=VERTEX_POINT('',#18436);
#5977=VERTEX_POINT('',#18438);
#5978=VERTEX_POINT('',#18442);
#5979=VERTEX_POINT('',#18443);
#5980=VERTEX_POINT('',#18445);
#5981=VERTEX_POINT('',#18447);
#5982=VERTEX_POINT('',#18451);
#5983=VERTEX_POINT('',#18452);
#5984=VERTEX_POINT('',#18454);
#5985=VERTEX_POINT('',#18456);
#5986=VERTEX_POINT('',#18460);
#5987=VERTEX_POINT('',#18461);
#5988=VERTEX_POINT('',#18463);
#5989=VERTEX_POINT('',#18465);
#5990=VERTEX_POINT('',#18469);
#5991=VERTEX_POINT('',#18470);
#5992=VERTEX_POINT('',#18472);
#5993=VERTEX_POINT('',#18474);
#5994=VERTEX_POINT('',#18478);
#5995=VERTEX_POINT('',#18479);
#5996=VERTEX_POINT('',#18481);
#5997=VERTEX_POINT('',#18483);
#5998=VERTEX_POINT('',#18487);
#5999=VERTEX_POINT('',#18488);
#6000=VERTEX_POINT('',#18490);
#6001=VERTEX_POINT('',#18492);
#6002=VERTEX_POINT('',#18496);
#6003=VERTEX_POINT('',#18497);
#6004=VERTEX_POINT('',#18499);
#6005=VERTEX_POINT('',#18501);
#6006=VERTEX_POINT('',#18505);
#6007=VERTEX_POINT('',#18506);
#6008=VERTEX_POINT('',#18508);
#6009=VERTEX_POINT('',#18510);
#6010=VERTEX_POINT('',#18514);
#6011=VERTEX_POINT('',#18515);
#6012=VERTEX_POINT('',#18517);
#6013=VERTEX_POINT('',#18519);
#6014=VERTEX_POINT('',#18523);
#6015=VERTEX_POINT('',#18524);
#6016=VERTEX_POINT('',#18526);
#6017=VERTEX_POINT('',#18528);
#6018=VERTEX_POINT('',#18532);
#6019=VERTEX_POINT('',#18533);
#6020=VERTEX_POINT('',#18535);
#6021=VERTEX_POINT('',#18537);
#6022=VERTEX_POINT('',#18768);
#6023=VERTEX_POINT('',#18769);
#6024=VERTEX_POINT('',#18771);
#6025=VERTEX_POINT('',#18773);
#6026=VERTEX_POINT('',#18777);
#6027=VERTEX_POINT('',#18779);
#6028=VERTEX_POINT('',#18783);
#6029=VERTEX_POINT('',#18785);
#6030=VERTEX_POINT('',#18792);
#6031=VERTEX_POINT('',#18793);
#6032=VERTEX_POINT('',#18795);
#6033=VERTEX_POINT('',#18797);
#6034=VERTEX_POINT('',#18799);
#6035=VERTEX_POINT('',#18801);
#6036=VERTEX_POINT('',#18803);
#6037=VERTEX_POINT('',#18805);
#6038=VERTEX_POINT('',#18807);
#6039=VERTEX_POINT('',#18809);
#6040=VERTEX_POINT('',#18813);
#6041=VERTEX_POINT('',#18815);
#6042=VERTEX_POINT('',#18819);
#6043=VERTEX_POINT('',#18820);
#6044=VERTEX_POINT('',#18822);
#6045=VERTEX_POINT('',#18825);
#6046=VERTEX_POINT('',#18827);
#6047=VERTEX_POINT('',#18829);
#6048=VERTEX_POINT('',#18831);
#6049=VERTEX_POINT('',#18833);
#6050=VERTEX_POINT('',#18837);
#6051=VERTEX_POINT('',#18838);
#6052=VERTEX_POINT('',#18840);
#6053=VERTEX_POINT('',#18842);
#6054=VERTEX_POINT('',#18844);
#6055=VERTEX_POINT('',#18846);
#6056=VERTEX_POINT('',#18848);
#6057=VERTEX_POINT('',#18850);
#6058=VERTEX_POINT('',#18852);
#6059=VERTEX_POINT('',#18854);
#6060=VERTEX_POINT('',#18858);
#6061=VERTEX_POINT('',#18860);
#6062=VERTEX_POINT('',#18864);
#6063=VERTEX_POINT('',#18865);
#6064=VERTEX_POINT('',#18867);
#6065=VERTEX_POINT('',#18870);
#6066=VERTEX_POINT('',#18872);
#6067=VERTEX_POINT('',#18874);
#6068=VERTEX_POINT('',#18876);
#6069=VERTEX_POINT('',#18878);
#6070=VERTEX_POINT('',#18882);
#6071=VERTEX_POINT('',#18883);
#6072=VERTEX_POINT('',#18885);
#6073=VERTEX_POINT('',#18887);
#6074=VERTEX_POINT('',#18889);
#6075=VERTEX_POINT('',#18891);
#6076=VERTEX_POINT('',#18893);
#6077=VERTEX_POINT('',#18895);
#6078=VERTEX_POINT('',#18897);
#6079=VERTEX_POINT('',#18899);
#6080=VERTEX_POINT('',#18903);
#6081=VERTEX_POINT('',#18905);
#6082=VERTEX_POINT('',#18909);
#6083=VERTEX_POINT('',#18910);
#6084=VERTEX_POINT('',#18912);
#6085=VERTEX_POINT('',#18915);
#6086=VERTEX_POINT('',#18917);
#6087=VERTEX_POINT('',#18919);
#6088=VERTEX_POINT('',#18921);
#6089=VERTEX_POINT('',#18923);
#6090=VERTEX_POINT('',#18927);
#6091=VERTEX_POINT('',#18928);
#6092=VERTEX_POINT('',#18930);
#6093=VERTEX_POINT('',#18932);
#6094=VERTEX_POINT('',#18934);
#6095=VERTEX_POINT('',#18936);
#6096=VERTEX_POINT('',#18938);
#6097=VERTEX_POINT('',#18940);
#6098=VERTEX_POINT('',#18942);
#6099=VERTEX_POINT('',#18944);
#6100=VERTEX_POINT('',#18948);
#6101=VERTEX_POINT('',#18950);
#6102=VERTEX_POINT('',#18954);
#6103=VERTEX_POINT('',#18955);
#6104=VERTEX_POINT('',#18957);
#6105=VERTEX_POINT('',#18960);
#6106=VERTEX_POINT('',#18962);
#6107=VERTEX_POINT('',#18964);
#6108=VERTEX_POINT('',#18966);
#6109=VERTEX_POINT('',#18968);
#6110=VERTEX_POINT('',#18972);
#6111=VERTEX_POINT('',#18973);
#6112=VERTEX_POINT('',#18975);
#6113=VERTEX_POINT('',#18977);
#6114=VERTEX_POINT('',#18979);
#6115=VERTEX_POINT('',#18981);
#6116=VERTEX_POINT('',#18983);
#6117=VERTEX_POINT('',#18985);
#6118=VERTEX_POINT('',#18987);
#6119=VERTEX_POINT('',#18989);
#6120=VERTEX_POINT('',#18993);
#6121=VERTEX_POINT('',#18995);
#6122=VERTEX_POINT('',#18999);
#6123=VERTEX_POINT('',#19000);
#6124=VERTEX_POINT('',#19002);
#6125=VERTEX_POINT('',#19005);
#6126=VERTEX_POINT('',#19007);
#6127=VERTEX_POINT('',#19009);
#6128=VERTEX_POINT('',#19011);
#6129=VERTEX_POINT('',#19013);
#6130=VERTEX_POINT('',#19017);
#6131=VERTEX_POINT('',#19018);
#6132=VERTEX_POINT('',#19020);
#6133=VERTEX_POINT('',#19022);
#6134=VERTEX_POINT('',#19024);
#6135=VERTEX_POINT('',#19026);
#6136=VERTEX_POINT('',#19028);
#6137=VERTEX_POINT('',#19030);
#6138=VERTEX_POINT('',#19032);
#6139=VERTEX_POINT('',#19034);
#6140=VERTEX_POINT('',#19038);
#6141=VERTEX_POINT('',#19040);
#6142=VERTEX_POINT('',#19044);
#6143=VERTEX_POINT('',#19045);
#6144=VERTEX_POINT('',#19047);
#6145=VERTEX_POINT('',#19050);
#6146=VERTEX_POINT('',#19052);
#6147=VERTEX_POINT('',#19054);
#6148=VERTEX_POINT('',#19056);
#6149=VERTEX_POINT('',#19058);
#6150=VERTEX_POINT('',#19062);
#6151=VERTEX_POINT('',#19063);
#6152=VERTEX_POINT('',#19065);
#6153=VERTEX_POINT('',#19067);
#6154=VERTEX_POINT('',#19069);
#6155=VERTEX_POINT('',#19071);
#6156=VERTEX_POINT('',#19073);
#6157=VERTEX_POINT('',#19075);
#6158=VERTEX_POINT('',#19077);
#6159=VERTEX_POINT('',#19079);
#6160=VERTEX_POINT('',#19083);
#6161=VERTEX_POINT('',#19085);
#6162=VERTEX_POINT('',#19089);
#6163=VERTEX_POINT('',#19090);
#6164=VERTEX_POINT('',#19092);
#6165=VERTEX_POINT('',#19095);
#6166=VERTEX_POINT('',#19097);
#6167=VERTEX_POINT('',#19099);
#6168=VERTEX_POINT('',#19101);
#6169=VERTEX_POINT('',#19103);
#6170=VERTEX_POINT('',#19107);
#6171=VERTEX_POINT('',#19108);
#6172=VERTEX_POINT('',#19110);
#6173=VERTEX_POINT('',#19112);
#6174=VERTEX_POINT('',#19114);
#6175=VERTEX_POINT('',#19116);
#6176=VERTEX_POINT('',#19118);
#6177=VERTEX_POINT('',#19120);
#6178=VERTEX_POINT('',#19122);
#6179=VERTEX_POINT('',#19124);
#6180=VERTEX_POINT('',#19128);
#6181=VERTEX_POINT('',#19130);
#6182=VERTEX_POINT('',#19134);
#6183=VERTEX_POINT('',#19135);
#6184=VERTEX_POINT('',#19137);
#6185=VERTEX_POINT('',#19140);
#6186=VERTEX_POINT('',#19142);
#6187=VERTEX_POINT('',#19144);
#6188=VERTEX_POINT('',#19146);
#6189=VERTEX_POINT('',#19148);
#6190=VERTEX_POINT('',#19152);
#6191=VERTEX_POINT('',#19153);
#6192=VERTEX_POINT('',#19155);
#6193=VERTEX_POINT('',#19157);
#6194=VERTEX_POINT('',#19159);
#6195=VERTEX_POINT('',#19161);
#6196=VERTEX_POINT('',#19163);
#6197=VERTEX_POINT('',#19165);
#6198=VERTEX_POINT('',#19167);
#6199=VERTEX_POINT('',#19169);
#6200=VERTEX_POINT('',#19173);
#6201=VERTEX_POINT('',#19175);
#6202=VERTEX_POINT('',#19179);
#6203=VERTEX_POINT('',#19180);
#6204=VERTEX_POINT('',#19182);
#6205=VERTEX_POINT('',#19185);
#6206=VERTEX_POINT('',#19187);
#6207=VERTEX_POINT('',#19189);
#6208=VERTEX_POINT('',#19191);
#6209=VERTEX_POINT('',#19193);
#6210=VERTEX_POINT('',#19197);
#6211=VERTEX_POINT('',#19198);
#6212=VERTEX_POINT('',#19200);
#6213=VERTEX_POINT('',#19202);
#6214=VERTEX_POINT('',#19204);
#6215=VERTEX_POINT('',#19206);
#6216=VERTEX_POINT('',#19208);
#6217=VERTEX_POINT('',#19210);
#6218=VERTEX_POINT('',#19212);
#6219=VERTEX_POINT('',#19214);
#6220=VERTEX_POINT('',#19218);
#6221=VERTEX_POINT('',#19220);
#6222=VERTEX_POINT('',#19224);
#6223=VERTEX_POINT('',#19225);
#6224=VERTEX_POINT('',#19227);
#6225=VERTEX_POINT('',#19230);
#6226=VERTEX_POINT('',#19232);
#6227=VERTEX_POINT('',#19234);
#6228=VERTEX_POINT('',#19236);
#6229=VERTEX_POINT('',#19238);
#6230=VERTEX_POINT('',#19242);
#6231=VERTEX_POINT('',#19243);
#6232=VERTEX_POINT('',#19245);
#6233=VERTEX_POINT('',#19247);
#6234=VERTEX_POINT('',#19249);
#6235=VERTEX_POINT('',#19251);
#6236=VERTEX_POINT('',#19253);
#6237=VERTEX_POINT('',#19255);
#6238=VERTEX_POINT('',#19257);
#6239=VERTEX_POINT('',#19259);
#6240=VERTEX_POINT('',#19263);
#6241=VERTEX_POINT('',#19265);
#6242=VERTEX_POINT('',#19269);
#6243=VERTEX_POINT('',#19270);
#6244=VERTEX_POINT('',#19272);
#6245=VERTEX_POINT('',#19275);
#6246=VERTEX_POINT('',#19277);
#6247=VERTEX_POINT('',#19279);
#6248=VERTEX_POINT('',#19281);
#6249=VERTEX_POINT('',#19283);
#6250=VERTEX_POINT('',#19287);
#6251=VERTEX_POINT('',#19288);
#6252=VERTEX_POINT('',#19290);
#6253=VERTEX_POINT('',#19292);
#6254=VERTEX_POINT('',#19294);
#6255=VERTEX_POINT('',#19296);
#6256=VERTEX_POINT('',#19298);
#6257=VERTEX_POINT('',#19300);
#6258=VERTEX_POINT('',#19302);
#6259=VERTEX_POINT('',#19304);
#6260=VERTEX_POINT('',#19308);
#6261=VERTEX_POINT('',#19310);
#6262=VERTEX_POINT('',#19314);
#6263=VERTEX_POINT('',#19315);
#6264=VERTEX_POINT('',#19317);
#6265=VERTEX_POINT('',#19320);
#6266=VERTEX_POINT('',#19322);
#6267=VERTEX_POINT('',#19324);
#6268=VERTEX_POINT('',#19326);
#6269=VERTEX_POINT('',#19328);
#6270=VERTEX_POINT('',#19332);
#6271=VERTEX_POINT('',#19333);
#6272=VERTEX_POINT('',#19335);
#6273=VERTEX_POINT('',#19337);
#6274=VERTEX_POINT('',#19339);
#6275=VERTEX_POINT('',#19341);
#6276=VERTEX_POINT('',#19343);
#6277=VERTEX_POINT('',#19345);
#6278=VERTEX_POINT('',#19347);
#6279=VERTEX_POINT('',#19349);
#6280=VERTEX_POINT('',#19353);
#6281=VERTEX_POINT('',#19355);
#6282=VERTEX_POINT('',#19359);
#6283=VERTEX_POINT('',#19360);
#6284=VERTEX_POINT('',#19362);
#6285=VERTEX_POINT('',#19365);
#6286=VERTEX_POINT('',#19367);
#6287=VERTEX_POINT('',#19369);
#6288=VERTEX_POINT('',#19371);
#6289=VERTEX_POINT('',#19373);
#6290=VERTEX_POINT('',#19377);
#6291=VERTEX_POINT('',#19378);
#6292=VERTEX_POINT('',#19380);
#6293=VERTEX_POINT('',#19382);
#6294=VERTEX_POINT('',#19384);
#6295=VERTEX_POINT('',#19386);
#6296=VERTEX_POINT('',#19388);
#6297=VERTEX_POINT('',#19390);
#6298=VERTEX_POINT('',#19392);
#6299=VERTEX_POINT('',#19394);
#6300=VERTEX_POINT('',#19398);
#6301=VERTEX_POINT('',#19400);
#6302=VERTEX_POINT('',#19404);
#6303=VERTEX_POINT('',#19405);
#6304=VERTEX_POINT('',#19407);
#6305=VERTEX_POINT('',#19410);
#6306=VERTEX_POINT('',#19412);
#6307=VERTEX_POINT('',#19414);
#6308=VERTEX_POINT('',#19416);
#6309=VERTEX_POINT('',#19418);
#6310=VERTEX_POINT('',#19422);
#6311=VERTEX_POINT('',#19423);
#6312=VERTEX_POINT('',#19425);
#6313=VERTEX_POINT('',#19427);
#6314=VERTEX_POINT('',#19429);
#6315=VERTEX_POINT('',#19431);
#6316=VERTEX_POINT('',#19433);
#6317=VERTEX_POINT('',#19435);
#6318=VERTEX_POINT('',#19437);
#6319=VERTEX_POINT('',#19439);
#6320=VERTEX_POINT('',#19443);
#6321=VERTEX_POINT('',#19445);
#6322=VERTEX_POINT('',#19449);
#6323=VERTEX_POINT('',#19450);
#6324=VERTEX_POINT('',#19452);
#6325=VERTEX_POINT('',#19455);
#6326=VERTEX_POINT('',#19457);
#6327=VERTEX_POINT('',#19459);
#6328=VERTEX_POINT('',#19461);
#6329=VERTEX_POINT('',#19463);
#6330=VERTEX_POINT('',#19467);
#6331=VERTEX_POINT('',#19468);
#6332=VERTEX_POINT('',#19470);
#6333=VERTEX_POINT('',#19472);
#6334=VERTEX_POINT('',#19474);
#6335=VERTEX_POINT('',#19476);
#6336=VERTEX_POINT('',#19478);
#6337=VERTEX_POINT('',#19480);
#6338=VERTEX_POINT('',#19482);
#6339=VERTEX_POINT('',#19484);
#6340=VERTEX_POINT('',#19488);
#6341=VERTEX_POINT('',#19490);
#6342=VERTEX_POINT('',#19494);
#6343=VERTEX_POINT('',#19495);
#6344=VERTEX_POINT('',#19497);
#6345=VERTEX_POINT('',#19500);
#6346=VERTEX_POINT('',#19502);
#6347=VERTEX_POINT('',#19504);
#6348=VERTEX_POINT('',#19506);
#6349=VERTEX_POINT('',#19508);
#6350=VERTEX_POINT('',#19771);
#6351=VERTEX_POINT('',#19772);
#6352=VERTEX_POINT('',#19774);
#6353=VERTEX_POINT('',#19776);
#6354=VERTEX_POINT('',#19779);
#6355=VERTEX_POINT('',#19780);
#6356=VERTEX_POINT('',#19782);
#6357=VERTEX_POINT('',#19784);
#6358=VERTEX_POINT('',#19787);
#6359=VERTEX_POINT('',#19788);
#6360=VERTEX_POINT('',#19790);
#6361=VERTEX_POINT('',#19792);
#6362=VERTEX_POINT('',#19795);
#6363=VERTEX_POINT('',#19796);
#6364=VERTEX_POINT('',#19798);
#6365=VERTEX_POINT('',#19800);
#6366=VERTEX_POINT('',#19803);
#6367=VERTEX_POINT('',#19804);
#6368=VERTEX_POINT('',#19806);
#6369=VERTEX_POINT('',#19808);
#6370=VERTEX_POINT('',#19811);
#6371=VERTEX_POINT('',#19812);
#6372=VERTEX_POINT('',#19814);
#6373=VERTEX_POINT('',#19816);
#6374=VERTEX_POINT('',#19819);
#6375=VERTEX_POINT('',#19820);
#6376=VERTEX_POINT('',#19822);
#6377=VERTEX_POINT('',#19824);
#6378=VERTEX_POINT('',#19827);
#6379=VERTEX_POINT('',#19828);
#6380=VERTEX_POINT('',#19830);
#6381=VERTEX_POINT('',#19832);
#6382=VERTEX_POINT('',#19835);
#6383=VERTEX_POINT('',#19836);
#6384=VERTEX_POINT('',#19838);
#6385=VERTEX_POINT('',#19840);
#6386=VERTEX_POINT('',#19842);
#6387=VERTEX_POINT('',#19844);
#6388=VERTEX_POINT('',#19846);
#6389=VERTEX_POINT('',#19848);
#6390=VERTEX_POINT('',#19850);
#6391=VERTEX_POINT('',#19852);
#6392=VERTEX_POINT('',#19854);
#6393=VERTEX_POINT('',#19856);
#6394=VERTEX_POINT('',#19858);
#6395=VERTEX_POINT('',#19860);
#6396=VERTEX_POINT('',#19862);
#6397=VERTEX_POINT('',#19864);
#6398=VERTEX_POINT('',#19866);
#6399=VERTEX_POINT('',#19868);
#6400=VERTEX_POINT('',#19870);
#6401=VERTEX_POINT('',#19872);
#6402=VERTEX_POINT('',#19874);
#6403=VERTEX_POINT('',#19876);
#6404=VERTEX_POINT('',#19878);
#6405=VERTEX_POINT('',#19880);
#6406=VERTEX_POINT('',#19882);
#6407=VERTEX_POINT('',#19884);
#6408=VERTEX_POINT('',#19886);
#6409=VERTEX_POINT('',#19888);
#6410=VERTEX_POINT('',#19890);
#6411=VERTEX_POINT('',#19892);
#6412=VERTEX_POINT('',#19894);
#6413=VERTEX_POINT('',#19896);
#6414=VERTEX_POINT('',#19898);
#6415=VERTEX_POINT('',#19900);
#6416=VERTEX_POINT('',#19902);
#6417=VERTEX_POINT('',#19904);
#6418=VERTEX_POINT('',#19906);
#6419=VERTEX_POINT('',#19908);
#6420=VERTEX_POINT('',#19910);
#6421=VERTEX_POINT('',#19912);
#6422=VERTEX_POINT('',#19914);
#6423=VERTEX_POINT('',#19916);
#6424=VERTEX_POINT('',#19918);
#6425=VERTEX_POINT('',#19920);
#6426=VERTEX_POINT('',#19922);
#6427=VERTEX_POINT('',#19924);
#6428=VERTEX_POINT('',#19926);
#6429=VERTEX_POINT('',#19928);
#6430=VERTEX_POINT('',#19930);
#6431=VERTEX_POINT('',#19932);
#6432=VERTEX_POINT('',#19934);
#6433=VERTEX_POINT('',#19936);
#6434=VERTEX_POINT('',#19938);
#6435=VERTEX_POINT('',#19940);
#6436=VERTEX_POINT('',#19942);
#6437=VERTEX_POINT('',#19944);
#6438=VERTEX_POINT('',#19946);
#6439=VERTEX_POINT('',#19948);
#6440=VERTEX_POINT('',#19950);
#6441=VERTEX_POINT('',#19952);
#6442=VERTEX_POINT('',#19954);
#6443=VERTEX_POINT('',#19956);
#6444=VERTEX_POINT('',#19958);
#6445=VERTEX_POINT('',#19960);
#6446=VERTEX_POINT('',#19962);
#6447=VERTEX_POINT('',#19964);
#6448=VERTEX_POINT('',#19966);
#6449=VERTEX_POINT('',#19968);
#6450=VERTEX_POINT('',#19970);
#6451=VERTEX_POINT('',#19972);
#6452=VERTEX_POINT('',#19974);
#6453=VERTEX_POINT('',#19976);
#6454=VERTEX_POINT('',#19978);
#6455=VERTEX_POINT('',#19980);
#6456=VERTEX_POINT('',#19982);
#6457=VERTEX_POINT('',#19984);
#6458=VERTEX_POINT('',#19986);
#6459=VERTEX_POINT('',#19988);
#6460=VERTEX_POINT('',#19990);
#6461=VERTEX_POINT('',#19992);
#6462=VERTEX_POINT('',#19994);
#6463=VERTEX_POINT('',#19996);
#6464=VERTEX_POINT('',#19998);
#6465=VERTEX_POINT('',#20000);
#6466=VERTEX_POINT('',#20002);
#6467=VERTEX_POINT('',#20004);
#6468=VERTEX_POINT('',#20006);
#6469=VERTEX_POINT('',#20008);
#6470=VERTEX_POINT('',#20010);
#6471=VERTEX_POINT('',#20012);
#6472=VERTEX_POINT('',#20014);
#6473=VERTEX_POINT('',#20016);
#6474=VERTEX_POINT('',#20018);
#6475=VERTEX_POINT('',#20020);
#6476=VERTEX_POINT('',#20022);
#6477=VERTEX_POINT('',#20024);
#6478=VERTEX_POINT('',#20026);
#6479=VERTEX_POINT('',#20028);
#6480=VERTEX_POINT('',#20030);
#6481=VERTEX_POINT('',#20032);
#6482=VERTEX_POINT('',#20034);
#6483=VERTEX_POINT('',#20036);
#6484=VERTEX_POINT('',#20038);
#6485=VERTEX_POINT('',#20040);
#6486=VERTEX_POINT('',#20042);
#6487=VERTEX_POINT('',#20044);
#6488=VERTEX_POINT('',#20046);
#6489=VERTEX_POINT('',#20048);
#6490=VERTEX_POINT('',#20050);
#6491=VERTEX_POINT('',#20052);
#6492=VERTEX_POINT('',#20054);
#6493=VERTEX_POINT('',#20056);
#6494=VERTEX_POINT('',#20058);
#6495=VERTEX_POINT('',#20060);
#6496=VERTEX_POINT('',#20062);
#6497=VERTEX_POINT('',#20064);
#6498=VERTEX_POINT('',#20066);
#6499=VERTEX_POINT('',#20068);
#6500=VERTEX_POINT('',#20070);
#6501=VERTEX_POINT('',#20072);
#6502=VERTEX_POINT('',#20074);
#6503=VERTEX_POINT('',#20076);
#6504=VERTEX_POINT('',#20078);
#6505=VERTEX_POINT('',#20080);
#6506=VERTEX_POINT('',#20082);
#6507=VERTEX_POINT('',#20084);
#6508=VERTEX_POINT('',#20086);
#6509=VERTEX_POINT('',#20088);
#6510=VERTEX_POINT('',#20090);
#6511=VERTEX_POINT('',#20092);
#6512=VERTEX_POINT('',#20094);
#6513=VERTEX_POINT('',#20096);
#6514=VERTEX_POINT('',#20099);
#6515=VERTEX_POINT('',#20100);
#6516=VERTEX_POINT('',#20102);
#6517=VERTEX_POINT('',#20104);
#6518=VERTEX_POINT('',#20107);
#6519=VERTEX_POINT('',#20108);
#6520=VERTEX_POINT('',#20110);
#6521=VERTEX_POINT('',#20112);
#6522=VERTEX_POINT('',#20115);
#6523=VERTEX_POINT('',#20116);
#6524=VERTEX_POINT('',#20118);
#6525=VERTEX_POINT('',#20120);
#6526=VERTEX_POINT('',#20123);
#6527=VERTEX_POINT('',#20124);
#6528=VERTEX_POINT('',#20126);
#6529=VERTEX_POINT('',#20128);
#6530=VERTEX_POINT('',#20131);
#6531=VERTEX_POINT('',#20132);
#6532=VERTEX_POINT('',#20134);
#6533=VERTEX_POINT('',#20136);
#6534=VERTEX_POINT('',#20139);
#6535=VERTEX_POINT('',#20140);
#6536=VERTEX_POINT('',#20142);
#6537=VERTEX_POINT('',#20144);
#6538=VERTEX_POINT('',#20147);
#6539=VERTEX_POINT('',#20148);
#6540=VERTEX_POINT('',#20150);
#6541=VERTEX_POINT('',#20152);
#6542=VERTEX_POINT('',#20155);
#6543=VERTEX_POINT('',#20156);
#6544=VERTEX_POINT('',#20158);
#6545=VERTEX_POINT('',#20160);
#6546=VERTEX_POINT('',#20164);
#6547=VERTEX_POINT('',#20166);
#6548=VERTEX_POINT('',#20169);
#6549=VERTEX_POINT('',#20171);
#6550=VERTEX_POINT('',#20174);
#6551=VERTEX_POINT('',#20176);
#6552=VERTEX_POINT('',#20179);
#6553=VERTEX_POINT('',#20181);
#6554=VERTEX_POINT('',#20184);
#6555=VERTEX_POINT('',#20186);
#6556=VERTEX_POINT('',#20189);
#6557=VERTEX_POINT('',#20191);
#6558=VERTEX_POINT('',#20194);
#6559=VERTEX_POINT('',#20196);
#6560=VERTEX_POINT('',#20199);
#6561=VERTEX_POINT('',#20201);
#6562=VERTEX_POINT('',#20204);
#6563=VERTEX_POINT('',#20206);
#6564=VERTEX_POINT('',#20209);
#6565=VERTEX_POINT('',#20211);
#6566=VERTEX_POINT('',#20214);
#6567=VERTEX_POINT('',#20216);
#6568=VERTEX_POINT('',#20219);
#6569=VERTEX_POINT('',#20221);
#6570=VERTEX_POINT('',#20224);
#6571=VERTEX_POINT('',#20226);
#6572=VERTEX_POINT('',#20229);
#6573=VERTEX_POINT('',#20231);
#6574=VERTEX_POINT('',#20234);
#6575=VERTEX_POINT('',#20236);
#6576=VERTEX_POINT('',#20239);
#6577=VERTEX_POINT('',#20241);
#6578=VERTEX_POINT('',#20244);
#6579=VERTEX_POINT('',#20246);
#6580=VERTEX_POINT('',#20250);
#6581=VERTEX_POINT('',#20254);
#6582=VERTEX_POINT('',#20256);
#6583=VERTEX_POINT('',#20259);
#6584=VERTEX_POINT('',#20261);
#6585=VERTEX_POINT('',#20264);
#6586=VERTEX_POINT('',#20266);
#6587=VERTEX_POINT('',#20269);
#6588=VERTEX_POINT('',#20271);
#6589=VERTEX_POINT('',#20274);
#6590=VERTEX_POINT('',#20276);
#6591=VERTEX_POINT('',#20279);
#6592=VERTEX_POINT('',#20281);
#6593=VERTEX_POINT('',#20284);
#6594=VERTEX_POINT('',#20286);
#6595=VERTEX_POINT('',#20289);
#6596=VERTEX_POINT('',#20291);
#6597=VERTEX_POINT('',#20294);
#6598=VERTEX_POINT('',#20296);
#6599=VERTEX_POINT('',#20299);
#6600=VERTEX_POINT('',#20301);
#6601=VERTEX_POINT('',#20304);
#6602=VERTEX_POINT('',#20306);
#6603=VERTEX_POINT('',#20309);
#6604=VERTEX_POINT('',#20311);
#6605=VERTEX_POINT('',#20314);
#6606=VERTEX_POINT('',#20316);
#6607=VERTEX_POINT('',#20319);
#6608=VERTEX_POINT('',#20321);
#6609=VERTEX_POINT('',#20324);
#6610=VERTEX_POINT('',#20326);
#6611=VERTEX_POINT('',#20329);
#6612=VERTEX_POINT('',#20331);
#6613=VERTEX_POINT('',#20334);
#6614=VERTEX_POINT('',#20341);
#6615=VERTEX_POINT('',#20342);
#6616=VERTEX_POINT('',#20352);
#6617=VERTEX_POINT('',#20353);
#6618=VERTEX_POINT('',#20363);
#6619=VERTEX_POINT('',#20367);
#6620=VERTEX_POINT('',#20374);
#6621=VERTEX_POINT('',#20378);
#6622=VERTEX_POINT('',#20385);
#6623=VERTEX_POINT('',#20389);
#6624=VERTEX_POINT('',#20396);
#6625=VERTEX_POINT('',#20400);
#6626=VERTEX_POINT('',#20407);
#6627=VERTEX_POINT('',#20411);
#6628=VERTEX_POINT('',#20418);
#6629=VERTEX_POINT('',#20422);
#6630=VERTEX_POINT('',#20429);
#6631=VERTEX_POINT('',#20433);
#6632=VERTEX_POINT('',#20440);
#6633=VERTEX_POINT('',#20444);
#6634=VERTEX_POINT('',#20451);
#6635=VERTEX_POINT('',#20455);
#6636=VERTEX_POINT('',#20462);
#6637=VERTEX_POINT('',#20466);
#6638=VERTEX_POINT('',#20473);
#6639=VERTEX_POINT('',#20477);
#6640=VERTEX_POINT('',#20484);
#6641=VERTEX_POINT('',#20488);
#6642=VERTEX_POINT('',#20495);
#6643=VERTEX_POINT('',#20499);
#6644=VERTEX_POINT('',#20506);
#6645=VERTEX_POINT('',#20510);
#6646=VERTEX_POINT('',#20517);
#6647=VERTEX_POINT('',#20518);
#6648=VERTEX_POINT('',#20528);
#6649=VERTEX_POINT('',#20529);
#6650=VERTEX_POINT('',#20539);
#6651=VERTEX_POINT('',#20540);
#6652=VERTEX_POINT('',#20550);
#6653=VERTEX_POINT('',#20551);
#6654=VERTEX_POINT('',#20561);
#6655=VERTEX_POINT('',#20562);
#6656=VERTEX_POINT('',#20572);
#6657=VERTEX_POINT('',#20573);
#6658=VERTEX_POINT('',#20583);
#6659=VERTEX_POINT('',#20584);
#6660=VERTEX_POINT('',#20594);
#6661=VERTEX_POINT('',#20595);
#6662=VERTEX_POINT('',#20605);
#6663=VERTEX_POINT('',#20609);
#6664=VERTEX_POINT('',#20616);
#6665=VERTEX_POINT('',#20620);
#6666=VERTEX_POINT('',#20627);
#6667=VERTEX_POINT('',#20628);
#6668=VERTEX_POINT('',#20638);
#6669=VERTEX_POINT('',#20639);
#6670=VERTEX_POINT('',#20649);
#6671=VERTEX_POINT('',#20650);
#6672=VERTEX_POINT('',#20660);
#6673=VERTEX_POINT('',#20661);
#6674=VERTEX_POINT('',#20671);
#6675=VERTEX_POINT('',#20672);
#6676=VERTEX_POINT('',#20682);
#6677=VERTEX_POINT('',#20683);
#6678=VERTEX_POINT('',#20693);
#6679=VERTEX_POINT('',#20695);
#6680=VERTEX_POINT('',#20699);
#6681=VERTEX_POINT('',#20703);
#6682=VERTEX_POINT('',#20710);
#6683=VERTEX_POINT('',#20712);
#6684=VERTEX_POINT('',#20716);
#6685=VERTEX_POINT('',#20720);
#6686=VERTEX_POINT('',#20727);
#6687=VERTEX_POINT('',#20729);
#6688=VERTEX_POINT('',#20733);
#6689=VERTEX_POINT('',#20737);
#6690=VERTEX_POINT('',#20744);
#6691=VERTEX_POINT('',#20746);
#6692=VERTEX_POINT('',#20750);
#6693=VERTEX_POINT('',#20754);
#6694=VERTEX_POINT('',#20761);
#6695=VERTEX_POINT('',#20763);
#6696=VERTEX_POINT('',#20767);
#6697=VERTEX_POINT('',#20771);
#6698=VERTEX_POINT('',#20778);
#6699=VERTEX_POINT('',#20780);
#6700=VERTEX_POINT('',#20784);
#6701=VERTEX_POINT('',#20788);
#6702=VERTEX_POINT('',#20795);
#6703=VERTEX_POINT('',#20797);
#6704=VERTEX_POINT('',#20801);
#6705=VERTEX_POINT('',#20805);
#6706=VERTEX_POINT('',#20812);
#6707=VERTEX_POINT('',#20814);
#6708=VERTEX_POINT('',#20818);
#6709=VERTEX_POINT('',#20822);
#6710=VERTEX_POINT('',#20829);
#6711=VERTEX_POINT('',#20831);
#6712=VERTEX_POINT('',#20835);
#6713=VERTEX_POINT('',#20839);
#6714=VERTEX_POINT('',#20846);
#6715=VERTEX_POINT('',#20848);
#6716=VERTEX_POINT('',#20852);
#6717=VERTEX_POINT('',#20856);
#6718=VERTEX_POINT('',#20863);
#6719=VERTEX_POINT('',#20865);
#6720=VERTEX_POINT('',#20869);
#6721=VERTEX_POINT('',#20873);
#6722=VERTEX_POINT('',#20880);
#6723=VERTEX_POINT('',#20882);
#6724=VERTEX_POINT('',#20886);
#6725=VERTEX_POINT('',#20890);
#6726=VERTEX_POINT('',#20897);
#6727=VERTEX_POINT('',#20899);
#6728=VERTEX_POINT('',#20903);
#6729=VERTEX_POINT('',#20907);
#6730=VERTEX_POINT('',#20914);
#6731=VERTEX_POINT('',#20916);
#6732=VERTEX_POINT('',#20920);
#6733=VERTEX_POINT('',#20924);
#6734=VERTEX_POINT('',#20931);
#6735=VERTEX_POINT('',#20933);
#6736=VERTEX_POINT('',#20937);
#6737=VERTEX_POINT('',#20941);
#6738=VERTEX_POINT('',#20948);
#6739=VERTEX_POINT('',#20950);
#6740=VERTEX_POINT('',#20954);
#6741=VERTEX_POINT('',#20958);
#6742=LINE('',#17249,#8530);
#6743=LINE('',#17252,#8531);
#6744=LINE('',#17254,#8532);
#6745=LINE('',#17256,#8533);
#6746=LINE('',#17258,#8534);
#6747=LINE('',#17261,#8535);
#6748=LINE('',#17263,#8536);
#6749=LINE('',#17265,#8537);
#6750=LINE('',#17267,#8538);
#6751=LINE('',#17270,#8539);
#6752=LINE('',#17272,#8540);
#6753=LINE('',#17274,#8541);
#6754=LINE('',#17276,#8542);
#6755=LINE('',#17279,#8543);
#6756=LINE('',#17281,#8544);
#6757=LINE('',#17283,#8545);
#6758=LINE('',#17285,#8546);
#6759=LINE('',#17288,#8547);
#6760=LINE('',#17290,#8548);
#6761=LINE('',#17292,#8549);
#6762=LINE('',#17294,#8550);
#6763=LINE('',#17297,#8551);
#6764=LINE('',#17299,#8552);
#6765=LINE('',#17301,#8553);
#6766=LINE('',#17303,#8554);
#6767=LINE('',#17306,#8555);
#6768=LINE('',#17308,#8556);
#6769=LINE('',#17310,#8557);
#6770=LINE('',#17312,#8558);
#6771=LINE('',#17315,#8559);
#6772=LINE('',#17317,#8560);
#6773=LINE('',#17319,#8561);
#6774=LINE('',#17321,#8562);
#6775=LINE('',#17324,#8563);
#6776=LINE('',#17326,#8564);
#6777=LINE('',#17328,#8565);
#6778=LINE('',#17330,#8566);
#6779=LINE('',#17333,#8567);
#6780=LINE('',#17335,#8568);
#6781=LINE('',#17337,#8569);
#6782=LINE('',#17339,#8570);
#6783=LINE('',#17342,#8571);
#6784=LINE('',#17344,#8572);
#6785=LINE('',#17346,#8573);
#6786=LINE('',#17348,#8574);
#6787=LINE('',#17351,#8575);
#6788=LINE('',#17353,#8576);
#6789=LINE('',#17355,#8577);
#6790=LINE('',#17357,#8578);
#6791=LINE('',#17360,#8579);
#6792=LINE('',#17362,#8580);
#6793=LINE('',#17364,#8581);
#6794=LINE('',#17366,#8582);
#6795=LINE('',#17369,#8583);
#6796=LINE('',#17371,#8584);
#6797=LINE('',#17373,#8585);
#6798=LINE('',#17375,#8586);
#6799=LINE('',#17378,#8587);
#6800=LINE('',#17380,#8588);
#6801=LINE('',#17382,#8589);
#6802=LINE('',#17384,#8590);
#6803=LINE('',#17387,#8591);
#6804=LINE('',#17389,#8592);
#6805=LINE('',#17391,#8593);
#6806=LINE('',#17393,#8594);
#6807=LINE('',#17396,#8595);
#6808=LINE('',#17398,#8596);
#6809=LINE('',#17400,#8597);
#6810=LINE('',#17402,#8598);
#6811=LINE('',#17405,#8599);
#6812=LINE('',#17407,#8600);
#6813=LINE('',#17409,#8601);
#6814=LINE('',#17411,#8602);
#6815=LINE('',#17413,#8603);
#6816=LINE('',#17415,#8604);
#6817=LINE('',#17416,#8605);
#6818=LINE('',#17418,#8606);
#6819=LINE('',#17420,#8607);
#6820=LINE('',#17421,#8608);
#6821=LINE('',#17423,#8609);
#6822=LINE('',#17425,#8610);
#6823=LINE('',#17426,#8611);
#6824=LINE('',#17428,#8612);
#6825=LINE('',#17430,#8613);
#6826=LINE('',#17431,#8614);
#6827=LINE('',#17433,#8615);
#6828=LINE('',#17435,#8616);
#6829=LINE('',#17436,#8617);
#6830=LINE('',#17438,#8618);
#6831=LINE('',#17440,#8619);
#6832=LINE('',#17441,#8620);
#6833=LINE('',#17443,#8621);
#6834=LINE('',#17445,#8622);
#6835=LINE('',#17446,#8623);
#6836=LINE('',#17448,#8624);
#6837=LINE('',#17450,#8625);
#6838=LINE('',#17451,#8626);
#6839=LINE('',#17453,#8627);
#6840=LINE('',#17455,#8628);
#6841=LINE('',#17457,#8629);
#6842=LINE('',#17459,#8630);
#6843=LINE('',#17461,#8631);
#6844=LINE('',#17463,#8632);
#6845=LINE('',#17464,#8633);
#6846=LINE('',#17466,#8634);
#6847=LINE('',#17468,#8635);
#6848=LINE('',#17469,#8636);
#6849=LINE('',#17471,#8637);
#6850=LINE('',#17473,#8638);
#6851=LINE('',#17474,#8639);
#6852=LINE('',#17476,#8640);
#6853=LINE('',#17478,#8641);
#6854=LINE('',#17479,#8642);
#6855=LINE('',#17481,#8643);
#6856=LINE('',#17483,#8644);
#6857=LINE('',#17484,#8645);
#6858=LINE('',#17486,#8646);
#6859=LINE('',#17488,#8647);
#6860=LINE('',#17489,#8648);
#6861=LINE('',#17491,#8649);
#6862=LINE('',#17493,#8650);
#6863=LINE('',#17494,#8651);
#6864=LINE('',#17496,#8652);
#6865=LINE('',#17498,#8653);
#6866=LINE('',#17499,#8654);
#6867=LINE('',#17501,#8655);
#6868=LINE('',#17503,#8656);
#6869=LINE('',#17505,#8657);
#6870=LINE('',#17507,#8658);
#6871=LINE('',#17509,#8659);
#6872=LINE('',#17512,#8660);
#6873=LINE('',#17513,#8661);
#6874=LINE('',#17515,#8662);
#6875=LINE('',#17518,#8663);
#6876=LINE('',#17519,#8664);
#6877=LINE('',#17521,#8665);
#6878=LINE('',#17524,#8666);
#6879=LINE('',#17525,#8667);
#6880=LINE('',#17527,#8668);
#6881=LINE('',#17530,#8669);
#6882=LINE('',#17531,#8670);
#6883=LINE('',#17533,#8671);
#6884=LINE('',#17536,#8672);
#6885=LINE('',#17537,#8673);
#6886=LINE('',#17539,#8674);
#6887=LINE('',#17542,#8675);
#6888=LINE('',#17543,#8676);
#6889=LINE('',#17545,#8677);
#6890=LINE('',#17548,#8678);
#6891=LINE('',#17549,#8679);
#6892=LINE('',#17551,#8680);
#6893=LINE('',#17554,#8681);
#6894=LINE('',#17555,#8682);
#6895=LINE('',#17557,#8683);
#6896=LINE('',#17560,#8684);
#6897=LINE('',#17561,#8685);
#6898=LINE('',#17563,#8686);
#6899=LINE('',#17565,#8687);
#6900=LINE('',#17567,#8688);
#6901=LINE('',#17569,#8689);
#6902=LINE('',#17571,#8690);
#6903=LINE('',#17573,#8691);
#6904=LINE('',#17575,#8692);
#6905=LINE('',#17577,#8693);
#6906=LINE('',#17579,#8694);
#6907=LINE('',#17581,#8695);
#6908=LINE('',#17583,#8696);
#6909=LINE('',#17585,#8697);
#6910=LINE('',#17587,#8698);
#6911=LINE('',#17589,#8699);
#6912=LINE('',#17591,#8700);
#6913=LINE('',#17593,#8701);
#6914=LINE('',#17595,#8702);
#6915=LINE('',#17597,#8703);
#6916=LINE('',#17599,#8704);
#6917=LINE('',#17601,#8705);
#6918=LINE('',#17603,#8706);
#6919=LINE('',#17605,#8707);
#6920=LINE('',#17607,#8708);
#6921=LINE('',#17609,#8709);
#6922=LINE('',#17611,#8710);
#6923=LINE('',#17612,#8711);
#6924=LINE('',#17614,#8712);
#6925=LINE('',#17615,#8713);
#6926=LINE('',#17617,#8714);
#6927=LINE('',#17620,#8715);
#6928=LINE('',#17622,#8716);
#6929=LINE('',#17624,#8717);
#6930=LINE('',#17626,#8718);
#6931=LINE('',#17628,#8719);
#6932=LINE('',#17630,#8720);
#6933=LINE('',#17632,#8721);
#6934=LINE('',#17634,#8722);
#6935=LINE('',#17636,#8723);
#6936=LINE('',#17638,#8724);
#6937=LINE('',#17641,#8725);
#6938=LINE('',#17643,#8726);
#6939=LINE('',#17645,#8727);
#6940=LINE('',#17647,#8728);
#6941=LINE('',#17649,#8729);
#6942=LINE('',#17651,#8730);
#6943=LINE('',#17653,#8731);
#6944=LINE('',#17655,#8732);
#6945=LINE('',#17657,#8733);
#6946=LINE('',#17659,#8734);
#6947=LINE('',#17662,#8735);
#6948=LINE('',#17664,#8736);
#6949=LINE('',#17666,#8737);
#6950=LINE('',#17668,#8738);
#6951=LINE('',#17670,#8739);
#6952=LINE('',#17672,#8740);
#6953=LINE('',#17674,#8741);
#6954=LINE('',#17676,#8742);
#6955=LINE('',#17678,#8743);
#6956=LINE('',#17680,#8744);
#6957=LINE('',#17683,#8745);
#6958=LINE('',#17685,#8746);
#6959=LINE('',#17687,#8747);
#6960=LINE('',#17689,#8748);
#6961=LINE('',#17691,#8749);
#6962=LINE('',#17693,#8750);
#6963=LINE('',#17695,#8751);
#6964=LINE('',#17697,#8752);
#6965=LINE('',#17699,#8753);
#6966=LINE('',#17701,#8754);
#6967=LINE('',#17704,#8755);
#6968=LINE('',#17706,#8756);
#6969=LINE('',#17708,#8757);
#6970=LINE('',#17710,#8758);
#6971=LINE('',#17712,#8759);
#6972=LINE('',#17714,#8760);
#6973=LINE('',#17716,#8761);
#6974=LINE('',#17718,#8762);
#6975=LINE('',#17720,#8763);
#6976=LINE('',#17722,#8764);
#6977=LINE('',#17725,#8765);
#6978=LINE('',#17727,#8766);
#6979=LINE('',#17729,#8767);
#6980=LINE('',#17731,#8768);
#6981=LINE('',#17733,#8769);
#6982=LINE('',#17735,#8770);
#6983=LINE('',#17737,#8771);
#6984=LINE('',#17739,#8772);
#6985=LINE('',#17741,#8773);
#6986=LINE('',#17743,#8774);
#6987=LINE('',#17746,#8775);
#6988=LINE('',#17748,#8776);
#6989=LINE('',#17750,#8777);
#6990=LINE('',#17752,#8778);
#6991=LINE('',#17754,#8779);
#6992=LINE('',#17756,#8780);
#6993=LINE('',#17758,#8781);
#6994=LINE('',#17760,#8782);
#6995=LINE('',#17762,#8783);
#6996=LINE('',#17764,#8784);
#6997=LINE('',#17767,#8785);
#6998=LINE('',#17769,#8786);
#6999=LINE('',#17771,#8787);
#7000=LINE('',#17773,#8788);
#7001=LINE('',#17775,#8789);
#7002=LINE('',#17777,#8790);
#7003=LINE('',#17779,#8791);
#7004=LINE('',#17781,#8792);
#7005=LINE('',#17783,#8793);
#7006=LINE('',#17785,#8794);
#7007=LINE('',#17788,#8795);
#7008=LINE('',#17790,#8796);
#7009=LINE('',#17792,#8797);
#7010=LINE('',#17794,#8798);
#7011=LINE('',#17796,#8799);
#7012=LINE('',#17798,#8800);
#7013=LINE('',#17800,#8801);
#7014=LINE('',#17802,#8802);
#7015=LINE('',#17804,#8803);
#7016=LINE('',#17806,#8804);
#7017=LINE('',#17809,#8805);
#7018=LINE('',#17811,#8806);
#7019=LINE('',#17813,#8807);
#7020=LINE('',#17815,#8808);
#7021=LINE('',#17817,#8809);
#7022=LINE('',#17819,#8810);
#7023=LINE('',#17821,#8811);
#7024=LINE('',#17823,#8812);
#7025=LINE('',#17825,#8813);
#7026=LINE('',#17827,#8814);
#7027=LINE('',#17830,#8815);
#7028=LINE('',#17832,#8816);
#7029=LINE('',#17834,#8817);
#7030=LINE('',#17836,#8818);
#7031=LINE('',#17838,#8819);
#7032=LINE('',#17840,#8820);
#7033=LINE('',#17842,#8821);
#7034=LINE('',#17844,#8822);
#7035=LINE('',#17846,#8823);
#7036=LINE('',#17848,#8824);
#7037=LINE('',#17851,#8825);
#7038=LINE('',#17853,#8826);
#7039=LINE('',#17855,#8827);
#7040=LINE('',#17857,#8828);
#7041=LINE('',#17859,#8829);
#7042=LINE('',#17861,#8830);
#7043=LINE('',#17863,#8831);
#7044=LINE('',#17865,#8832);
#7045=LINE('',#17867,#8833);
#7046=LINE('',#17869,#8834);
#7047=LINE('',#17872,#8835);
#7048=LINE('',#17874,#8836);
#7049=LINE('',#17876,#8837);
#7050=LINE('',#17878,#8838);
#7051=LINE('',#17880,#8839);
#7052=LINE('',#17882,#8840);
#7053=LINE('',#17884,#8841);
#7054=LINE('',#17886,#8842);
#7055=LINE('',#17888,#8843);
#7056=LINE('',#17890,#8844);
#7057=LINE('',#17893,#8845);
#7058=LINE('',#17895,#8846);
#7059=LINE('',#17897,#8847);
#7060=LINE('',#17899,#8848);
#7061=LINE('',#17901,#8849);
#7062=LINE('',#17903,#8850);
#7063=LINE('',#17905,#8851);
#7064=LINE('',#17907,#8852);
#7065=LINE('',#17909,#8853);
#7066=LINE('',#17911,#8854);
#7067=LINE('',#17914,#8855);
#7068=LINE('',#17916,#8856);
#7069=LINE('',#17918,#8857);
#7070=LINE('',#17920,#8858);
#7071=LINE('',#17922,#8859);
#7072=LINE('',#17924,#8860);
#7073=LINE('',#17926,#8861);
#7074=LINE('',#17928,#8862);
#7075=LINE('',#17930,#8863);
#7076=LINE('',#17932,#8864);
#7077=LINE('',#17935,#8865);
#7078=LINE('',#17937,#8866);
#7079=LINE('',#17939,#8867);
#7080=LINE('',#17941,#8868);
#7081=LINE('',#17943,#8869);
#7082=LINE('',#17945,#8870);
#7083=LINE('',#17947,#8871);
#7084=LINE('',#17949,#8872);
#7085=LINE('',#17951,#8873);
#7086=LINE('',#17953,#8874);
#7087=LINE('',#17954,#8875);
#7088=LINE('',#17956,#8876);
#7089=LINE('',#17957,#8877);
#7090=LINE('',#17959,#8878);
#7091=LINE('',#17960,#8879);
#7092=LINE('',#17962,#8880);
#7093=LINE('',#17963,#8881);
#7094=LINE('',#17965,#8882);
#7095=LINE('',#17966,#8883);
#7096=LINE('',#17968,#8884);
#7097=LINE('',#17969,#8885);
#7098=LINE('',#17971,#8886);
#7099=LINE('',#17972,#8887);
#7100=LINE('',#17974,#8888);
#7101=LINE('',#17975,#8889);
#7102=LINE('',#17977,#8890);
#7103=LINE('',#17978,#8891);
#7104=LINE('',#17980,#8892);
#7105=LINE('',#17981,#8893);
#7106=LINE('',#17983,#8894);
#7107=LINE('',#17984,#8895);
#7108=LINE('',#17986,#8896);
#7109=LINE('',#17987,#8897);
#7110=LINE('',#17989,#8898);
#7111=LINE('',#17990,#8899);
#7112=LINE('',#17992,#8900);
#7113=LINE('',#17993,#8901);
#7114=LINE('',#17995,#8902);
#7115=LINE('',#17996,#8903);
#7116=LINE('',#17998,#8904);
#7117=LINE('',#17999,#8905);
#7118=LINE('',#18018,#8906);
#7119=LINE('',#18019,#8907);
#7120=LINE('',#18020,#8908);
#7121=LINE('',#18021,#8909);
#7122=LINE('',#18022,#8910);
#7123=LINE('',#18023,#8911);
#7124=LINE('',#18024,#8912);
#7125=LINE('',#18025,#8913);
#7126=LINE('',#18026,#8914);
#7127=LINE('',#18027,#8915);
#7128=LINE('',#18028,#8916);
#7129=LINE('',#18029,#8917);
#7130=LINE('',#18030,#8918);
#7131=LINE('',#18031,#8919);
#7132=LINE('',#18032,#8920);
#7133=LINE('',#18033,#8921);
#7134=LINE('',#18034,#8922);
#7135=LINE('',#18035,#8923);
#7136=LINE('',#18036,#8924);
#7137=LINE('',#18037,#8925);
#7138=LINE('',#18038,#8926);
#7139=LINE('',#18039,#8927);
#7140=LINE('',#18040,#8928);
#7141=LINE('',#18041,#8929);
#7142=LINE('',#18042,#8930);
#7143=LINE('',#18043,#8931);
#7144=LINE('',#18044,#8932);
#7145=LINE('',#18045,#8933);
#7146=LINE('',#18046,#8934);
#7147=LINE('',#18047,#8935);
#7148=LINE('',#18048,#8936);
#7149=LINE('',#18049,#8937);
#7150=LINE('',#18084,#8938);
#7151=LINE('',#18087,#8939);
#7152=LINE('',#18089,#8940);
#7153=LINE('',#18091,#8941);
#7154=LINE('',#18093,#8942);
#7155=LINE('',#18095,#8943);
#7156=LINE('',#18097,#8944);
#7157=LINE('',#18099,#8945);
#7158=LINE('',#18101,#8946);
#7159=LINE('',#18103,#8947);
#7160=LINE('',#18105,#8948);
#7161=LINE('',#18106,#8949);
#7162=LINE('',#18108,#8950);
#7163=LINE('',#18111,#8951);
#7164=LINE('',#18113,#8952);
#7165=LINE('',#18115,#8953);
#7166=LINE('',#18117,#8954);
#7167=LINE('',#18120,#8955);
#7168=LINE('',#18122,#8956);
#7169=LINE('',#18124,#8957);
#7170=LINE('',#18126,#8958);
#7171=LINE('',#18129,#8959);
#7172=LINE('',#18131,#8960);
#7173=LINE('',#18133,#8961);
#7174=LINE('',#18135,#8962);
#7175=LINE('',#18138,#8963);
#7176=LINE('',#18140,#8964);
#7177=LINE('',#18142,#8965);
#7178=LINE('',#18144,#8966);
#7179=LINE('',#18147,#8967);
#7180=LINE('',#18149,#8968);
#7181=LINE('',#18151,#8969);
#7182=LINE('',#18153,#8970);
#7183=LINE('',#18156,#8971);
#7184=LINE('',#18158,#8972);
#7185=LINE('',#18160,#8973);
#7186=LINE('',#18162,#8974);
#7187=LINE('',#18165,#8975);
#7188=LINE('',#18167,#8976);
#7189=LINE('',#18169,#8977);
#7190=LINE('',#18171,#8978);
#7191=LINE('',#18174,#8979);
#7192=LINE('',#18176,#8980);
#7193=LINE('',#18178,#8981);
#7194=LINE('',#18180,#8982);
#7195=LINE('',#18183,#8983);
#7196=LINE('',#18185,#8984);
#7197=LINE('',#18187,#8985);
#7198=LINE('',#18189,#8986);
#7199=LINE('',#18192,#8987);
#7200=LINE('',#18194,#8988);
#7201=LINE('',#18196,#8989);
#7202=LINE('',#18198,#8990);
#7203=LINE('',#18201,#8991);
#7204=LINE('',#18203,#8992);
#7205=LINE('',#18205,#8993);
#7206=LINE('',#18207,#8994);
#7207=LINE('',#18210,#8995);
#7208=LINE('',#18212,#8996);
#7209=LINE('',#18214,#8997);
#7210=LINE('',#18216,#8998);
#7211=LINE('',#18219,#8999);
#7212=LINE('',#18221,#9000);
#7213=LINE('',#18223,#9001);
#7214=LINE('',#18225,#9002);
#7215=LINE('',#18228,#9003);
#7216=LINE('',#18230,#9004);
#7217=LINE('',#18232,#9005);
#7218=LINE('',#18234,#9006);
#7219=LINE('',#18237,#9007);
#7220=LINE('',#18239,#9008);
#7221=LINE('',#18241,#9009);
#7222=LINE('',#18243,#9010);
#7223=LINE('',#18246,#9011);
#7224=LINE('',#18248,#9012);
#7225=LINE('',#18250,#9013);
#7226=LINE('',#18252,#9014);
#7227=LINE('',#18255,#9015);
#7228=LINE('',#18257,#9016);
#7229=LINE('',#18259,#9017);
#7230=LINE('',#18261,#9018);
#7231=LINE('',#18264,#9019);
#7232=LINE('',#18266,#9020);
#7233=LINE('',#18268,#9021);
#7234=LINE('',#18270,#9022);
#7235=LINE('',#18273,#9023);
#7236=LINE('',#18275,#9024);
#7237=LINE('',#18277,#9025);
#7238=LINE('',#18279,#9026);
#7239=LINE('',#18282,#9027);
#7240=LINE('',#18284,#9028);
#7241=LINE('',#18286,#9029);
#7242=LINE('',#18288,#9030);
#7243=LINE('',#18291,#9031);
#7244=LINE('',#18293,#9032);
#7245=LINE('',#18295,#9033);
#7246=LINE('',#18297,#9034);
#7247=LINE('',#18300,#9035);
#7248=LINE('',#18302,#9036);
#7249=LINE('',#18304,#9037);
#7250=LINE('',#18306,#9038);
#7251=LINE('',#18309,#9039);
#7252=LINE('',#18311,#9040);
#7253=LINE('',#18313,#9041);
#7254=LINE('',#18315,#9042);
#7255=LINE('',#18318,#9043);
#7256=LINE('',#18320,#9044);
#7257=LINE('',#18322,#9045);
#7258=LINE('',#18324,#9046);
#7259=LINE('',#18327,#9047);
#7260=LINE('',#18329,#9048);
#7261=LINE('',#18331,#9049);
#7262=LINE('',#18333,#9050);
#7263=LINE('',#18336,#9051);
#7264=LINE('',#18338,#9052);
#7265=LINE('',#18340,#9053);
#7266=LINE('',#18342,#9054);
#7267=LINE('',#18345,#9055);
#7268=LINE('',#18347,#9056);
#7269=LINE('',#18349,#9057);
#7270=LINE('',#18351,#9058);
#7271=LINE('',#18354,#9059);
#7272=LINE('',#18356,#9060);
#7273=LINE('',#18358,#9061);
#7274=LINE('',#18360,#9062);
#7275=LINE('',#18363,#9063);
#7276=LINE('',#18365,#9064);
#7277=LINE('',#18367,#9065);
#7278=LINE('',#18369,#9066);
#7279=LINE('',#18372,#9067);
#7280=LINE('',#18374,#9068);
#7281=LINE('',#18376,#9069);
#7282=LINE('',#18378,#9070);
#7283=LINE('',#18381,#9071);
#7284=LINE('',#18383,#9072);
#7285=LINE('',#18385,#9073);
#7286=LINE('',#18387,#9074);
#7287=LINE('',#18390,#9075);
#7288=LINE('',#18392,#9076);
#7289=LINE('',#18394,#9077);
#7290=LINE('',#18396,#9078);
#7291=LINE('',#18399,#9079);
#7292=LINE('',#18401,#9080);
#7293=LINE('',#18403,#9081);
#7294=LINE('',#18405,#9082);
#7295=LINE('',#18408,#9083);
#7296=LINE('',#18410,#9084);
#7297=LINE('',#18412,#9085);
#7298=LINE('',#18414,#9086);
#7299=LINE('',#18417,#9087);
#7300=LINE('',#18419,#9088);
#7301=LINE('',#18421,#9089);
#7302=LINE('',#18423,#9090);
#7303=LINE('',#18426,#9091);
#7304=LINE('',#18428,#9092);
#7305=LINE('',#18430,#9093);
#7306=LINE('',#18432,#9094);
#7307=LINE('',#18435,#9095);
#7308=LINE('',#18437,#9096);
#7309=LINE('',#18439,#9097);
#7310=LINE('',#18441,#9098);
#7311=LINE('',#18444,#9099);
#7312=LINE('',#18446,#9100);
#7313=LINE('',#18448,#9101);
#7314=LINE('',#18450,#9102);
#7315=LINE('',#18453,#9103);
#7316=LINE('',#18455,#9104);
#7317=LINE('',#18457,#9105);
#7318=LINE('',#18459,#9106);
#7319=LINE('',#18462,#9107);
#7320=LINE('',#18464,#9108);
#7321=LINE('',#18466,#9109);
#7322=LINE('',#18468,#9110);
#7323=LINE('',#18471,#9111);
#7324=LINE('',#18473,#9112);
#7325=LINE('',#18475,#9113);
#7326=LINE('',#18477,#9114);
#7327=LINE('',#18480,#9115);
#7328=LINE('',#18482,#9116);
#7329=LINE('',#18484,#9117);
#7330=LINE('',#18486,#9118);
#7331=LINE('',#18489,#9119);
#7332=LINE('',#18491,#9120);
#7333=LINE('',#18493,#9121);
#7334=LINE('',#18495,#9122);
#7335=LINE('',#18498,#9123);
#7336=LINE('',#18500,#9124);
#7337=LINE('',#18502,#9125);
#7338=LINE('',#18504,#9126);
#7339=LINE('',#18507,#9127);
#7340=LINE('',#18509,#9128);
#7341=LINE('',#18511,#9129);
#7342=LINE('',#18513,#9130);
#7343=LINE('',#18516,#9131);
#7344=LINE('',#18518,#9132);
#7345=LINE('',#18520,#9133);
#7346=LINE('',#18522,#9134);
#7347=LINE('',#18525,#9135);
#7348=LINE('',#18527,#9136);
#7349=LINE('',#18529,#9137);
#7350=LINE('',#18531,#9138);
#7351=LINE('',#18534,#9139);
#7352=LINE('',#18536,#9140);
#7353=LINE('',#18538,#9141);
#7354=LINE('',#18540,#9142);
#7355=LINE('',#18541,#9143);
#7356=LINE('',#18542,#9144);
#7357=LINE('',#18544,#9145);
#7358=LINE('',#18545,#9146);
#7359=LINE('',#18546,#9147);
#7360=LINE('',#18548,#9148);
#7361=LINE('',#18549,#9149);
#7362=LINE('',#18550,#9150);
#7363=LINE('',#18552,#9151);
#7364=LINE('',#18553,#9152);
#7365=LINE('',#18554,#9153);
#7366=LINE('',#18556,#9154);
#7367=LINE('',#18557,#9155);
#7368=LINE('',#18558,#9156);
#7369=LINE('',#18560,#9157);
#7370=LINE('',#18561,#9158);
#7371=LINE('',#18562,#9159);
#7372=LINE('',#18564,#9160);
#7373=LINE('',#18565,#9161);
#7374=LINE('',#18566,#9162);
#7375=LINE('',#18568,#9163);
#7376=LINE('',#18569,#9164);
#7377=LINE('',#18570,#9165);
#7378=LINE('',#18572,#9166);
#7379=LINE('',#18573,#9167);
#7380=LINE('',#18574,#9168);
#7381=LINE('',#18576,#9169);
#7382=LINE('',#18577,#9170);
#7383=LINE('',#18578,#9171);
#7384=LINE('',#18580,#9172);
#7385=LINE('',#18581,#9173);
#7386=LINE('',#18582,#9174);
#7387=LINE('',#18584,#9175);
#7388=LINE('',#18585,#9176);
#7389=LINE('',#18586,#9177);
#7390=LINE('',#18588,#9178);
#7391=LINE('',#18589,#9179);
#7392=LINE('',#18590,#9180);
#7393=LINE('',#18592,#9181);
#7394=LINE('',#18593,#9182);
#7395=LINE('',#18594,#9183);
#7396=LINE('',#18596,#9184);
#7397=LINE('',#18597,#9185);
#7398=LINE('',#18598,#9186);
#7399=LINE('',#18600,#9187);
#7400=LINE('',#18601,#9188);
#7401=LINE('',#18602,#9189);
#7402=LINE('',#18604,#9190);
#7403=LINE('',#18605,#9191);
#7404=LINE('',#18606,#9192);
#7405=LINE('',#18608,#9193);
#7406=LINE('',#18609,#9194);
#7407=LINE('',#18610,#9195);
#7408=LINE('',#18612,#9196);
#7409=LINE('',#18613,#9197);
#7410=LINE('',#18614,#9198);
#7411=LINE('',#18616,#9199);
#7412=LINE('',#18617,#9200);
#7413=LINE('',#18618,#9201);
#7414=LINE('',#18620,#9202);
#7415=LINE('',#18621,#9203);
#7416=LINE('',#18622,#9204);
#7417=LINE('',#18624,#9205);
#7418=LINE('',#18625,#9206);
#7419=LINE('',#18626,#9207);
#7420=LINE('',#18628,#9208);
#7421=LINE('',#18629,#9209);
#7422=LINE('',#18630,#9210);
#7423=LINE('',#18632,#9211);
#7424=LINE('',#18633,#9212);
#7425=LINE('',#18634,#9213);
#7426=LINE('',#18636,#9214);
#7427=LINE('',#18637,#9215);
#7428=LINE('',#18638,#9216);
#7429=LINE('',#18640,#9217);
#7430=LINE('',#18641,#9218);
#7431=LINE('',#18642,#9219);
#7432=LINE('',#18644,#9220);
#7433=LINE('',#18645,#9221);
#7434=LINE('',#18646,#9222);
#7435=LINE('',#18648,#9223);
#7436=LINE('',#18649,#9224);
#7437=LINE('',#18650,#9225);
#7438=LINE('',#18652,#9226);
#7439=LINE('',#18653,#9227);
#7440=LINE('',#18654,#9228);
#7441=LINE('',#18656,#9229);
#7442=LINE('',#18657,#9230);
#7443=LINE('',#18658,#9231);
#7444=LINE('',#18660,#9232);
#7445=LINE('',#18661,#9233);
#7446=LINE('',#18662,#9234);
#7447=LINE('',#18664,#9235);
#7448=LINE('',#18665,#9236);
#7449=LINE('',#18666,#9237);
#7450=LINE('',#18668,#9238);
#7451=LINE('',#18670,#9239);
#7452=LINE('',#18672,#9240);
#7453=LINE('',#18674,#9241);
#7454=LINE('',#18676,#9242);
#7455=LINE('',#18678,#9243);
#7456=LINE('',#18680,#9244);
#7457=LINE('',#18682,#9245);
#7458=LINE('',#18684,#9246);
#7459=LINE('',#18686,#9247);
#7460=LINE('',#18688,#9248);
#7461=LINE('',#18690,#9249);
#7462=LINE('',#18692,#9250);
#7463=LINE('',#18694,#9251);
#7464=LINE('',#18696,#9252);
#7465=LINE('',#18698,#9253);
#7466=LINE('',#18700,#9254);
#7467=LINE('',#18702,#9255);
#7468=LINE('',#18704,#9256);
#7469=LINE('',#18706,#9257);
#7470=LINE('',#18708,#9258);
#7471=LINE('',#18710,#9259);
#7472=LINE('',#18712,#9260);
#7473=LINE('',#18714,#9261);
#7474=LINE('',#18716,#9262);
#7475=LINE('',#18718,#9263);
#7476=LINE('',#18720,#9264);
#7477=LINE('',#18722,#9265);
#7478=LINE('',#18724,#9266);
#7479=LINE('',#18726,#9267);
#7480=LINE('',#18728,#9268);
#7481=LINE('',#18730,#9269);
#7482=LINE('',#18767,#9270);
#7483=LINE('',#18770,#9271);
#7484=LINE('',#18772,#9272);
#7485=LINE('',#18774,#9273);
#7486=LINE('',#18776,#9274);
#7487=LINE('',#18778,#9275);
#7488=LINE('',#18780,#9276);
#7489=LINE('',#18782,#9277);
#7490=LINE('',#18784,#9278);
#7491=LINE('',#18786,#9279);
#7492=LINE('',#18788,#9280);
#7493=LINE('',#18789,#9281);
#7494=LINE('',#18791,#9282);
#7495=LINE('',#18794,#9283);
#7496=LINE('',#18796,#9284);
#7497=LINE('',#18800,#9285);
#7498=LINE('',#18802,#9286);
#7499=LINE('',#18804,#9287);
#7500=LINE('',#18806,#9288);
#7501=LINE('',#18808,#9289);
#7502=LINE('',#18810,#9290);
#7503=LINE('',#18812,#9291);
#7504=LINE('',#18814,#9292);
#7505=LINE('',#18816,#9293);
#7506=LINE('',#18818,#9294);
#7507=LINE('',#18821,#9295);
#7508=LINE('',#18823,#9296);
#7509=LINE('',#18824,#9297);
#7510=LINE('',#18826,#9298);
#7511=LINE('',#18828,#9299);
#7512=LINE('',#18832,#9300);
#7513=LINE('',#18834,#9301);
#7514=LINE('',#18836,#9302);
#7515=LINE('',#18839,#9303);
#7516=LINE('',#18841,#9304);
#7517=LINE('',#18845,#9305);
#7518=LINE('',#18847,#9306);
#7519=LINE('',#18849,#9307);
#7520=LINE('',#18851,#9308);
#7521=LINE('',#18853,#9309);
#7522=LINE('',#18855,#9310);
#7523=LINE('',#18857,#9311);
#7524=LINE('',#18859,#9312);
#7525=LINE('',#18861,#9313);
#7526=LINE('',#18863,#9314);
#7527=LINE('',#18866,#9315);
#7528=LINE('',#18868,#9316);
#7529=LINE('',#18869,#9317);
#7530=LINE('',#18871,#9318);
#7531=LINE('',#18873,#9319);
#7532=LINE('',#18877,#9320);
#7533=LINE('',#18879,#9321);
#7534=LINE('',#18881,#9322);
#7535=LINE('',#18884,#9323);
#7536=LINE('',#18886,#9324);
#7537=LINE('',#18890,#9325);
#7538=LINE('',#18892,#9326);
#7539=LINE('',#18894,#9327);
#7540=LINE('',#18896,#9328);
#7541=LINE('',#18898,#9329);
#7542=LINE('',#18900,#9330);
#7543=LINE('',#18902,#9331);
#7544=LINE('',#18904,#9332);
#7545=LINE('',#18906,#9333);
#7546=LINE('',#18908,#9334);
#7547=LINE('',#18911,#9335);
#7548=LINE('',#18913,#9336);
#7549=LINE('',#18914,#9337);
#7550=LINE('',#18916,#9338);
#7551=LINE('',#18918,#9339);
#7552=LINE('',#18922,#9340);
#7553=LINE('',#18924,#9341);
#7554=LINE('',#18926,#9342);
#7555=LINE('',#18929,#9343);
#7556=LINE('',#18931,#9344);
#7557=LINE('',#18935,#9345);
#7558=LINE('',#18937,#9346);
#7559=LINE('',#18939,#9347);
#7560=LINE('',#18941,#9348);
#7561=LINE('',#18943,#9349);
#7562=LINE('',#18945,#9350);
#7563=LINE('',#18947,#9351);
#7564=LINE('',#18949,#9352);
#7565=LINE('',#18951,#9353);
#7566=LINE('',#18953,#9354);
#7567=LINE('',#18956,#9355);
#7568=LINE('',#18958,#9356);
#7569=LINE('',#18959,#9357);
#7570=LINE('',#18961,#9358);
#7571=LINE('',#18963,#9359);
#7572=LINE('',#18967,#9360);
#7573=LINE('',#18969,#9361);
#7574=LINE('',#18971,#9362);
#7575=LINE('',#18974,#9363);
#7576=LINE('',#18976,#9364);
#7577=LINE('',#18980,#9365);
#7578=LINE('',#18982,#9366);
#7579=LINE('',#18984,#9367);
#7580=LINE('',#18986,#9368);
#7581=LINE('',#18988,#9369);
#7582=LINE('',#18990,#9370);
#7583=LINE('',#18992,#9371);
#7584=LINE('',#18994,#9372);
#7585=LINE('',#18996,#9373);
#7586=LINE('',#18998,#9374);
#7587=LINE('',#19001,#9375);
#7588=LINE('',#19003,#9376);
#7589=LINE('',#19004,#9377);
#7590=LINE('',#19006,#9378);
#7591=LINE('',#19008,#9379);
#7592=LINE('',#19012,#9380);
#7593=LINE('',#19014,#9381);
#7594=LINE('',#19016,#9382);
#7595=LINE('',#19019,#9383);
#7596=LINE('',#19021,#9384);
#7597=LINE('',#19025,#9385);
#7598=LINE('',#19027,#9386);
#7599=LINE('',#19029,#9387);
#7600=LINE('',#19031,#9388);
#7601=LINE('',#19033,#9389);
#7602=LINE('',#19035,#9390);
#7603=LINE('',#19037,#9391);
#7604=LINE('',#19039,#9392);
#7605=LINE('',#19041,#9393);
#7606=LINE('',#19043,#9394);
#7607=LINE('',#19046,#9395);
#7608=LINE('',#19048,#9396);
#7609=LINE('',#19049,#9397);
#7610=LINE('',#19051,#9398);
#7611=LINE('',#19053,#9399);
#7612=LINE('',#19057,#9400);
#7613=LINE('',#19059,#9401);
#7614=LINE('',#19061,#9402);
#7615=LINE('',#19064,#9403);
#7616=LINE('',#19066,#9404);
#7617=LINE('',#19070,#9405);
#7618=LINE('',#19072,#9406);
#7619=LINE('',#19074,#9407);
#7620=LINE('',#19076,#9408);
#7621=LINE('',#19078,#9409);
#7622=LINE('',#19080,#9410);
#7623=LINE('',#19082,#9411);
#7624=LINE('',#19084,#9412);
#7625=LINE('',#19086,#9413);
#7626=LINE('',#19088,#9414);
#7627=LINE('',#19091,#9415);
#7628=LINE('',#19093,#9416);
#7629=LINE('',#19094,#9417);
#7630=LINE('',#19096,#9418);
#7631=LINE('',#19098,#9419);
#7632=LINE('',#19102,#9420);
#7633=LINE('',#19104,#9421);
#7634=LINE('',#19106,#9422);
#7635=LINE('',#19109,#9423);
#7636=LINE('',#19111,#9424);
#7637=LINE('',#19115,#9425);
#7638=LINE('',#19117,#9426);
#7639=LINE('',#19119,#9427);
#7640=LINE('',#19121,#9428);
#7641=LINE('',#19123,#9429);
#7642=LINE('',#19125,#9430);
#7643=LINE('',#19127,#9431);
#7644=LINE('',#19129,#9432);
#7645=LINE('',#19131,#9433);
#7646=LINE('',#19133,#9434);
#7647=LINE('',#19136,#9435);
#7648=LINE('',#19138,#9436);
#7649=LINE('',#19139,#9437);
#7650=LINE('',#19141,#9438);
#7651=LINE('',#19143,#9439);
#7652=LINE('',#19147,#9440);
#7653=LINE('',#19149,#9441);
#7654=LINE('',#19151,#9442);
#7655=LINE('',#19154,#9443);
#7656=LINE('',#19156,#9444);
#7657=LINE('',#19160,#9445);
#7658=LINE('',#19162,#9446);
#7659=LINE('',#19164,#9447);
#7660=LINE('',#19166,#9448);
#7661=LINE('',#19168,#9449);
#7662=LINE('',#19170,#9450);
#7663=LINE('',#19172,#9451);
#7664=LINE('',#19174,#9452);
#7665=LINE('',#19176,#9453);
#7666=LINE('',#19178,#9454);
#7667=LINE('',#19181,#9455);
#7668=LINE('',#19183,#9456);
#7669=LINE('',#19184,#9457);
#7670=LINE('',#19186,#9458);
#7671=LINE('',#19188,#9459);
#7672=LINE('',#19192,#9460);
#7673=LINE('',#19194,#9461);
#7674=LINE('',#19196,#9462);
#7675=LINE('',#19199,#9463);
#7676=LINE('',#19201,#9464);
#7677=LINE('',#19205,#9465);
#7678=LINE('',#19207,#9466);
#7679=LINE('',#19209,#9467);
#7680=LINE('',#19211,#9468);
#7681=LINE('',#19213,#9469);
#7682=LINE('',#19215,#9470);
#7683=LINE('',#19217,#9471);
#7684=LINE('',#19219,#9472);
#7685=LINE('',#19221,#9473);
#7686=LINE('',#19223,#9474);
#7687=LINE('',#19226,#9475);
#7688=LINE('',#19228,#9476);
#7689=LINE('',#19229,#9477);
#7690=LINE('',#19231,#9478);
#7691=LINE('',#19233,#9479);
#7692=LINE('',#19237,#9480);
#7693=LINE('',#19239,#9481);
#7694=LINE('',#19241,#9482);
#7695=LINE('',#19244,#9483);
#7696=LINE('',#19246,#9484);
#7697=LINE('',#19250,#9485);
#7698=LINE('',#19252,#9486);
#7699=LINE('',#19254,#9487);
#7700=LINE('',#19256,#9488);
#7701=LINE('',#19258,#9489);
#7702=LINE('',#19260,#9490);
#7703=LINE('',#19262,#9491);
#7704=LINE('',#19264,#9492);
#7705=LINE('',#19266,#9493);
#7706=LINE('',#19268,#9494);
#7707=LINE('',#19271,#9495);
#7708=LINE('',#19273,#9496);
#7709=LINE('',#19274,#9497);
#7710=LINE('',#19276,#9498);
#7711=LINE('',#19278,#9499);
#7712=LINE('',#19282,#9500);
#7713=LINE('',#19284,#9501);
#7714=LINE('',#19286,#9502);
#7715=LINE('',#19289,#9503);
#7716=LINE('',#19291,#9504);
#7717=LINE('',#19295,#9505);
#7718=LINE('',#19297,#9506);
#7719=LINE('',#19299,#9507);
#7720=LINE('',#19301,#9508);
#7721=LINE('',#19303,#9509);
#7722=LINE('',#19305,#9510);
#7723=LINE('',#19307,#9511);
#7724=LINE('',#19309,#9512);
#7725=LINE('',#19311,#9513);
#7726=LINE('',#19313,#9514);
#7727=LINE('',#19316,#9515);
#7728=LINE('',#19318,#9516);
#7729=LINE('',#19319,#9517);
#7730=LINE('',#19321,#9518);
#7731=LINE('',#19323,#9519);
#7732=LINE('',#19327,#9520);
#7733=LINE('',#19329,#9521);
#7734=LINE('',#19331,#9522);
#7735=LINE('',#19334,#9523);
#7736=LINE('',#19336,#9524);
#7737=LINE('',#19340,#9525);
#7738=LINE('',#19342,#9526);
#7739=LINE('',#19344,#9527);
#7740=LINE('',#19346,#9528);
#7741=LINE('',#19348,#9529);
#7742=LINE('',#19350,#9530);
#7743=LINE('',#19352,#9531);
#7744=LINE('',#19354,#9532);
#7745=LINE('',#19356,#9533);
#7746=LINE('',#19358,#9534);
#7747=LINE('',#19361,#9535);
#7748=LINE('',#19363,#9536);
#7749=LINE('',#19364,#9537);
#7750=LINE('',#19366,#9538);
#7751=LINE('',#19368,#9539);
#7752=LINE('',#19372,#9540);
#7753=LINE('',#19374,#9541);
#7754=LINE('',#19376,#9542);
#7755=LINE('',#19379,#9543);
#7756=LINE('',#19381,#9544);
#7757=LINE('',#19385,#9545);
#7758=LINE('',#19387,#9546);
#7759=LINE('',#19389,#9547);
#7760=LINE('',#19391,#9548);
#7761=LINE('',#19393,#9549);
#7762=LINE('',#19395,#9550);
#7763=LINE('',#19397,#9551);
#7764=LINE('',#19399,#9552);
#7765=LINE('',#19401,#9553);
#7766=LINE('',#19403,#9554);
#7767=LINE('',#19406,#9555);
#7768=LINE('',#19408,#9556);
#7769=LINE('',#19409,#9557);
#7770=LINE('',#19411,#9558);
#7771=LINE('',#19413,#9559);
#7772=LINE('',#19417,#9560);
#7773=LINE('',#19419,#9561);
#7774=LINE('',#19421,#9562);
#7775=LINE('',#19424,#9563);
#7776=LINE('',#19426,#9564);
#7777=LINE('',#19430,#9565);
#7778=LINE('',#19432,#9566);
#7779=LINE('',#19434,#9567);
#7780=LINE('',#19436,#9568);
#7781=LINE('',#19438,#9569);
#7782=LINE('',#19440,#9570);
#7783=LINE('',#19442,#9571);
#7784=LINE('',#19444,#9572);
#7785=LINE('',#19446,#9573);
#7786=LINE('',#19448,#9574);
#7787=LINE('',#19451,#9575);
#7788=LINE('',#19453,#9576);
#7789=LINE('',#19454,#9577);
#7790=LINE('',#19456,#9578);
#7791=LINE('',#19458,#9579);
#7792=LINE('',#19462,#9580);
#7793=LINE('',#19464,#9581);
#7794=LINE('',#19466,#9582);
#7795=LINE('',#19469,#9583);
#7796=LINE('',#19471,#9584);
#7797=LINE('',#19475,#9585);
#7798=LINE('',#19477,#9586);
#7799=LINE('',#19479,#9587);
#7800=LINE('',#19481,#9588);
#7801=LINE('',#19483,#9589);
#7802=LINE('',#19485,#9590);
#7803=LINE('',#19487,#9591);
#7804=LINE('',#19489,#9592);
#7805=LINE('',#19491,#9593);
#7806=LINE('',#19493,#9594);
#7807=LINE('',#19496,#9595);
#7808=LINE('',#19498,#9596);
#7809=LINE('',#19499,#9597);
#7810=LINE('',#19501,#9598);
#7811=LINE('',#19503,#9599);
#7812=LINE('',#19507,#9600);
#7813=LINE('',#19509,#9601);
#7814=LINE('',#19511,#9602);
#7815=LINE('',#19512,#9603);
#7816=LINE('',#19514,#9604);
#7817=LINE('',#19515,#9605);
#7818=LINE('',#19517,#9606);
#7819=LINE('',#19518,#9607);
#7820=LINE('',#19520,#9608);
#7821=LINE('',#19521,#9609);
#7822=LINE('',#19523,#9610);
#7823=LINE('',#19524,#9611);
#7824=LINE('',#19526,#9612);
#7825=LINE('',#19527,#9613);
#7826=LINE('',#19529,#9614);
#7827=LINE('',#19530,#9615);
#7828=LINE('',#19532,#9616);
#7829=LINE('',#19533,#9617);
#7830=LINE('',#19535,#9618);
#7831=LINE('',#19536,#9619);
#7832=LINE('',#19538,#9620);
#7833=LINE('',#19539,#9621);
#7834=LINE('',#19541,#9622);
#7835=LINE('',#19542,#9623);
#7836=LINE('',#19544,#9624);
#7837=LINE('',#19545,#9625);
#7838=LINE('',#19547,#9626);
#7839=LINE('',#19548,#9627);
#7840=LINE('',#19550,#9628);
#7841=LINE('',#19551,#9629);
#7842=LINE('',#19553,#9630);
#7843=LINE('',#19554,#9631);
#7844=LINE('',#19556,#9632);
#7845=LINE('',#19557,#9633);
#7846=LINE('',#19560,#9634);
#7847=LINE('',#19562,#9635);
#7848=LINE('',#19564,#9636);
#7849=LINE('',#19566,#9637);
#7850=LINE('',#19568,#9638);
#7851=LINE('',#19570,#9639);
#7852=LINE('',#19573,#9640);
#7853=LINE('',#19575,#9641);
#7854=LINE('',#19577,#9642);
#7855=LINE('',#19579,#9643);
#7856=LINE('',#19581,#9644);
#7857=LINE('',#19583,#9645);
#7858=LINE('',#19586,#9646);
#7859=LINE('',#19588,#9647);
#7860=LINE('',#19590,#9648);
#7861=LINE('',#19592,#9649);
#7862=LINE('',#19594,#9650);
#7863=LINE('',#19596,#9651);
#7864=LINE('',#19599,#9652);
#7865=LINE('',#19601,#9653);
#7866=LINE('',#19603,#9654);
#7867=LINE('',#19605,#9655);
#7868=LINE('',#19607,#9656);
#7869=LINE('',#19609,#9657);
#7870=LINE('',#19612,#9658);
#7871=LINE('',#19614,#9659);
#7872=LINE('',#19616,#9660);
#7873=LINE('',#19618,#9661);
#7874=LINE('',#19620,#9662);
#7875=LINE('',#19622,#9663);
#7876=LINE('',#19625,#9664);
#7877=LINE('',#19627,#9665);
#7878=LINE('',#19629,#9666);
#7879=LINE('',#19631,#9667);
#7880=LINE('',#19633,#9668);
#7881=LINE('',#19635,#9669);
#7882=LINE('',#19638,#9670);
#7883=LINE('',#19640,#9671);
#7884=LINE('',#19642,#9672);
#7885=LINE('',#19644,#9673);
#7886=LINE('',#19646,#9674);
#7887=LINE('',#19648,#9675);
#7888=LINE('',#19651,#9676);
#7889=LINE('',#19653,#9677);
#7890=LINE('',#19655,#9678);
#7891=LINE('',#19657,#9679);
#7892=LINE('',#19659,#9680);
#7893=LINE('',#19661,#9681);
#7894=LINE('',#19664,#9682);
#7895=LINE('',#19666,#9683);
#7896=LINE('',#19668,#9684);
#7897=LINE('',#19670,#9685);
#7898=LINE('',#19672,#9686);
#7899=LINE('',#19674,#9687);
#7900=LINE('',#19677,#9688);
#7901=LINE('',#19679,#9689);
#7902=LINE('',#19681,#9690);
#7903=LINE('',#19683,#9691);
#7904=LINE('',#19685,#9692);
#7905=LINE('',#19687,#9693);
#7906=LINE('',#19690,#9694);
#7907=LINE('',#19692,#9695);
#7908=LINE('',#19694,#9696);
#7909=LINE('',#19696,#9697);
#7910=LINE('',#19698,#9698);
#7911=LINE('',#19700,#9699);
#7912=LINE('',#19703,#9700);
#7913=LINE('',#19705,#9701);
#7914=LINE('',#19707,#9702);
#7915=LINE('',#19709,#9703);
#7916=LINE('',#19711,#9704);
#7917=LINE('',#19713,#9705);
#7918=LINE('',#19716,#9706);
#7919=LINE('',#19718,#9707);
#7920=LINE('',#19720,#9708);
#7921=LINE('',#19722,#9709);
#7922=LINE('',#19724,#9710);
#7923=LINE('',#19726,#9711);
#7924=LINE('',#19729,#9712);
#7925=LINE('',#19731,#9713);
#7926=LINE('',#19733,#9714);
#7927=LINE('',#19735,#9715);
#7928=LINE('',#19737,#9716);
#7929=LINE('',#19739,#9717);
#7930=LINE('',#19742,#9718);
#7931=LINE('',#19744,#9719);
#7932=LINE('',#19746,#9720);
#7933=LINE('',#19748,#9721);
#7934=LINE('',#19750,#9722);
#7935=LINE('',#19752,#9723);
#7936=LINE('',#19755,#9724);
#7937=LINE('',#19756,#9725);
#7938=LINE('',#19758,#9726);
#7939=LINE('',#19760,#9727);
#7940=LINE('',#19762,#9728);
#7941=LINE('',#19764,#9729);
#7942=LINE('',#19770,#9730);
#7943=LINE('',#19773,#9731);
#7944=LINE('',#19775,#9732);
#7945=LINE('',#19777,#9733);
#7946=LINE('',#19778,#9734);
#7947=LINE('',#19781,#9735);
#7948=LINE('',#19783,#9736);
#7949=LINE('',#19785,#9737);
#7950=LINE('',#19786,#9738);
#7951=LINE('',#19789,#9739);
#7952=LINE('',#19791,#9740);
#7953=LINE('',#19793,#9741);
#7954=LINE('',#19794,#9742);
#7955=LINE('',#19797,#9743);
#7956=LINE('',#19799,#9744);
#7957=LINE('',#19801,#9745);
#7958=LINE('',#19802,#9746);
#7959=LINE('',#19805,#9747);
#7960=LINE('',#19807,#9748);
#7961=LINE('',#19809,#9749);
#7962=LINE('',#19810,#9750);
#7963=LINE('',#19813,#9751);
#7964=LINE('',#19815,#9752);
#7965=LINE('',#19817,#9753);
#7966=LINE('',#19818,#9754);
#7967=LINE('',#19821,#9755);
#7968=LINE('',#19823,#9756);
#7969=LINE('',#19825,#9757);
#7970=LINE('',#19826,#9758);
#7971=LINE('',#19829,#9759);
#7972=LINE('',#19831,#9760);
#7973=LINE('',#19833,#9761);
#7974=LINE('',#19834,#9762);
#7975=LINE('',#19837,#9763);
#7976=LINE('',#19839,#9764);
#7977=LINE('',#19841,#9765);
#7978=LINE('',#19843,#9766);
#7979=LINE('',#19845,#9767);
#7980=LINE('',#19847,#9768);
#7981=LINE('',#19849,#9769);
#7982=LINE('',#19851,#9770);
#7983=LINE('',#19853,#9771);
#7984=LINE('',#19855,#9772);
#7985=LINE('',#19857,#9773);
#7986=LINE('',#19859,#9774);
#7987=LINE('',#19861,#9775);
#7988=LINE('',#19863,#9776);
#7989=LINE('',#19865,#9777);
#7990=LINE('',#19867,#9778);
#7991=LINE('',#19869,#9779);
#7992=LINE('',#19871,#9780);
#7993=LINE('',#19873,#9781);
#7994=LINE('',#19875,#9782);
#7995=LINE('',#19877,#9783);
#7996=LINE('',#19879,#9784);
#7997=LINE('',#19881,#9785);
#7998=LINE('',#19883,#9786);
#7999=LINE('',#19885,#9787);
#8000=LINE('',#19887,#9788);
#8001=LINE('',#19889,#9789);
#8002=LINE('',#19891,#9790);
#8003=LINE('',#19893,#9791);
#8004=LINE('',#19895,#9792);
#8005=LINE('',#19897,#9793);
#8006=LINE('',#19899,#9794);
#8007=LINE('',#19901,#9795);
#8008=LINE('',#19903,#9796);
#8009=LINE('',#19905,#9797);
#8010=LINE('',#19907,#9798);
#8011=LINE('',#19909,#9799);
#8012=LINE('',#19911,#9800);
#8013=LINE('',#19913,#9801);
#8014=LINE('',#19915,#9802);
#8015=LINE('',#19917,#9803);
#8016=LINE('',#19919,#9804);
#8017=LINE('',#19921,#9805);
#8018=LINE('',#19923,#9806);
#8019=LINE('',#19925,#9807);
#8020=LINE('',#19927,#9808);
#8021=LINE('',#19929,#9809);
#8022=LINE('',#19931,#9810);
#8023=LINE('',#19933,#9811);
#8024=LINE('',#19935,#9812);
#8025=LINE('',#19937,#9813);
#8026=LINE('',#19939,#9814);
#8027=LINE('',#19941,#9815);
#8028=LINE('',#19943,#9816);
#8029=LINE('',#19945,#9817);
#8030=LINE('',#19947,#9818);
#8031=LINE('',#19949,#9819);
#8032=LINE('',#19951,#9820);
#8033=LINE('',#19953,#9821);
#8034=LINE('',#19955,#9822);
#8035=LINE('',#19957,#9823);
#8036=LINE('',#19959,#9824);
#8037=LINE('',#19961,#9825);
#8038=LINE('',#19963,#9826);
#8039=LINE('',#19965,#9827);
#8040=LINE('',#19967,#9828);
#8041=LINE('',#19969,#9829);
#8042=LINE('',#19971,#9830);
#8043=LINE('',#19973,#9831);
#8044=LINE('',#19975,#9832);
#8045=LINE('',#19977,#9833);
#8046=LINE('',#19979,#9834);
#8047=LINE('',#19981,#9835);
#8048=LINE('',#19983,#9836);
#8049=LINE('',#19985,#9837);
#8050=LINE('',#19987,#9838);
#8051=LINE('',#19989,#9839);
#8052=LINE('',#19991,#9840);
#8053=LINE('',#19993,#9841);
#8054=LINE('',#19995,#9842);
#8055=LINE('',#19997,#9843);
#8056=LINE('',#19999,#9844);
#8057=LINE('',#20001,#9845);
#8058=LINE('',#20003,#9846);
#8059=LINE('',#20005,#9847);
#8060=LINE('',#20007,#9848);
#8061=LINE('',#20009,#9849);
#8062=LINE('',#20011,#9850);
#8063=LINE('',#20013,#9851);
#8064=LINE('',#20015,#9852);
#8065=LINE('',#20017,#9853);
#8066=LINE('',#20019,#9854);
#8067=LINE('',#20021,#9855);
#8068=LINE('',#20023,#9856);
#8069=LINE('',#20025,#9857);
#8070=LINE('',#20027,#9858);
#8071=LINE('',#20029,#9859);
#8072=LINE('',#20031,#9860);
#8073=LINE('',#20033,#9861);
#8074=LINE('',#20035,#9862);
#8075=LINE('',#20037,#9863);
#8076=LINE('',#20039,#9864);
#8077=LINE('',#20041,#9865);
#8078=LINE('',#20043,#9866);
#8079=LINE('',#20045,#9867);
#8080=LINE('',#20047,#9868);
#8081=LINE('',#20049,#9869);
#8082=LINE('',#20051,#9870);
#8083=LINE('',#20053,#9871);
#8084=LINE('',#20055,#9872);
#8085=LINE('',#20057,#9873);
#8086=LINE('',#20059,#9874);
#8087=LINE('',#20061,#9875);
#8088=LINE('',#20063,#9876);
#8089=LINE('',#20065,#9877);
#8090=LINE('',#20067,#9878);
#8091=LINE('',#20069,#9879);
#8092=LINE('',#20071,#9880);
#8093=LINE('',#20073,#9881);
#8094=LINE('',#20075,#9882);
#8095=LINE('',#20077,#9883);
#8096=LINE('',#20079,#9884);
#8097=LINE('',#20081,#9885);
#8098=LINE('',#20083,#9886);
#8099=LINE('',#20085,#9887);
#8100=LINE('',#20087,#9888);
#8101=LINE('',#20089,#9889);
#8102=LINE('',#20091,#9890);
#8103=LINE('',#20093,#9891);
#8104=LINE('',#20095,#9892);
#8105=LINE('',#20097,#9893);
#8106=LINE('',#20098,#9894);
#8107=LINE('',#20101,#9895);
#8108=LINE('',#20103,#9896);
#8109=LINE('',#20105,#9897);
#8110=LINE('',#20106,#9898);
#8111=LINE('',#20109,#9899);
#8112=LINE('',#20111,#9900);
#8113=LINE('',#20113,#9901);
#8114=LINE('',#20114,#9902);
#8115=LINE('',#20117,#9903);
#8116=LINE('',#20119,#9904);
#8117=LINE('',#20121,#9905);
#8118=LINE('',#20122,#9906);
#8119=LINE('',#20125,#9907);
#8120=LINE('',#20127,#9908);
#8121=LINE('',#20129,#9909);
#8122=LINE('',#20130,#9910);
#8123=LINE('',#20133,#9911);
#8124=LINE('',#20135,#9912);
#8125=LINE('',#20137,#9913);
#8126=LINE('',#20138,#9914);
#8127=LINE('',#20141,#9915);
#8128=LINE('',#20143,#9916);
#8129=LINE('',#20145,#9917);
#8130=LINE('',#20146,#9918);
#8131=LINE('',#20149,#9919);
#8132=LINE('',#20151,#9920);
#8133=LINE('',#20153,#9921);
#8134=LINE('',#20154,#9922);
#8135=LINE('',#20157,#9923);
#8136=LINE('',#20159,#9924);
#8137=LINE('',#20161,#9925);
#8138=LINE('',#20163,#9926);
#8139=LINE('',#20165,#9927);
#8140=LINE('',#20167,#9928);
#8141=LINE('',#20168,#9929);
#8142=LINE('',#20170,#9930);
#8143=LINE('',#20172,#9931);
#8144=LINE('',#20173,#9932);
#8145=LINE('',#20175,#9933);
#8146=LINE('',#20177,#9934);
#8147=LINE('',#20178,#9935);
#8148=LINE('',#20180,#9936);
#8149=LINE('',#20182,#9937);
#8150=LINE('',#20183,#9938);
#8151=LINE('',#20185,#9939);
#8152=LINE('',#20187,#9940);
#8153=LINE('',#20188,#9941);
#8154=LINE('',#20190,#9942);
#8155=LINE('',#20192,#9943);
#8156=LINE('',#20193,#9944);
#8157=LINE('',#20195,#9945);
#8158=LINE('',#20197,#9946);
#8159=LINE('',#20198,#9947);
#8160=LINE('',#20200,#9948);
#8161=LINE('',#20202,#9949);
#8162=LINE('',#20203,#9950);
#8163=LINE('',#20205,#9951);
#8164=LINE('',#20207,#9952);
#8165=LINE('',#20208,#9953);
#8166=LINE('',#20210,#9954);
#8167=LINE('',#20212,#9955);
#8168=LINE('',#20213,#9956);
#8169=LINE('',#20215,#9957);
#8170=LINE('',#20217,#9958);
#8171=LINE('',#20218,#9959);
#8172=LINE('',#20220,#9960);
#8173=LINE('',#20222,#9961);
#8174=LINE('',#20223,#9962);
#8175=LINE('',#20225,#9963);
#8176=LINE('',#20227,#9964);
#8177=LINE('',#20228,#9965);
#8178=LINE('',#20230,#9966);
#8179=LINE('',#20232,#9967);
#8180=LINE('',#20233,#9968);
#8181=LINE('',#20235,#9969);
#8182=LINE('',#20237,#9970);
#8183=LINE('',#20238,#9971);
#8184=LINE('',#20240,#9972);
#8185=LINE('',#20242,#9973);
#8186=LINE('',#20243,#9974);
#8187=LINE('',#20245,#9975);
#8188=LINE('',#20247,#9976);
#8189=LINE('',#20249,#9977);
#8190=LINE('',#20251,#9978);
#8191=LINE('',#20253,#9979);
#8192=LINE('',#20255,#9980);
#8193=LINE('',#20257,#9981);
#8194=LINE('',#20258,#9982);
#8195=LINE('',#20260,#9983);
#8196=LINE('',#20262,#9984);
#8197=LINE('',#20263,#9985);
#8198=LINE('',#20265,#9986);
#8199=LINE('',#20267,#9987);
#8200=LINE('',#20268,#9988);
#8201=LINE('',#20270,#9989);
#8202=LINE('',#20272,#9990);
#8203=LINE('',#20273,#9991);
#8204=LINE('',#20275,#9992);
#8205=LINE('',#20277,#9993);
#8206=LINE('',#20278,#9994);
#8207=LINE('',#20280,#9995);
#8208=LINE('',#20282,#9996);
#8209=LINE('',#20283,#9997);
#8210=LINE('',#20285,#9998);
#8211=LINE('',#20287,#9999);
#8212=LINE('',#20288,#10000);
#8213=LINE('',#20290,#10001);
#8214=LINE('',#20292,#10002);
#8215=LINE('',#20293,#10003);
#8216=LINE('',#20295,#10004);
#8217=LINE('',#20297,#10005);
#8218=LINE('',#20298,#10006);
#8219=LINE('',#20300,#10007);
#8220=LINE('',#20302,#10008);
#8221=LINE('',#20303,#10009);
#8222=LINE('',#20305,#10010);
#8223=LINE('',#20307,#10011);
#8224=LINE('',#20308,#10012);
#8225=LINE('',#20310,#10013);
#8226=LINE('',#20312,#10014);
#8227=LINE('',#20313,#10015);
#8228=LINE('',#20315,#10016);
#8229=LINE('',#20317,#10017);
#8230=LINE('',#20318,#10018);
#8231=LINE('',#20320,#10019);
#8232=LINE('',#20322,#10020);
#8233=LINE('',#20323,#10021);
#8234=LINE('',#20325,#10022);
#8235=LINE('',#20327,#10023);
#8236=LINE('',#20328,#10024);
#8237=LINE('',#20330,#10025);
#8238=LINE('',#20332,#10026);
#8239=LINE('',#20333,#10027);
#8240=LINE('',#20335,#10028);
#8241=LINE('',#20337,#10029);
#8242=LINE('',#20340,#10030);
#8243=LINE('',#20343,#10031);
#8244=LINE('',#20344,#10032);
#8245=LINE('',#20346,#10033);
#8246=LINE('',#20348,#10034);
#8247=LINE('',#20351,#10035);
#8248=LINE('',#20354,#10036);
#8249=LINE('',#20355,#10037);
#8250=LINE('',#20357,#10038);
#8251=LINE('',#20359,#10039);
#8252=LINE('',#20362,#10040);
#8253=LINE('',#20364,#10041);
#8254=LINE('',#20366,#10042);
#8255=LINE('',#20368,#10043);
#8256=LINE('',#20370,#10044);
#8257=LINE('',#20373,#10045);
#8258=LINE('',#20375,#10046);
#8259=LINE('',#20377,#10047);
#8260=LINE('',#20379,#10048);
#8261=LINE('',#20381,#10049);
#8262=LINE('',#20384,#10050);
#8263=LINE('',#20386,#10051);
#8264=LINE('',#20388,#10052);
#8265=LINE('',#20390,#10053);
#8266=LINE('',#20392,#10054);
#8267=LINE('',#20395,#10055);
#8268=LINE('',#20397,#10056);
#8269=LINE('',#20399,#10057);
#8270=LINE('',#20401,#10058);
#8271=LINE('',#20403,#10059);
#8272=LINE('',#20406,#10060);
#8273=LINE('',#20408,#10061);
#8274=LINE('',#20410,#10062);
#8275=LINE('',#20412,#10063);
#8276=LINE('',#20414,#10064);
#8277=LINE('',#20417,#10065);
#8278=LINE('',#20419,#10066);
#8279=LINE('',#20421,#10067);
#8280=LINE('',#20423,#10068);
#8281=LINE('',#20425,#10069);
#8282=LINE('',#20428,#10070);
#8283=LINE('',#20430,#10071);
#8284=LINE('',#20432,#10072);
#8285=LINE('',#20434,#10073);
#8286=LINE('',#20436,#10074);
#8287=LINE('',#20439,#10075);
#8288=LINE('',#20441,#10076);
#8289=LINE('',#20443,#10077);
#8290=LINE('',#20445,#10078);
#8291=LINE('',#20447,#10079);
#8292=LINE('',#20450,#10080);
#8293=LINE('',#20452,#10081);
#8294=LINE('',#20454,#10082);
#8295=LINE('',#20456,#10083);
#8296=LINE('',#20458,#10084);
#8297=LINE('',#20461,#10085);
#8298=LINE('',#20463,#10086);
#8299=LINE('',#20465,#10087);
#8300=LINE('',#20467,#10088);
#8301=LINE('',#20469,#10089);
#8302=LINE('',#20472,#10090);
#8303=LINE('',#20474,#10091);
#8304=LINE('',#20476,#10092);
#8305=LINE('',#20478,#10093);
#8306=LINE('',#20480,#10094);
#8307=LINE('',#20483,#10095);
#8308=LINE('',#20485,#10096);
#8309=LINE('',#20487,#10097);
#8310=LINE('',#20489,#10098);
#8311=LINE('',#20491,#10099);
#8312=LINE('',#20494,#10100);
#8313=LINE('',#20496,#10101);
#8314=LINE('',#20498,#10102);
#8315=LINE('',#20500,#10103);
#8316=LINE('',#20502,#10104);
#8317=LINE('',#20505,#10105);
#8318=LINE('',#20507,#10106);
#8319=LINE('',#20509,#10107);
#8320=LINE('',#20511,#10108);
#8321=LINE('',#20513,#10109);
#8322=LINE('',#20516,#10110);
#8323=LINE('',#20519,#10111);
#8324=LINE('',#20520,#10112);
#8325=LINE('',#20522,#10113);
#8326=LINE('',#20524,#10114);
#8327=LINE('',#20527,#10115);
#8328=LINE('',#20530,#10116);
#8329=LINE('',#20531,#10117);
#8330=LINE('',#20533,#10118);
#8331=LINE('',#20535,#10119);
#8332=LINE('',#20538,#10120);
#8333=LINE('',#20541,#10121);
#8334=LINE('',#20542,#10122);
#8335=LINE('',#20544,#10123);
#8336=LINE('',#20546,#10124);
#8337=LINE('',#20549,#10125);
#8338=LINE('',#20552,#10126);
#8339=LINE('',#20553,#10127);
#8340=LINE('',#20555,#10128);
#8341=LINE('',#20557,#10129);
#8342=LINE('',#20560,#10130);
#8343=LINE('',#20563,#10131);
#8344=LINE('',#20564,#10132);
#8345=LINE('',#20566,#10133);
#8346=LINE('',#20568,#10134);
#8347=LINE('',#20571,#10135);
#8348=LINE('',#20574,#10136);
#8349=LINE('',#20575,#10137);
#8350=LINE('',#20577,#10138);
#8351=LINE('',#20579,#10139);
#8352=LINE('',#20582,#10140);
#8353=LINE('',#20585,#10141);
#8354=LINE('',#20586,#10142);
#8355=LINE('',#20588,#10143);
#8356=LINE('',#20590,#10144);
#8357=LINE('',#20593,#10145);
#8358=LINE('',#20596,#10146);
#8359=LINE('',#20597,#10147);
#8360=LINE('',#20599,#10148);
#8361=LINE('',#20601,#10149);
#8362=LINE('',#20604,#10150);
#8363=LINE('',#20606,#10151);
#8364=LINE('',#20608,#10152);
#8365=LINE('',#20610,#10153);
#8366=LINE('',#20612,#10154);
#8367=LINE('',#20615,#10155);
#8368=LINE('',#20617,#10156);
#8369=LINE('',#20619,#10157);
#8370=LINE('',#20621,#10158);
#8371=LINE('',#20623,#10159);
#8372=LINE('',#20626,#10160);
#8373=LINE('',#20629,#10161);
#8374=LINE('',#20630,#10162);
#8375=LINE('',#20632,#10163);
#8376=LINE('',#20634,#10164);
#8377=LINE('',#20637,#10165);
#8378=LINE('',#20640,#10166);
#8379=LINE('',#20641,#10167);
#8380=LINE('',#20643,#10168);
#8381=LINE('',#20645,#10169);
#8382=LINE('',#20648,#10170);
#8383=LINE('',#20651,#10171);
#8384=LINE('',#20652,#10172);
#8385=LINE('',#20654,#10173);
#8386=LINE('',#20656,#10174);
#8387=LINE('',#20659,#10175);
#8388=LINE('',#20662,#10176);
#8389=LINE('',#20663,#10177);
#8390=LINE('',#20665,#10178);
#8391=LINE('',#20667,#10179);
#8392=LINE('',#20670,#10180);
#8393=LINE('',#20673,#10181);
#8394=LINE('',#20674,#10182);
#8395=LINE('',#20676,#10183);
#8396=LINE('',#20678,#10184);
#8397=LINE('',#20681,#10185);
#8398=LINE('',#20684,#10186);
#8399=LINE('',#20685,#10187);
#8400=LINE('',#20687,#10188);
#8401=LINE('',#20689,#10189);
#8402=LINE('',#20692,#10190);
#8403=LINE('',#20694,#10191);
#8404=LINE('',#20696,#10192);
#8405=LINE('',#20698,#10193);
#8406=LINE('',#20700,#10194);
#8407=LINE('',#20702,#10195);
#8408=LINE('',#20704,#10196);
#8409=LINE('',#20706,#10197);
#8410=LINE('',#20709,#10198);
#8411=LINE('',#20711,#10199);
#8412=LINE('',#20713,#10200);
#8413=LINE('',#20715,#10201);
#8414=LINE('',#20717,#10202);
#8415=LINE('',#20719,#10203);
#8416=LINE('',#20721,#10204);
#8417=LINE('',#20723,#10205);
#8418=LINE('',#20726,#10206);
#8419=LINE('',#20728,#10207);
#8420=LINE('',#20730,#10208);
#8421=LINE('',#20732,#10209);
#8422=LINE('',#20734,#10210);
#8423=LINE('',#20736,#10211);
#8424=LINE('',#20738,#10212);
#8425=LINE('',#20740,#10213);
#8426=LINE('',#20743,#10214);
#8427=LINE('',#20745,#10215);
#8428=LINE('',#20747,#10216);
#8429=LINE('',#20749,#10217);
#8430=LINE('',#20751,#10218);
#8431=LINE('',#20753,#10219);
#8432=LINE('',#20755,#10220);
#8433=LINE('',#20757,#10221);
#8434=LINE('',#20760,#10222);
#8435=LINE('',#20762,#10223);
#8436=LINE('',#20764,#10224);
#8437=LINE('',#20766,#10225);
#8438=LINE('',#20768,#10226);
#8439=LINE('',#20770,#10227);
#8440=LINE('',#20772,#10228);
#8441=LINE('',#20774,#10229);
#8442=LINE('',#20777,#10230);
#8443=LINE('',#20779,#10231);
#8444=LINE('',#20781,#10232);
#8445=LINE('',#20783,#10233);
#8446=LINE('',#20785,#10234);
#8447=LINE('',#20787,#10235);
#8448=LINE('',#20789,#10236);
#8449=LINE('',#20791,#10237);
#8450=LINE('',#20794,#10238);
#8451=LINE('',#20796,#10239);
#8452=LINE('',#20798,#10240);
#8453=LINE('',#20800,#10241);
#8454=LINE('',#20802,#10242);
#8455=LINE('',#20804,#10243);
#8456=LINE('',#20806,#10244);
#8457=LINE('',#20808,#10245);
#8458=LINE('',#20811,#10246);
#8459=LINE('',#20813,#10247);
#8460=LINE('',#20815,#10248);
#8461=LINE('',#20817,#10249);
#8462=LINE('',#20819,#10250);
#8463=LINE('',#20821,#10251);
#8464=LINE('',#20823,#10252);
#8465=LINE('',#20825,#10253);
#8466=LINE('',#20828,#10254);
#8467=LINE('',#20830,#10255);
#8468=LINE('',#20832,#10256);
#8469=LINE('',#20834,#10257);
#8470=LINE('',#20836,#10258);
#8471=LINE('',#20838,#10259);
#8472=LINE('',#20840,#10260);
#8473=LINE('',#20842,#10261);
#8474=LINE('',#20845,#10262);
#8475=LINE('',#20847,#10263);
#8476=LINE('',#20849,#10264);
#8477=LINE('',#20851,#10265);
#8478=LINE('',#20853,#10266);
#8479=LINE('',#20855,#10267);
#8480=LINE('',#20857,#10268);
#8481=LINE('',#20859,#10269);
#8482=LINE('',#20862,#10270);
#8483=LINE('',#20864,#10271);
#8484=LINE('',#20866,#10272);
#8485=LINE('',#20868,#10273);
#8486=LINE('',#20870,#10274);
#8487=LINE('',#20872,#10275);
#8488=LINE('',#20874,#10276);
#8489=LINE('',#20876,#10277);
#8490=LINE('',#20879,#10278);
#8491=LINE('',#20881,#10279);
#8492=LINE('',#20883,#10280);
#8493=LINE('',#20885,#10281);
#8494=LINE('',#20887,#10282);
#8495=LINE('',#20889,#10283);
#8496=LINE('',#20891,#10284);
#8497=LINE('',#20893,#10285);
#8498=LINE('',#20896,#10286);
#8499=LINE('',#20898,#10287);
#8500=LINE('',#20900,#10288);
#8501=LINE('',#20902,#10289);
#8502=LINE('',#20904,#10290);
#8503=LINE('',#20906,#10291);
#8504=LINE('',#20908,#10292);
#8505=LINE('',#20910,#10293);
#8506=LINE('',#20913,#10294);
#8507=LINE('',#20915,#10295);
#8508=LINE('',#20917,#10296);
#8509=LINE('',#20919,#10297);
#8510=LINE('',#20921,#10298);
#8511=LINE('',#20923,#10299);
#8512=LINE('',#20925,#10300);
#8513=LINE('',#20927,#10301);
#8514=LINE('',#20930,#10302);
#8515=LINE('',#20932,#10303);
#8516=LINE('',#20934,#10304);
#8517=LINE('',#20936,#10305);
#8518=LINE('',#20938,#10306);
#8519=LINE('',#20940,#10307);
#8520=LINE('',#20942,#10308);
#8521=LINE('',#20944,#10309);
#8522=LINE('',#20947,#10310);
#8523=LINE('',#20949,#10311);
#8524=LINE('',#20951,#10312);
#8525=LINE('',#20953,#10313);
#8526=LINE('',#20955,#10314);
#8527=LINE('',#20957,#10315);
#8528=LINE('',#20959,#10316);
#8529=LINE('',#20961,#10317);
#8530=VECTOR('',#13989,39.3700787401575);
#8531=VECTOR('',#13990,39.3700787401575);
#8532=VECTOR('',#13991,39.3700787401575);
#8533=VECTOR('',#13992,39.3700787401575);
#8534=VECTOR('',#13995,39.3700787401575);
#8535=VECTOR('',#13996,39.3700787401575);
#8536=VECTOR('',#13997,39.3700787401575);
#8537=VECTOR('',#13998,39.3700787401575);
#8538=VECTOR('',#14001,39.3700787401575);
#8539=VECTOR('',#14002,39.3700787401575);
#8540=VECTOR('',#14003,39.3700787401575);
#8541=VECTOR('',#14004,39.3700787401575);
#8542=VECTOR('',#14007,39.3700787401575);
#8543=VECTOR('',#14008,39.3700787401575);
#8544=VECTOR('',#14009,39.3700787401575);
#8545=VECTOR('',#14010,39.3700787401575);
#8546=VECTOR('',#14013,39.3700787401575);
#8547=VECTOR('',#14014,39.3700787401575);
#8548=VECTOR('',#14015,39.3700787401575);
#8549=VECTOR('',#14016,39.3700787401575);
#8550=VECTOR('',#14019,39.3700787401575);
#8551=VECTOR('',#14020,39.3700787401575);
#8552=VECTOR('',#14021,39.3700787401575);
#8553=VECTOR('',#14022,39.3700787401575);
#8554=VECTOR('',#14025,39.3700787401575);
#8555=VECTOR('',#14026,39.3700787401575);
#8556=VECTOR('',#14027,39.3700787401575);
#8557=VECTOR('',#14028,39.3700787401575);
#8558=VECTOR('',#14031,39.3700787401575);
#8559=VECTOR('',#14032,39.3700787401575);
#8560=VECTOR('',#14033,39.3700787401575);
#8561=VECTOR('',#14034,39.3700787401575);
#8562=VECTOR('',#14037,39.3700787401575);
#8563=VECTOR('',#14038,39.3700787401575);
#8564=VECTOR('',#14039,39.3700787401575);
#8565=VECTOR('',#14040,39.3700787401575);
#8566=VECTOR('',#14043,39.3700787401575);
#8567=VECTOR('',#14044,39.3700787401575);
#8568=VECTOR('',#14045,39.3700787401575);
#8569=VECTOR('',#14046,39.3700787401575);
#8570=VECTOR('',#14049,39.3700787401575);
#8571=VECTOR('',#14050,39.3700787401575);
#8572=VECTOR('',#14051,39.3700787401575);
#8573=VECTOR('',#14052,39.3700787401575);
#8574=VECTOR('',#14055,39.3700787401575);
#8575=VECTOR('',#14056,39.3700787401575);
#8576=VECTOR('',#14057,39.3700787401575);
#8577=VECTOR('',#14058,39.3700787401575);
#8578=VECTOR('',#14061,39.3700787401575);
#8579=VECTOR('',#14062,39.3700787401575);
#8580=VECTOR('',#14063,39.3700787401575);
#8581=VECTOR('',#14064,39.3700787401575);
#8582=VECTOR('',#14067,39.3700787401575);
#8583=VECTOR('',#14068,39.3700787401575);
#8584=VECTOR('',#14069,39.3700787401575);
#8585=VECTOR('',#14070,39.3700787401575);
#8586=VECTOR('',#14073,39.3700787401575);
#8587=VECTOR('',#14074,39.3700787401575);
#8588=VECTOR('',#14075,39.3700787401575);
#8589=VECTOR('',#14076,39.3700787401575);
#8590=VECTOR('',#14079,39.3700787401575);
#8591=VECTOR('',#14080,39.3700787401575);
#8592=VECTOR('',#14081,39.3700787401575);
#8593=VECTOR('',#14082,39.3700787401575);
#8594=VECTOR('',#14085,39.3700787401575);
#8595=VECTOR('',#14086,39.3700787401575);
#8596=VECTOR('',#14087,39.3700787401575);
#8597=VECTOR('',#14088,39.3700787401575);
#8598=VECTOR('',#14091,39.3700787401575);
#8599=VECTOR('',#14092,39.3700787401575);
#8600=VECTOR('',#14093,39.3700787401575);
#8601=VECTOR('',#14094,39.3700787401575);
#8602=VECTOR('',#14097,39.3700787401575);
#8603=VECTOR('',#14098,39.3700787401575);
#8604=VECTOR('',#14099,39.3700787401575);
#8605=VECTOR('',#14100,39.3700787401575);
#8606=VECTOR('',#14101,39.3700787401575);
#8607=VECTOR('',#14102,39.3700787401575);
#8608=VECTOR('',#14103,39.3700787401575);
#8609=VECTOR('',#14104,39.3700787401575);
#8610=VECTOR('',#14105,39.3700787401575);
#8611=VECTOR('',#14106,39.3700787401575);
#8612=VECTOR('',#14107,39.3700787401575);
#8613=VECTOR('',#14108,39.3700787401575);
#8614=VECTOR('',#14109,39.3700787401575);
#8615=VECTOR('',#14110,39.3700787401575);
#8616=VECTOR('',#14111,39.3700787401575);
#8617=VECTOR('',#14112,39.3700787401575);
#8618=VECTOR('',#14113,39.3700787401575);
#8619=VECTOR('',#14114,39.3700787401575);
#8620=VECTOR('',#14115,39.3700787401575);
#8621=VECTOR('',#14116,39.3700787401575);
#8622=VECTOR('',#14117,39.3700787401575);
#8623=VECTOR('',#14118,39.3700787401575);
#8624=VECTOR('',#14119,39.3700787401575);
#8625=VECTOR('',#14120,39.3700787401575);
#8626=VECTOR('',#14121,39.3700787401575);
#8627=VECTOR('',#14122,39.3700787401575);
#8628=VECTOR('',#14123,39.3700787401575);
#8629=VECTOR('',#14126,39.3700787401575);
#8630=VECTOR('',#14127,39.3700787401575);
#8631=VECTOR('',#14128,39.3700787401575);
#8632=VECTOR('',#14129,39.3700787401575);
#8633=VECTOR('',#14130,39.3700787401575);
#8634=VECTOR('',#14131,39.3700787401575);
#8635=VECTOR('',#14132,39.3700787401575);
#8636=VECTOR('',#14133,39.3700787401575);
#8637=VECTOR('',#14134,39.3700787401575);
#8638=VECTOR('',#14135,39.3700787401575);
#8639=VECTOR('',#14136,39.3700787401575);
#8640=VECTOR('',#14137,39.3700787401575);
#8641=VECTOR('',#14138,39.3700787401575);
#8642=VECTOR('',#14139,39.3700787401575);
#8643=VECTOR('',#14140,39.3700787401575);
#8644=VECTOR('',#14141,39.3700787401575);
#8645=VECTOR('',#14142,39.3700787401575);
#8646=VECTOR('',#14143,39.3700787401575);
#8647=VECTOR('',#14144,39.3700787401575);
#8648=VECTOR('',#14145,39.3700787401575);
#8649=VECTOR('',#14146,39.3700787401575);
#8650=VECTOR('',#14147,39.3700787401575);
#8651=VECTOR('',#14148,39.3700787401575);
#8652=VECTOR('',#14149,39.3700787401575);
#8653=VECTOR('',#14150,39.3700787401575);
#8654=VECTOR('',#14151,39.3700787401575);
#8655=VECTOR('',#14152,39.3700787401575);
#8656=VECTOR('',#14155,39.3700787401575);
#8657=VECTOR('',#14156,39.3700787401575);
#8658=VECTOR('',#14157,39.3700787401575);
#8659=VECTOR('',#14160,39.3700787401575);
#8660=VECTOR('',#14161,39.3700787401575);
#8661=VECTOR('',#14162,39.3700787401575);
#8662=VECTOR('',#14165,39.3700787401575);
#8663=VECTOR('',#14166,39.3700787401575);
#8664=VECTOR('',#14167,39.3700787401575);
#8665=VECTOR('',#14170,39.3700787401575);
#8666=VECTOR('',#14171,39.3700787401575);
#8667=VECTOR('',#14172,39.3700787401575);
#8668=VECTOR('',#14175,39.3700787401575);
#8669=VECTOR('',#14176,39.3700787401575);
#8670=VECTOR('',#14177,39.3700787401575);
#8671=VECTOR('',#14180,39.3700787401575);
#8672=VECTOR('',#14181,39.3700787401575);
#8673=VECTOR('',#14182,39.3700787401575);
#8674=VECTOR('',#14185,39.3700787401575);
#8675=VECTOR('',#14186,39.3700787401575);
#8676=VECTOR('',#14187,39.3700787401575);
#8677=VECTOR('',#14190,39.3700787401575);
#8678=VECTOR('',#14191,39.3700787401575);
#8679=VECTOR('',#14192,39.3700787401575);
#8680=VECTOR('',#14195,39.3700787401575);
#8681=VECTOR('',#14196,39.3700787401575);
#8682=VECTOR('',#14197,39.3700787401575);
#8683=VECTOR('',#14200,39.3700787401575);
#8684=VECTOR('',#14201,39.3700787401575);
#8685=VECTOR('',#14202,39.3700787401575);
#8686=VECTOR('',#14205,39.3700787401575);
#8687=VECTOR('',#14206,39.3700787401575);
#8688=VECTOR('',#14207,39.3700787401575);
#8689=VECTOR('',#14210,39.3700787401575);
#8690=VECTOR('',#14211,39.3700787401575);
#8691=VECTOR('',#14212,39.3700787401575);
#8692=VECTOR('',#14215,39.3700787401575);
#8693=VECTOR('',#14216,39.3700787401575);
#8694=VECTOR('',#14217,39.3700787401575);
#8695=VECTOR('',#14220,39.3700787401575);
#8696=VECTOR('',#14221,39.3700787401575);
#8697=VECTOR('',#14222,39.3700787401575);
#8698=VECTOR('',#14225,39.3700787401575);
#8699=VECTOR('',#14226,39.3700787401575);
#8700=VECTOR('',#14227,39.3700787401575);
#8701=VECTOR('',#14230,39.3700787401575);
#8702=VECTOR('',#14231,39.3700787401575);
#8703=VECTOR('',#14232,39.3700787401575);
#8704=VECTOR('',#14235,39.3700787401575);
#8705=VECTOR('',#14236,39.3700787401575);
#8706=VECTOR('',#14237,39.3700787401575);
#8707=VECTOR('',#14240,39.3700787401575);
#8708=VECTOR('',#14241,39.3700787401575);
#8709=VECTOR('',#14242,39.3700787401575);
#8710=VECTOR('',#14245,39.3700787401575);
#8711=VECTOR('',#14246,39.3700787401575);
#8712=VECTOR('',#14249,39.3700787401575);
#8713=VECTOR('',#14250,39.3700787401575);
#8714=VECTOR('',#14253,39.3700787401575);
#8715=VECTOR('',#14254,39.3700787401575);
#8716=VECTOR('',#14255,39.3700787401575);
#8717=VECTOR('',#14256,39.3700787401575);
#8718=VECTOR('',#14259,39.3700787401575);
#8719=VECTOR('',#14260,39.3700787401575);
#8720=VECTOR('',#14261,39.3700787401575);
#8721=VECTOR('',#14264,39.3700787401575);
#8722=VECTOR('',#14265,39.3700787401575);
#8723=VECTOR('',#14266,39.3700787401575);
#8724=VECTOR('',#14269,39.3700787401575);
#8725=VECTOR('',#14270,39.3700787401575);
#8726=VECTOR('',#14271,39.3700787401575);
#8727=VECTOR('',#14272,39.3700787401575);
#8728=VECTOR('',#14275,39.3700787401575);
#8729=VECTOR('',#14276,39.3700787401575);
#8730=VECTOR('',#14277,39.3700787401575);
#8731=VECTOR('',#14280,39.3700787401575);
#8732=VECTOR('',#14281,39.3700787401575);
#8733=VECTOR('',#14282,39.3700787401575);
#8734=VECTOR('',#14285,39.3700787401575);
#8735=VECTOR('',#14286,39.3700787401575);
#8736=VECTOR('',#14287,39.3700787401575);
#8737=VECTOR('',#14288,39.3700787401575);
#8738=VECTOR('',#14291,39.3700787401575);
#8739=VECTOR('',#14292,39.3700787401575);
#8740=VECTOR('',#14293,39.3700787401575);
#8741=VECTOR('',#14296,39.3700787401575);
#8742=VECTOR('',#14297,39.3700787401575);
#8743=VECTOR('',#14298,39.3700787401575);
#8744=VECTOR('',#14301,39.3700787401575);
#8745=VECTOR('',#14302,39.3700787401575);
#8746=VECTOR('',#14303,39.3700787401575);
#8747=VECTOR('',#14304,39.3700787401575);
#8748=VECTOR('',#14307,39.3700787401575);
#8749=VECTOR('',#14308,39.3700787401575);
#8750=VECTOR('',#14309,39.3700787401575);
#8751=VECTOR('',#14312,39.3700787401575);
#8752=VECTOR('',#14313,39.3700787401575);
#8753=VECTOR('',#14314,39.3700787401575);
#8754=VECTOR('',#14317,39.3700787401575);
#8755=VECTOR('',#14318,39.3700787401575);
#8756=VECTOR('',#14319,39.3700787401575);
#8757=VECTOR('',#14320,39.3700787401575);
#8758=VECTOR('',#14323,39.3700787401575);
#8759=VECTOR('',#14324,39.3700787401575);
#8760=VECTOR('',#14325,39.3700787401575);
#8761=VECTOR('',#14328,39.3700787401575);
#8762=VECTOR('',#14329,39.3700787401575);
#8763=VECTOR('',#14330,39.3700787401575);
#8764=VECTOR('',#14333,39.3700787401575);
#8765=VECTOR('',#14334,39.3700787401575);
#8766=VECTOR('',#14335,39.3700787401575);
#8767=VECTOR('',#14336,39.3700787401575);
#8768=VECTOR('',#14339,39.3700787401575);
#8769=VECTOR('',#14340,39.3700787401575);
#8770=VECTOR('',#14341,39.3700787401575);
#8771=VECTOR('',#14344,39.3700787401575);
#8772=VECTOR('',#14345,39.3700787401575);
#8773=VECTOR('',#14346,39.3700787401575);
#8774=VECTOR('',#14349,39.3700787401575);
#8775=VECTOR('',#14350,39.3700787401575);
#8776=VECTOR('',#14351,39.3700787401575);
#8777=VECTOR('',#14352,39.3700787401575);
#8778=VECTOR('',#14355,39.3700787401575);
#8779=VECTOR('',#14356,39.3700787401575);
#8780=VECTOR('',#14357,39.3700787401575);
#8781=VECTOR('',#14360,39.3700787401575);
#8782=VECTOR('',#14361,39.3700787401575);
#8783=VECTOR('',#14362,39.3700787401575);
#8784=VECTOR('',#14365,39.3700787401575);
#8785=VECTOR('',#14366,39.3700787401575);
#8786=VECTOR('',#14367,39.3700787401575);
#8787=VECTOR('',#14368,39.3700787401575);
#8788=VECTOR('',#14371,39.3700787401575);
#8789=VECTOR('',#14372,39.3700787401575);
#8790=VECTOR('',#14373,39.3700787401575);
#8791=VECTOR('',#14376,39.3700787401575);
#8792=VECTOR('',#14377,39.3700787401575);
#8793=VECTOR('',#14378,39.3700787401575);
#8794=VECTOR('',#14381,39.3700787401575);
#8795=VECTOR('',#14382,39.3700787401575);
#8796=VECTOR('',#14383,39.3700787401575);
#8797=VECTOR('',#14384,39.3700787401575);
#8798=VECTOR('',#14387,39.3700787401575);
#8799=VECTOR('',#14388,39.3700787401575);
#8800=VECTOR('',#14389,39.3700787401575);
#8801=VECTOR('',#14392,39.3700787401575);
#8802=VECTOR('',#14393,39.3700787401575);
#8803=VECTOR('',#14394,39.3700787401575);
#8804=VECTOR('',#14397,39.3700787401575);
#8805=VECTOR('',#14398,39.3700787401575);
#8806=VECTOR('',#14399,39.3700787401575);
#8807=VECTOR('',#14400,39.3700787401575);
#8808=VECTOR('',#14403,39.3700787401575);
#8809=VECTOR('',#14404,39.3700787401575);
#8810=VECTOR('',#14405,39.3700787401575);
#8811=VECTOR('',#14408,39.3700787401575);
#8812=VECTOR('',#14409,39.3700787401575);
#8813=VECTOR('',#14410,39.3700787401575);
#8814=VECTOR('',#14413,39.3700787401575);
#8815=VECTOR('',#14414,39.3700787401575);
#8816=VECTOR('',#14415,39.3700787401575);
#8817=VECTOR('',#14416,39.3700787401575);
#8818=VECTOR('',#14419,39.3700787401575);
#8819=VECTOR('',#14420,39.3700787401575);
#8820=VECTOR('',#14421,39.3700787401575);
#8821=VECTOR('',#14424,39.3700787401575);
#8822=VECTOR('',#14425,39.3700787401575);
#8823=VECTOR('',#14426,39.3700787401575);
#8824=VECTOR('',#14429,39.3700787401575);
#8825=VECTOR('',#14430,39.3700787401575);
#8826=VECTOR('',#14431,39.3700787401575);
#8827=VECTOR('',#14432,39.3700787401575);
#8828=VECTOR('',#14435,39.3700787401575);
#8829=VECTOR('',#14436,39.3700787401575);
#8830=VECTOR('',#14437,39.3700787401575);
#8831=VECTOR('',#14440,39.3700787401575);
#8832=VECTOR('',#14441,39.3700787401575);
#8833=VECTOR('',#14442,39.3700787401575);
#8834=VECTOR('',#14445,39.3700787401575);
#8835=VECTOR('',#14446,39.3700787401575);
#8836=VECTOR('',#14447,39.3700787401575);
#8837=VECTOR('',#14448,39.3700787401575);
#8838=VECTOR('',#14451,39.3700787401575);
#8839=VECTOR('',#14452,39.3700787401575);
#8840=VECTOR('',#14453,39.3700787401575);
#8841=VECTOR('',#14456,39.3700787401575);
#8842=VECTOR('',#14457,39.3700787401575);
#8843=VECTOR('',#14458,39.3700787401575);
#8844=VECTOR('',#14461,39.3700787401575);
#8845=VECTOR('',#14462,39.3700787401575);
#8846=VECTOR('',#14463,39.3700787401575);
#8847=VECTOR('',#14464,39.3700787401575);
#8848=VECTOR('',#14467,39.3700787401575);
#8849=VECTOR('',#14468,39.3700787401575);
#8850=VECTOR('',#14469,39.3700787401575);
#8851=VECTOR('',#14472,39.3700787401575);
#8852=VECTOR('',#14473,39.3700787401575);
#8853=VECTOR('',#14474,39.3700787401575);
#8854=VECTOR('',#14477,39.3700787401575);
#8855=VECTOR('',#14478,39.3700787401575);
#8856=VECTOR('',#14479,39.3700787401575);
#8857=VECTOR('',#14480,39.3700787401575);
#8858=VECTOR('',#14483,39.3700787401575);
#8859=VECTOR('',#14484,39.3700787401575);
#8860=VECTOR('',#14485,39.3700787401575);
#8861=VECTOR('',#14488,39.3700787401575);
#8862=VECTOR('',#14489,39.3700787401575);
#8863=VECTOR('',#14490,39.3700787401575);
#8864=VECTOR('',#14493,39.3700787401575);
#8865=VECTOR('',#14494,39.3700787401575);
#8866=VECTOR('',#14495,39.3700787401575);
#8867=VECTOR('',#14496,39.3700787401575);
#8868=VECTOR('',#14499,39.3700787401575);
#8869=VECTOR('',#14500,39.3700787401575);
#8870=VECTOR('',#14501,39.3700787401575);
#8871=VECTOR('',#14504,39.3700787401575);
#8872=VECTOR('',#14505,39.3700787401575);
#8873=VECTOR('',#14506,39.3700787401575);
#8874=VECTOR('',#14509,39.3700787401575);
#8875=VECTOR('',#14510,39.3700787401575);
#8876=VECTOR('',#14513,39.3700787401575);
#8877=VECTOR('',#14514,39.3700787401575);
#8878=VECTOR('',#14517,39.3700787401575);
#8879=VECTOR('',#14518,39.3700787401575);
#8880=VECTOR('',#14521,39.3700787401575);
#8881=VECTOR('',#14522,39.3700787401575);
#8882=VECTOR('',#14525,39.3700787401575);
#8883=VECTOR('',#14526,39.3700787401575);
#8884=VECTOR('',#14529,39.3700787401575);
#8885=VECTOR('',#14530,39.3700787401575);
#8886=VECTOR('',#14533,39.3700787401575);
#8887=VECTOR('',#14534,39.3700787401575);
#8888=VECTOR('',#14537,39.3700787401575);
#8889=VECTOR('',#14538,39.3700787401575);
#8890=VECTOR('',#14541,39.3700787401575);
#8891=VECTOR('',#14542,39.3700787401575);
#8892=VECTOR('',#14545,39.3700787401575);
#8893=VECTOR('',#14546,39.3700787401575);
#8894=VECTOR('',#14549,39.3700787401575);
#8895=VECTOR('',#14550,39.3700787401575);
#8896=VECTOR('',#14553,39.3700787401575);
#8897=VECTOR('',#14554,39.3700787401575);
#8898=VECTOR('',#14557,39.3700787401575);
#8899=VECTOR('',#14558,39.3700787401575);
#8900=VECTOR('',#14561,39.3700787401575);
#8901=VECTOR('',#14562,39.3700787401575);
#8902=VECTOR('',#14565,39.3700787401575);
#8903=VECTOR('',#14566,39.3700787401575);
#8904=VECTOR('',#14569,39.3700787401575);
#8905=VECTOR('',#14570,39.3700787401575);
#8906=VECTOR('',#14607,39.3700787401575);
#8907=VECTOR('',#14608,39.3700787401575);
#8908=VECTOR('',#14609,39.3700787401575);
#8909=VECTOR('',#14610,39.3700787401575);
#8910=VECTOR('',#14611,39.3700787401575);
#8911=VECTOR('',#14612,39.3700787401575);
#8912=VECTOR('',#14613,39.3700787401575);
#8913=VECTOR('',#14614,39.3700787401575);
#8914=VECTOR('',#14615,39.3700787401575);
#8915=VECTOR('',#14616,39.3700787401575);
#8916=VECTOR('',#14617,39.3700787401575);
#8917=VECTOR('',#14618,39.3700787401575);
#8918=VECTOR('',#14619,39.3700787401575);
#8919=VECTOR('',#14620,39.3700787401575);
#8920=VECTOR('',#14621,39.3700787401575);
#8921=VECTOR('',#14622,39.3700787401575);
#8922=VECTOR('',#14623,39.3700787401575);
#8923=VECTOR('',#14624,39.3700787401575);
#8924=VECTOR('',#14625,39.3700787401575);
#8925=VECTOR('',#14626,39.3700787401575);
#8926=VECTOR('',#14627,39.3700787401575);
#8927=VECTOR('',#14628,39.3700787401575);
#8928=VECTOR('',#14629,39.3700787401575);
#8929=VECTOR('',#14630,39.3700787401575);
#8930=VECTOR('',#14631,39.3700787401575);
#8931=VECTOR('',#14632,39.3700787401575);
#8932=VECTOR('',#14633,39.3700787401575);
#8933=VECTOR('',#14634,39.3700787401575);
#8934=VECTOR('',#14635,39.3700787401575);
#8935=VECTOR('',#14636,39.3700787401575);
#8936=VECTOR('',#14637,39.3700787401575);
#8937=VECTOR('',#14638,39.3700787401575);
#8938=VECTOR('',#14707,39.3700787401575);
#8939=VECTOR('',#14708,39.3700787401575);
#8940=VECTOR('',#14709,39.3700787401575);
#8941=VECTOR('',#14710,39.3700787401575);
#8942=VECTOR('',#14713,39.3700787401575);
#8943=VECTOR('',#14714,39.3700787401575);
#8944=VECTOR('',#14715,39.3700787401575);
#8945=VECTOR('',#14718,39.3700787401575);
#8946=VECTOR('',#14719,39.3700787401575);
#8947=VECTOR('',#14720,39.3700787401575);
#8948=VECTOR('',#14723,39.3700787401575);
#8949=VECTOR('',#14724,39.3700787401575);
#8950=VECTOR('',#14727,39.3700787401575);
#8951=VECTOR('',#14728,39.3700787401575);
#8952=VECTOR('',#14729,39.3700787401575);
#8953=VECTOR('',#14730,39.3700787401575);
#8954=VECTOR('',#14733,39.3700787401575);
#8955=VECTOR('',#14734,39.3700787401575);
#8956=VECTOR('',#14735,39.3700787401575);
#8957=VECTOR('',#14736,39.3700787401575);
#8958=VECTOR('',#14739,39.3700787401575);
#8959=VECTOR('',#14740,39.3700787401575);
#8960=VECTOR('',#14741,39.3700787401575);
#8961=VECTOR('',#14742,39.3700787401575);
#8962=VECTOR('',#14745,39.3700787401575);
#8963=VECTOR('',#14746,39.3700787401575);
#8964=VECTOR('',#14747,39.3700787401575);
#8965=VECTOR('',#14748,39.3700787401575);
#8966=VECTOR('',#14751,39.3700787401575);
#8967=VECTOR('',#14752,39.3700787401575);
#8968=VECTOR('',#14753,39.3700787401575);
#8969=VECTOR('',#14754,39.3700787401575);
#8970=VECTOR('',#14757,39.3700787401575);
#8971=VECTOR('',#14758,39.3700787401575);
#8972=VECTOR('',#14759,39.3700787401575);
#8973=VECTOR('',#14760,39.3700787401575);
#8974=VECTOR('',#14763,39.3700787401575);
#8975=VECTOR('',#14764,39.3700787401575);
#8976=VECTOR('',#14765,39.3700787401575);
#8977=VECTOR('',#14766,39.3700787401575);
#8978=VECTOR('',#14769,39.3700787401575);
#8979=VECTOR('',#14770,39.3700787401575);
#8980=VECTOR('',#14771,39.3700787401575);
#8981=VECTOR('',#14772,39.3700787401575);
#8982=VECTOR('',#14775,39.3700787401575);
#8983=VECTOR('',#14776,39.3700787401575);
#8984=VECTOR('',#14777,39.3700787401575);
#8985=VECTOR('',#14778,39.3700787401575);
#8986=VECTOR('',#14781,39.3700787401575);
#8987=VECTOR('',#14782,39.3700787401575);
#8988=VECTOR('',#14783,39.3700787401575);
#8989=VECTOR('',#14784,39.3700787401575);
#8990=VECTOR('',#14787,39.3700787401575);
#8991=VECTOR('',#14788,39.3700787401575);
#8992=VECTOR('',#14789,39.3700787401575);
#8993=VECTOR('',#14790,39.3700787401575);
#8994=VECTOR('',#14793,39.3700787401575);
#8995=VECTOR('',#14794,39.3700787401575);
#8996=VECTOR('',#14795,39.3700787401575);
#8997=VECTOR('',#14796,39.3700787401575);
#8998=VECTOR('',#14799,39.3700787401575);
#8999=VECTOR('',#14800,39.3700787401575);
#9000=VECTOR('',#14801,39.3700787401575);
#9001=VECTOR('',#14802,39.3700787401575);
#9002=VECTOR('',#14805,39.3700787401575);
#9003=VECTOR('',#14806,39.3700787401575);
#9004=VECTOR('',#14807,39.3700787401575);
#9005=VECTOR('',#14808,39.3700787401575);
#9006=VECTOR('',#14811,39.3700787401575);
#9007=VECTOR('',#14812,39.3700787401575);
#9008=VECTOR('',#14813,39.3700787401575);
#9009=VECTOR('',#14814,39.3700787401575);
#9010=VECTOR('',#14817,39.3700787401575);
#9011=VECTOR('',#14818,39.3700787401575);
#9012=VECTOR('',#14819,39.3700787401575);
#9013=VECTOR('',#14820,39.3700787401575);
#9014=VECTOR('',#14823,39.3700787401575);
#9015=VECTOR('',#14824,39.3700787401575);
#9016=VECTOR('',#14825,39.3700787401575);
#9017=VECTOR('',#14826,39.3700787401575);
#9018=VECTOR('',#14829,39.3700787401575);
#9019=VECTOR('',#14830,39.3700787401575);
#9020=VECTOR('',#14831,39.3700787401575);
#9021=VECTOR('',#14832,39.3700787401575);
#9022=VECTOR('',#14835,39.3700787401575);
#9023=VECTOR('',#14836,39.3700787401575);
#9024=VECTOR('',#14837,39.3700787401575);
#9025=VECTOR('',#14838,39.3700787401575);
#9026=VECTOR('',#14841,39.3700787401575);
#9027=VECTOR('',#14842,39.3700787401575);
#9028=VECTOR('',#14843,39.3700787401575);
#9029=VECTOR('',#14844,39.3700787401575);
#9030=VECTOR('',#14847,39.3700787401575);
#9031=VECTOR('',#14848,39.3700787401575);
#9032=VECTOR('',#14849,39.3700787401575);
#9033=VECTOR('',#14850,39.3700787401575);
#9034=VECTOR('',#14853,39.3700787401575);
#9035=VECTOR('',#14854,39.3700787401575);
#9036=VECTOR('',#14855,39.3700787401575);
#9037=VECTOR('',#14856,39.3700787401575);
#9038=VECTOR('',#14859,39.3700787401575);
#9039=VECTOR('',#14860,39.3700787401575);
#9040=VECTOR('',#14861,39.3700787401575);
#9041=VECTOR('',#14862,39.3700787401575);
#9042=VECTOR('',#14865,39.3700787401575);
#9043=VECTOR('',#14866,39.3700787401575);
#9044=VECTOR('',#14867,39.3700787401575);
#9045=VECTOR('',#14868,39.3700787401575);
#9046=VECTOR('',#14871,39.3700787401575);
#9047=VECTOR('',#14872,39.3700787401575);
#9048=VECTOR('',#14873,39.3700787401575);
#9049=VECTOR('',#14874,39.3700787401575);
#9050=VECTOR('',#14877,39.3700787401575);
#9051=VECTOR('',#14878,39.3700787401575);
#9052=VECTOR('',#14879,39.3700787401575);
#9053=VECTOR('',#14880,39.3700787401575);
#9054=VECTOR('',#14883,39.3700787401575);
#9055=VECTOR('',#14884,39.3700787401575);
#9056=VECTOR('',#14885,39.3700787401575);
#9057=VECTOR('',#14886,39.3700787401575);
#9058=VECTOR('',#14889,39.3700787401575);
#9059=VECTOR('',#14890,39.3700787401575);
#9060=VECTOR('',#14891,39.3700787401575);
#9061=VECTOR('',#14892,39.3700787401575);
#9062=VECTOR('',#14895,39.3700787401575);
#9063=VECTOR('',#14896,39.3700787401575);
#9064=VECTOR('',#14897,39.3700787401575);
#9065=VECTOR('',#14898,39.3700787401575);
#9066=VECTOR('',#14901,39.3700787401575);
#9067=VECTOR('',#14902,39.3700787401575);
#9068=VECTOR('',#14903,39.3700787401575);
#9069=VECTOR('',#14904,39.3700787401575);
#9070=VECTOR('',#14907,39.3700787401575);
#9071=VECTOR('',#14908,39.3700787401575);
#9072=VECTOR('',#14909,39.3700787401575);
#9073=VECTOR('',#14910,39.3700787401575);
#9074=VECTOR('',#14913,39.3700787401575);
#9075=VECTOR('',#14914,39.3700787401575);
#9076=VECTOR('',#14915,39.3700787401575);
#9077=VECTOR('',#14916,39.3700787401575);
#9078=VECTOR('',#14919,39.3700787401575);
#9079=VECTOR('',#14920,39.3700787401575);
#9080=VECTOR('',#14921,39.3700787401575);
#9081=VECTOR('',#14922,39.3700787401575);
#9082=VECTOR('',#14925,39.3700787401575);
#9083=VECTOR('',#14926,39.3700787401575);
#9084=VECTOR('',#14927,39.3700787401575);
#9085=VECTOR('',#14928,39.3700787401575);
#9086=VECTOR('',#14931,39.3700787401575);
#9087=VECTOR('',#14932,39.3700787401575);
#9088=VECTOR('',#14933,39.3700787401575);
#9089=VECTOR('',#14934,39.3700787401575);
#9090=VECTOR('',#14937,39.3700787401575);
#9091=VECTOR('',#14938,39.3700787401575);
#9092=VECTOR('',#14939,39.3700787401575);
#9093=VECTOR('',#14940,39.3700787401575);
#9094=VECTOR('',#14943,39.3700787401575);
#9095=VECTOR('',#14944,39.3700787401575);
#9096=VECTOR('',#14945,39.3700787401575);
#9097=VECTOR('',#14946,39.3700787401575);
#9098=VECTOR('',#14949,39.3700787401575);
#9099=VECTOR('',#14950,39.3700787401575);
#9100=VECTOR('',#14951,39.3700787401575);
#9101=VECTOR('',#14952,39.3700787401575);
#9102=VECTOR('',#14955,39.3700787401575);
#9103=VECTOR('',#14956,39.3700787401575);
#9104=VECTOR('',#14957,39.3700787401575);
#9105=VECTOR('',#14958,39.3700787401575);
#9106=VECTOR('',#14961,39.3700787401575);
#9107=VECTOR('',#14962,39.3700787401575);
#9108=VECTOR('',#14963,39.3700787401575);
#9109=VECTOR('',#14964,39.3700787401575);
#9110=VECTOR('',#14967,39.3700787401575);
#9111=VECTOR('',#14968,39.3700787401575);
#9112=VECTOR('',#14969,39.3700787401575);
#9113=VECTOR('',#14970,39.3700787401575);
#9114=VECTOR('',#14973,39.3700787401575);
#9115=VECTOR('',#14974,39.3700787401575);
#9116=VECTOR('',#14975,39.3700787401575);
#9117=VECTOR('',#14976,39.3700787401575);
#9118=VECTOR('',#14979,39.3700787401575);
#9119=VECTOR('',#14980,39.3700787401575);
#9120=VECTOR('',#14981,39.3700787401575);
#9121=VECTOR('',#14982,39.3700787401575);
#9122=VECTOR('',#14985,39.3700787401575);
#9123=VECTOR('',#14986,39.3700787401575);
#9124=VECTOR('',#14987,39.3700787401575);
#9125=VECTOR('',#14988,39.3700787401575);
#9126=VECTOR('',#14991,39.3700787401575);
#9127=VECTOR('',#14992,39.3700787401575);
#9128=VECTOR('',#14993,39.3700787401575);
#9129=VECTOR('',#14994,39.3700787401575);
#9130=VECTOR('',#14997,39.3700787401575);
#9131=VECTOR('',#14998,39.3700787401575);
#9132=VECTOR('',#14999,39.3700787401575);
#9133=VECTOR('',#15000,39.3700787401575);
#9134=VECTOR('',#15003,39.3700787401575);
#9135=VECTOR('',#15004,39.3700787401575);
#9136=VECTOR('',#15005,39.3700787401575);
#9137=VECTOR('',#15006,39.3700787401575);
#9138=VECTOR('',#15009,39.3700787401575);
#9139=VECTOR('',#15010,39.3700787401575);
#9140=VECTOR('',#15011,39.3700787401575);
#9141=VECTOR('',#15012,39.3700787401575);
#9142=VECTOR('',#15015,39.3700787401575);
#9143=VECTOR('',#15016,39.3700787401575);
#9144=VECTOR('',#15017,39.3700787401575);
#9145=VECTOR('',#15020,39.3700787401575);
#9146=VECTOR('',#15021,39.3700787401575);
#9147=VECTOR('',#15022,39.3700787401575);
#9148=VECTOR('',#15025,39.3700787401575);
#9149=VECTOR('',#15026,39.3700787401575);
#9150=VECTOR('',#15027,39.3700787401575);
#9151=VECTOR('',#15030,39.3700787401575);
#9152=VECTOR('',#15031,39.3700787401575);
#9153=VECTOR('',#15032,39.3700787401575);
#9154=VECTOR('',#15035,39.3700787401575);
#9155=VECTOR('',#15036,39.3700787401575);
#9156=VECTOR('',#15037,39.3700787401575);
#9157=VECTOR('',#15040,39.3700787401575);
#9158=VECTOR('',#15041,39.3700787401575);
#9159=VECTOR('',#15042,39.3700787401575);
#9160=VECTOR('',#15045,39.3700787401575);
#9161=VECTOR('',#15046,39.3700787401575);
#9162=VECTOR('',#15047,39.3700787401575);
#9163=VECTOR('',#15050,39.3700787401575);
#9164=VECTOR('',#15051,39.3700787401575);
#9165=VECTOR('',#15052,39.3700787401575);
#9166=VECTOR('',#15055,39.3700787401575);
#9167=VECTOR('',#15056,39.3700787401575);
#9168=VECTOR('',#15057,39.3700787401575);
#9169=VECTOR('',#15060,39.3700787401575);
#9170=VECTOR('',#15061,39.3700787401575);
#9171=VECTOR('',#15062,39.3700787401575);
#9172=VECTOR('',#15065,39.3700787401575);
#9173=VECTOR('',#15066,39.3700787401575);
#9174=VECTOR('',#15067,39.3700787401575);
#9175=VECTOR('',#15070,39.3700787401575);
#9176=VECTOR('',#15071,39.3700787401575);
#9177=VECTOR('',#15072,39.3700787401575);
#9178=VECTOR('',#15075,39.3700787401575);
#9179=VECTOR('',#15076,39.3700787401575);
#9180=VECTOR('',#15077,39.3700787401575);
#9181=VECTOR('',#15080,39.3700787401575);
#9182=VECTOR('',#15081,39.3700787401575);
#9183=VECTOR('',#15082,39.3700787401575);
#9184=VECTOR('',#15085,39.3700787401575);
#9185=VECTOR('',#15086,39.3700787401575);
#9186=VECTOR('',#15087,39.3700787401575);
#9187=VECTOR('',#15090,39.3700787401575);
#9188=VECTOR('',#15091,39.3700787401575);
#9189=VECTOR('',#15092,39.3700787401575);
#9190=VECTOR('',#15095,39.3700787401575);
#9191=VECTOR('',#15096,39.3700787401575);
#9192=VECTOR('',#15097,39.3700787401575);
#9193=VECTOR('',#15100,39.3700787401575);
#9194=VECTOR('',#15101,39.3700787401575);
#9195=VECTOR('',#15102,39.3700787401575);
#9196=VECTOR('',#15105,39.3700787401575);
#9197=VECTOR('',#15106,39.3700787401575);
#9198=VECTOR('',#15107,39.3700787401575);
#9199=VECTOR('',#15110,39.3700787401575);
#9200=VECTOR('',#15111,39.3700787401575);
#9201=VECTOR('',#15112,39.3700787401575);
#9202=VECTOR('',#15115,39.3700787401575);
#9203=VECTOR('',#15116,39.3700787401575);
#9204=VECTOR('',#15117,39.3700787401575);
#9205=VECTOR('',#15120,39.3700787401575);
#9206=VECTOR('',#15121,39.3700787401575);
#9207=VECTOR('',#15122,39.3700787401575);
#9208=VECTOR('',#15125,39.3700787401575);
#9209=VECTOR('',#15126,39.3700787401575);
#9210=VECTOR('',#15127,39.3700787401575);
#9211=VECTOR('',#15130,39.3700787401575);
#9212=VECTOR('',#15131,39.3700787401575);
#9213=VECTOR('',#15132,39.3700787401575);
#9214=VECTOR('',#15135,39.3700787401575);
#9215=VECTOR('',#15136,39.3700787401575);
#9216=VECTOR('',#15137,39.3700787401575);
#9217=VECTOR('',#15140,39.3700787401575);
#9218=VECTOR('',#15141,39.3700787401575);
#9219=VECTOR('',#15142,39.3700787401575);
#9220=VECTOR('',#15145,39.3700787401575);
#9221=VECTOR('',#15146,39.3700787401575);
#9222=VECTOR('',#15147,39.3700787401575);
#9223=VECTOR('',#15150,39.3700787401575);
#9224=VECTOR('',#15151,39.3700787401575);
#9225=VECTOR('',#15152,39.3700787401575);
#9226=VECTOR('',#15155,39.3700787401575);
#9227=VECTOR('',#15156,39.3700787401575);
#9228=VECTOR('',#15157,39.3700787401575);
#9229=VECTOR('',#15160,39.3700787401575);
#9230=VECTOR('',#15161,39.3700787401575);
#9231=VECTOR('',#15162,39.3700787401575);
#9232=VECTOR('',#15165,39.3700787401575);
#9233=VECTOR('',#15166,39.3700787401575);
#9234=VECTOR('',#15167,39.3700787401575);
#9235=VECTOR('',#15170,39.3700787401575);
#9236=VECTOR('',#15171,39.3700787401575);
#9237=VECTOR('',#15172,39.3700787401575);
#9238=VECTOR('',#15175,39.3700787401575);
#9239=VECTOR('',#15178,39.3700787401575);
#9240=VECTOR('',#15181,39.3700787401575);
#9241=VECTOR('',#15184,39.3700787401575);
#9242=VECTOR('',#15187,39.3700787401575);
#9243=VECTOR('',#15190,39.3700787401575);
#9244=VECTOR('',#15193,39.3700787401575);
#9245=VECTOR('',#15196,39.3700787401575);
#9246=VECTOR('',#15199,39.3700787401575);
#9247=VECTOR('',#15202,39.3700787401575);
#9248=VECTOR('',#15205,39.3700787401575);
#9249=VECTOR('',#15208,39.3700787401575);
#9250=VECTOR('',#15211,39.3700787401575);
#9251=VECTOR('',#15214,39.3700787401575);
#9252=VECTOR('',#15217,39.3700787401575);
#9253=VECTOR('',#15220,39.3700787401575);
#9254=VECTOR('',#15223,39.3700787401575);
#9255=VECTOR('',#15226,39.3700787401575);
#9256=VECTOR('',#15229,39.3700787401575);
#9257=VECTOR('',#15232,39.3700787401575);
#9258=VECTOR('',#15235,39.3700787401575);
#9259=VECTOR('',#15238,39.3700787401575);
#9260=VECTOR('',#15241,39.3700787401575);
#9261=VECTOR('',#15244,39.3700787401575);
#9262=VECTOR('',#15247,39.3700787401575);
#9263=VECTOR('',#15250,39.3700787401575);
#9264=VECTOR('',#15253,39.3700787401575);
#9265=VECTOR('',#15256,39.3700787401575);
#9266=VECTOR('',#15259,39.3700787401575);
#9267=VECTOR('',#15262,39.3700787401575);
#9268=VECTOR('',#15265,39.3700787401575);
#9269=VECTOR('',#15268,39.3700787401575);
#9270=VECTOR('',#15341,39.3700787401575);
#9271=VECTOR('',#15342,39.3700787401575);
#9272=VECTOR('',#15343,39.3700787401575);
#9273=VECTOR('',#15344,39.3700787401575);
#9274=VECTOR('',#15347,39.3700787401575);
#9275=VECTOR('',#15348,39.3700787401575);
#9276=VECTOR('',#15349,39.3700787401575);
#9277=VECTOR('',#15352,39.3700787401575);
#9278=VECTOR('',#15353,39.3700787401575);
#9279=VECTOR('',#15354,39.3700787401575);
#9280=VECTOR('',#15357,39.3700787401575);
#9281=VECTOR('',#15358,39.3700787401575);
#9282=VECTOR('',#15361,39.3700787401575);
#9283=VECTOR('',#15362,39.3700787401575);
#9284=VECTOR('',#15363,39.3700787401575);
#9285=VECTOR('',#15366,39.3700787401575);
#9286=VECTOR('',#15367,39.3700787401575);
#9287=VECTOR('',#15368,39.3700787401575);
#9288=VECTOR('',#15369,39.3700787401575);
#9289=VECTOR('',#15370,39.3700787401575);
#9290=VECTOR('',#15371,39.3700787401575);
#9291=VECTOR('',#15374,39.3700787401575);
#9292=VECTOR('',#15375,39.3700787401575);
#9293=VECTOR('',#15376,39.3700787401575);
#9294=VECTOR('',#15379,39.3700787401575);
#9295=VECTOR('',#15380,39.3700787401575);
#9296=VECTOR('',#15381,39.3700787401575);
#9297=VECTOR('',#15382,39.3700787401575);
#9298=VECTOR('',#15383,39.3700787401575);
#9299=VECTOR('',#15384,39.3700787401575);
#9300=VECTOR('',#15387,39.3700787401575);
#9301=VECTOR('',#15388,39.3700787401575);
#9302=VECTOR('',#15391,39.3700787401575);
#9303=VECTOR('',#15392,39.3700787401575);
#9304=VECTOR('',#15393,39.3700787401575);
#9305=VECTOR('',#15396,39.3700787401575);
#9306=VECTOR('',#15397,39.3700787401575);
#9307=VECTOR('',#15398,39.3700787401575);
#9308=VECTOR('',#15399,39.3700787401575);
#9309=VECTOR('',#15400,39.3700787401575);
#9310=VECTOR('',#15401,39.3700787401575);
#9311=VECTOR('',#15404,39.3700787401575);
#9312=VECTOR('',#15405,39.3700787401575);
#9313=VECTOR('',#15406,39.3700787401575);
#9314=VECTOR('',#15409,39.3700787401575);
#9315=VECTOR('',#15410,39.3700787401575);
#9316=VECTOR('',#15411,39.3700787401575);
#9317=VECTOR('',#15412,39.3700787401575);
#9318=VECTOR('',#15413,39.3700787401575);
#9319=VECTOR('',#15414,39.3700787401575);
#9320=VECTOR('',#15417,39.3700787401575);
#9321=VECTOR('',#15418,39.3700787401575);
#9322=VECTOR('',#15421,39.3700787401575);
#9323=VECTOR('',#15422,39.3700787401575);
#9324=VECTOR('',#15423,39.3700787401575);
#9325=VECTOR('',#15426,39.3700787401575);
#9326=VECTOR('',#15427,39.3700787401575);
#9327=VECTOR('',#15428,39.3700787401575);
#9328=VECTOR('',#15429,39.3700787401575);
#9329=VECTOR('',#15430,39.3700787401575);
#9330=VECTOR('',#15431,39.3700787401575);
#9331=VECTOR('',#15434,39.3700787401575);
#9332=VECTOR('',#15435,39.3700787401575);
#9333=VECTOR('',#15436,39.3700787401575);
#9334=VECTOR('',#15439,39.3700787401575);
#9335=VECTOR('',#15440,39.3700787401575);
#9336=VECTOR('',#15441,39.3700787401575);
#9337=VECTOR('',#15442,39.3700787401575);
#9338=VECTOR('',#15443,39.3700787401575);
#9339=VECTOR('',#15444,39.3700787401575);
#9340=VECTOR('',#15447,39.3700787401575);
#9341=VECTOR('',#15448,39.3700787401575);
#9342=VECTOR('',#15451,39.3700787401575);
#9343=VECTOR('',#15452,39.3700787401575);
#9344=VECTOR('',#15453,39.3700787401575);
#9345=VECTOR('',#15456,39.3700787401575);
#9346=VECTOR('',#15457,39.3700787401575);
#9347=VECTOR('',#15458,39.3700787401575);
#9348=VECTOR('',#15459,39.3700787401575);
#9349=VECTOR('',#15460,39.3700787401575);
#9350=VECTOR('',#15461,39.3700787401575);
#9351=VECTOR('',#15464,39.3700787401575);
#9352=VECTOR('',#15465,39.3700787401575);
#9353=VECTOR('',#15466,39.3700787401575);
#9354=VECTOR('',#15469,39.3700787401575);
#9355=VECTOR('',#15470,39.3700787401575);
#9356=VECTOR('',#15471,39.3700787401575);
#9357=VECTOR('',#15472,39.3700787401575);
#9358=VECTOR('',#15473,39.3700787401575);
#9359=VECTOR('',#15474,39.3700787401575);
#9360=VECTOR('',#15477,39.3700787401575);
#9361=VECTOR('',#15478,39.3700787401575);
#9362=VECTOR('',#15481,39.3700787401575);
#9363=VECTOR('',#15482,39.3700787401575);
#9364=VECTOR('',#15483,39.3700787401575);
#9365=VECTOR('',#15486,39.3700787401575);
#9366=VECTOR('',#15487,39.3700787401575);
#9367=VECTOR('',#15488,39.3700787401575);
#9368=VECTOR('',#15489,39.3700787401575);
#9369=VECTOR('',#15490,39.3700787401575);
#9370=VECTOR('',#15491,39.3700787401575);
#9371=VECTOR('',#15494,39.3700787401575);
#9372=VECTOR('',#15495,39.3700787401575);
#9373=VECTOR('',#15496,39.3700787401575);
#9374=VECTOR('',#15499,39.3700787401575);
#9375=VECTOR('',#15500,39.3700787401575);
#9376=VECTOR('',#15501,39.3700787401575);
#9377=VECTOR('',#15502,39.3700787401575);
#9378=VECTOR('',#15503,39.3700787401575);
#9379=VECTOR('',#15504,39.3700787401575);
#9380=VECTOR('',#15507,39.3700787401575);
#9381=VECTOR('',#15508,39.3700787401575);
#9382=VECTOR('',#15511,39.3700787401575);
#9383=VECTOR('',#15512,39.3700787401575);
#9384=VECTOR('',#15513,39.3700787401575);
#9385=VECTOR('',#15516,39.3700787401575);
#9386=VECTOR('',#15517,39.3700787401575);
#9387=VECTOR('',#15518,39.3700787401575);
#9388=VECTOR('',#15519,39.3700787401575);
#9389=VECTOR('',#15520,39.3700787401575);
#9390=VECTOR('',#15521,39.3700787401575);
#9391=VECTOR('',#15524,39.3700787401575);
#9392=VECTOR('',#15525,39.3700787401575);
#9393=VECTOR('',#15526,39.3700787401575);
#9394=VECTOR('',#15529,39.3700787401575);
#9395=VECTOR('',#15530,39.3700787401575);
#9396=VECTOR('',#15531,39.3700787401575);
#9397=VECTOR('',#15532,39.3700787401575);
#9398=VECTOR('',#15533,39.3700787401575);
#9399=VECTOR('',#15534,39.3700787401575);
#9400=VECTOR('',#15537,39.3700787401575);
#9401=VECTOR('',#15538,39.3700787401575);
#9402=VECTOR('',#15541,39.3700787401575);
#9403=VECTOR('',#15542,39.3700787401575);
#9404=VECTOR('',#15543,39.3700787401575);
#9405=VECTOR('',#15546,39.3700787401575);
#9406=VECTOR('',#15547,39.3700787401575);
#9407=VECTOR('',#15548,39.3700787401575);
#9408=VECTOR('',#15549,39.3700787401575);
#9409=VECTOR('',#15550,39.3700787401575);
#9410=VECTOR('',#15551,39.3700787401575);
#9411=VECTOR('',#15554,39.3700787401575);
#9412=VECTOR('',#15555,39.3700787401575);
#9413=VECTOR('',#15556,39.3700787401575);
#9414=VECTOR('',#15559,39.3700787401575);
#9415=VECTOR('',#15560,39.3700787401575);
#9416=VECTOR('',#15561,39.3700787401575);
#9417=VECTOR('',#15562,39.3700787401575);
#9418=VECTOR('',#15563,39.3700787401575);
#9419=VECTOR('',#15564,39.3700787401575);
#9420=VECTOR('',#15567,39.3700787401575);
#9421=VECTOR('',#15568,39.3700787401575);
#9422=VECTOR('',#15571,39.3700787401575);
#9423=VECTOR('',#15572,39.3700787401575);
#9424=VECTOR('',#15573,39.3700787401575);
#9425=VECTOR('',#15576,39.3700787401575);
#9426=VECTOR('',#15577,39.3700787401575);
#9427=VECTOR('',#15578,39.3700787401575);
#9428=VECTOR('',#15579,39.3700787401575);
#9429=VECTOR('',#15580,39.3700787401575);
#9430=VECTOR('',#15581,39.3700787401575);
#9431=VECTOR('',#15584,39.3700787401575);
#9432=VECTOR('',#15585,39.3700787401575);
#9433=VECTOR('',#15586,39.3700787401575);
#9434=VECTOR('',#15589,39.3700787401575);
#9435=VECTOR('',#15590,39.3700787401575);
#9436=VECTOR('',#15591,39.3700787401575);
#9437=VECTOR('',#15592,39.3700787401575);
#9438=VECTOR('',#15593,39.3700787401575);
#9439=VECTOR('',#15594,39.3700787401575);
#9440=VECTOR('',#15597,39.3700787401575);
#9441=VECTOR('',#15598,39.3700787401575);
#9442=VECTOR('',#15601,39.3700787401575);
#9443=VECTOR('',#15602,39.3700787401575);
#9444=VECTOR('',#15603,39.3700787401575);
#9445=VECTOR('',#15606,39.3700787401575);
#9446=VECTOR('',#15607,39.3700787401575);
#9447=VECTOR('',#15608,39.3700787401575);
#9448=VECTOR('',#15609,39.3700787401575);
#9449=VECTOR('',#15610,39.3700787401575);
#9450=VECTOR('',#15611,39.3700787401575);
#9451=VECTOR('',#15614,39.3700787401575);
#9452=VECTOR('',#15615,39.3700787401575);
#9453=VECTOR('',#15616,39.3700787401575);
#9454=VECTOR('',#15619,39.3700787401575);
#9455=VECTOR('',#15620,39.3700787401575);
#9456=VECTOR('',#15621,39.3700787401575);
#9457=VECTOR('',#15622,39.3700787401575);
#9458=VECTOR('',#15623,39.3700787401575);
#9459=VECTOR('',#15624,39.3700787401575);
#9460=VECTOR('',#15627,39.3700787401575);
#9461=VECTOR('',#15628,39.3700787401575);
#9462=VECTOR('',#15631,39.3700787401575);
#9463=VECTOR('',#15632,39.3700787401575);
#9464=VECTOR('',#15633,39.3700787401575);
#9465=VECTOR('',#15636,39.3700787401575);
#9466=VECTOR('',#15637,39.3700787401575);
#9467=VECTOR('',#15638,39.3700787401575);
#9468=VECTOR('',#15639,39.3700787401575);
#9469=VECTOR('',#15640,39.3700787401575);
#9470=VECTOR('',#15641,39.3700787401575);
#9471=VECTOR('',#15644,39.3700787401575);
#9472=VECTOR('',#15645,39.3700787401575);
#9473=VECTOR('',#15646,39.3700787401575);
#9474=VECTOR('',#15649,39.3700787401575);
#9475=VECTOR('',#15650,39.3700787401575);
#9476=VECTOR('',#15651,39.3700787401575);
#9477=VECTOR('',#15652,39.3700787401575);
#9478=VECTOR('',#15653,39.3700787401575);
#9479=VECTOR('',#15654,39.3700787401575);
#9480=VECTOR('',#15657,39.3700787401575);
#9481=VECTOR('',#15658,39.3700787401575);
#9482=VECTOR('',#15661,39.3700787401575);
#9483=VECTOR('',#15662,39.3700787401575);
#9484=VECTOR('',#15663,39.3700787401575);
#9485=VECTOR('',#15666,39.3700787401575);
#9486=VECTOR('',#15667,39.3700787401575);
#9487=VECTOR('',#15668,39.3700787401575);
#9488=VECTOR('',#15669,39.3700787401575);
#9489=VECTOR('',#15670,39.3700787401575);
#9490=VECTOR('',#15671,39.3700787401575);
#9491=VECTOR('',#15674,39.3700787401575);
#9492=VECTOR('',#15675,39.3700787401575);
#9493=VECTOR('',#15676,39.3700787401575);
#9494=VECTOR('',#15679,39.3700787401575);
#9495=VECTOR('',#15680,39.3700787401575);
#9496=VECTOR('',#15681,39.3700787401575);
#9497=VECTOR('',#15682,39.3700787401575);
#9498=VECTOR('',#15683,39.3700787401575);
#9499=VECTOR('',#15684,39.3700787401575);
#9500=VECTOR('',#15687,39.3700787401575);
#9501=VECTOR('',#15688,39.3700787401575);
#9502=VECTOR('',#15691,39.3700787401575);
#9503=VECTOR('',#15692,39.3700787401575);
#9504=VECTOR('',#15693,39.3700787401575);
#9505=VECTOR('',#15696,39.3700787401575);
#9506=VECTOR('',#15697,39.3700787401575);
#9507=VECTOR('',#15698,39.3700787401575);
#9508=VECTOR('',#15699,39.3700787401575);
#9509=VECTOR('',#15700,39.3700787401575);
#9510=VECTOR('',#15701,39.3700787401575);
#9511=VECTOR('',#15704,39.3700787401575);
#9512=VECTOR('',#15705,39.3700787401575);
#9513=VECTOR('',#15706,39.3700787401575);
#9514=VECTOR('',#15709,39.3700787401575);
#9515=VECTOR('',#15710,39.3700787401575);
#9516=VECTOR('',#15711,39.3700787401575);
#9517=VECTOR('',#15712,39.3700787401575);
#9518=VECTOR('',#15713,39.3700787401575);
#9519=VECTOR('',#15714,39.3700787401575);
#9520=VECTOR('',#15717,39.3700787401575);
#9521=VECTOR('',#15718,39.3700787401575);
#9522=VECTOR('',#15721,39.3700787401575);
#9523=VECTOR('',#15722,39.3700787401575);
#9524=VECTOR('',#15723,39.3700787401575);
#9525=VECTOR('',#15726,39.3700787401575);
#9526=VECTOR('',#15727,39.3700787401575);
#9527=VECTOR('',#15728,39.3700787401575);
#9528=VECTOR('',#15729,39.3700787401575);
#9529=VECTOR('',#15730,39.3700787401575);
#9530=VECTOR('',#15731,39.3700787401575);
#9531=VECTOR('',#15734,39.3700787401575);
#9532=VECTOR('',#15735,39.3700787401575);
#9533=VECTOR('',#15736,39.3700787401575);
#9534=VECTOR('',#15739,39.3700787401575);
#9535=VECTOR('',#15740,39.3700787401575);
#9536=VECTOR('',#15741,39.3700787401575);
#9537=VECTOR('',#15742,39.3700787401575);
#9538=VECTOR('',#15743,39.3700787401575);
#9539=VECTOR('',#15744,39.3700787401575);
#9540=VECTOR('',#15747,39.3700787401575);
#9541=VECTOR('',#15748,39.3700787401575);
#9542=VECTOR('',#15751,39.3700787401575);
#9543=VECTOR('',#15752,39.3700787401575);
#9544=VECTOR('',#15753,39.3700787401575);
#9545=VECTOR('',#15756,39.3700787401575);
#9546=VECTOR('',#15757,39.3700787401575);
#9547=VECTOR('',#15758,39.3700787401575);
#9548=VECTOR('',#15759,39.3700787401575);
#9549=VECTOR('',#15760,39.3700787401575);
#9550=VECTOR('',#15761,39.3700787401575);
#9551=VECTOR('',#15764,39.3700787401575);
#9552=VECTOR('',#15765,39.3700787401575);
#9553=VECTOR('',#15766,39.3700787401575);
#9554=VECTOR('',#15769,39.3700787401575);
#9555=VECTOR('',#15770,39.3700787401575);
#9556=VECTOR('',#15771,39.3700787401575);
#9557=VECTOR('',#15772,39.3700787401575);
#9558=VECTOR('',#15773,39.3700787401575);
#9559=VECTOR('',#15774,39.3700787401575);
#9560=VECTOR('',#15777,39.3700787401575);
#9561=VECTOR('',#15778,39.3700787401575);
#9562=VECTOR('',#15781,39.3700787401575);
#9563=VECTOR('',#15782,39.3700787401575);
#9564=VECTOR('',#15783,39.3700787401575);
#9565=VECTOR('',#15786,39.3700787401575);
#9566=VECTOR('',#15787,39.3700787401575);
#9567=VECTOR('',#15788,39.3700787401575);
#9568=VECTOR('',#15789,39.3700787401575);
#9569=VECTOR('',#15790,39.3700787401575);
#9570=VECTOR('',#15791,39.3700787401575);
#9571=VECTOR('',#15794,39.3700787401575);
#9572=VECTOR('',#15795,39.3700787401575);
#9573=VECTOR('',#15796,39.3700787401575);
#9574=VECTOR('',#15799,39.3700787401575);
#9575=VECTOR('',#15800,39.3700787401575);
#9576=VECTOR('',#15801,39.3700787401575);
#9577=VECTOR('',#15802,39.3700787401575);
#9578=VECTOR('',#15803,39.3700787401575);
#9579=VECTOR('',#15804,39.3700787401575);
#9580=VECTOR('',#15807,39.3700787401575);
#9581=VECTOR('',#15808,39.3700787401575);
#9582=VECTOR('',#15811,39.3700787401575);
#9583=VECTOR('',#15812,39.3700787401575);
#9584=VECTOR('',#15813,39.3700787401575);
#9585=VECTOR('',#15816,39.3700787401575);
#9586=VECTOR('',#15817,39.3700787401575);
#9587=VECTOR('',#15818,39.3700787401575);
#9588=VECTOR('',#15819,39.3700787401575);
#9589=VECTOR('',#15820,39.3700787401575);
#9590=VECTOR('',#15821,39.3700787401575);
#9591=VECTOR('',#15824,39.3700787401575);
#9592=VECTOR('',#15825,39.3700787401575);
#9593=VECTOR('',#15826,39.3700787401575);
#9594=VECTOR('',#15829,39.3700787401575);
#9595=VECTOR('',#15830,39.3700787401575);
#9596=VECTOR('',#15831,39.3700787401575);
#9597=VECTOR('',#15832,39.3700787401575);
#9598=VECTOR('',#15833,39.3700787401575);
#9599=VECTOR('',#15834,39.3700787401575);
#9600=VECTOR('',#15837,39.3700787401575);
#9601=VECTOR('',#15838,39.3700787401575);
#9602=VECTOR('',#15841,39.3700787401575);
#9603=VECTOR('',#15842,39.3700787401575);
#9604=VECTOR('',#15845,39.3700787401575);
#9605=VECTOR('',#15846,39.3700787401575);
#9606=VECTOR('',#15849,39.3700787401575);
#9607=VECTOR('',#15850,39.3700787401575);
#9608=VECTOR('',#15853,39.3700787401575);
#9609=VECTOR('',#15854,39.3700787401575);
#9610=VECTOR('',#15857,39.3700787401575);
#9611=VECTOR('',#15858,39.3700787401575);
#9612=VECTOR('',#15861,39.3700787401575);
#9613=VECTOR('',#15862,39.3700787401575);
#9614=VECTOR('',#15865,39.3700787401575);
#9615=VECTOR('',#15866,39.3700787401575);
#9616=VECTOR('',#15869,39.3700787401575);
#9617=VECTOR('',#15870,39.3700787401575);
#9618=VECTOR('',#15873,39.3700787401575);
#9619=VECTOR('',#15874,39.3700787401575);
#9620=VECTOR('',#15877,39.3700787401575);
#9621=VECTOR('',#15878,39.3700787401575);
#9622=VECTOR('',#15881,39.3700787401575);
#9623=VECTOR('',#15882,39.3700787401575);
#9624=VECTOR('',#15885,39.3700787401575);
#9625=VECTOR('',#15886,39.3700787401575);
#9626=VECTOR('',#15889,39.3700787401575);
#9627=VECTOR('',#15890,39.3700787401575);
#9628=VECTOR('',#15893,39.3700787401575);
#9629=VECTOR('',#15894,39.3700787401575);
#9630=VECTOR('',#15897,39.3700787401575);
#9631=VECTOR('',#15898,39.3700787401575);
#9632=VECTOR('',#15901,39.3700787401575);
#9633=VECTOR('',#15902,39.3700787401575);
#9634=VECTOR('',#15907,39.3700787401575);
#9635=VECTOR('',#15910,39.3700787401575);
#9636=VECTOR('',#15913,39.3700787401575);
#9637=VECTOR('',#15916,39.3700787401575);
#9638=VECTOR('',#15919,39.3700787401575);
#9639=VECTOR('',#15922,39.3700787401575);
#9640=VECTOR('',#15927,39.3700787401575);
#9641=VECTOR('',#15930,39.3700787401575);
#9642=VECTOR('',#15933,39.3700787401575);
#9643=VECTOR('',#15936,39.3700787401575);
#9644=VECTOR('',#15939,39.3700787401575);
#9645=VECTOR('',#15942,39.3700787401575);
#9646=VECTOR('',#15947,39.3700787401575);
#9647=VECTOR('',#15950,39.3700787401575);
#9648=VECTOR('',#15953,39.3700787401575);
#9649=VECTOR('',#15956,39.3700787401575);
#9650=VECTOR('',#15959,39.3700787401575);
#9651=VECTOR('',#15962,39.3700787401575);
#9652=VECTOR('',#15967,39.3700787401575);
#9653=VECTOR('',#15970,39.3700787401575);
#9654=VECTOR('',#15973,39.3700787401575);
#9655=VECTOR('',#15976,39.3700787401575);
#9656=VECTOR('',#15979,39.3700787401575);
#9657=VECTOR('',#15982,39.3700787401575);
#9658=VECTOR('',#15987,39.3700787401575);
#9659=VECTOR('',#15990,39.3700787401575);
#9660=VECTOR('',#15993,39.3700787401575);
#9661=VECTOR('',#15996,39.3700787401575);
#9662=VECTOR('',#15999,39.3700787401575);
#9663=VECTOR('',#16002,39.3700787401575);
#9664=VECTOR('',#16007,39.3700787401575);
#9665=VECTOR('',#16010,39.3700787401575);
#9666=VECTOR('',#16013,39.3700787401575);
#9667=VECTOR('',#16016,39.3700787401575);
#9668=VECTOR('',#16019,39.3700787401575);
#9669=VECTOR('',#16022,39.3700787401575);
#9670=VECTOR('',#16027,39.3700787401575);
#9671=VECTOR('',#16030,39.3700787401575);
#9672=VECTOR('',#16033,39.3700787401575);
#9673=VECTOR('',#16036,39.3700787401575);
#9674=VECTOR('',#16039,39.3700787401575);
#9675=VECTOR('',#16042,39.3700787401575);
#9676=VECTOR('',#16047,39.3700787401575);
#9677=VECTOR('',#16050,39.3700787401575);
#9678=VECTOR('',#16053,39.3700787401575);
#9679=VECTOR('',#16056,39.3700787401575);
#9680=VECTOR('',#16059,39.3700787401575);
#9681=VECTOR('',#16062,39.3700787401575);
#9682=VECTOR('',#16067,39.3700787401575);
#9683=VECTOR('',#16070,39.3700787401575);
#9684=VECTOR('',#16073,39.3700787401575);
#9685=VECTOR('',#16076,39.3700787401575);
#9686=VECTOR('',#16079,39.3700787401575);
#9687=VECTOR('',#16082,39.3700787401575);
#9688=VECTOR('',#16087,39.3700787401575);
#9689=VECTOR('',#16090,39.3700787401575);
#9690=VECTOR('',#16093,39.3700787401575);
#9691=VECTOR('',#16096,39.3700787401575);
#9692=VECTOR('',#16099,39.3700787401575);
#9693=VECTOR('',#16102,39.3700787401575);
#9694=VECTOR('',#16107,39.3700787401575);
#9695=VECTOR('',#16110,39.3700787401575);
#9696=VECTOR('',#16113,39.3700787401575);
#9697=VECTOR('',#16116,39.3700787401575);
#9698=VECTOR('',#16119,39.3700787401575);
#9699=VECTOR('',#16122,39.3700787401575);
#9700=VECTOR('',#16127,39.3700787401575);
#9701=VECTOR('',#16130,39.3700787401575);
#9702=VECTOR('',#16133,39.3700787401575);
#9703=VECTOR('',#16136,39.3700787401575);
#9704=VECTOR('',#16139,39.3700787401575);
#9705=VECTOR('',#16142,39.3700787401575);
#9706=VECTOR('',#16147,39.3700787401575);
#9707=VECTOR('',#16150,39.3700787401575);
#9708=VECTOR('',#16153,39.3700787401575);
#9709=VECTOR('',#16156,39.3700787401575);
#9710=VECTOR('',#16159,39.3700787401575);
#9711=VECTOR('',#16162,39.3700787401575);
#9712=VECTOR('',#16167,39.3700787401575);
#9713=VECTOR('',#16170,39.3700787401575);
#9714=VECTOR('',#16173,39.3700787401575);
#9715=VECTOR('',#16176,39.3700787401575);
#9716=VECTOR('',#16179,39.3700787401575);
#9717=VECTOR('',#16182,39.3700787401575);
#9718=VECTOR('',#16187,39.3700787401575);
#9719=VECTOR('',#16190,39.3700787401575);
#9720=VECTOR('',#16193,39.3700787401575);
#9721=VECTOR('',#16196,39.3700787401575);
#9722=VECTOR('',#16199,39.3700787401575);
#9723=VECTOR('',#16202,39.3700787401575);
#9724=VECTOR('',#16207,39.3700787401575);
#9725=VECTOR('',#16208,39.3700787401575);
#9726=VECTOR('',#16211,39.3700787401575);
#9727=VECTOR('',#16214,39.3700787401575);
#9728=VECTOR('',#16217,39.3700787401575);
#9729=VECTOR('',#16220,39.3700787401575);
#9730=VECTOR('',#16231,39.3700787401575);
#9731=VECTOR('',#16232,39.3700787401575);
#9732=VECTOR('',#16233,39.3700787401575);
#9733=VECTOR('',#16234,39.3700787401575);
#9734=VECTOR('',#16235,39.3700787401575);
#9735=VECTOR('',#16236,39.3700787401575);
#9736=VECTOR('',#16237,39.3700787401575);
#9737=VECTOR('',#16238,39.3700787401575);
#9738=VECTOR('',#16239,39.3700787401575);
#9739=VECTOR('',#16240,39.3700787401575);
#9740=VECTOR('',#16241,39.3700787401575);
#9741=VECTOR('',#16242,39.3700787401575);
#9742=VECTOR('',#16243,39.3700787401575);
#9743=VECTOR('',#16244,39.3700787401575);
#9744=VECTOR('',#16245,39.3700787401575);
#9745=VECTOR('',#16246,39.3700787401575);
#9746=VECTOR('',#16247,39.3700787401575);
#9747=VECTOR('',#16248,39.3700787401575);
#9748=VECTOR('',#16249,39.3700787401575);
#9749=VECTOR('',#16250,39.3700787401575);
#9750=VECTOR('',#16251,39.3700787401575);
#9751=VECTOR('',#16252,39.3700787401575);
#9752=VECTOR('',#16253,39.3700787401575);
#9753=VECTOR('',#16254,39.3700787401575);
#9754=VECTOR('',#16255,39.3700787401575);
#9755=VECTOR('',#16256,39.3700787401575);
#9756=VECTOR('',#16257,39.3700787401575);
#9757=VECTOR('',#16258,39.3700787401575);
#9758=VECTOR('',#16259,39.3700787401575);
#9759=VECTOR('',#16260,39.3700787401575);
#9760=VECTOR('',#16261,39.3700787401575);
#9761=VECTOR('',#16262,39.3700787401575);
#9762=VECTOR('',#16263,39.3700787401575);
#9763=VECTOR('',#16264,39.3700787401575);
#9764=VECTOR('',#16265,39.3700787401575);
#9765=VECTOR('',#16266,39.3700787401575);
#9766=VECTOR('',#16267,39.3700787401575);
#9767=VECTOR('',#16268,39.3700787401575);
#9768=VECTOR('',#16269,39.3700787401575);
#9769=VECTOR('',#16270,39.3700787401575);
#9770=VECTOR('',#16271,39.3700787401575);
#9771=VECTOR('',#16272,39.3700787401575);
#9772=VECTOR('',#16273,39.3700787401575);
#9773=VECTOR('',#16274,39.3700787401575);
#9774=VECTOR('',#16275,39.3700787401575);
#9775=VECTOR('',#16276,39.3700787401575);
#9776=VECTOR('',#16277,39.3700787401575);
#9777=VECTOR('',#16278,39.3700787401575);
#9778=VECTOR('',#16279,39.3700787401575);
#9779=VECTOR('',#16280,39.3700787401575);
#9780=VECTOR('',#16281,39.3700787401575);
#9781=VECTOR('',#16282,39.3700787401575);
#9782=VECTOR('',#16283,39.3700787401575);
#9783=VECTOR('',#16284,39.3700787401575);
#9784=VECTOR('',#16285,39.3700787401575);
#9785=VECTOR('',#16286,39.3700787401575);
#9786=VECTOR('',#16287,39.3700787401575);
#9787=VECTOR('',#16288,39.3700787401575);
#9788=VECTOR('',#16289,39.3700787401575);
#9789=VECTOR('',#16290,39.3700787401575);
#9790=VECTOR('',#16291,39.3700787401575);
#9791=VECTOR('',#16292,39.3700787401575);
#9792=VECTOR('',#16293,39.3700787401575);
#9793=VECTOR('',#16294,39.3700787401575);
#9794=VECTOR('',#16295,39.3700787401575);
#9795=VECTOR('',#16296,39.3700787401575);
#9796=VECTOR('',#16297,39.3700787401575);
#9797=VECTOR('',#16298,39.3700787401575);
#9798=VECTOR('',#16299,39.3700787401575);
#9799=VECTOR('',#16300,39.3700787401575);
#9800=VECTOR('',#16301,39.3700787401575);
#9801=VECTOR('',#16302,39.3700787401575);
#9802=VECTOR('',#16303,39.3700787401575);
#9803=VECTOR('',#16304,39.3700787401575);
#9804=VECTOR('',#16305,39.3700787401575);
#9805=VECTOR('',#16306,39.3700787401575);
#9806=VECTOR('',#16307,39.3700787401575);
#9807=VECTOR('',#16308,39.3700787401575);
#9808=VECTOR('',#16309,39.3700787401575);
#9809=VECTOR('',#16310,39.3700787401575);
#9810=VECTOR('',#16311,39.3700787401575);
#9811=VECTOR('',#16312,39.3700787401575);
#9812=VECTOR('',#16313,39.3700787401575);
#9813=VECTOR('',#16314,39.3700787401575);
#9814=VECTOR('',#16315,39.3700787401575);
#9815=VECTOR('',#16316,39.3700787401575);
#9816=VECTOR('',#16317,39.3700787401575);
#9817=VECTOR('',#16318,39.3700787401575);
#9818=VECTOR('',#16319,39.3700787401575);
#9819=VECTOR('',#16320,39.3700787401575);
#9820=VECTOR('',#16321,39.3700787401575);
#9821=VECTOR('',#16322,39.3700787401575);
#9822=VECTOR('',#16323,39.3700787401575);
#9823=VECTOR('',#16324,39.3700787401575);
#9824=VECTOR('',#16325,39.3700787401575);
#9825=VECTOR('',#16326,39.3700787401575);
#9826=VECTOR('',#16327,39.3700787401575);
#9827=VECTOR('',#16328,39.3700787401575);
#9828=VECTOR('',#16329,39.3700787401575);
#9829=VECTOR('',#16330,39.3700787401575);
#9830=VECTOR('',#16331,39.3700787401575);
#9831=VECTOR('',#16332,39.3700787401575);
#9832=VECTOR('',#16333,39.3700787401575);
#9833=VECTOR('',#16334,39.3700787401575);
#9834=VECTOR('',#16335,39.3700787401575);
#9835=VECTOR('',#16336,39.3700787401575);
#9836=VECTOR('',#16337,39.3700787401575);
#9837=VECTOR('',#16338,39.3700787401575);
#9838=VECTOR('',#16339,39.3700787401575);
#9839=VECTOR('',#16340,39.3700787401575);
#9840=VECTOR('',#16341,39.3700787401575);
#9841=VECTOR('',#16342,39.3700787401575);
#9842=VECTOR('',#16343,39.3700787401575);
#9843=VECTOR('',#16344,39.3700787401575);
#9844=VECTOR('',#16345,39.3700787401575);
#9845=VECTOR('',#16346,39.3700787401575);
#9846=VECTOR('',#16347,39.3700787401575);
#9847=VECTOR('',#16348,39.3700787401575);
#9848=VECTOR('',#16349,39.3700787401575);
#9849=VECTOR('',#16350,39.3700787401575);
#9850=VECTOR('',#16351,39.3700787401575);
#9851=VECTOR('',#16352,39.3700787401575);
#9852=VECTOR('',#16353,39.3700787401575);
#9853=VECTOR('',#16354,39.3700787401575);
#9854=VECTOR('',#16355,39.3700787401575);
#9855=VECTOR('',#16356,39.3700787401575);
#9856=VECTOR('',#16357,39.3700787401575);
#9857=VECTOR('',#16358,39.3700787401575);
#9858=VECTOR('',#16359,39.3700787401575);
#9859=VECTOR('',#16360,39.3700787401575);
#9860=VECTOR('',#16361,39.3700787401575);
#9861=VECTOR('',#16362,39.3700787401575);
#9862=VECTOR('',#16363,39.3700787401575);
#9863=VECTOR('',#16364,39.3700787401575);
#9864=VECTOR('',#16365,39.3700787401575);
#9865=VECTOR('',#16366,39.3700787401575);
#9866=VECTOR('',#16367,39.3700787401575);
#9867=VECTOR('',#16368,39.3700787401575);
#9868=VECTOR('',#16369,39.3700787401575);
#9869=VECTOR('',#16370,39.3700787401575);
#9870=VECTOR('',#16371,39.3700787401575);
#9871=VECTOR('',#16372,39.3700787401575);
#9872=VECTOR('',#16373,39.3700787401575);
#9873=VECTOR('',#16374,39.3700787401575);
#9874=VECTOR('',#16375,39.3700787401575);
#9875=VECTOR('',#16376,39.3700787401575);
#9876=VECTOR('',#16377,39.3700787401575);
#9877=VECTOR('',#16378,39.3700787401575);
#9878=VECTOR('',#16379,39.3700787401575);
#9879=VECTOR('',#16380,39.3700787401575);
#9880=VECTOR('',#16381,39.3700787401575);
#9881=VECTOR('',#16382,39.3700787401575);
#9882=VECTOR('',#16383,39.3700787401575);
#9883=VECTOR('',#16384,39.3700787401575);
#9884=VECTOR('',#16385,39.3700787401575);
#9885=VECTOR('',#16386,39.3700787401575);
#9886=VECTOR('',#16387,39.3700787401575);
#9887=VECTOR('',#16388,39.3700787401575);
#9888=VECTOR('',#16389,39.3700787401575);
#9889=VECTOR('',#16390,39.3700787401575);
#9890=VECTOR('',#16391,39.3700787401575);
#9891=VECTOR('',#16392,39.3700787401575);
#9892=VECTOR('',#16393,39.3700787401575);
#9893=VECTOR('',#16394,39.3700787401575);
#9894=VECTOR('',#16395,39.3700787401575);
#9895=VECTOR('',#16396,39.3700787401575);
#9896=VECTOR('',#16397,39.3700787401575);
#9897=VECTOR('',#16398,39.3700787401575);
#9898=VECTOR('',#16399,39.3700787401575);
#9899=VECTOR('',#16400,39.3700787401575);
#9900=VECTOR('',#16401,39.3700787401575);
#9901=VECTOR('',#16402,39.3700787401575);
#9902=VECTOR('',#16403,39.3700787401575);
#9903=VECTOR('',#16404,39.3700787401575);
#9904=VECTOR('',#16405,39.3700787401575);
#9905=VECTOR('',#16406,39.3700787401575);
#9906=VECTOR('',#16407,39.3700787401575);
#9907=VECTOR('',#16408,39.3700787401575);
#9908=VECTOR('',#16409,39.3700787401575);
#9909=VECTOR('',#16410,39.3700787401575);
#9910=VECTOR('',#16411,39.3700787401575);
#9911=VECTOR('',#16412,39.3700787401575);
#9912=VECTOR('',#16413,39.3700787401575);
#9913=VECTOR('',#16414,39.3700787401575);
#9914=VECTOR('',#16415,39.3700787401575);
#9915=VECTOR('',#16416,39.3700787401575);
#9916=VECTOR('',#16417,39.3700787401575);
#9917=VECTOR('',#16418,39.3700787401575);
#9918=VECTOR('',#16419,39.3700787401575);
#9919=VECTOR('',#16420,39.3700787401575);
#9920=VECTOR('',#16421,39.3700787401575);
#9921=VECTOR('',#16422,39.3700787401575);
#9922=VECTOR('',#16423,39.3700787401575);
#9923=VECTOR('',#16424,39.3700787401575);
#9924=VECTOR('',#16425,39.3700787401575);
#9925=VECTOR('',#16426,39.3700787401575);
#9926=VECTOR('',#16429,39.3700787401575);
#9927=VECTOR('',#16430,39.3700787401575);
#9928=VECTOR('',#16431,39.3700787401575);
#9929=VECTOR('',#16432,39.3700787401575);
#9930=VECTOR('',#16433,39.3700787401575);
#9931=VECTOR('',#16434,39.3700787401575);
#9932=VECTOR('',#16435,39.3700787401575);
#9933=VECTOR('',#16436,39.3700787401575);
#9934=VECTOR('',#16437,39.3700787401575);
#9935=VECTOR('',#16438,39.3700787401575);
#9936=VECTOR('',#16439,39.3700787401575);
#9937=VECTOR('',#16440,39.3700787401575);
#9938=VECTOR('',#16441,39.3700787401575);
#9939=VECTOR('',#16442,39.3700787401575);
#9940=VECTOR('',#16443,39.3700787401575);
#9941=VECTOR('',#16444,39.3700787401575);
#9942=VECTOR('',#16445,39.3700787401575);
#9943=VECTOR('',#16446,39.3700787401575);
#9944=VECTOR('',#16447,39.3700787401575);
#9945=VECTOR('',#16448,39.3700787401575);
#9946=VECTOR('',#16449,39.3700787401575);
#9947=VECTOR('',#16450,39.3700787401575);
#9948=VECTOR('',#16451,39.3700787401575);
#9949=VECTOR('',#16452,39.3700787401575);
#9950=VECTOR('',#16453,39.3700787401575);
#9951=VECTOR('',#16454,39.3700787401575);
#9952=VECTOR('',#16455,39.3700787401575);
#9953=VECTOR('',#16456,39.3700787401575);
#9954=VECTOR('',#16457,39.3700787401575);
#9955=VECTOR('',#16458,39.3700787401575);
#9956=VECTOR('',#16459,39.3700787401575);
#9957=VECTOR('',#16460,39.3700787401575);
#9958=VECTOR('',#16461,39.3700787401575);
#9959=VECTOR('',#16462,39.3700787401575);
#9960=VECTOR('',#16463,39.3700787401575);
#9961=VECTOR('',#16464,39.3700787401575);
#9962=VECTOR('',#16465,39.3700787401575);
#9963=VECTOR('',#16466,39.3700787401575);
#9964=VECTOR('',#16467,39.3700787401575);
#9965=VECTOR('',#16468,39.3700787401575);
#9966=VECTOR('',#16469,39.3700787401575);
#9967=VECTOR('',#16470,39.3700787401575);
#9968=VECTOR('',#16471,39.3700787401575);
#9969=VECTOR('',#16472,39.3700787401575);
#9970=VECTOR('',#16473,39.3700787401575);
#9971=VECTOR('',#16474,39.3700787401575);
#9972=VECTOR('',#16475,39.3700787401575);
#9973=VECTOR('',#16476,39.3700787401575);
#9974=VECTOR('',#16477,39.3700787401575);
#9975=VECTOR('',#16478,39.3700787401575);
#9976=VECTOR('',#16479,39.3700787401575);
#9977=VECTOR('',#16482,39.3700787401575);
#9978=VECTOR('',#16483,39.3700787401575);
#9979=VECTOR('',#16486,39.3700787401575);
#9980=VECTOR('',#16487,39.3700787401575);
#9981=VECTOR('',#16488,39.3700787401575);
#9982=VECTOR('',#16489,39.3700787401575);
#9983=VECTOR('',#16490,39.3700787401575);
#9984=VECTOR('',#16491,39.3700787401575);
#9985=VECTOR('',#16492,39.3700787401575);
#9986=VECTOR('',#16493,39.3700787401575);
#9987=VECTOR('',#16494,39.3700787401575);
#9988=VECTOR('',#16495,39.3700787401575);
#9989=VECTOR('',#16496,39.3700787401575);
#9990=VECTOR('',#16497,39.3700787401575);
#9991=VECTOR('',#16498,39.3700787401575);
#9992=VECTOR('',#16499,39.3700787401575);
#9993=VECTOR('',#16500,39.3700787401575);
#9994=VECTOR('',#16501,39.3700787401575);
#9995=VECTOR('',#16502,39.3700787401575);
#9996=VECTOR('',#16503,39.3700787401575);
#9997=VECTOR('',#16504,39.3700787401575);
#9998=VECTOR('',#16505,39.3700787401575);
#9999=VECTOR('',#16506,39.3700787401575);
#10000=VECTOR('',#16507,39.3700787401575);
#10001=VECTOR('',#16508,39.3700787401575);
#10002=VECTOR('',#16509,39.3700787401575);
#10003=VECTOR('',#16510,39.3700787401575);
#10004=VECTOR('',#16511,39.3700787401575);
#10005=VECTOR('',#16512,39.3700787401575);
#10006=VECTOR('',#16513,39.3700787401575);
#10007=VECTOR('',#16514,39.3700787401575);
#10008=VECTOR('',#16515,39.3700787401575);
#10009=VECTOR('',#16516,39.3700787401575);
#10010=VECTOR('',#16517,39.3700787401575);
#10011=VECTOR('',#16518,39.3700787401575);
#10012=VECTOR('',#16519,39.3700787401575);
#10013=VECTOR('',#16520,39.3700787401575);
#10014=VECTOR('',#16521,39.3700787401575);
#10015=VECTOR('',#16522,39.3700787401575);
#10016=VECTOR('',#16523,39.3700787401575);
#10017=VECTOR('',#16524,39.3700787401575);
#10018=VECTOR('',#16525,39.3700787401575);
#10019=VECTOR('',#16526,39.3700787401575);
#10020=VECTOR('',#16527,39.3700787401575);
#10021=VECTOR('',#16528,39.3700787401575);
#10022=VECTOR('',#16529,39.3700787401575);
#10023=VECTOR('',#16530,39.3700787401575);
#10024=VECTOR('',#16531,39.3700787401575);
#10025=VECTOR('',#16532,39.3700787401575);
#10026=VECTOR('',#16533,39.3700787401575);
#10027=VECTOR('',#16534,39.3700787401575);
#10028=VECTOR('',#16535,39.3700787401575);
#10029=VECTOR('',#16538,39.3700787401575);
#10030=VECTOR('',#16543,39.3700787401575);
#10031=VECTOR('',#16544,39.3700787401575);
#10032=VECTOR('',#16545,39.3700787401575);
#10033=VECTOR('',#16548,39.3700787401575);
#10034=VECTOR('',#16551,39.3700787401575);
#10035=VECTOR('',#16556,39.3700787401575);
#10036=VECTOR('',#16557,39.3700787401575);
#10037=VECTOR('',#16558,39.3700787401575);
#10038=VECTOR('',#16561,39.3700787401575);
#10039=VECTOR('',#16564,39.3700787401575);
#10040=VECTOR('',#16569,39.3700787401575);
#10041=VECTOR('',#16570,39.3700787401575);
#10042=VECTOR('',#16573,39.3700787401575);
#10043=VECTOR('',#16574,39.3700787401575);
#10044=VECTOR('',#16577,39.3700787401575);
#10045=VECTOR('',#16582,39.3700787401575);
#10046=VECTOR('',#16583,39.3700787401575);
#10047=VECTOR('',#16586,39.3700787401575);
#10048=VECTOR('',#16587,39.3700787401575);
#10049=VECTOR('',#16590,39.3700787401575);
#10050=VECTOR('',#16595,39.3700787401575);
#10051=VECTOR('',#16596,39.3700787401575);
#10052=VECTOR('',#16599,39.3700787401575);
#10053=VECTOR('',#16600,39.3700787401575);
#10054=VECTOR('',#16603,39.3700787401575);
#10055=VECTOR('',#16608,39.3700787401575);
#10056=VECTOR('',#16609,39.3700787401575);
#10057=VECTOR('',#16612,39.3700787401575);
#10058=VECTOR('',#16613,39.3700787401575);
#10059=VECTOR('',#16616,39.3700787401575);
#10060=VECTOR('',#16621,39.3700787401575);
#10061=VECTOR('',#16622,39.3700787401575);
#10062=VECTOR('',#16625,39.3700787401575);
#10063=VECTOR('',#16626,39.3700787401575);
#10064=VECTOR('',#16629,39.3700787401575);
#10065=VECTOR('',#16634,39.3700787401575);
#10066=VECTOR('',#16635,39.3700787401575);
#10067=VECTOR('',#16638,39.3700787401575);
#10068=VECTOR('',#16639,39.3700787401575);
#10069=VECTOR('',#16642,39.3700787401575);
#10070=VECTOR('',#16647,39.3700787401575);
#10071=VECTOR('',#16648,39.3700787401575);
#10072=VECTOR('',#16651,39.3700787401575);
#10073=VECTOR('',#16652,39.3700787401575);
#10074=VECTOR('',#16655,39.3700787401575);
#10075=VECTOR('',#16660,39.3700787401575);
#10076=VECTOR('',#16661,39.3700787401575);
#10077=VECTOR('',#16664,39.3700787401575);
#10078=VECTOR('',#16665,39.3700787401575);
#10079=VECTOR('',#16668,39.3700787401575);
#10080=VECTOR('',#16673,39.3700787401575);
#10081=VECTOR('',#16674,39.3700787401575);
#10082=VECTOR('',#16677,39.3700787401575);
#10083=VECTOR('',#16678,39.3700787401575);
#10084=VECTOR('',#16681,39.3700787401575);
#10085=VECTOR('',#16686,39.3700787401575);
#10086=VECTOR('',#16687,39.3700787401575);
#10087=VECTOR('',#16690,39.3700787401575);
#10088=VECTOR('',#16691,39.3700787401575);
#10089=VECTOR('',#16694,39.3700787401575);
#10090=VECTOR('',#16699,39.3700787401575);
#10091=VECTOR('',#16700,39.3700787401575);
#10092=VECTOR('',#16703,39.3700787401575);
#10093=VECTOR('',#16704,39.3700787401575);
#10094=VECTOR('',#16707,39.3700787401575);
#10095=VECTOR('',#16712,39.3700787401575);
#10096=VECTOR('',#16713,39.3700787401575);
#10097=VECTOR('',#16716,39.3700787401575);
#10098=VECTOR('',#16717,39.3700787401575);
#10099=VECTOR('',#16720,39.3700787401575);
#10100=VECTOR('',#16725,39.3700787401575);
#10101=VECTOR('',#16726,39.3700787401575);
#10102=VECTOR('',#16729,39.3700787401575);
#10103=VECTOR('',#16730,39.3700787401575);
#10104=VECTOR('',#16733,39.3700787401575);
#10105=VECTOR('',#16738,39.3700787401575);
#10106=VECTOR('',#16739,39.3700787401575);
#10107=VECTOR('',#16742,39.3700787401575);
#10108=VECTOR('',#16743,39.3700787401575);
#10109=VECTOR('',#16746,39.3700787401575);
#10110=VECTOR('',#16751,39.3700787401575);
#10111=VECTOR('',#16752,39.3700787401575);
#10112=VECTOR('',#16753,39.3700787401575);
#10113=VECTOR('',#16756,39.3700787401575);
#10114=VECTOR('',#16759,39.3700787401575);
#10115=VECTOR('',#16764,39.3700787401575);
#10116=VECTOR('',#16765,39.3700787401575);
#10117=VECTOR('',#16766,39.3700787401575);
#10118=VECTOR('',#16769,39.3700787401575);
#10119=VECTOR('',#16772,39.3700787401575);
#10120=VECTOR('',#16777,39.3700787401575);
#10121=VECTOR('',#16778,39.3700787401575);
#10122=VECTOR('',#16779,39.3700787401575);
#10123=VECTOR('',#16782,39.3700787401575);
#10124=VECTOR('',#16785,39.3700787401575);
#10125=VECTOR('',#16790,39.3700787401575);
#10126=VECTOR('',#16791,39.3700787401575);
#10127=VECTOR('',#16792,39.3700787401575);
#10128=VECTOR('',#16795,39.3700787401575);
#10129=VECTOR('',#16798,39.3700787401575);
#10130=VECTOR('',#16803,39.3700787401575);
#10131=VECTOR('',#16804,39.3700787401575);
#10132=VECTOR('',#16805,39.3700787401575);
#10133=VECTOR('',#16808,39.3700787401575);
#10134=VECTOR('',#16811,39.3700787401575);
#10135=VECTOR('',#16816,39.3700787401575);
#10136=VECTOR('',#16817,39.3700787401575);
#10137=VECTOR('',#16818,39.3700787401575);
#10138=VECTOR('',#16821,39.3700787401575);
#10139=VECTOR('',#16824,39.3700787401575);
#10140=VECTOR('',#16829,39.3700787401575);
#10141=VECTOR('',#16830,39.3700787401575);
#10142=VECTOR('',#16831,39.3700787401575);
#10143=VECTOR('',#16834,39.3700787401575);
#10144=VECTOR('',#16837,39.3700787401575);
#10145=VECTOR('',#16842,39.3700787401575);
#10146=VECTOR('',#16843,39.3700787401575);
#10147=VECTOR('',#16844,39.3700787401575);
#10148=VECTOR('',#16847,39.3700787401575);
#10149=VECTOR('',#16850,39.3700787401575);
#10150=VECTOR('',#16855,39.3700787401575);
#10151=VECTOR('',#16856,39.3700787401575);
#10152=VECTOR('',#16859,39.3700787401575);
#10153=VECTOR('',#16860,39.3700787401575);
#10154=VECTOR('',#16863,39.3700787401575);
#10155=VECTOR('',#16868,39.3700787401575);
#10156=VECTOR('',#16869,39.3700787401575);
#10157=VECTOR('',#16872,39.3700787401575);
#10158=VECTOR('',#16873,39.3700787401575);
#10159=VECTOR('',#16876,39.3700787401575);
#10160=VECTOR('',#16881,39.3700787401575);
#10161=VECTOR('',#16882,39.3700787401575);
#10162=VECTOR('',#16883,39.3700787401575);
#10163=VECTOR('',#16886,39.3700787401575);
#10164=VECTOR('',#16889,39.3700787401575);
#10165=VECTOR('',#16894,39.3700787401575);
#10166=VECTOR('',#16895,39.3700787401575);
#10167=VECTOR('',#16896,39.3700787401575);
#10168=VECTOR('',#16899,39.3700787401575);
#10169=VECTOR('',#16902,39.3700787401575);
#10170=VECTOR('',#16907,39.3700787401575);
#10171=VECTOR('',#16908,39.3700787401575);
#10172=VECTOR('',#16909,39.3700787401575);
#10173=VECTOR('',#16912,39.3700787401575);
#10174=VECTOR('',#16915,39.3700787401575);
#10175=VECTOR('',#16920,39.3700787401575);
#10176=VECTOR('',#16921,39.3700787401575);
#10177=VECTOR('',#16922,39.3700787401575);
#10178=VECTOR('',#16925,39.3700787401575);
#10179=VECTOR('',#16928,39.3700787401575);
#10180=VECTOR('',#16933,39.3700787401575);
#10181=VECTOR('',#16934,39.3700787401575);
#10182=VECTOR('',#16935,39.3700787401575);
#10183=VECTOR('',#16938,39.3700787401575);
#10184=VECTOR('',#16941,39.3700787401575);
#10185=VECTOR('',#16946,39.3700787401575);
#10186=VECTOR('',#16947,39.3700787401575);
#10187=VECTOR('',#16948,39.3700787401575);
#10188=VECTOR('',#16951,39.3700787401575);
#10189=VECTOR('',#16954,39.3700787401575);
#10190=VECTOR('',#16959,39.3700787401575);
#10191=VECTOR('',#16960,39.3700787401575);
#10192=VECTOR('',#16961,39.3700787401575);
#10193=VECTOR('',#16964,39.3700787401575);
#10194=VECTOR('',#16965,39.3700787401575);
#10195=VECTOR('',#16968,39.3700787401575);
#10196=VECTOR('',#16969,39.3700787401575);
#10197=VECTOR('',#16972,39.3700787401575);
#10198=VECTOR('',#16977,39.3700787401575);
#10199=VECTOR('',#16978,39.3700787401575);
#10200=VECTOR('',#16979,39.3700787401575);
#10201=VECTOR('',#16982,39.3700787401575);
#10202=VECTOR('',#16983,39.3700787401575);
#10203=VECTOR('',#16986,39.3700787401575);
#10204=VECTOR('',#16987,39.3700787401575);
#10205=VECTOR('',#16990,39.3700787401575);
#10206=VECTOR('',#16995,39.3700787401575);
#10207=VECTOR('',#16996,39.3700787401575);
#10208=VECTOR('',#16997,39.3700787401575);
#10209=VECTOR('',#17000,39.3700787401575);
#10210=VECTOR('',#17001,39.3700787401575);
#10211=VECTOR('',#17004,39.3700787401575);
#10212=VECTOR('',#17005,39.3700787401575);
#10213=VECTOR('',#17008,39.3700787401575);
#10214=VECTOR('',#17013,39.3700787401575);
#10215=VECTOR('',#17014,39.3700787401575);
#10216=VECTOR('',#17015,39.3700787401575);
#10217=VECTOR('',#17018,39.3700787401575);
#10218=VECTOR('',#17019,39.3700787401575);
#10219=VECTOR('',#17022,39.3700787401575);
#10220=VECTOR('',#17023,39.3700787401575);
#10221=VECTOR('',#17026,39.3700787401575);
#10222=VECTOR('',#17031,39.3700787401575);
#10223=VECTOR('',#17032,39.3700787401575);
#10224=VECTOR('',#17033,39.3700787401575);
#10225=VECTOR('',#17036,39.3700787401575);
#10226=VECTOR('',#17037,39.3700787401575);
#10227=VECTOR('',#17040,39.3700787401575);
#10228=VECTOR('',#17041,39.3700787401575);
#10229=VECTOR('',#17044,39.3700787401575);
#10230=VECTOR('',#17049,39.3700787401575);
#10231=VECTOR('',#17050,39.3700787401575);
#10232=VECTOR('',#17051,39.3700787401575);
#10233=VECTOR('',#17054,39.3700787401575);
#10234=VECTOR('',#17055,39.3700787401575);
#10235=VECTOR('',#17058,39.3700787401575);
#10236=VECTOR('',#17059,39.3700787401575);
#10237=VECTOR('',#17062,39.3700787401575);
#10238=VECTOR('',#17067,39.3700787401575);
#10239=VECTOR('',#17068,39.3700787401575);
#10240=VECTOR('',#17069,39.3700787401575);
#10241=VECTOR('',#17072,39.3700787401575);
#10242=VECTOR('',#17073,39.3700787401575);
#10243=VECTOR('',#17076,39.3700787401575);
#10244=VECTOR('',#17077,39.3700787401575);
#10245=VECTOR('',#17080,39.3700787401575);
#10246=VECTOR('',#17085,39.3700787401575);
#10247=VECTOR('',#17086,39.3700787401575);
#10248=VECTOR('',#17087,39.3700787401575);
#10249=VECTOR('',#17090,39.3700787401575);
#10250=VECTOR('',#17091,39.3700787401575);
#10251=VECTOR('',#17094,39.3700787401575);
#10252=VECTOR('',#17095,39.3700787401575);
#10253=VECTOR('',#17098,39.3700787401575);
#10254=VECTOR('',#17103,39.3700787401575);
#10255=VECTOR('',#17104,39.3700787401575);
#10256=VECTOR('',#17105,39.3700787401575);
#10257=VECTOR('',#17108,39.3700787401575);
#10258=VECTOR('',#17109,39.3700787401575);
#10259=VECTOR('',#17112,39.3700787401575);
#10260=VECTOR('',#17113,39.3700787401575);
#10261=VECTOR('',#17116,39.3700787401575);
#10262=VECTOR('',#17121,39.3700787401575);
#10263=VECTOR('',#17122,39.3700787401575);
#10264=VECTOR('',#17123,39.3700787401575);
#10265=VECTOR('',#17126,39.3700787401575);
#10266=VECTOR('',#17127,39.3700787401575);
#10267=VECTOR('',#17130,39.3700787401575);
#10268=VECTOR('',#17131,39.3700787401575);
#10269=VECTOR('',#17134,39.3700787401575);
#10270=VECTOR('',#17139,39.3700787401575);
#10271=VECTOR('',#17140,39.3700787401575);
#10272=VECTOR('',#17141,39.3700787401575);
#10273=VECTOR('',#17144,39.3700787401575);
#10274=VECTOR('',#17145,39.3700787401575);
#10275=VECTOR('',#17148,39.3700787401575);
#10276=VECTOR('',#17149,39.3700787401575);
#10277=VECTOR('',#17152,39.3700787401575);
#10278=VECTOR('',#17157,39.3700787401575);
#10279=VECTOR('',#17158,39.3700787401575);
#10280=VECTOR('',#17159,39.3700787401575);
#10281=VECTOR('',#17162,39.3700787401575);
#10282=VECTOR('',#17163,39.3700787401575);
#10283=VECTOR('',#17166,39.3700787401575);
#10284=VECTOR('',#17167,39.3700787401575);
#10285=VECTOR('',#17170,39.3700787401575);
#10286=VECTOR('',#17175,39.3700787401575);
#10287=VECTOR('',#17176,39.3700787401575);
#10288=VECTOR('',#17177,39.3700787401575);
#10289=VECTOR('',#17180,39.3700787401575);
#10290=VECTOR('',#17181,39.3700787401575);
#10291=VECTOR('',#17184,39.3700787401575);
#10292=VECTOR('',#17185,39.3700787401575);
#10293=VECTOR('',#17188,39.3700787401575);
#10294=VECTOR('',#17193,39.3700787401575);
#10295=VECTOR('',#17194,39.3700787401575);
#10296=VECTOR('',#17195,39.3700787401575);
#10297=VECTOR('',#17198,39.3700787401575);
#10298=VECTOR('',#17199,39.3700787401575);
#10299=VECTOR('',#17202,39.3700787401575);
#10300=VECTOR('',#17203,39.3700787401575);
#10301=VECTOR('',#17206,39.3700787401575);
#10302=VECTOR('',#17211,39.3700787401575);
#10303=VECTOR('',#17212,39.3700787401575);
#10304=VECTOR('',#17213,39.3700787401575);
#10305=VECTOR('',#17216,39.3700787401575);
#10306=VECTOR('',#17217,39.3700787401575);
#10307=VECTOR('',#17220,39.3700787401575);
#10308=VECTOR('',#17221,39.3700787401575);
#10309=VECTOR('',#17224,39.3700787401575);
#10310=VECTOR('',#17229,39.3700787401575);
#10311=VECTOR('',#17230,39.3700787401575);
#10312=VECTOR('',#17231,39.3700787401575);
#10313=VECTOR('',#17234,39.3700787401575);
#10314=VECTOR('',#17235,39.3700787401575);
#10315=VECTOR('',#17238,39.3700787401575);
#10316=VECTOR('',#17239,39.3700787401575);
#10317=VECTOR('',#17242,39.3700787401575);
#10318=EDGE_LOOP('',(#90,#91,#92,#93));
#10319=EDGE_LOOP('',(#94,#95,#96,#97));
#10320=EDGE_LOOP('',(#98,#99,#100,#101));
#10321=EDGE_LOOP('',(#102,#103,#104,#105));
#10322=EDGE_LOOP('',(#106,#107,#108,#109));
#10323=EDGE_LOOP('',(#110,#111,#112,#113));
#10324=EDGE_LOOP('',(#114,#115,#116,#117));
#10325=EDGE_LOOP('',(#118,#119,#120,#121));
#10326=EDGE_LOOP('',(#122,#123,#124,#125));
#10327=EDGE_LOOP('',(#126,#127,#128,#129));
#10328=EDGE_LOOP('',(#130,#131,#132,#133));
#10329=EDGE_LOOP('',(#134,#135,#136,#137));
#10330=EDGE_LOOP('',(#138,#139,#140,#141));
#10331=EDGE_LOOP('',(#142,#143,#144,#145));
#10332=EDGE_LOOP('',(#146,#147,#148,#149));
#10333=EDGE_LOOP('',(#150,#151,#152,#153));
#10334=EDGE_LOOP('',(#154,#155,#156,#157));
#10335=EDGE_LOOP('',(#158,#159,#160,#161));
#10336=EDGE_LOOP('',(#162,#163,#164,#165,#166,#167,#168,#169,#170,#171,
#172,#173,#174,#175,#176,#177,#178,#179,#180,#181,#182,#183,#184,#185,#186,
#187,#188,#189,#190,#191,#192,#193,#194,#195,#196,#197));
#10337=EDGE_LOOP('',(#198,#199,#200,#201,#202,#203,#204,#205,#206,#207,
#208,#209,#210,#211,#212,#213,#214,#215,#216,#217,#218,#219,#220,#221,#222,
#223,#224,#225,#226,#227,#228,#229,#230,#231,#232,#233));
#10338=EDGE_LOOP('',(#234,#235,#236,#237));
#10339=EDGE_LOOP('',(#238,#239,#240,#241));
#10340=EDGE_LOOP('',(#242,#243,#244,#245));
#10341=EDGE_LOOP('',(#246,#247,#248,#249));
#10342=EDGE_LOOP('',(#250,#251,#252,#253));
#10343=EDGE_LOOP('',(#254,#255,#256,#257));
#10344=EDGE_LOOP('',(#258,#259,#260,#261));
#10345=EDGE_LOOP('',(#262,#263,#264,#265));
#10346=EDGE_LOOP('',(#266,#267,#268,#269));
#10347=EDGE_LOOP('',(#270,#271,#272,#273));
#10348=EDGE_LOOP('',(#274,#275,#276,#277));
#10349=EDGE_LOOP('',(#278,#279,#280,#281));
#10350=EDGE_LOOP('',(#282,#283,#284,#285));
#10351=EDGE_LOOP('',(#286,#287,#288,#289));
#10352=EDGE_LOOP('',(#290,#291,#292,#293));
#10353=EDGE_LOOP('',(#294,#295,#296,#297));
#10354=EDGE_LOOP('',(#298,#299,#300,#301));
#10355=EDGE_LOOP('',(#302,#303,#304,#305));
#10356=EDGE_LOOP('',(#306,#307,#308,#309,#310,#311,#312,#313));
#10357=EDGE_LOOP('',(#314,#315,#316,#317,#318,#319,#320,#321));
#10358=EDGE_LOOP('',(#322,#323,#324,#325));
#10359=EDGE_LOOP('',(#326,#327,#328,#329));
#10360=EDGE_LOOP('',(#330,#331,#332,#333));
#10361=EDGE_LOOP('',(#334,#335,#336,#337));
#10362=EDGE_LOOP('',(#338,#339,#340,#341));
#10363=EDGE_LOOP('',(#342,#343,#344,#345));
#10364=EDGE_LOOP('',(#346,#347,#348,#349));
#10365=EDGE_LOOP('',(#350,#351,#352,#353));
#10366=EDGE_LOOP('',(#354,#355,#356,#357));
#10367=EDGE_LOOP('',(#358,#359,#360,#361));
#10368=EDGE_LOOP('',(#362,#363,#364,#365));
#10369=EDGE_LOOP('',(#366,#367,#368,#369));
#10370=EDGE_LOOP('',(#370,#371,#372,#373));
#10371=EDGE_LOOP('',(#374,#375,#376,#377));
#10372=EDGE_LOOP('',(#378,#379,#380,#381));
#10373=EDGE_LOOP('',(#382,#383,#384,#385));
#10374=EDGE_LOOP('',(#386,#387,#388,#389));
#10375=EDGE_LOOP('',(#390,#391,#392,#393));
#10376=EDGE_LOOP('',(#394,#395,#396,#397));
#10377=EDGE_LOOP('',(#398,#399,#400,#401));
#10378=EDGE_LOOP('',(#402,#403,#404,#405));
#10379=EDGE_LOOP('',(#406,#407,#408,#409));
#10380=EDGE_LOOP('',(#410,#411,#412,#413));
#10381=EDGE_LOOP('',(#414,#415,#416,#417));
#10382=EDGE_LOOP('',(#418,#419,#420,#421));
#10383=EDGE_LOOP('',(#422,#423,#424,#425));
#10384=EDGE_LOOP('',(#426,#427,#428,#429));
#10385=EDGE_LOOP('',(#430,#431,#432,#433));
#10386=EDGE_LOOP('',(#434,#435,#436,#437));
#10387=EDGE_LOOP('',(#438,#439,#440,#441));
#10388=EDGE_LOOP('',(#442,#443,#444,#445));
#10389=EDGE_LOOP('',(#446,#447,#448,#449));
#10390=EDGE_LOOP('',(#450,#451,#452,#453));
#10391=EDGE_LOOP('',(#454,#455,#456,#457));
#10392=EDGE_LOOP('',(#458,#459,#460,#461));
#10393=EDGE_LOOP('',(#462,#463,#464,#465));
#10394=EDGE_LOOP('',(#466,#467,#468,#469));
#10395=EDGE_LOOP('',(#470,#471,#472,#473));
#10396=EDGE_LOOP('',(#474,#475,#476,#477));
#10397=EDGE_LOOP('',(#478,#479,#480,#481));
#10398=EDGE_LOOP('',(#482,#483,#484,#485));
#10399=EDGE_LOOP('',(#486,#487,#488,#489));
#10400=EDGE_LOOP('',(#490,#491,#492,#493));
#10401=EDGE_LOOP('',(#494,#495,#496,#497));
#10402=EDGE_LOOP('',(#498,#499,#500,#501));
#10403=EDGE_LOOP('',(#502,#503,#504,#505));
#10404=EDGE_LOOP('',(#506,#507,#508,#509));
#10405=EDGE_LOOP('',(#510,#511,#512,#513));
#10406=EDGE_LOOP('',(#514,#515,#516,#517));
#10407=EDGE_LOOP('',(#518,#519,#520,#521));
#10408=EDGE_LOOP('',(#522,#523,#524,#525));
#10409=EDGE_LOOP('',(#526,#527,#528,#529));
#10410=EDGE_LOOP('',(#530,#531,#532,#533));
#10411=EDGE_LOOP('',(#534,#535,#536,#537));
#10412=EDGE_LOOP('',(#538,#539,#540,#541));
#10413=EDGE_LOOP('',(#542,#543,#544,#545));
#10414=EDGE_LOOP('',(#546,#547,#548,#549));
#10415=EDGE_LOOP('',(#550,#551,#552,#553));
#10416=EDGE_LOOP('',(#554,#555,#556,#557));
#10417=EDGE_LOOP('',(#558,#559,#560,#561));
#10418=EDGE_LOOP('',(#562,#563,#564,#565));
#10419=EDGE_LOOP('',(#566,#567,#568,#569));
#10420=EDGE_LOOP('',(#570,#571,#572,#573));
#10421=EDGE_LOOP('',(#574,#575,#576,#577));
#10422=EDGE_LOOP('',(#578,#579,#580,#581));
#10423=EDGE_LOOP('',(#582,#583,#584,#585));
#10424=EDGE_LOOP('',(#586,#587,#588,#589));
#10425=EDGE_LOOP('',(#590,#591,#592,#593));
#10426=EDGE_LOOP('',(#594,#595,#596,#597));
#10427=EDGE_LOOP('',(#598,#599,#600,#601));
#10428=EDGE_LOOP('',(#602,#603,#604,#605));
#10429=EDGE_LOOP('',(#606,#607,#608,#609));
#10430=EDGE_LOOP('',(#610,#611,#612,#613));
#10431=EDGE_LOOP('',(#614,#615,#616,#617));
#10432=EDGE_LOOP('',(#618,#619,#620,#621));
#10433=EDGE_LOOP('',(#622,#623,#624,#625));
#10434=EDGE_LOOP('',(#626,#627,#628,#629));
#10435=EDGE_LOOP('',(#630,#631,#632,#633));
#10436=EDGE_LOOP('',(#634,#635,#636,#637));
#10437=EDGE_LOOP('',(#638,#639,#640,#641));
#10438=EDGE_LOOP('',(#642,#643,#644,#645));
#10439=EDGE_LOOP('',(#646,#647,#648,#649));
#10440=EDGE_LOOP('',(#650,#651,#652,#653));
#10441=EDGE_LOOP('',(#654,#655,#656,#657));
#10442=EDGE_LOOP('',(#658,#659,#660,#661));
#10443=EDGE_LOOP('',(#662,#663,#664,#665));
#10444=EDGE_LOOP('',(#666,#667,#668,#669));
#10445=EDGE_LOOP('',(#670,#671,#672,#673));
#10446=EDGE_LOOP('',(#674,#675,#676,#677));
#10447=EDGE_LOOP('',(#678,#679,#680,#681));
#10448=EDGE_LOOP('',(#682,#683,#684,#685));
#10449=EDGE_LOOP('',(#686,#687,#688,#689));
#10450=EDGE_LOOP('',(#690,#691,#692,#693));
#10451=EDGE_LOOP('',(#694,#695,#696,#697));
#10452=EDGE_LOOP('',(#698,#699,#700,#701));
#10453=EDGE_LOOP('',(#702,#703,#704,#705));
#10454=EDGE_LOOP('',(#706,#707,#708,#709));
#10455=EDGE_LOOP('',(#710,#711,#712,#713,#714,#715,#716,#717,#718,#719,
#720,#721,#722,#723,#724,#725,#726,#727,#728,#729,#730,#731,#732,#733,#734,
#735,#736,#737,#738,#739,#740,#741,#742,#743,#744,#745,#746,#747,#748,#749,
#750,#751,#752,#753,#754,#755,#756,#757,#758,#759,#760,#761,#762,#763,#764,
#765,#766,#767,#768,#769,#770,#771,#772,#773,#774,#775,#776,#777));
#10456=EDGE_LOOP('',(#778,#779,#780,#781));
#10457=EDGE_LOOP('',(#782,#783,#784,#785));
#10458=EDGE_LOOP('',(#786,#787,#788,#789));
#10459=EDGE_LOOP('',(#790,#791,#792,#793));
#10460=EDGE_LOOP('',(#794,#795,#796,#797));
#10461=EDGE_LOOP('',(#798,#799,#800,#801));
#10462=EDGE_LOOP('',(#802,#803,#804,#805));
#10463=EDGE_LOOP('',(#806,#807,#808,#809));
#10464=EDGE_LOOP('',(#810,#811,#812,#813));
#10465=EDGE_LOOP('',(#814,#815,#816,#817));
#10466=EDGE_LOOP('',(#818,#819,#820,#821));
#10467=EDGE_LOOP('',(#822,#823,#824,#825));
#10468=EDGE_LOOP('',(#826,#827,#828,#829));
#10469=EDGE_LOOP('',(#830,#831,#832,#833));
#10470=EDGE_LOOP('',(#834,#835,#836,#837));
#10471=EDGE_LOOP('',(#838,#839,#840,#841));
#10472=EDGE_LOOP('',(#842,#843,#844,#845));
#10473=EDGE_LOOP('',(#846,#847,#848,#849));
#10474=EDGE_LOOP('',(#850,#851,#852,#853));
#10475=EDGE_LOOP('',(#854,#855,#856,#857));
#10476=EDGE_LOOP('',(#858,#859,#860,#861));
#10477=EDGE_LOOP('',(#862,#863,#864,#865));
#10478=EDGE_LOOP('',(#866,#867,#868,#869));
#10479=EDGE_LOOP('',(#870,#871,#872,#873));
#10480=EDGE_LOOP('',(#874,#875,#876,#877));
#10481=EDGE_LOOP('',(#878,#879,#880,#881));
#10482=EDGE_LOOP('',(#882,#883,#884,#885));
#10483=EDGE_LOOP('',(#886,#887,#888,#889));
#10484=EDGE_LOOP('',(#890,#891,#892,#893));
#10485=EDGE_LOOP('',(#894,#895,#896,#897));
#10486=EDGE_LOOP('',(#898,#899,#900,#901));
#10487=EDGE_LOOP('',(#902,#903,#904,#905));
#10488=EDGE_LOOP('',(#906,#907,#908,#909));
#10489=EDGE_LOOP('',(#910,#911,#912,#913));
#10490=EDGE_LOOP('',(#914,#915,#916,#917));
#10491=EDGE_LOOP('',(#918,#919,#920,#921));
#10492=EDGE_LOOP('',(#922,#923,#924,#925));
#10493=EDGE_LOOP('',(#926,#927,#928,#929));
#10494=EDGE_LOOP('',(#930,#931,#932,#933));
#10495=EDGE_LOOP('',(#934,#935,#936,#937));
#10496=EDGE_LOOP('',(#938,#939,#940,#941));
#10497=EDGE_LOOP('',(#942,#943,#944,#945));
#10498=EDGE_LOOP('',(#946,#947,#948,#949));
#10499=EDGE_LOOP('',(#950,#951,#952,#953));
#10500=EDGE_LOOP('',(#954,#955,#956,#957));
#10501=EDGE_LOOP('',(#958,#959,#960,#961));
#10502=EDGE_LOOP('',(#962,#963,#964,#965));
#10503=EDGE_LOOP('',(#966,#967,#968,#969));
#10504=EDGE_LOOP('',(#970,#971,#972,#973));
#10505=EDGE_LOOP('',(#974,#975,#976,#977));
#10506=EDGE_LOOP('',(#978,#979,#980,#981));
#10507=EDGE_LOOP('',(#982,#983,#984,#985));
#10508=EDGE_LOOP('',(#986,#987,#988,#989));
#10509=EDGE_LOOP('',(#990,#991,#992,#993));
#10510=EDGE_LOOP('',(#994,#995,#996,#997));
#10511=EDGE_LOOP('',(#998,#999,#1000,#1001));
#10512=EDGE_LOOP('',(#1002,#1003,#1004,#1005));
#10513=EDGE_LOOP('',(#1006,#1007,#1008,#1009));
#10514=EDGE_LOOP('',(#1010,#1011,#1012,#1013));
#10515=EDGE_LOOP('',(#1014,#1015,#1016,#1017));
#10516=EDGE_LOOP('',(#1018,#1019,#1020,#1021));
#10517=EDGE_LOOP('',(#1022,#1023,#1024,#1025));
#10518=EDGE_LOOP('',(#1026,#1027,#1028,#1029));
#10519=EDGE_LOOP('',(#1030,#1031,#1032,#1033));
#10520=EDGE_LOOP('',(#1034,#1035,#1036,#1037));
#10521=EDGE_LOOP('',(#1038,#1039,#1040,#1041));
#10522=EDGE_LOOP('',(#1042,#1043,#1044,#1045));
#10523=EDGE_LOOP('',(#1046,#1047,#1048,#1049));
#10524=EDGE_LOOP('',(#1050,#1051,#1052,#1053));
#10525=EDGE_LOOP('',(#1054,#1055,#1056,#1057));
#10526=EDGE_LOOP('',(#1058,#1059,#1060,#1061));
#10527=EDGE_LOOP('',(#1062,#1063,#1064,#1065));
#10528=EDGE_LOOP('',(#1066,#1067,#1068,#1069));
#10529=EDGE_LOOP('',(#1070,#1071,#1072,#1073));
#10530=EDGE_LOOP('',(#1074,#1075,#1076,#1077));
#10531=EDGE_LOOP('',(#1078,#1079,#1080,#1081));
#10532=EDGE_LOOP('',(#1082,#1083,#1084,#1085));
#10533=EDGE_LOOP('',(#1086,#1087,#1088,#1089));
#10534=EDGE_LOOP('',(#1090,#1091,#1092,#1093));
#10535=EDGE_LOOP('',(#1094,#1095,#1096,#1097));
#10536=EDGE_LOOP('',(#1098,#1099,#1100,#1101));
#10537=EDGE_LOOP('',(#1102,#1103,#1104,#1105));
#10538=EDGE_LOOP('',(#1106,#1107,#1108,#1109));
#10539=EDGE_LOOP('',(#1110,#1111,#1112,#1113));
#10540=EDGE_LOOP('',(#1114,#1115,#1116,#1117));
#10541=EDGE_LOOP('',(#1118,#1119,#1120,#1121));
#10542=EDGE_LOOP('',(#1122,#1123,#1124,#1125));
#10543=EDGE_LOOP('',(#1126,#1127,#1128,#1129));
#10544=EDGE_LOOP('',(#1130,#1131,#1132,#1133));
#10545=EDGE_LOOP('',(#1134,#1135,#1136,#1137));
#10546=EDGE_LOOP('',(#1138,#1139,#1140,#1141));
#10547=EDGE_LOOP('',(#1142,#1143,#1144,#1145));
#10548=EDGE_LOOP('',(#1146,#1147,#1148,#1149));
#10549=EDGE_LOOP('',(#1150,#1151,#1152,#1153));
#10550=EDGE_LOOP('',(#1154,#1155,#1156,#1157));
#10551=EDGE_LOOP('',(#1158,#1159,#1160,#1161));
#10552=EDGE_LOOP('',(#1162,#1163,#1164,#1165));
#10553=EDGE_LOOP('',(#1166,#1167,#1168,#1169));
#10554=EDGE_LOOP('',(#1170,#1171,#1172,#1173));
#10555=EDGE_LOOP('',(#1174,#1175,#1176,#1177));
#10556=EDGE_LOOP('',(#1178,#1179,#1180,#1181));
#10557=EDGE_LOOP('',(#1182,#1183,#1184,#1185));
#10558=EDGE_LOOP('',(#1186,#1187,#1188,#1189));
#10559=EDGE_LOOP('',(#1190,#1191,#1192,#1193));
#10560=EDGE_LOOP('',(#1194,#1195,#1196,#1197));
#10561=EDGE_LOOP('',(#1198,#1199,#1200,#1201));
#10562=EDGE_LOOP('',(#1202,#1203,#1204,#1205));
#10563=EDGE_LOOP('',(#1206,#1207,#1208,#1209));
#10564=EDGE_LOOP('',(#1210,#1211,#1212,#1213));
#10565=EDGE_LOOP('',(#1214,#1215,#1216,#1217));
#10566=EDGE_LOOP('',(#1218,#1219,#1220,#1221));
#10567=EDGE_LOOP('',(#1222,#1223,#1224,#1225));
#10568=EDGE_LOOP('',(#1226,#1227,#1228,#1229));
#10569=EDGE_LOOP('',(#1230,#1231,#1232,#1233));
#10570=EDGE_LOOP('',(#1234,#1235,#1236,#1237));
#10571=EDGE_LOOP('',(#1238,#1239,#1240,#1241));
#10572=EDGE_LOOP('',(#1242,#1243,#1244,#1245));
#10573=EDGE_LOOP('',(#1246,#1247,#1248,#1249));
#10574=EDGE_LOOP('',(#1250,#1251,#1252,#1253));
#10575=EDGE_LOOP('',(#1254,#1255,#1256,#1257));
#10576=EDGE_LOOP('',(#1258,#1259,#1260,#1261));
#10577=EDGE_LOOP('',(#1262,#1263,#1264,#1265));
#10578=EDGE_LOOP('',(#1266,#1267,#1268,#1269));
#10579=EDGE_LOOP('',(#1270,#1271,#1272,#1273));
#10580=EDGE_LOOP('',(#1274,#1275,#1276,#1277));
#10581=EDGE_LOOP('',(#1278,#1279,#1280,#1281));
#10582=EDGE_LOOP('',(#1282,#1283,#1284,#1285));
#10583=EDGE_LOOP('',(#1286,#1287,#1288,#1289));
#10584=EDGE_LOOP('',(#1290,#1291,#1292,#1293));
#10585=EDGE_LOOP('',(#1294,#1295,#1296,#1297));
#10586=EDGE_LOOP('',(#1298,#1299,#1300,#1301));
#10587=EDGE_LOOP('',(#1302,#1303,#1304,#1305));
#10588=EDGE_LOOP('',(#1306,#1307,#1308,#1309));
#10589=EDGE_LOOP('',(#1310,#1311,#1312,#1313));
#10590=EDGE_LOOP('',(#1314,#1315,#1316,#1317));
#10591=EDGE_LOOP('',(#1318,#1319,#1320,#1321));
#10592=EDGE_LOOP('',(#1322,#1323,#1324,#1325));
#10593=EDGE_LOOP('',(#1326,#1327,#1328,#1329));
#10594=EDGE_LOOP('',(#1330,#1331,#1332,#1333));
#10595=EDGE_LOOP('',(#1334,#1335,#1336,#1337));
#10596=EDGE_LOOP('',(#1338,#1339,#1340,#1341));
#10597=EDGE_LOOP('',(#1342,#1343,#1344,#1345));
#10598=EDGE_LOOP('',(#1346,#1347,#1348,#1349));
#10599=EDGE_LOOP('',(#1350,#1351,#1352,#1353));
#10600=EDGE_LOOP('',(#1354,#1355,#1356,#1357));
#10601=EDGE_LOOP('',(#1358,#1359,#1360,#1361));
#10602=EDGE_LOOP('',(#1362,#1363,#1364,#1365));
#10603=EDGE_LOOP('',(#1366,#1367,#1368,#1369));
#10604=EDGE_LOOP('',(#1370,#1371,#1372,#1373));
#10605=EDGE_LOOP('',(#1374,#1375,#1376,#1377));
#10606=EDGE_LOOP('',(#1378,#1379,#1380,#1381));
#10607=EDGE_LOOP('',(#1382,#1383,#1384,#1385));
#10608=EDGE_LOOP('',(#1386,#1387,#1388,#1389));
#10609=EDGE_LOOP('',(#1390,#1391,#1392,#1393));
#10610=EDGE_LOOP('',(#1394,#1395,#1396,#1397));
#10611=EDGE_LOOP('',(#1398,#1399,#1400,#1401));
#10612=EDGE_LOOP('',(#1402,#1403,#1404,#1405));
#10613=EDGE_LOOP('',(#1406,#1407,#1408,#1409));
#10614=EDGE_LOOP('',(#1410,#1411,#1412,#1413));
#10615=EDGE_LOOP('',(#1414,#1415,#1416,#1417));
#10616=EDGE_LOOP('',(#1418,#1419,#1420,#1421));
#10617=EDGE_LOOP('',(#1422,#1423,#1424,#1425));
#10618=EDGE_LOOP('',(#1426,#1427,#1428,#1429));
#10619=EDGE_LOOP('',(#1430,#1431,#1432,#1433));
#10620=EDGE_LOOP('',(#1434,#1435,#1436,#1437));
#10621=EDGE_LOOP('',(#1438,#1439,#1440,#1441));
#10622=EDGE_LOOP('',(#1442,#1443,#1444,#1445));
#10623=EDGE_LOOP('',(#1446,#1447,#1448,#1449));
#10624=EDGE_LOOP('',(#1450,#1451,#1452,#1453));
#10625=EDGE_LOOP('',(#1454,#1455,#1456,#1457));
#10626=EDGE_LOOP('',(#1458,#1459,#1460,#1461));
#10627=EDGE_LOOP('',(#1462,#1463,#1464,#1465));
#10628=EDGE_LOOP('',(#1466,#1467,#1468,#1469));
#10629=EDGE_LOOP('',(#1470,#1471,#1472,#1473));
#10630=EDGE_LOOP('',(#1474,#1475,#1476,#1477));
#10631=EDGE_LOOP('',(#1478,#1479,#1480,#1481));
#10632=EDGE_LOOP('',(#1482,#1483,#1484,#1485));
#10633=EDGE_LOOP('',(#1486,#1487,#1488,#1489));
#10634=EDGE_LOOP('',(#1490,#1491,#1492,#1493));
#10635=EDGE_LOOP('',(#1494,#1495,#1496,#1497));
#10636=EDGE_LOOP('',(#1498,#1499,#1500,#1501));
#10637=EDGE_LOOP('',(#1502,#1503,#1504,#1505));
#10638=EDGE_LOOP('',(#1506,#1507,#1508,#1509));
#10639=EDGE_LOOP('',(#1510,#1511,#1512,#1513));
#10640=EDGE_LOOP('',(#1514,#1515,#1516,#1517));
#10641=EDGE_LOOP('',(#1518,#1519,#1520,#1521));
#10642=EDGE_LOOP('',(#1522,#1523,#1524,#1525));
#10643=EDGE_LOOP('',(#1526,#1527,#1528,#1529));
#10644=EDGE_LOOP('',(#1530,#1531,#1532,#1533));
#10645=EDGE_LOOP('',(#1534,#1535,#1536,#1537));
#10646=EDGE_LOOP('',(#1538,#1539,#1540,#1541));
#10647=EDGE_LOOP('',(#1542,#1543,#1544,#1545));
#10648=EDGE_LOOP('',(#1546,#1547,#1548,#1549));
#10649=EDGE_LOOP('',(#1550,#1551,#1552,#1553));
#10650=EDGE_LOOP('',(#1554,#1555,#1556,#1557));
#10651=EDGE_LOOP('',(#1558,#1559,#1560,#1561));
#10652=EDGE_LOOP('',(#1562,#1563,#1564,#1565));
#10653=EDGE_LOOP('',(#1566,#1567,#1568,#1569));
#10654=EDGE_LOOP('',(#1570,#1571,#1572,#1573));
#10655=EDGE_LOOP('',(#1574,#1575,#1576,#1577));
#10656=EDGE_LOOP('',(#1578,#1579,#1580,#1581));
#10657=EDGE_LOOP('',(#1582,#1583,#1584,#1585));
#10658=EDGE_LOOP('',(#1586,#1587,#1588,#1589,#1590,#1591,#1592,#1593,#1594,
#1595));
#10659=EDGE_LOOP('',(#1596,#1597,#1598,#1599));
#10660=EDGE_LOOP('',(#1600,#1601,#1602,#1603,#1604,#1605,#1606,#1607,#1608,
#1609));
#10661=EDGE_LOOP('',(#1610,#1611,#1612,#1613,#1614,#1615,#1616,#1617,#1618,
#1619));
#10662=EDGE_LOOP('',(#1620,#1621,#1622,#1623));
#10663=EDGE_LOOP('',(#1624,#1625,#1626,#1627,#1628,#1629,#1630,#1631,#1632,
#1633));
#10664=EDGE_LOOP('',(#1634,#1635,#1636,#1637,#1638,#1639,#1640,#1641,#1642,
#1643));
#10665=EDGE_LOOP('',(#1644,#1645,#1646,#1647));
#10666=EDGE_LOOP('',(#1648,#1649,#1650,#1651,#1652,#1653,#1654,#1655,#1656,
#1657));
#10667=EDGE_LOOP('',(#1658,#1659,#1660,#1661,#1662,#1663,#1664,#1665,#1666,
#1667));
#10668=EDGE_LOOP('',(#1668,#1669,#1670,#1671));
#10669=EDGE_LOOP('',(#1672,#1673,#1674,#1675,#1676,#1677,#1678,#1679,#1680,
#1681));
#10670=EDGE_LOOP('',(#1682,#1683,#1684,#1685,#1686,#1687,#1688,#1689,#1690,
#1691));
#10671=EDGE_LOOP('',(#1692,#1693,#1694,#1695));
#10672=EDGE_LOOP('',(#1696,#1697,#1698,#1699,#1700,#1701,#1702,#1703,#1704,
#1705));
#10673=EDGE_LOOP('',(#1706,#1707,#1708,#1709,#1710,#1711,#1712,#1713,#1714,
#1715));
#10674=EDGE_LOOP('',(#1716,#1717,#1718,#1719));
#10675=EDGE_LOOP('',(#1720,#1721,#1722,#1723,#1724,#1725,#1726,#1727,#1728,
#1729));
#10676=EDGE_LOOP('',(#1730,#1731,#1732,#1733,#1734,#1735,#1736,#1737,#1738,
#1739));
#10677=EDGE_LOOP('',(#1740,#1741,#1742,#1743));
#10678=EDGE_LOOP('',(#1744,#1745,#1746,#1747,#1748,#1749,#1750,#1751,#1752,
#1753));
#10679=EDGE_LOOP('',(#1754,#1755,#1756,#1757,#1758,#1759,#1760,#1761,#1762,
#1763));
#10680=EDGE_LOOP('',(#1764,#1765,#1766,#1767));
#10681=EDGE_LOOP('',(#1768,#1769,#1770,#1771,#1772,#1773,#1774,#1775,#1776,
#1777));
#10682=EDGE_LOOP('',(#1778,#1779,#1780,#1781,#1782,#1783,#1784,#1785,#1786,
#1787));
#10683=EDGE_LOOP('',(#1788,#1789,#1790,#1791));
#10684=EDGE_LOOP('',(#1792,#1793,#1794,#1795,#1796,#1797,#1798,#1799,#1800,
#1801));
#10685=EDGE_LOOP('',(#1802,#1803,#1804,#1805,#1806,#1807,#1808,#1809,#1810,
#1811));
#10686=EDGE_LOOP('',(#1812,#1813,#1814,#1815));
#10687=EDGE_LOOP('',(#1816,#1817,#1818,#1819,#1820,#1821,#1822,#1823,#1824,
#1825));
#10688=EDGE_LOOP('',(#1826,#1827,#1828,#1829,#1830,#1831,#1832,#1833,#1834,
#1835));
#10689=EDGE_LOOP('',(#1836,#1837,#1838,#1839));
#10690=EDGE_LOOP('',(#1840,#1841,#1842,#1843,#1844,#1845,#1846,#1847,#1848,
#1849));
#10691=EDGE_LOOP('',(#1850,#1851,#1852,#1853,#1854,#1855,#1856,#1857,#1858,
#1859));
#10692=EDGE_LOOP('',(#1860,#1861,#1862,#1863));
#10693=EDGE_LOOP('',(#1864,#1865,#1866,#1867,#1868,#1869,#1870,#1871,#1872,
#1873));
#10694=EDGE_LOOP('',(#1874,#1875,#1876,#1877,#1878,#1879,#1880,#1881,#1882,
#1883));
#10695=EDGE_LOOP('',(#1884,#1885,#1886,#1887));
#10696=EDGE_LOOP('',(#1888,#1889,#1890,#1891,#1892,#1893,#1894,#1895,#1896,
#1897));
#10697=EDGE_LOOP('',(#1898,#1899,#1900,#1901,#1902,#1903,#1904,#1905,#1906,
#1907));
#10698=EDGE_LOOP('',(#1908,#1909,#1910,#1911));
#10699=EDGE_LOOP('',(#1912,#1913,#1914,#1915,#1916,#1917,#1918,#1919,#1920,
#1921));
#10700=EDGE_LOOP('',(#1922,#1923,#1924,#1925,#1926,#1927,#1928,#1929,#1930,
#1931));
#10701=EDGE_LOOP('',(#1932,#1933,#1934,#1935));
#10702=EDGE_LOOP('',(#1936,#1937,#1938,#1939,#1940,#1941,#1942,#1943,#1944,
#1945));
#10703=EDGE_LOOP('',(#1946,#1947,#1948,#1949,#1950,#1951,#1952,#1953,#1954,
#1955));
#10704=EDGE_LOOP('',(#1956,#1957,#1958,#1959));
#10705=EDGE_LOOP('',(#1960,#1961,#1962,#1963,#1964,#1965,#1966,#1967,#1968,
#1969));
#10706=EDGE_LOOP('',(#1970,#1971,#1972,#1973));
#10707=EDGE_LOOP('',(#1974,#1975,#1976,#1977));
#10708=EDGE_LOOP('',(#1978,#1979,#1980,#1981));
#10709=EDGE_LOOP('',(#1982,#1983,#1984,#1985));
#10710=EDGE_LOOP('',(#1986,#1987,#1988,#1989));
#10711=EDGE_LOOP('',(#1990,#1991,#1992,#1993));
#10712=EDGE_LOOP('',(#1994,#1995,#1996,#1997));
#10713=EDGE_LOOP('',(#1998,#1999,#2000,#2001));
#10714=EDGE_LOOP('',(#2002,#2003,#2004,#2005));
#10715=EDGE_LOOP('',(#2006,#2007,#2008,#2009));
#10716=EDGE_LOOP('',(#2010,#2011,#2012,#2013));
#10717=EDGE_LOOP('',(#2014,#2015,#2016,#2017));
#10718=EDGE_LOOP('',(#2018,#2019,#2020,#2021));
#10719=EDGE_LOOP('',(#2022,#2023,#2024,#2025));
#10720=EDGE_LOOP('',(#2026,#2027,#2028,#2029));
#10721=EDGE_LOOP('',(#2030,#2031,#2032,#2033));
#10722=EDGE_LOOP('',(#2034,#2035,#2036,#2037));
#10723=EDGE_LOOP('',(#2038,#2039,#2040,#2041));
#10724=EDGE_LOOP('',(#2042,#2043,#2044,#2045));
#10725=EDGE_LOOP('',(#2046,#2047,#2048,#2049));
#10726=EDGE_LOOP('',(#2050,#2051,#2052,#2053));
#10727=EDGE_LOOP('',(#2054,#2055,#2056,#2057));
#10728=EDGE_LOOP('',(#2058,#2059,#2060,#2061));
#10729=EDGE_LOOP('',(#2062,#2063,#2064,#2065));
#10730=EDGE_LOOP('',(#2066,#2067,#2068,#2069));
#10731=EDGE_LOOP('',(#2070,#2071,#2072,#2073));
#10732=EDGE_LOOP('',(#2074,#2075,#2076,#2077));
#10733=EDGE_LOOP('',(#2078,#2079,#2080,#2081));
#10734=EDGE_LOOP('',(#2082,#2083,#2084,#2085));
#10735=EDGE_LOOP('',(#2086,#2087,#2088,#2089));
#10736=EDGE_LOOP('',(#2090,#2091,#2092,#2093));
#10737=EDGE_LOOP('',(#2094,#2095,#2096,#2097));
#10738=EDGE_LOOP('',(#2098,#2099,#2100,#2101));
#10739=EDGE_LOOP('',(#2102,#2103,#2104,#2105));
#10740=EDGE_LOOP('',(#2106,#2107,#2108,#2109));
#10741=EDGE_LOOP('',(#2110,#2111,#2112,#2113));
#10742=EDGE_LOOP('',(#2114,#2115,#2116,#2117));
#10743=EDGE_LOOP('',(#2118,#2119,#2120,#2121));
#10744=EDGE_LOOP('',(#2122,#2123,#2124,#2125));
#10745=EDGE_LOOP('',(#2126,#2127,#2128,#2129));
#10746=EDGE_LOOP('',(#2130,#2131,#2132,#2133));
#10747=EDGE_LOOP('',(#2134,#2135,#2136,#2137));
#10748=EDGE_LOOP('',(#2138,#2139,#2140,#2141));
#10749=EDGE_LOOP('',(#2142,#2143,#2144,#2145));
#10750=EDGE_LOOP('',(#2146,#2147,#2148,#2149));
#10751=EDGE_LOOP('',(#2150,#2151,#2152,#2153));
#10752=EDGE_LOOP('',(#2154,#2155,#2156,#2157));
#10753=EDGE_LOOP('',(#2158,#2159,#2160,#2161));
#10754=EDGE_LOOP('',(#2162,#2163,#2164,#2165));
#10755=EDGE_LOOP('',(#2166,#2167,#2168,#2169));
#10756=EDGE_LOOP('',(#2170,#2171,#2172,#2173));
#10757=EDGE_LOOP('',(#2174,#2175,#2176,#2177));
#10758=EDGE_LOOP('',(#2178,#2179,#2180,#2181));
#10759=EDGE_LOOP('',(#2182,#2183,#2184,#2185));
#10760=EDGE_LOOP('',(#2186,#2187,#2188,#2189));
#10761=EDGE_LOOP('',(#2190,#2191,#2192,#2193));
#10762=EDGE_LOOP('',(#2194,#2195,#2196,#2197));
#10763=EDGE_LOOP('',(#2198,#2199,#2200,#2201));
#10764=EDGE_LOOP('',(#2202,#2203,#2204,#2205));
#10765=EDGE_LOOP('',(#2206,#2207,#2208,#2209));
#10766=EDGE_LOOP('',(#2210,#2211,#2212,#2213));
#10767=EDGE_LOOP('',(#2214,#2215,#2216,#2217));
#10768=EDGE_LOOP('',(#2218,#2219,#2220,#2221));
#10769=EDGE_LOOP('',(#2222,#2223,#2224,#2225));
#10770=EDGE_LOOP('',(#2226,#2227,#2228,#2229));
#10771=EDGE_LOOP('',(#2230,#2231,#2232,#2233));
#10772=EDGE_LOOP('',(#2234,#2235,#2236,#2237));
#10773=EDGE_LOOP('',(#2238,#2239,#2240,#2241));
#10774=EDGE_LOOP('',(#2242,#2243,#2244,#2245));
#10775=EDGE_LOOP('',(#2246,#2247,#2248,#2249));
#10776=EDGE_LOOP('',(#2250,#2251,#2252,#2253));
#10777=EDGE_LOOP('',(#2254,#2255,#2256,#2257));
#10778=EDGE_LOOP('',(#2258,#2259,#2260,#2261));
#10779=EDGE_LOOP('',(#2262,#2263,#2264,#2265));
#10780=EDGE_LOOP('',(#2266,#2267,#2268,#2269));
#10781=EDGE_LOOP('',(#2270,#2271,#2272,#2273));
#10782=EDGE_LOOP('',(#2274,#2275,#2276,#2277));
#10783=EDGE_LOOP('',(#2278,#2279,#2280,#2281));
#10784=EDGE_LOOP('',(#2282,#2283,#2284,#2285));
#10785=EDGE_LOOP('',(#2286,#2287,#2288,#2289));
#10786=EDGE_LOOP('',(#2290,#2291,#2292,#2293));
#10787=EDGE_LOOP('',(#2294,#2295,#2296,#2297));
#10788=EDGE_LOOP('',(#2298,#2299,#2300,#2301));
#10789=EDGE_LOOP('',(#2302,#2303,#2304,#2305));
#10790=EDGE_LOOP('',(#2306,#2307,#2308,#2309));
#10791=EDGE_LOOP('',(#2310,#2311,#2312,#2313));
#10792=EDGE_LOOP('',(#2314,#2315,#2316,#2317));
#10793=EDGE_LOOP('',(#2318,#2319,#2320,#2321));
#10794=EDGE_LOOP('',(#2322,#2323,#2324,#2325));
#10795=EDGE_LOOP('',(#2326,#2327,#2328,#2329));
#10796=EDGE_LOOP('',(#2330,#2331,#2332,#2333));
#10797=EDGE_LOOP('',(#2334,#2335,#2336,#2337));
#10798=EDGE_LOOP('',(#2338,#2339,#2340,#2341));
#10799=EDGE_LOOP('',(#2342,#2343,#2344,#2345));
#10800=EDGE_LOOP('',(#2346,#2347,#2348,#2349));
#10801=EDGE_LOOP('',(#2350,#2351,#2352,#2353));
#10802=EDGE_LOOP('',(#2354,#2355,#2356,#2357));
#10803=EDGE_LOOP('',(#2358,#2359,#2360,#2361));
#10804=EDGE_LOOP('',(#2362,#2363,#2364,#2365));
#10805=EDGE_LOOP('',(#2366,#2367,#2368,#2369));
#10806=EDGE_LOOP('',(#2370,#2371,#2372,#2373));
#10807=EDGE_LOOP('',(#2374,#2375,#2376,#2377));
#10808=EDGE_LOOP('',(#2378,#2379,#2380,#2381));
#10809=EDGE_LOOP('',(#2382,#2383,#2384,#2385));
#10810=EDGE_LOOP('',(#2386,#2387,#2388,#2389));
#10811=EDGE_LOOP('',(#2390,#2391,#2392,#2393));
#10812=EDGE_LOOP('',(#2394,#2395,#2396,#2397));
#10813=EDGE_LOOP('',(#2398,#2399,#2400,#2401));
#10814=EDGE_LOOP('',(#2402,#2403,#2404,#2405));
#10815=EDGE_LOOP('',(#2406,#2407,#2408,#2409));
#10816=EDGE_LOOP('',(#2410,#2411,#2412,#2413));
#10817=EDGE_LOOP('',(#2414,#2415,#2416,#2417));
#10818=EDGE_LOOP('',(#2418,#2419,#2420,#2421));
#10819=EDGE_LOOP('',(#2422,#2423,#2424,#2425));
#10820=EDGE_LOOP('',(#2426,#2427,#2428,#2429));
#10821=EDGE_LOOP('',(#2430,#2431,#2432,#2433));
#10822=EDGE_LOOP('',(#2434,#2435,#2436,#2437));
#10823=EDGE_LOOP('',(#2438,#2439,#2440,#2441));
#10824=EDGE_LOOP('',(#2442,#2443,#2444,#2445));
#10825=EDGE_LOOP('',(#2446,#2447,#2448,#2449));
#10826=EDGE_LOOP('',(#2450,#2451,#2452,#2453));
#10827=EDGE_LOOP('',(#2454,#2455,#2456,#2457));
#10828=EDGE_LOOP('',(#2458,#2459,#2460,#2461));
#10829=EDGE_LOOP('',(#2462,#2463,#2464,#2465));
#10830=EDGE_LOOP('',(#2466,#2467,#2468,#2469));
#10831=EDGE_LOOP('',(#2470,#2471,#2472,#2473));
#10832=EDGE_LOOP('',(#2474,#2475,#2476,#2477));
#10833=EDGE_LOOP('',(#2478,#2479,#2480,#2481));
#10834=EDGE_LOOP('',(#2482,#2483,#2484,#2485));
#10835=EDGE_LOOP('',(#2486,#2487,#2488,#2489));
#10836=EDGE_LOOP('',(#2490,#2491,#2492,#2493));
#10837=EDGE_LOOP('',(#2494,#2495,#2496,#2497));
#10838=EDGE_LOOP('',(#2498,#2499,#2500,#2501));
#10839=EDGE_LOOP('',(#2502,#2503,#2504,#2505));
#10840=EDGE_LOOP('',(#2506,#2507,#2508,#2509));
#10841=EDGE_LOOP('',(#2510,#2511,#2512,#2513));
#10842=EDGE_LOOP('',(#2514,#2515,#2516,#2517));
#10843=EDGE_LOOP('',(#2518,#2519,#2520,#2521));
#10844=EDGE_LOOP('',(#2522,#2523,#2524,#2525));
#10845=EDGE_LOOP('',(#2526,#2527,#2528,#2529));
#10846=EDGE_LOOP('',(#2530,#2531,#2532,#2533));
#10847=EDGE_LOOP('',(#2534,#2535,#2536,#2537));
#10848=EDGE_LOOP('',(#2538,#2539,#2540,#2541));
#10849=EDGE_LOOP('',(#2542,#2543,#2544,#2545));
#10850=EDGE_LOOP('',(#2546,#2547,#2548,#2549));
#10851=EDGE_LOOP('',(#2550,#2551,#2552,#2553));
#10852=EDGE_LOOP('',(#2554,#2555,#2556,#2557));
#10853=EDGE_LOOP('',(#2558,#2559,#2560,#2561));
#10854=EDGE_LOOP('',(#2562,#2563,#2564,#2565));
#10855=EDGE_LOOP('',(#2566,#2567,#2568,#2569));
#10856=EDGE_LOOP('',(#2570,#2571,#2572,#2573));
#10857=EDGE_LOOP('',(#2574,#2575,#2576,#2577));
#10858=EDGE_LOOP('',(#2578,#2579,#2580,#2581));
#10859=EDGE_LOOP('',(#2582,#2583,#2584,#2585));
#10860=EDGE_LOOP('',(#2586,#2587,#2588,#2589,#2590,#2591,#2592,#2593,#2594,
#2595,#2596,#2597,#2598,#2599,#2600,#2601,#2602,#2603,#2604,#2605,#2606,
#2607,#2608,#2609,#2610,#2611,#2612,#2613,#2614,#2615,#2616,#2617,#2618,
#2619,#2620,#2621,#2622,#2623,#2624,#2625,#2626,#2627,#2628,#2629,#2630,
#2631,#2632,#2633,#2634,#2635,#2636,#2637,#2638,#2639,#2640,#2641,#2642,
#2643,#2644,#2645,#2646,#2647,#2648,#2649,#2650,#2651,#2652,#2653,#2654,
#2655,#2656,#2657,#2658,#2659,#2660,#2661,#2662,#2663,#2664,#2665,#2666,
#2667,#2668,#2669,#2670,#2671,#2672,#2673,#2674,#2675,#2676,#2677,#2678,
#2679,#2680,#2681,#2682,#2683,#2684,#2685,#2686,#2687,#2688,#2689,#2690,
#2691,#2692,#2693,#2694,#2695,#2696,#2697,#2698,#2699,#2700,#2701,#2702,
#2703,#2704,#2705,#2706,#2707,#2708,#2709,#2710,#2711,#2712,#2713,#2714,
#2715,#2716,#2717));
#10861=EDGE_LOOP('',(#2718,#2719,#2720,#2721));
#10862=EDGE_LOOP('',(#2722,#2723,#2724,#2725));
#10863=EDGE_LOOP('',(#2726,#2727,#2728,#2729));
#10864=EDGE_LOOP('',(#2730,#2731,#2732,#2733));
#10865=EDGE_LOOP('',(#2734,#2735,#2736,#2737));
#10866=EDGE_LOOP('',(#2738,#2739,#2740,#2741));
#10867=EDGE_LOOP('',(#2742,#2743,#2744,#2745));
#10868=EDGE_LOOP('',(#2746,#2747,#2748,#2749));
#10869=EDGE_LOOP('',(#2750,#2751,#2752,#2753,#2754,#2755,#2756,#2757,#2758,
#2759,#2760,#2761,#2762,#2763,#2764,#2765,#2766,#2767,#2768,#2769,#2770,
#2771,#2772,#2773,#2774,#2775,#2776,#2777,#2778,#2779,#2780,#2781,#2782,
#2783,#2784,#2785,#2786,#2787,#2788,#2789,#2790,#2791,#2792,#2793,#2794,
#2795,#2796,#2797,#2798,#2799,#2800,#2801,#2802,#2803,#2804,#2805,#2806,
#2807,#2808,#2809,#2810,#2811,#2812,#2813,#2814,#2815,#2816,#2817));
#10870=EDGE_LOOP('',(#2818,#2819,#2820,#2821));
#10871=EDGE_LOOP('',(#2822,#2823,#2824,#2825,#2826,#2827,#2828,#2829,#2830,
#2831,#2832,#2833,#2834,#2835,#2836,#2837,#2838,#2839,#2840,#2841,#2842,
#2843,#2844,#2845,#2846,#2847,#2848,#2849,#2850,#2851,#2852,#2853,#2854,
#2855,#2856,#2857,#2858,#2859,#2860,#2861,#2862,#2863,#2864,#2865,#2866,
#2867,#2868,#2869,#2870,#2871,#2872,#2873,#2874,#2875,#2876,#2877,#2878,
#2879,#2880,#2881,#2882,#2883,#2884,#2885,#2886,#2887,#2888,#2889));
#10872=EDGE_LOOP('',(#2890,#2891,#2892,#2893));
#10873=EDGE_LOOP('',(#2894,#2895,#2896,#2897));
#10874=EDGE_LOOP('',(#2898,#2899,#2900,#2901));
#10875=EDGE_LOOP('',(#2902,#2903,#2904,#2905));
#10876=EDGE_LOOP('',(#2906,#2907,#2908,#2909));
#10877=EDGE_LOOP('',(#2910,#2911,#2912,#2913));
#10878=EDGE_LOOP('',(#2914,#2915,#2916,#2917));
#10879=EDGE_LOOP('',(#2918,#2919,#2920,#2921));
#10880=EDGE_LOOP('',(#2922,#2923,#2924,#2925));
#10881=EDGE_LOOP('',(#2926,#2927,#2928,#2929));
#10882=EDGE_LOOP('',(#2930,#2931,#2932,#2933));
#10883=EDGE_LOOP('',(#2934,#2935,#2936,#2937));
#10884=EDGE_LOOP('',(#2938,#2939,#2940,#2941));
#10885=EDGE_LOOP('',(#2942,#2943,#2944,#2945));
#10886=EDGE_LOOP('',(#2946,#2947,#2948,#2949));
#10887=EDGE_LOOP('',(#2950,#2951,#2952,#2953));
#10888=EDGE_LOOP('',(#2954,#2955,#2956,#2957));
#10889=EDGE_LOOP('',(#2958,#2959,#2960,#2961));
#10890=EDGE_LOOP('',(#2962,#2963,#2964,#2965));
#10891=EDGE_LOOP('',(#2966,#2967,#2968,#2969));
#10892=EDGE_LOOP('',(#2970,#2971,#2972,#2973));
#10893=EDGE_LOOP('',(#2974,#2975,#2976,#2977));
#10894=EDGE_LOOP('',(#2978,#2979,#2980,#2981));
#10895=EDGE_LOOP('',(#2982,#2983,#2984,#2985));
#10896=EDGE_LOOP('',(#2986,#2987,#2988,#2989));
#10897=EDGE_LOOP('',(#2990,#2991,#2992,#2993));
#10898=EDGE_LOOP('',(#2994,#2995,#2996,#2997));
#10899=EDGE_LOOP('',(#2998,#2999,#3000,#3001));
#10900=EDGE_LOOP('',(#3002,#3003,#3004,#3005));
#10901=EDGE_LOOP('',(#3006,#3007,#3008,#3009));
#10902=EDGE_LOOP('',(#3010,#3011,#3012,#3013));
#10903=EDGE_LOOP('',(#3014,#3015,#3016,#3017));
#10904=EDGE_LOOP('',(#3018,#3019,#3020,#3021));
#10905=EDGE_LOOP('',(#3022,#3023,#3024,#3025));
#10906=EDGE_LOOP('',(#3026,#3027,#3028,#3029));
#10907=EDGE_LOOP('',(#3030,#3031,#3032,#3033));
#10908=EDGE_LOOP('',(#3034,#3035,#3036,#3037));
#10909=EDGE_LOOP('',(#3038,#3039,#3040,#3041));
#10910=EDGE_LOOP('',(#3042,#3043,#3044,#3045));
#10911=EDGE_LOOP('',(#3046,#3047,#3048,#3049));
#10912=EDGE_LOOP('',(#3050,#3051,#3052,#3053));
#10913=EDGE_LOOP('',(#3054,#3055,#3056,#3057));
#10914=EDGE_LOOP('',(#3058,#3059,#3060,#3061));
#10915=EDGE_LOOP('',(#3062,#3063,#3064,#3065));
#10916=EDGE_LOOP('',(#3066,#3067,#3068,#3069));
#10917=EDGE_LOOP('',(#3070,#3071,#3072,#3073));
#10918=EDGE_LOOP('',(#3074,#3075,#3076,#3077));
#10919=EDGE_LOOP('',(#3078,#3079,#3080,#3081));
#10920=EDGE_LOOP('',(#3082,#3083,#3084,#3085));
#10921=EDGE_LOOP('',(#3086,#3087,#3088,#3089));
#10922=EDGE_LOOP('',(#3090,#3091,#3092,#3093));
#10923=EDGE_LOOP('',(#3094,#3095,#3096,#3097));
#10924=EDGE_LOOP('',(#3098,#3099,#3100,#3101));
#10925=EDGE_LOOP('',(#3102,#3103,#3104,#3105));
#10926=EDGE_LOOP('',(#3106,#3107,#3108,#3109));
#10927=EDGE_LOOP('',(#3110,#3111,#3112,#3113));
#10928=EDGE_LOOP('',(#3114,#3115,#3116,#3117));
#10929=EDGE_LOOP('',(#3118,#3119,#3120,#3121));
#10930=EDGE_LOOP('',(#3122,#3123,#3124,#3125));
#10931=EDGE_LOOP('',(#3126,#3127,#3128,#3129));
#10932=EDGE_LOOP('',(#3130,#3131,#3132,#3133));
#10933=EDGE_LOOP('',(#3134,#3135,#3136,#3137));
#10934=EDGE_LOOP('',(#3138,#3139,#3140,#3141));
#10935=EDGE_LOOP('',(#3142,#3143,#3144,#3145));
#10936=EDGE_LOOP('',(#3146,#3147,#3148,#3149));
#10937=EDGE_LOOP('',(#3150,#3151,#3152,#3153));
#10938=EDGE_LOOP('',(#3154,#3155,#3156,#3157));
#10939=EDGE_LOOP('',(#3158,#3159,#3160,#3161));
#10940=EDGE_LOOP('',(#3162,#3163,#3164,#3165));
#10941=EDGE_LOOP('',(#3166,#3167,#3168,#3169));
#10942=EDGE_LOOP('',(#3170,#3171,#3172,#3173));
#10943=EDGE_LOOP('',(#3174,#3175,#3176,#3177));
#10944=EDGE_LOOP('',(#3178,#3179,#3180,#3181));
#10945=EDGE_LOOP('',(#3182,#3183,#3184,#3185));
#10946=EDGE_LOOP('',(#3186,#3187,#3188,#3189));
#10947=EDGE_LOOP('',(#3190,#3191,#3192,#3193));
#10948=EDGE_LOOP('',(#3194,#3195,#3196,#3197));
#10949=EDGE_LOOP('',(#3198,#3199,#3200,#3201));
#10950=EDGE_LOOP('',(#3202,#3203,#3204,#3205));
#10951=EDGE_LOOP('',(#3206,#3207,#3208,#3209));
#10952=EDGE_LOOP('',(#3210,#3211,#3212,#3213));
#10953=EDGE_LOOP('',(#3214,#3215,#3216,#3217));
#10954=EDGE_LOOP('',(#3218,#3219,#3220,#3221));
#10955=EDGE_LOOP('',(#3222,#3223,#3224,#3225));
#10956=EDGE_LOOP('',(#3226,#3227,#3228,#3229));
#10957=EDGE_LOOP('',(#3230,#3231,#3232,#3233));
#10958=EDGE_LOOP('',(#3234,#3235,#3236,#3237));
#10959=EDGE_LOOP('',(#3238,#3239,#3240,#3241));
#10960=EDGE_LOOP('',(#3242,#3243,#3244,#3245));
#10961=EDGE_LOOP('',(#3246,#3247,#3248,#3249));
#10962=EDGE_LOOP('',(#3250,#3251,#3252,#3253));
#10963=EDGE_LOOP('',(#3254,#3255,#3256,#3257));
#10964=EDGE_LOOP('',(#3258,#3259,#3260,#3261));
#10965=EDGE_LOOP('',(#3262,#3263,#3264,#3265));
#10966=EDGE_LOOP('',(#3266,#3267,#3268,#3269));
#10967=EDGE_LOOP('',(#3270,#3271,#3272,#3273));
#10968=EDGE_LOOP('',(#3274,#3275,#3276,#3277));
#10969=EDGE_LOOP('',(#3278,#3279,#3280,#3281));
#10970=EDGE_LOOP('',(#3282,#3283,#3284,#3285));
#10971=EDGE_LOOP('',(#3286,#3287,#3288,#3289));
#10972=EDGE_LOOP('',(#3290,#3291,#3292,#3293));
#10973=EDGE_LOOP('',(#3294,#3295,#3296,#3297));
#10974=EDGE_LOOP('',(#3298,#3299,#3300,#3301));
#10975=EDGE_LOOP('',(#3302,#3303,#3304,#3305));
#10976=EDGE_LOOP('',(#3306,#3307,#3308,#3309));
#10977=EDGE_LOOP('',(#3310,#3311,#3312,#3313));
#10978=EDGE_LOOP('',(#3314,#3315,#3316,#3317));
#10979=EDGE_LOOP('',(#3318,#3319,#3320,#3321));
#10980=EDGE_LOOP('',(#3322,#3323,#3324,#3325));
#10981=EDGE_LOOP('',(#3326,#3327,#3328,#3329));
#10982=EDGE_LOOP('',(#3330,#3331,#3332,#3333));
#10983=EDGE_LOOP('',(#3334,#3335,#3336,#3337));
#10984=EDGE_LOOP('',(#3338,#3339,#3340,#3341));
#10985=EDGE_LOOP('',(#3342,#3343,#3344,#3345));
#10986=EDGE_LOOP('',(#3346,#3347,#3348,#3349));
#10987=EDGE_LOOP('',(#3350,#3351,#3352,#3353));
#10988=EDGE_LOOP('',(#3354,#3355,#3356,#3357));
#10989=EDGE_LOOP('',(#3358,#3359,#3360,#3361));
#10990=EDGE_LOOP('',(#3362,#3363,#3364,#3365));
#10991=EDGE_LOOP('',(#3366,#3367,#3368,#3369));
#10992=EDGE_LOOP('',(#3370,#3371,#3372,#3373));
#10993=EDGE_LOOP('',(#3374,#3375,#3376,#3377));
#10994=EDGE_LOOP('',(#3378,#3379,#3380,#3381));
#10995=EDGE_LOOP('',(#3382,#3383,#3384,#3385));
#10996=EDGE_LOOP('',(#3386,#3387,#3388,#3389));
#10997=EDGE_LOOP('',(#3390,#3391,#3392,#3393));
#10998=EDGE_LOOP('',(#3394,#3395,#3396,#3397));
#10999=EDGE_LOOP('',(#3398,#3399,#3400,#3401));
#11000=EDGE_LOOP('',(#3402,#3403,#3404,#3405));
#11001=EDGE_LOOP('',(#3406,#3407,#3408,#3409));
#11002=EDGE_LOOP('',(#3410,#3411,#3412,#3413));
#11003=EDGE_LOOP('',(#3414,#3415,#3416,#3417));
#11004=EDGE_LOOP('',(#3418,#3419,#3420,#3421));
#11005=EDGE_LOOP('',(#3422,#3423,#3424,#3425));
#11006=EDGE_LOOP('',(#3426,#3427,#3428,#3429));
#11007=EDGE_LOOP('',(#3430,#3431,#3432,#3433));
#11008=EDGE_LOOP('',(#3434,#3435,#3436,#3437));
#11009=EDGE_LOOP('',(#3438,#3439,#3440,#3441));
#11010=EDGE_LOOP('',(#3442,#3443,#3444,#3445));
#11011=EDGE_LOOP('',(#3446,#3447,#3448,#3449));
#11012=EDGE_LOOP('',(#3450,#3451,#3452,#3453));
#11013=EDGE_LOOP('',(#3454,#3455,#3456,#3457));
#11014=EDGE_LOOP('',(#3458,#3459,#3460,#3461));
#11015=EDGE_LOOP('',(#3462,#3463,#3464,#3465));
#11016=EDGE_LOOP('',(#3466,#3467,#3468,#3469));
#11017=EDGE_LOOP('',(#3470,#3471,#3472,#3473));
#11018=EDGE_LOOP('',(#3474,#3475,#3476,#3477));
#11019=EDGE_LOOP('',(#3478,#3479,#3480,#3481));
#11020=EDGE_LOOP('',(#3482,#3483,#3484,#3485));
#11021=EDGE_LOOP('',(#3486,#3487,#3488,#3489));
#11022=EDGE_LOOP('',(#3490,#3491,#3492,#3493));
#11023=EDGE_LOOP('',(#3494,#3495,#3496,#3497));
#11024=EDGE_LOOP('',(#3498,#3499,#3500,#3501));
#11025=EDGE_LOOP('',(#3502,#3503,#3504,#3505));
#11026=EDGE_LOOP('',(#3506,#3507,#3508,#3509));
#11027=EDGE_LOOP('',(#3510,#3511,#3512,#3513));
#11028=EDGE_LOOP('',(#3514,#3515,#3516,#3517));
#11029=EDGE_LOOP('',(#3518,#3519,#3520,#3521));
#11030=EDGE_LOOP('',(#3522,#3523,#3524,#3525));
#11031=EDGE_LOOP('',(#3526,#3527,#3528,#3529));
#11032=EDGE_LOOP('',(#3530,#3531,#3532,#3533));
#11033=EDGE_LOOP('',(#3534,#3535,#3536,#3537));
#11034=EDGE_LOOP('',(#3538,#3539,#3540,#3541));
#11035=EDGE_LOOP('',(#3542,#3543,#3544,#3545));
#11036=EDGE_LOOP('',(#3546,#3547,#3548,#3549));
#11037=EDGE_LOOP('',(#3550,#3551,#3552,#3553));
#11038=EDGE_LOOP('',(#3554,#3555,#3556,#3557));
#11039=EDGE_LOOP('',(#3558,#3559,#3560,#3561));
#11040=EDGE_LOOP('',(#3562,#3563,#3564,#3565));
#11041=EDGE_LOOP('',(#3566,#3567,#3568,#3569));
#11042=EDGE_LOOP('',(#3570,#3571,#3572,#3573));
#11043=EDGE_LOOP('',(#3574,#3575,#3576,#3577));
#11044=EDGE_LOOP('',(#3578,#3579,#3580,#3581));
#11045=EDGE_LOOP('',(#3582,#3583,#3584,#3585));
#11046=EDGE_LOOP('',(#3586,#3587,#3588,#3589));
#11047=EDGE_LOOP('',(#3590,#3591,#3592,#3593));
#11048=EDGE_LOOP('',(#3594,#3595,#3596,#3597));
#11049=EDGE_LOOP('',(#3598,#3599,#3600,#3601));
#11050=EDGE_LOOP('',(#3602,#3603,#3604,#3605));
#11051=EDGE_LOOP('',(#3606,#3607,#3608,#3609));
#11052=EDGE_LOOP('',(#3610,#3611,#3612,#3613));
#11053=EDGE_LOOP('',(#3614,#3615,#3616,#3617));
#11054=EDGE_LOOP('',(#3618,#3619,#3620,#3621));
#11055=EDGE_LOOP('',(#3622,#3623,#3624,#3625));
#11056=EDGE_LOOP('',(#3626,#3627,#3628,#3629));
#11057=EDGE_LOOP('',(#3630,#3631,#3632,#3633));
#11058=EDGE_LOOP('',(#3634,#3635,#3636,#3637));
#11059=EDGE_LOOP('',(#3638,#3639,#3640,#3641));
#11060=EDGE_LOOP('',(#3642,#3643,#3644,#3645));
#11061=EDGE_LOOP('',(#3646,#3647,#3648,#3649));
#11062=EDGE_LOOP('',(#3650,#3651,#3652,#3653));
#11063=EDGE_LOOP('',(#3654,#3655,#3656,#3657));
#11064=EDGE_LOOP('',(#3658,#3659,#3660,#3661));
#11065=EDGE_LOOP('',(#3662,#3663,#3664,#3665));
#11066=EDGE_LOOP('',(#3666,#3667,#3668,#3669));
#11067=EDGE_LOOP('',(#3670,#3671,#3672,#3673));
#11068=EDGE_LOOP('',(#3674,#3675,#3676,#3677));
#11069=EDGE_LOOP('',(#3678,#3679,#3680,#3681));
#11070=EDGE_LOOP('',(#3682,#3683,#3684,#3685));
#11071=EDGE_LOOP('',(#3686,#3687,#3688,#3689));
#11072=EDGE_LOOP('',(#3690,#3691,#3692,#3693));
#11073=EDGE_LOOP('',(#3694,#3695,#3696,#3697));
#11074=EDGE_LOOP('',(#3698,#3699,#3700,#3701));
#11075=EDGE_LOOP('',(#3702,#3703,#3704,#3705));
#11076=EDGE_LOOP('',(#3706,#3707,#3708,#3709));
#11077=EDGE_LOOP('',(#3710,#3711,#3712,#3713));
#11078=EDGE_LOOP('',(#3714,#3715,#3716,#3717));
#11079=EDGE_LOOP('',(#3718,#3719,#3720,#3721));
#11080=EDGE_LOOP('',(#3722,#3723,#3724,#3725));
#11081=EDGE_LOOP('',(#3726,#3727,#3728,#3729));
#11082=FACE_BOUND('',#10318,.T.);
#11083=FACE_BOUND('',#10319,.T.);
#11084=FACE_BOUND('',#10320,.T.);
#11085=FACE_BOUND('',#10321,.T.);
#11086=FACE_BOUND('',#10322,.T.);
#11087=FACE_BOUND('',#10323,.T.);
#11088=FACE_BOUND('',#10324,.T.);
#11089=FACE_BOUND('',#10325,.T.);
#11090=FACE_BOUND('',#10326,.T.);
#11091=FACE_BOUND('',#10327,.T.);
#11092=FACE_BOUND('',#10328,.T.);
#11093=FACE_BOUND('',#10329,.T.);
#11094=FACE_BOUND('',#10330,.T.);
#11095=FACE_BOUND('',#10331,.T.);
#11096=FACE_BOUND('',#10332,.T.);
#11097=FACE_BOUND('',#10333,.T.);
#11098=FACE_BOUND('',#10334,.T.);
#11099=FACE_BOUND('',#10335,.T.);
#11100=FACE_BOUND('',#10336,.T.);
#11101=FACE_BOUND('',#10337,.T.);
#11102=FACE_BOUND('',#10338,.T.);
#11103=FACE_BOUND('',#10339,.T.);
#11104=FACE_BOUND('',#10340,.T.);
#11105=FACE_BOUND('',#10341,.T.);
#11106=FACE_BOUND('',#10342,.T.);
#11107=FACE_BOUND('',#10343,.T.);
#11108=FACE_BOUND('',#10344,.T.);
#11109=FACE_BOUND('',#10345,.T.);
#11110=FACE_BOUND('',#10346,.T.);
#11111=FACE_BOUND('',#10347,.T.);
#11112=FACE_BOUND('',#10348,.T.);
#11113=FACE_BOUND('',#10349,.T.);
#11114=FACE_BOUND('',#10350,.T.);
#11115=FACE_BOUND('',#10351,.T.);
#11116=FACE_BOUND('',#10352,.T.);
#11117=FACE_BOUND('',#10353,.T.);
#11118=FACE_BOUND('',#10354,.T.);
#11119=FACE_BOUND('',#10355,.T.);
#11120=FACE_BOUND('',#10356,.T.);
#11121=FACE_BOUND('',#10357,.T.);
#11122=FACE_BOUND('',#10358,.T.);
#11123=FACE_BOUND('',#10359,.T.);
#11124=FACE_BOUND('',#10360,.T.);
#11125=FACE_BOUND('',#10361,.T.);
#11126=FACE_BOUND('',#10362,.T.);
#11127=FACE_BOUND('',#10363,.T.);
#11128=FACE_BOUND('',#10364,.T.);
#11129=FACE_BOUND('',#10365,.T.);
#11130=FACE_BOUND('',#10366,.T.);
#11131=FACE_BOUND('',#10367,.T.);
#11132=FACE_BOUND('',#10368,.T.);
#11133=FACE_BOUND('',#10369,.T.);
#11134=FACE_BOUND('',#10370,.T.);
#11135=FACE_BOUND('',#10371,.T.);
#11136=FACE_BOUND('',#10372,.T.);
#11137=FACE_BOUND('',#10373,.T.);
#11138=FACE_BOUND('',#10374,.T.);
#11139=FACE_BOUND('',#10375,.T.);
#11140=FACE_BOUND('',#10376,.T.);
#11141=FACE_BOUND('',#10377,.T.);
#11142=FACE_BOUND('',#10378,.T.);
#11143=FACE_BOUND('',#10379,.T.);
#11144=FACE_BOUND('',#10380,.T.);
#11145=FACE_BOUND('',#10381,.T.);
#11146=FACE_BOUND('',#10382,.T.);
#11147=FACE_BOUND('',#10383,.T.);
#11148=FACE_BOUND('',#10384,.T.);
#11149=FACE_BOUND('',#10385,.T.);
#11150=FACE_BOUND('',#10386,.T.);
#11151=FACE_BOUND('',#10387,.T.);
#11152=FACE_BOUND('',#10388,.T.);
#11153=FACE_BOUND('',#10389,.T.);
#11154=FACE_BOUND('',#10390,.T.);
#11155=FACE_BOUND('',#10391,.T.);
#11156=FACE_BOUND('',#10392,.T.);
#11157=FACE_BOUND('',#10393,.T.);
#11158=FACE_BOUND('',#10394,.T.);
#11159=FACE_BOUND('',#10395,.T.);
#11160=FACE_BOUND('',#10396,.T.);
#11161=FACE_BOUND('',#10397,.T.);
#11162=FACE_BOUND('',#10398,.T.);
#11163=FACE_BOUND('',#10399,.T.);
#11164=FACE_BOUND('',#10400,.T.);
#11165=FACE_BOUND('',#10401,.T.);
#11166=FACE_BOUND('',#10402,.T.);
#11167=FACE_BOUND('',#10403,.T.);
#11168=FACE_BOUND('',#10404,.T.);
#11169=FACE_BOUND('',#10405,.T.);
#11170=FACE_BOUND('',#10406,.T.);
#11171=FACE_BOUND('',#10407,.T.);
#11172=FACE_BOUND('',#10408,.T.);
#11173=FACE_BOUND('',#10409,.T.);
#11174=FACE_BOUND('',#10410,.T.);
#11175=FACE_BOUND('',#10411,.T.);
#11176=FACE_BOUND('',#10412,.T.);
#11177=FACE_BOUND('',#10413,.T.);
#11178=FACE_BOUND('',#10414,.T.);
#11179=FACE_BOUND('',#10415,.T.);
#11180=FACE_BOUND('',#10416,.T.);
#11181=FACE_BOUND('',#10417,.T.);
#11182=FACE_BOUND('',#10418,.T.);
#11183=FACE_BOUND('',#10419,.T.);
#11184=FACE_BOUND('',#10420,.T.);
#11185=FACE_BOUND('',#10421,.T.);
#11186=FACE_BOUND('',#10422,.T.);
#11187=FACE_BOUND('',#10423,.T.);
#11188=FACE_BOUND('',#10424,.T.);
#11189=FACE_BOUND('',#10425,.T.);
#11190=FACE_BOUND('',#10426,.T.);
#11191=FACE_BOUND('',#10427,.T.);
#11192=FACE_BOUND('',#10428,.T.);
#11193=FACE_BOUND('',#10429,.T.);
#11194=FACE_BOUND('',#10430,.T.);
#11195=FACE_BOUND('',#10431,.T.);
#11196=FACE_BOUND('',#10432,.T.);
#11197=FACE_BOUND('',#10433,.T.);
#11198=FACE_BOUND('',#10434,.T.);
#11199=FACE_BOUND('',#10435,.T.);
#11200=FACE_BOUND('',#10436,.T.);
#11201=FACE_BOUND('',#10437,.T.);
#11202=FACE_BOUND('',#10438,.T.);
#11203=FACE_BOUND('',#10439,.T.);
#11204=FACE_BOUND('',#10440,.T.);
#11205=FACE_BOUND('',#10441,.T.);
#11206=FACE_BOUND('',#10442,.T.);
#11207=FACE_BOUND('',#10443,.T.);
#11208=FACE_BOUND('',#10444,.T.);
#11209=FACE_BOUND('',#10445,.T.);
#11210=FACE_BOUND('',#10446,.T.);
#11211=FACE_BOUND('',#10447,.T.);
#11212=FACE_BOUND('',#10448,.T.);
#11213=FACE_BOUND('',#10449,.T.);
#11214=FACE_BOUND('',#10450,.T.);
#11215=FACE_BOUND('',#10451,.T.);
#11216=FACE_BOUND('',#10452,.T.);
#11217=FACE_BOUND('',#10453,.T.);
#11218=FACE_BOUND('',#10454,.T.);
#11219=FACE_BOUND('',#10455,.T.);
#11220=FACE_BOUND('',#10456,.T.);
#11221=FACE_BOUND('',#10457,.T.);
#11222=FACE_BOUND('',#10458,.T.);
#11223=FACE_BOUND('',#10459,.T.);
#11224=FACE_BOUND('',#10460,.T.);
#11225=FACE_BOUND('',#10461,.T.);
#11226=FACE_BOUND('',#10462,.T.);
#11227=FACE_BOUND('',#10463,.T.);
#11228=FACE_BOUND('',#10464,.T.);
#11229=FACE_BOUND('',#10465,.T.);
#11230=FACE_BOUND('',#10466,.T.);
#11231=FACE_BOUND('',#10467,.T.);
#11232=FACE_BOUND('',#10468,.T.);
#11233=FACE_BOUND('',#10469,.T.);
#11234=FACE_BOUND('',#10470,.T.);
#11235=FACE_BOUND('',#10471,.T.);
#11236=FACE_BOUND('',#10472,.T.);
#11237=FACE_BOUND('',#10473,.T.);
#11238=FACE_BOUND('',#10474,.T.);
#11239=FACE_BOUND('',#10475,.T.);
#11240=FACE_BOUND('',#10476,.T.);
#11241=FACE_BOUND('',#10477,.T.);
#11242=FACE_BOUND('',#10478,.T.);
#11243=FACE_BOUND('',#10479,.T.);
#11244=FACE_BOUND('',#10480,.T.);
#11245=FACE_BOUND('',#10481,.T.);
#11246=FACE_BOUND('',#10482,.T.);
#11247=FACE_BOUND('',#10483,.T.);
#11248=FACE_BOUND('',#10484,.T.);
#11249=FACE_BOUND('',#10485,.T.);
#11250=FACE_BOUND('',#10486,.T.);
#11251=FACE_BOUND('',#10487,.T.);
#11252=FACE_BOUND('',#10488,.T.);
#11253=FACE_BOUND('',#10489,.T.);
#11254=FACE_BOUND('',#10490,.T.);
#11255=FACE_BOUND('',#10491,.T.);
#11256=FACE_BOUND('',#10492,.T.);
#11257=FACE_BOUND('',#10493,.T.);
#11258=FACE_BOUND('',#10494,.T.);
#11259=FACE_BOUND('',#10495,.T.);
#11260=FACE_BOUND('',#10496,.T.);
#11261=FACE_BOUND('',#10497,.T.);
#11262=FACE_BOUND('',#10498,.T.);
#11263=FACE_BOUND('',#10499,.T.);
#11264=FACE_BOUND('',#10500,.T.);
#11265=FACE_BOUND('',#10501,.T.);
#11266=FACE_BOUND('',#10502,.T.);
#11267=FACE_BOUND('',#10503,.T.);
#11268=FACE_BOUND('',#10504,.T.);
#11269=FACE_BOUND('',#10505,.T.);
#11270=FACE_BOUND('',#10506,.T.);
#11271=FACE_BOUND('',#10507,.T.);
#11272=FACE_BOUND('',#10508,.T.);
#11273=FACE_BOUND('',#10509,.T.);
#11274=FACE_BOUND('',#10510,.T.);
#11275=FACE_BOUND('',#10511,.T.);
#11276=FACE_BOUND('',#10512,.T.);
#11277=FACE_BOUND('',#10513,.T.);
#11278=FACE_BOUND('',#10514,.T.);
#11279=FACE_BOUND('',#10515,.T.);
#11280=FACE_BOUND('',#10516,.T.);
#11281=FACE_BOUND('',#10517,.T.);
#11282=FACE_BOUND('',#10518,.T.);
#11283=FACE_BOUND('',#10519,.T.);
#11284=FACE_BOUND('',#10520,.T.);
#11285=FACE_BOUND('',#10521,.T.);
#11286=FACE_BOUND('',#10522,.T.);
#11287=FACE_BOUND('',#10523,.T.);
#11288=FACE_BOUND('',#10524,.T.);
#11289=FACE_BOUND('',#10525,.T.);
#11290=FACE_BOUND('',#10526,.T.);
#11291=FACE_BOUND('',#10527,.T.);
#11292=FACE_BOUND('',#10528,.T.);
#11293=FACE_BOUND('',#10529,.T.);
#11294=FACE_BOUND('',#10530,.T.);
#11295=FACE_BOUND('',#10531,.T.);
#11296=FACE_BOUND('',#10532,.T.);
#11297=FACE_BOUND('',#10533,.T.);
#11298=FACE_BOUND('',#10534,.T.);
#11299=FACE_BOUND('',#10535,.T.);
#11300=FACE_BOUND('',#10536,.T.);
#11301=FACE_BOUND('',#10537,.T.);
#11302=FACE_BOUND('',#10538,.T.);
#11303=FACE_BOUND('',#10539,.T.);
#11304=FACE_BOUND('',#10540,.T.);
#11305=FACE_BOUND('',#10541,.T.);
#11306=FACE_BOUND('',#10542,.T.);
#11307=FACE_BOUND('',#10543,.T.);
#11308=FACE_BOUND('',#10544,.T.);
#11309=FACE_BOUND('',#10545,.T.);
#11310=FACE_BOUND('',#10546,.T.);
#11311=FACE_BOUND('',#10547,.T.);
#11312=FACE_BOUND('',#10548,.T.);
#11313=FACE_BOUND('',#10549,.T.);
#11314=FACE_BOUND('',#10550,.T.);
#11315=FACE_BOUND('',#10551,.T.);
#11316=FACE_BOUND('',#10552,.T.);
#11317=FACE_BOUND('',#10553,.T.);
#11318=FACE_BOUND('',#10554,.T.);
#11319=FACE_BOUND('',#10555,.T.);
#11320=FACE_BOUND('',#10556,.T.);
#11321=FACE_BOUND('',#10557,.T.);
#11322=FACE_BOUND('',#10558,.T.);
#11323=FACE_BOUND('',#10559,.T.);
#11324=FACE_BOUND('',#10560,.T.);
#11325=FACE_BOUND('',#10561,.T.);
#11326=FACE_BOUND('',#10562,.T.);
#11327=FACE_BOUND('',#10563,.T.);
#11328=FACE_BOUND('',#10564,.T.);
#11329=FACE_BOUND('',#10565,.T.);
#11330=FACE_BOUND('',#10566,.T.);
#11331=FACE_BOUND('',#10567,.T.);
#11332=FACE_BOUND('',#10568,.T.);
#11333=FACE_BOUND('',#10569,.T.);
#11334=FACE_BOUND('',#10570,.T.);
#11335=FACE_BOUND('',#10571,.T.);
#11336=FACE_BOUND('',#10572,.T.);
#11337=FACE_BOUND('',#10573,.T.);
#11338=FACE_BOUND('',#10574,.T.);
#11339=FACE_BOUND('',#10575,.T.);
#11340=FACE_BOUND('',#10576,.T.);
#11341=FACE_BOUND('',#10577,.T.);
#11342=FACE_BOUND('',#10578,.T.);
#11343=FACE_BOUND('',#10579,.T.);
#11344=FACE_BOUND('',#10580,.T.);
#11345=FACE_BOUND('',#10581,.T.);
#11346=FACE_BOUND('',#10582,.T.);
#11347=FACE_BOUND('',#10583,.T.);
#11348=FACE_BOUND('',#10584,.T.);
#11349=FACE_BOUND('',#10585,.T.);
#11350=FACE_BOUND('',#10586,.T.);
#11351=FACE_BOUND('',#10587,.T.);
#11352=FACE_BOUND('',#10588,.T.);
#11353=FACE_BOUND('',#10589,.T.);
#11354=FACE_BOUND('',#10590,.T.);
#11355=FACE_BOUND('',#10591,.T.);
#11356=FACE_BOUND('',#10592,.T.);
#11357=FACE_BOUND('',#10593,.T.);
#11358=FACE_BOUND('',#10594,.T.);
#11359=FACE_BOUND('',#10595,.T.);
#11360=FACE_BOUND('',#10596,.T.);
#11361=FACE_BOUND('',#10597,.T.);
#11362=FACE_BOUND('',#10598,.T.);
#11363=FACE_BOUND('',#10599,.T.);
#11364=FACE_BOUND('',#10600,.T.);
#11365=FACE_BOUND('',#10601,.T.);
#11366=FACE_BOUND('',#10602,.T.);
#11367=FACE_BOUND('',#10603,.T.);
#11368=FACE_BOUND('',#10604,.T.);
#11369=FACE_BOUND('',#10605,.T.);
#11370=FACE_BOUND('',#10606,.T.);
#11371=FACE_BOUND('',#10607,.T.);
#11372=FACE_BOUND('',#10608,.T.);
#11373=FACE_BOUND('',#10609,.T.);
#11374=FACE_BOUND('',#10610,.T.);
#11375=FACE_BOUND('',#10611,.T.);
#11376=FACE_BOUND('',#10612,.T.);
#11377=FACE_BOUND('',#10613,.T.);
#11378=FACE_BOUND('',#10614,.T.);
#11379=FACE_BOUND('',#10615,.T.);
#11380=FACE_BOUND('',#10616,.T.);
#11381=FACE_BOUND('',#10617,.T.);
#11382=FACE_BOUND('',#10618,.T.);
#11383=FACE_BOUND('',#10619,.T.);
#11384=FACE_BOUND('',#10620,.T.);
#11385=FACE_BOUND('',#10621,.T.);
#11386=FACE_BOUND('',#10622,.T.);
#11387=FACE_BOUND('',#10623,.T.);
#11388=FACE_BOUND('',#10624,.T.);
#11389=FACE_BOUND('',#10625,.T.);
#11390=FACE_BOUND('',#10626,.T.);
#11391=FACE_BOUND('',#10627,.T.);
#11392=FACE_BOUND('',#10628,.T.);
#11393=FACE_BOUND('',#10629,.T.);
#11394=FACE_BOUND('',#10630,.T.);
#11395=FACE_BOUND('',#10631,.T.);
#11396=FACE_BOUND('',#10632,.T.);
#11397=FACE_BOUND('',#10633,.T.);
#11398=FACE_BOUND('',#10634,.T.);
#11399=FACE_BOUND('',#10635,.T.);
#11400=FACE_BOUND('',#10636,.T.);
#11401=FACE_BOUND('',#10637,.T.);
#11402=FACE_BOUND('',#10638,.T.);
#11403=FACE_BOUND('',#10639,.T.);
#11404=FACE_BOUND('',#10640,.T.);
#11405=FACE_BOUND('',#10641,.T.);
#11406=FACE_BOUND('',#10642,.T.);
#11407=FACE_BOUND('',#10643,.T.);
#11408=FACE_BOUND('',#10644,.T.);
#11409=FACE_BOUND('',#10645,.T.);
#11410=FACE_BOUND('',#10646,.T.);
#11411=FACE_BOUND('',#10647,.T.);
#11412=FACE_BOUND('',#10648,.T.);
#11413=FACE_BOUND('',#10649,.T.);
#11414=FACE_BOUND('',#10650,.T.);
#11415=FACE_BOUND('',#10651,.T.);
#11416=FACE_BOUND('',#10652,.T.);
#11417=FACE_BOUND('',#10653,.T.);
#11418=FACE_BOUND('',#10654,.T.);
#11419=FACE_BOUND('',#10655,.T.);
#11420=FACE_BOUND('',#10656,.T.);
#11421=FACE_BOUND('',#10657,.T.);
#11422=FACE_BOUND('',#10658,.T.);
#11423=FACE_BOUND('',#10659,.T.);
#11424=FACE_BOUND('',#10660,.T.);
#11425=FACE_BOUND('',#10661,.T.);
#11426=FACE_BOUND('',#10662,.T.);
#11427=FACE_BOUND('',#10663,.T.);
#11428=FACE_BOUND('',#10664,.T.);
#11429=FACE_BOUND('',#10665,.T.);
#11430=FACE_BOUND('',#10666,.T.);
#11431=FACE_BOUND('',#10667,.T.);
#11432=FACE_BOUND('',#10668,.T.);
#11433=FACE_BOUND('',#10669,.T.);
#11434=FACE_BOUND('',#10670,.T.);
#11435=FACE_BOUND('',#10671,.T.);
#11436=FACE_BOUND('',#10672,.T.);
#11437=FACE_BOUND('',#10673,.T.);
#11438=FACE_BOUND('',#10674,.T.);
#11439=FACE_BOUND('',#10675,.T.);
#11440=FACE_BOUND('',#10676,.T.);
#11441=FACE_BOUND('',#10677,.T.);
#11442=FACE_BOUND('',#10678,.T.);
#11443=FACE_BOUND('',#10679,.T.);
#11444=FACE_BOUND('',#10680,.T.);
#11445=FACE_BOUND('',#10681,.T.);
#11446=FACE_BOUND('',#10682,.T.);
#11447=FACE_BOUND('',#10683,.T.);
#11448=FACE_BOUND('',#10684,.T.);
#11449=FACE_BOUND('',#10685,.T.);
#11450=FACE_BOUND('',#10686,.T.);
#11451=FACE_BOUND('',#10687,.T.);
#11452=FACE_BOUND('',#10688,.T.);
#11453=FACE_BOUND('',#10689,.T.);
#11454=FACE_BOUND('',#10690,.T.);
#11455=FACE_BOUND('',#10691,.T.);
#11456=FACE_BOUND('',#10692,.T.);
#11457=FACE_BOUND('',#10693,.T.);
#11458=FACE_BOUND('',#10694,.T.);
#11459=FACE_BOUND('',#10695,.T.);
#11460=FACE_BOUND('',#10696,.T.);
#11461=FACE_BOUND('',#10697,.T.);
#11462=FACE_BOUND('',#10698,.T.);
#11463=FACE_BOUND('',#10699,.T.);
#11464=FACE_BOUND('',#10700,.T.);
#11465=FACE_BOUND('',#10701,.T.);
#11466=FACE_BOUND('',#10702,.T.);
#11467=FACE_BOUND('',#10703,.T.);
#11468=FACE_BOUND('',#10704,.T.);
#11469=FACE_BOUND('',#10705,.T.);
#11470=FACE_BOUND('',#10706,.T.);
#11471=FACE_BOUND('',#10707,.T.);
#11472=FACE_BOUND('',#10708,.T.);
#11473=FACE_BOUND('',#10709,.T.);
#11474=FACE_BOUND('',#10710,.T.);
#11475=FACE_BOUND('',#10711,.T.);
#11476=FACE_BOUND('',#10712,.T.);
#11477=FACE_BOUND('',#10713,.T.);
#11478=FACE_BOUND('',#10714,.T.);
#11479=FACE_BOUND('',#10715,.T.);
#11480=FACE_BOUND('',#10716,.T.);
#11481=FACE_BOUND('',#10717,.T.);
#11482=FACE_BOUND('',#10718,.T.);
#11483=FACE_BOUND('',#10719,.T.);
#11484=FACE_BOUND('',#10720,.T.);
#11485=FACE_BOUND('',#10721,.T.);
#11486=FACE_BOUND('',#10722,.T.);
#11487=FACE_BOUND('',#10723,.T.);
#11488=FACE_BOUND('',#10724,.T.);
#11489=FACE_BOUND('',#10725,.T.);
#11490=FACE_BOUND('',#10726,.T.);
#11491=FACE_BOUND('',#10727,.T.);
#11492=FACE_BOUND('',#10728,.T.);
#11493=FACE_BOUND('',#10729,.T.);
#11494=FACE_BOUND('',#10730,.T.);
#11495=FACE_BOUND('',#10731,.T.);
#11496=FACE_BOUND('',#10732,.T.);
#11497=FACE_BOUND('',#10733,.T.);
#11498=FACE_BOUND('',#10734,.T.);
#11499=FACE_BOUND('',#10735,.T.);
#11500=FACE_BOUND('',#10736,.T.);
#11501=FACE_BOUND('',#10737,.T.);
#11502=FACE_BOUND('',#10738,.T.);
#11503=FACE_BOUND('',#10739,.T.);
#11504=FACE_BOUND('',#10740,.T.);
#11505=FACE_BOUND('',#10741,.T.);
#11506=FACE_BOUND('',#10742,.T.);
#11507=FACE_BOUND('',#10743,.T.);
#11508=FACE_BOUND('',#10744,.T.);
#11509=FACE_BOUND('',#10745,.T.);
#11510=FACE_BOUND('',#10746,.T.);
#11511=FACE_BOUND('',#10747,.T.);
#11512=FACE_BOUND('',#10748,.T.);
#11513=FACE_BOUND('',#10749,.T.);
#11514=FACE_BOUND('',#10750,.T.);
#11515=FACE_BOUND('',#10751,.T.);
#11516=FACE_BOUND('',#10752,.T.);
#11517=FACE_BOUND('',#10753,.T.);
#11518=FACE_BOUND('',#10754,.T.);
#11519=FACE_BOUND('',#10755,.T.);
#11520=FACE_BOUND('',#10756,.T.);
#11521=FACE_BOUND('',#10757,.T.);
#11522=FACE_BOUND('',#10758,.T.);
#11523=FACE_BOUND('',#10759,.T.);
#11524=FACE_BOUND('',#10760,.T.);
#11525=FACE_BOUND('',#10761,.T.);
#11526=FACE_BOUND('',#10762,.T.);
#11527=FACE_BOUND('',#10763,.T.);
#11528=FACE_BOUND('',#10764,.T.);
#11529=FACE_BOUND('',#10765,.T.);
#11530=FACE_BOUND('',#10766,.T.);
#11531=FACE_BOUND('',#10767,.T.);
#11532=FACE_BOUND('',#10768,.T.);
#11533=FACE_BOUND('',#10769,.T.);
#11534=FACE_BOUND('',#10770,.T.);
#11535=FACE_BOUND('',#10771,.T.);
#11536=FACE_BOUND('',#10772,.T.);
#11537=FACE_BOUND('',#10773,.T.);
#11538=FACE_BOUND('',#10774,.T.);
#11539=FACE_BOUND('',#10775,.T.);
#11540=FACE_BOUND('',#10776,.T.);
#11541=FACE_BOUND('',#10777,.T.);
#11542=FACE_BOUND('',#10778,.T.);
#11543=FACE_BOUND('',#10779,.T.);
#11544=FACE_BOUND('',#10780,.T.);
#11545=FACE_BOUND('',#10781,.T.);
#11546=FACE_BOUND('',#10782,.T.);
#11547=FACE_BOUND('',#10783,.T.);
#11548=FACE_BOUND('',#10784,.T.);
#11549=FACE_BOUND('',#10785,.T.);
#11550=FACE_BOUND('',#10786,.T.);
#11551=FACE_BOUND('',#10787,.T.);
#11552=FACE_BOUND('',#10788,.T.);
#11553=FACE_BOUND('',#10789,.T.);
#11554=FACE_BOUND('',#10790,.T.);
#11555=FACE_BOUND('',#10791,.T.);
#11556=FACE_BOUND('',#10792,.T.);
#11557=FACE_BOUND('',#10793,.T.);
#11558=FACE_BOUND('',#10794,.T.);
#11559=FACE_BOUND('',#10795,.T.);
#11560=FACE_BOUND('',#10796,.T.);
#11561=FACE_BOUND('',#10797,.T.);
#11562=FACE_BOUND('',#10798,.T.);
#11563=FACE_BOUND('',#10799,.T.);
#11564=FACE_BOUND('',#10800,.T.);
#11565=FACE_BOUND('',#10801,.T.);
#11566=FACE_BOUND('',#10802,.T.);
#11567=FACE_BOUND('',#10803,.T.);
#11568=FACE_BOUND('',#10804,.T.);
#11569=FACE_BOUND('',#10805,.T.);
#11570=FACE_BOUND('',#10806,.T.);
#11571=FACE_BOUND('',#10807,.T.);
#11572=FACE_BOUND('',#10808,.T.);
#11573=FACE_BOUND('',#10809,.T.);
#11574=FACE_BOUND('',#10810,.T.);
#11575=FACE_BOUND('',#10811,.T.);
#11576=FACE_BOUND('',#10812,.T.);
#11577=FACE_BOUND('',#10813,.T.);
#11578=FACE_BOUND('',#10814,.T.);
#11579=FACE_BOUND('',#10815,.T.);
#11580=FACE_BOUND('',#10816,.T.);
#11581=FACE_BOUND('',#10817,.T.);
#11582=FACE_BOUND('',#10818,.T.);
#11583=FACE_BOUND('',#10819,.T.);
#11584=FACE_BOUND('',#10820,.T.);
#11585=FACE_BOUND('',#10821,.T.);
#11586=FACE_BOUND('',#10822,.T.);
#11587=FACE_BOUND('',#10823,.T.);
#11588=FACE_BOUND('',#10824,.T.);
#11589=FACE_BOUND('',#10825,.T.);
#11590=FACE_BOUND('',#10826,.T.);
#11591=FACE_BOUND('',#10827,.T.);
#11592=FACE_BOUND('',#10828,.T.);
#11593=FACE_BOUND('',#10829,.T.);
#11594=FACE_BOUND('',#10830,.T.);
#11595=FACE_BOUND('',#10831,.T.);
#11596=FACE_BOUND('',#10832,.T.);
#11597=FACE_BOUND('',#10833,.T.);
#11598=FACE_BOUND('',#10834,.T.);
#11599=FACE_BOUND('',#10835,.T.);
#11600=FACE_BOUND('',#10836,.T.);
#11601=FACE_BOUND('',#10837,.T.);
#11602=FACE_BOUND('',#10838,.T.);
#11603=FACE_BOUND('',#10839,.T.);
#11604=FACE_BOUND('',#10840,.T.);
#11605=FACE_BOUND('',#10841,.T.);
#11606=FACE_BOUND('',#10842,.T.);
#11607=FACE_BOUND('',#10843,.T.);
#11608=FACE_BOUND('',#10844,.T.);
#11609=FACE_BOUND('',#10845,.T.);
#11610=FACE_BOUND('',#10846,.T.);
#11611=FACE_BOUND('',#10847,.T.);
#11612=FACE_BOUND('',#10848,.T.);
#11613=FACE_BOUND('',#10849,.T.);
#11614=FACE_BOUND('',#10850,.T.);
#11615=FACE_BOUND('',#10851,.T.);
#11616=FACE_BOUND('',#10852,.T.);
#11617=FACE_BOUND('',#10853,.T.);
#11618=FACE_BOUND('',#10854,.T.);
#11619=FACE_BOUND('',#10855,.T.);
#11620=FACE_BOUND('',#10856,.T.);
#11621=FACE_BOUND('',#10857,.T.);
#11622=FACE_BOUND('',#10858,.T.);
#11623=FACE_BOUND('',#10859,.T.);
#11624=FACE_BOUND('',#10860,.T.);
#11625=FACE_BOUND('',#10861,.T.);
#11626=FACE_BOUND('',#10862,.T.);
#11627=FACE_BOUND('',#10863,.T.);
#11628=FACE_BOUND('',#10864,.T.);
#11629=FACE_BOUND('',#10865,.T.);
#11630=FACE_BOUND('',#10866,.T.);
#11631=FACE_BOUND('',#10867,.T.);
#11632=FACE_BOUND('',#10868,.T.);
#11633=FACE_BOUND('',#10869,.T.);
#11634=FACE_BOUND('',#10870,.T.);
#11635=FACE_BOUND('',#10871,.T.);
#11636=FACE_BOUND('',#10872,.T.);
#11637=FACE_BOUND('',#10873,.T.);
#11638=FACE_BOUND('',#10874,.T.);
#11639=FACE_BOUND('',#10875,.T.);
#11640=FACE_BOUND('',#10876,.T.);
#11641=FACE_BOUND('',#10877,.T.);
#11642=FACE_BOUND('',#10878,.T.);
#11643=FACE_BOUND('',#10879,.T.);
#11644=FACE_BOUND('',#10880,.T.);
#11645=FACE_BOUND('',#10881,.T.);
#11646=FACE_BOUND('',#10882,.T.);
#11647=FACE_BOUND('',#10883,.T.);
#11648=FACE_BOUND('',#10884,.T.);
#11649=FACE_BOUND('',#10885,.T.);
#11650=FACE_BOUND('',#10886,.T.);
#11651=FACE_BOUND('',#10887,.T.);
#11652=FACE_BOUND('',#10888,.T.);
#11653=FACE_BOUND('',#10889,.T.);
#11654=FACE_BOUND('',#10890,.T.);
#11655=FACE_BOUND('',#10891,.T.);
#11656=FACE_BOUND('',#10892,.T.);
#11657=FACE_BOUND('',#10893,.T.);
#11658=FACE_BOUND('',#10894,.T.);
#11659=FACE_BOUND('',#10895,.T.);
#11660=FACE_BOUND('',#10896,.T.);
#11661=FACE_BOUND('',#10897,.T.);
#11662=FACE_BOUND('',#10898,.T.);
#11663=FACE_BOUND('',#10899,.T.);
#11664=FACE_BOUND('',#10900,.T.);
#11665=FACE_BOUND('',#10901,.T.);
#11666=FACE_BOUND('',#10902,.T.);
#11667=FACE_BOUND('',#10903,.T.);
#11668=FACE_BOUND('',#10904,.T.);
#11669=FACE_BOUND('',#10905,.T.);
#11670=FACE_BOUND('',#10906,.T.);
#11671=FACE_BOUND('',#10907,.T.);
#11672=FACE_BOUND('',#10908,.T.);
#11673=FACE_BOUND('',#10909,.T.);
#11674=FACE_BOUND('',#10910,.T.);
#11675=FACE_BOUND('',#10911,.T.);
#11676=FACE_BOUND('',#10912,.T.);
#11677=FACE_BOUND('',#10913,.T.);
#11678=FACE_BOUND('',#10914,.T.);
#11679=FACE_BOUND('',#10915,.T.);
#11680=FACE_BOUND('',#10916,.T.);
#11681=FACE_BOUND('',#10917,.T.);
#11682=FACE_BOUND('',#10918,.T.);
#11683=FACE_BOUND('',#10919,.T.);
#11684=FACE_BOUND('',#10920,.T.);
#11685=FACE_BOUND('',#10921,.T.);
#11686=FACE_BOUND('',#10922,.T.);
#11687=FACE_BOUND('',#10923,.T.);
#11688=FACE_BOUND('',#10924,.T.);
#11689=FACE_BOUND('',#10925,.T.);
#11690=FACE_BOUND('',#10926,.T.);
#11691=FACE_BOUND('',#10927,.T.);
#11692=FACE_BOUND('',#10928,.T.);
#11693=FACE_BOUND('',#10929,.T.);
#11694=FACE_BOUND('',#10930,.T.);
#11695=FACE_BOUND('',#10931,.T.);
#11696=FACE_BOUND('',#10932,.T.);
#11697=FACE_BOUND('',#10933,.T.);
#11698=FACE_BOUND('',#10934,.T.);
#11699=FACE_BOUND('',#10935,.T.);
#11700=FACE_BOUND('',#10936,.T.);
#11701=FACE_BOUND('',#10937,.T.);
#11702=FACE_BOUND('',#10938,.T.);
#11703=FACE_BOUND('',#10939,.T.);
#11704=FACE_BOUND('',#10940,.T.);
#11705=FACE_BOUND('',#10941,.T.);
#11706=FACE_BOUND('',#10942,.T.);
#11707=FACE_BOUND('',#10943,.T.);
#11708=FACE_BOUND('',#10944,.T.);
#11709=FACE_BOUND('',#10945,.T.);
#11710=FACE_BOUND('',#10946,.T.);
#11711=FACE_BOUND('',#10947,.T.);
#11712=FACE_BOUND('',#10948,.T.);
#11713=FACE_BOUND('',#10949,.T.);
#11714=FACE_BOUND('',#10950,.T.);
#11715=FACE_BOUND('',#10951,.T.);
#11716=FACE_BOUND('',#10952,.T.);
#11717=FACE_BOUND('',#10953,.T.);
#11718=FACE_BOUND('',#10954,.T.);
#11719=FACE_BOUND('',#10955,.T.);
#11720=FACE_BOUND('',#10956,.T.);
#11721=FACE_BOUND('',#10957,.T.);
#11722=FACE_BOUND('',#10958,.T.);
#11723=FACE_BOUND('',#10959,.T.);
#11724=FACE_BOUND('',#10960,.T.);
#11725=FACE_BOUND('',#10961,.T.);
#11726=FACE_BOUND('',#10962,.T.);
#11727=FACE_BOUND('',#10963,.T.);
#11728=FACE_BOUND('',#10964,.T.);
#11729=FACE_BOUND('',#10965,.T.);
#11730=FACE_BOUND('',#10966,.T.);
#11731=FACE_BOUND('',#10967,.T.);
#11732=FACE_BOUND('',#10968,.T.);
#11733=FACE_BOUND('',#10969,.T.);
#11734=FACE_BOUND('',#10970,.T.);
#11735=FACE_BOUND('',#10971,.T.);
#11736=FACE_BOUND('',#10972,.T.);
#11737=FACE_BOUND('',#10973,.T.);
#11738=FACE_BOUND('',#10974,.T.);
#11739=FACE_BOUND('',#10975,.T.);
#11740=FACE_BOUND('',#10976,.T.);
#11741=FACE_BOUND('',#10977,.T.);
#11742=FACE_BOUND('',#10978,.T.);
#11743=FACE_BOUND('',#10979,.T.);
#11744=FACE_BOUND('',#10980,.T.);
#11745=FACE_BOUND('',#10981,.T.);
#11746=FACE_BOUND('',#10982,.T.);
#11747=FACE_BOUND('',#10983,.T.);
#11748=FACE_BOUND('',#10984,.T.);
#11749=FACE_BOUND('',#10985,.T.);
#11750=FACE_BOUND('',#10986,.T.);
#11751=FACE_BOUND('',#10987,.T.);
#11752=FACE_BOUND('',#10988,.T.);
#11753=FACE_BOUND('',#10989,.T.);
#11754=FACE_BOUND('',#10990,.T.);
#11755=FACE_BOUND('',#10991,.T.);
#11756=FACE_BOUND('',#10992,.T.);
#11757=FACE_BOUND('',#10993,.T.);
#11758=FACE_BOUND('',#10994,.T.);
#11759=FACE_BOUND('',#10995,.T.);
#11760=FACE_BOUND('',#10996,.T.);
#11761=FACE_BOUND('',#10997,.T.);
#11762=FACE_BOUND('',#10998,.T.);
#11763=FACE_BOUND('',#10999,.T.);
#11764=FACE_BOUND('',#11000,.T.);
#11765=FACE_BOUND('',#11001,.T.);
#11766=FACE_BOUND('',#11002,.T.);
#11767=FACE_BOUND('',#11003,.T.);
#11768=FACE_BOUND('',#11004,.T.);
#11769=FACE_BOUND('',#11005,.T.);
#11770=FACE_BOUND('',#11006,.T.);
#11771=FACE_BOUND('',#11007,.T.);
#11772=FACE_BOUND('',#11008,.T.);
#11773=FACE_BOUND('',#11009,.T.);
#11774=FACE_BOUND('',#11010,.T.);
#11775=FACE_BOUND('',#11011,.T.);
#11776=FACE_BOUND('',#11012,.T.);
#11777=FACE_BOUND('',#11013,.T.);
#11778=FACE_BOUND('',#11014,.T.);
#11779=FACE_BOUND('',#11015,.T.);
#11780=FACE_BOUND('',#11016,.T.);
#11781=FACE_BOUND('',#11017,.T.);
#11782=FACE_BOUND('',#11018,.T.);
#11783=FACE_BOUND('',#11019,.T.);
#11784=FACE_BOUND('',#11020,.T.);
#11785=FACE_BOUND('',#11021,.T.);
#11786=FACE_BOUND('',#11022,.T.);
#11787=FACE_BOUND('',#11023,.T.);
#11788=FACE_BOUND('',#11024,.T.);
#11789=FACE_BOUND('',#11025,.T.);
#11790=FACE_BOUND('',#11026,.T.);
#11791=FACE_BOUND('',#11027,.T.);
#11792=FACE_BOUND('',#11028,.T.);
#11793=FACE_BOUND('',#11029,.T.);
#11794=FACE_BOUND('',#11030,.T.);
#11795=FACE_BOUND('',#11031,.T.);
#11796=FACE_BOUND('',#11032,.T.);
#11797=FACE_BOUND('',#11033,.T.);
#11798=FACE_BOUND('',#11034,.T.);
#11799=FACE_BOUND('',#11035,.T.);
#11800=FACE_BOUND('',#11036,.T.);
#11801=FACE_BOUND('',#11037,.T.);
#11802=FACE_BOUND('',#11038,.T.);
#11803=FACE_BOUND('',#11039,.T.);
#11804=FACE_BOUND('',#11040,.T.);
#11805=FACE_BOUND('',#11041,.T.);
#11806=FACE_BOUND('',#11042,.T.);
#11807=FACE_BOUND('',#11043,.T.);
#11808=FACE_BOUND('',#11044,.T.);
#11809=FACE_BOUND('',#11045,.T.);
#11810=FACE_BOUND('',#11046,.T.);
#11811=FACE_BOUND('',#11047,.T.);
#11812=FACE_BOUND('',#11048,.T.);
#11813=FACE_BOUND('',#11049,.T.);
#11814=FACE_BOUND('',#11050,.T.);
#11815=FACE_BOUND('',#11051,.T.);
#11816=FACE_BOUND('',#11052,.T.);
#11817=FACE_BOUND('',#11053,.T.);
#11818=FACE_BOUND('',#11054,.T.);
#11819=FACE_BOUND('',#11055,.T.);
#11820=FACE_BOUND('',#11056,.T.);
#11821=FACE_BOUND('',#11057,.T.);
#11822=FACE_BOUND('',#11058,.T.);
#11823=FACE_BOUND('',#11059,.T.);
#11824=FACE_BOUND('',#11060,.T.);
#11825=FACE_BOUND('',#11061,.T.);
#11826=FACE_BOUND('',#11062,.T.);
#11827=FACE_BOUND('',#11063,.T.);
#11828=FACE_BOUND('',#11064,.T.);
#11829=FACE_BOUND('',#11065,.T.);
#11830=FACE_BOUND('',#11066,.T.);
#11831=FACE_BOUND('',#11067,.T.);
#11832=FACE_BOUND('',#11068,.T.);
#11833=FACE_BOUND('',#11069,.T.);
#11834=FACE_BOUND('',#11070,.T.);
#11835=FACE_BOUND('',#11071,.T.);
#11836=FACE_BOUND('',#11072,.T.);
#11837=FACE_BOUND('',#11073,.T.);
#11838=FACE_BOUND('',#11074,.T.);
#11839=FACE_BOUND('',#11075,.T.);
#11840=FACE_BOUND('',#11076,.T.);
#11841=FACE_BOUND('',#11077,.T.);
#11842=FACE_BOUND('',#11078,.T.);
#11843=FACE_BOUND('',#11079,.T.);
#11844=FACE_BOUND('',#11080,.T.);
#11845=FACE_BOUND('',#11081,.T.);
#11846=PLANE('',#13249);
#11847=PLANE('',#13250);
#11848=PLANE('',#13251);
#11849=PLANE('',#13252);
#11850=PLANE('',#13253);
#11851=PLANE('',#13254);
#11852=PLANE('',#13255);
#11853=PLANE('',#13256);
#11854=PLANE('',#13257);
#11855=PLANE('',#13258);
#11856=PLANE('',#13259);
#11857=PLANE('',#13260);
#11858=PLANE('',#13261);
#11859=PLANE('',#13262);
#11860=PLANE('',#13263);
#11861=PLANE('',#13264);
#11862=PLANE('',#13265);
#11863=PLANE('',#13266);
#11864=PLANE('',#13267);
#11865=PLANE('',#13268);
#11866=PLANE('',#13269);
#11867=PLANE('',#13270);
#11868=PLANE('',#13271);
#11869=PLANE('',#13272);
#11870=PLANE('',#13273);
#11871=PLANE('',#13274);
#11872=PLANE('',#13275);
#11873=PLANE('',#13276);
#11874=PLANE('',#13277);
#11875=PLANE('',#13278);
#11876=PLANE('',#13279);
#11877=PLANE('',#13280);
#11878=PLANE('',#13281);
#11879=PLANE('',#13282);
#11880=PLANE('',#13283);
#11881=PLANE('',#13284);
#11882=PLANE('',#13285);
#11883=PLANE('',#13286);
#11884=PLANE('',#13287);
#11885=PLANE('',#13288);
#11886=PLANE('',#13289);
#11887=PLANE('',#13290);
#11888=PLANE('',#13291);
#11889=PLANE('',#13292);
#11890=PLANE('',#13293);
#11891=PLANE('',#13294);
#11892=PLANE('',#13295);
#11893=PLANE('',#13296);
#11894=PLANE('',#13297);
#11895=PLANE('',#13298);
#11896=PLANE('',#13299);
#11897=PLANE('',#13300);
#11898=PLANE('',#13301);
#11899=PLANE('',#13302);
#11900=PLANE('',#13303);
#11901=PLANE('',#13304);
#11902=PLANE('',#13305);
#11903=PLANE('',#13306);
#11904=PLANE('',#13307);
#11905=PLANE('',#13308);
#11906=PLANE('',#13309);
#11907=PLANE('',#13310);
#11908=PLANE('',#13311);
#11909=PLANE('',#13312);
#11910=PLANE('',#13313);
#11911=PLANE('',#13314);
#11912=PLANE('',#13315);
#11913=PLANE('',#13316);
#11914=PLANE('',#13317);
#11915=PLANE('',#13318);
#11916=PLANE('',#13319);
#11917=PLANE('',#13320);
#11918=PLANE('',#13321);
#11919=PLANE('',#13322);
#11920=PLANE('',#13323);
#11921=PLANE('',#13324);
#11922=PLANE('',#13325);
#11923=PLANE('',#13326);
#11924=PLANE('',#13327);
#11925=PLANE('',#13328);
#11926=PLANE('',#13329);
#11927=PLANE('',#13330);
#11928=PLANE('',#13331);
#11929=PLANE('',#13332);
#11930=PLANE('',#13333);
#11931=PLANE('',#13334);
#11932=PLANE('',#13335);
#11933=PLANE('',#13336);
#11934=PLANE('',#13337);
#11935=PLANE('',#13338);
#11936=PLANE('',#13339);
#11937=PLANE('',#13340);
#11938=PLANE('',#13341);
#11939=PLANE('',#13342);
#11940=PLANE('',#13343);
#11941=PLANE('',#13344);
#11942=PLANE('',#13345);
#11943=PLANE('',#13346);
#11944=PLANE('',#13347);
#11945=PLANE('',#13348);
#11946=PLANE('',#13349);
#11947=PLANE('',#13350);
#11948=PLANE('',#13351);
#11949=PLANE('',#13352);
#11950=PLANE('',#13353);
#11951=PLANE('',#13354);
#11952=PLANE('',#13355);
#11953=PLANE('',#13356);
#11954=PLANE('',#13357);
#11955=PLANE('',#13358);
#11956=PLANE('',#13359);
#11957=PLANE('',#13360);
#11958=PLANE('',#13361);
#11959=PLANE('',#13362);
#11960=PLANE('',#13363);
#11961=PLANE('',#13364);
#11962=PLANE('',#13365);
#11963=PLANE('',#13366);
#11964=PLANE('',#13367);
#11965=PLANE('',#13368);
#11966=PLANE('',#13369);
#11967=PLANE('',#13370);
#11968=PLANE('',#13371);
#11969=PLANE('',#13372);
#11970=PLANE('',#13373);
#11971=PLANE('',#13374);
#11972=PLANE('',#13375);
#11973=PLANE('',#13376);
#11974=PLANE('',#13377);
#11975=PLANE('',#13378);
#11976=PLANE('',#13379);
#11977=PLANE('',#13380);
#11978=PLANE('',#13381);
#11979=PLANE('',#13382);
#11980=PLANE('',#13383);
#11981=PLANE('',#13384);
#11982=PLANE('',#13385);
#11983=PLANE('',#13386);
#11984=PLANE('',#13387);
#11985=PLANE('',#13388);
#11986=PLANE('',#13389);
#11987=PLANE('',#13390);
#11988=PLANE('',#13391);
#11989=PLANE('',#13392);
#11990=PLANE('',#13393);
#11991=PLANE('',#13394);
#11992=PLANE('',#13395);
#11993=PLANE('',#13396);
#11994=PLANE('',#13397);
#11995=PLANE('',#13398);
#11996=PLANE('',#13399);
#11997=PLANE('',#13400);
#11998=PLANE('',#13401);
#11999=PLANE('',#13402);
#12000=PLANE('',#13404);
#12001=PLANE('',#13405);
#12002=PLANE('',#13406);
#12003=PLANE('',#13407);
#12004=PLANE('',#13408);
#12005=PLANE('',#13409);
#12006=PLANE('',#13410);
#12007=PLANE('',#13411);
#12008=PLANE('',#13412);
#12009=PLANE('',#13413);
#12010=PLANE('',#13414);
#12011=PLANE('',#13415);
#12012=PLANE('',#13416);
#12013=PLANE('',#13417);
#12014=PLANE('',#13418);
#12015=PLANE('',#13419);
#12016=PLANE('',#13420);
#12017=PLANE('',#13421);
#12018=PLANE('',#13422);
#12019=PLANE('',#13423);
#12020=PLANE('',#13424);
#12021=PLANE('',#13425);
#12022=PLANE('',#13426);
#12023=PLANE('',#13427);
#12024=PLANE('',#13428);
#12025=PLANE('',#13429);
#12026=PLANE('',#13430);
#12027=PLANE('',#13431);
#12028=PLANE('',#13432);
#12029=PLANE('',#13433);
#12030=PLANE('',#13434);
#12031=PLANE('',#13435);
#12032=PLANE('',#13436);
#12033=PLANE('',#13437);
#12034=PLANE('',#13438);
#12035=PLANE('',#13439);
#12036=PLANE('',#13440);
#12037=PLANE('',#13441);
#12038=PLANE('',#13442);
#12039=PLANE('',#13443);
#12040=PLANE('',#13444);
#12041=PLANE('',#13445);
#12042=PLANE('',#13446);
#12043=PLANE('',#13447);
#12044=PLANE('',#13448);
#12045=PLANE('',#13449);
#12046=PLANE('',#13450);
#12047=PLANE('',#13451);
#12048=PLANE('',#13452);
#12049=PLANE('',#13453);
#12050=PLANE('',#13454);
#12051=PLANE('',#13455);
#12052=PLANE('',#13456);
#12053=PLANE('',#13457);
#12054=PLANE('',#13458);
#12055=PLANE('',#13459);
#12056=PLANE('',#13460);
#12057=PLANE('',#13461);
#12058=PLANE('',#13462);
#12059=PLANE('',#13463);
#12060=PLANE('',#13464);
#12061=PLANE('',#13465);
#12062=PLANE('',#13466);
#12063=PLANE('',#13467);
#12064=PLANE('',#13468);
#12065=PLANE('',#13469);
#12066=PLANE('',#13470);
#12067=PLANE('',#13471);
#12068=PLANE('',#13472);
#12069=PLANE('',#13473);
#12070=PLANE('',#13474);
#12071=PLANE('',#13475);
#12072=PLANE('',#13476);
#12073=PLANE('',#13477);
#12074=PLANE('',#13478);
#12075=PLANE('',#13479);
#12076=PLANE('',#13480);
#12077=PLANE('',#13481);
#12078=PLANE('',#13482);
#12079=PLANE('',#13483);
#12080=PLANE('',#13484);
#12081=PLANE('',#13485);
#12082=PLANE('',#13486);
#12083=PLANE('',#13487);
#12084=PLANE('',#13488);
#12085=PLANE('',#13489);
#12086=PLANE('',#13490);
#12087=PLANE('',#13491);
#12088=PLANE('',#13492);
#12089=PLANE('',#13493);
#12090=PLANE('',#13494);
#12091=PLANE('',#13495);
#12092=PLANE('',#13496);
#12093=PLANE('',#13497);
#12094=PLANE('',#13498);
#12095=PLANE('',#13499);
#12096=PLANE('',#13500);
#12097=PLANE('',#13501);
#12098=PLANE('',#13502);
#12099=PLANE('',#13503);
#12100=PLANE('',#13504);
#12101=PLANE('',#13505);
#12102=PLANE('',#13506);
#12103=PLANE('',#13507);
#12104=PLANE('',#13508);
#12105=PLANE('',#13509);
#12106=PLANE('',#13510);
#12107=PLANE('',#13511);
#12108=PLANE('',#13512);
#12109=PLANE('',#13513);
#12110=PLANE('',#13514);
#12111=PLANE('',#13515);
#12112=PLANE('',#13516);
#12113=PLANE('',#13517);
#12114=PLANE('',#13518);
#12115=PLANE('',#13519);
#12116=PLANE('',#13520);
#12117=PLANE('',#13521);
#12118=PLANE('',#13522);
#12119=PLANE('',#13523);
#12120=PLANE('',#13524);
#12121=PLANE('',#13525);
#12122=PLANE('',#13526);
#12123=PLANE('',#13527);
#12124=PLANE('',#13528);
#12125=PLANE('',#13529);
#12126=PLANE('',#13530);
#12127=PLANE('',#13531);
#12128=PLANE('',#13532);
#12129=PLANE('',#13533);
#12130=PLANE('',#13534);
#12131=PLANE('',#13535);
#12132=PLANE('',#13536);
#12133=PLANE('',#13537);
#12134=PLANE('',#13538);
#12135=PLANE('',#13539);
#12136=PLANE('',#13540);
#12137=PLANE('',#13541);
#12138=PLANE('',#13542);
#12139=PLANE('',#13543);
#12140=PLANE('',#13544);
#12141=PLANE('',#13545);
#12142=PLANE('',#13546);
#12143=PLANE('',#13547);
#12144=PLANE('',#13548);
#12145=PLANE('',#13549);
#12146=PLANE('',#13550);
#12147=PLANE('',#13551);
#12148=PLANE('',#13552);
#12149=PLANE('',#13553);
#12150=PLANE('',#13555);
#12151=PLANE('',#13556);
#12152=PLANE('',#13557);
#12153=PLANE('',#13558);
#12154=PLANE('',#13559);
#12155=PLANE('',#13561);
#12156=PLANE('',#13562);
#12157=PLANE('',#13564);
#12158=PLANE('',#13566);
#12159=PLANE('',#13567);
#12160=PLANE('',#13569);
#12161=PLANE('',#13571);
#12162=PLANE('',#13572);
#12163=PLANE('',#13574);
#12164=PLANE('',#13576);
#12165=PLANE('',#13577);
#12166=PLANE('',#13579);
#12167=PLANE('',#13581);
#12168=PLANE('',#13582);
#12169=PLANE('',#13584);
#12170=PLANE('',#13586);
#12171=PLANE('',#13587);
#12172=PLANE('',#13589);
#12173=PLANE('',#13591);
#12174=PLANE('',#13592);
#12175=PLANE('',#13594);
#12176=PLANE('',#13596);
#12177=PLANE('',#13597);
#12178=PLANE('',#13599);
#12179=PLANE('',#13601);
#12180=PLANE('',#13602);
#12181=PLANE('',#13604);
#12182=PLANE('',#13606);
#12183=PLANE('',#13607);
#12184=PLANE('',#13609);
#12185=PLANE('',#13611);
#12186=PLANE('',#13612);
#12187=PLANE('',#13614);
#12188=PLANE('',#13616);
#12189=PLANE('',#13617);
#12190=PLANE('',#13619);
#12191=PLANE('',#13621);
#12192=PLANE('',#13622);
#12193=PLANE('',#13624);
#12194=PLANE('',#13626);
#12195=PLANE('',#13627);
#12196=PLANE('',#13629);
#12197=PLANE('',#13631);
#12198=PLANE('',#13632);
#12199=PLANE('',#13634);
#12200=PLANE('',#13636);
#12201=PLANE('',#13637);
#12202=PLANE('',#13639);
#12203=PLANE('',#13640);
#12204=PLANE('',#13641);
#12205=PLANE('',#13642);
#12206=PLANE('',#13643);
#12207=PLANE('',#13644);
#12208=PLANE('',#13645);
#12209=PLANE('',#13646);
#12210=PLANE('',#13647);
#12211=PLANE('',#13648);
#12212=PLANE('',#13649);
#12213=PLANE('',#13650);
#12214=PLANE('',#13651);
#12215=PLANE('',#13652);
#12216=PLANE('',#13653);
#12217=PLANE('',#13654);
#12218=PLANE('',#13655);
#12219=PLANE('',#13656);
#12220=PLANE('',#13657);
#12221=PLANE('',#13658);
#12222=PLANE('',#13659);
#12223=PLANE('',#13661);
#12224=PLANE('',#13662);
#12225=PLANE('',#13663);
#12226=PLANE('',#13664);
#12227=PLANE('',#13665);
#12228=PLANE('',#13666);
#12229=PLANE('',#13668);
#12230=PLANE('',#13669);
#12231=PLANE('',#13670);
#12232=PLANE('',#13671);
#12233=PLANE('',#13672);
#12234=PLANE('',#13673);
#12235=PLANE('',#13675);
#12236=PLANE('',#13676);
#12237=PLANE('',#13677);
#12238=PLANE('',#13678);
#12239=PLANE('',#13679);
#12240=PLANE('',#13680);
#12241=PLANE('',#13682);
#12242=PLANE('',#13683);
#12243=PLANE('',#13684);
#12244=PLANE('',#13685);
#12245=PLANE('',#13686);
#12246=PLANE('',#13687);
#12247=PLANE('',#13689);
#12248=PLANE('',#13690);
#12249=PLANE('',#13691);
#12250=PLANE('',#13692);
#12251=PLANE('',#13693);
#12252=PLANE('',#13694);
#12253=PLANE('',#13696);
#12254=PLANE('',#13697);
#12255=PLANE('',#13698);
#12256=PLANE('',#13699);
#12257=PLANE('',#13700);
#12258=PLANE('',#13701);
#12259=PLANE('',#13703);
#12260=PLANE('',#13704);
#12261=PLANE('',#13705);
#12262=PLANE('',#13706);
#12263=PLANE('',#13707);
#12264=PLANE('',#13708);
#12265=PLANE('',#13710);
#12266=PLANE('',#13711);
#12267=PLANE('',#13712);
#12268=PLANE('',#13713);
#12269=PLANE('',#13714);
#12270=PLANE('',#13715);
#12271=PLANE('',#13717);
#12272=PLANE('',#13718);
#12273=PLANE('',#13719);
#12274=PLANE('',#13720);
#12275=PLANE('',#13721);
#12276=PLANE('',#13722);
#12277=PLANE('',#13724);
#12278=PLANE('',#13725);
#12279=PLANE('',#13726);
#12280=PLANE('',#13727);
#12281=PLANE('',#13728);
#12282=PLANE('',#13729);
#12283=PLANE('',#13731);
#12284=PLANE('',#13732);
#12285=PLANE('',#13733);
#12286=PLANE('',#13734);
#12287=PLANE('',#13735);
#12288=PLANE('',#13736);
#12289=PLANE('',#13738);
#12290=PLANE('',#13739);
#12291=PLANE('',#13740);
#12292=PLANE('',#13741);
#12293=PLANE('',#13742);
#12294=PLANE('',#13743);
#12295=PLANE('',#13745);
#12296=PLANE('',#13746);
#12297=PLANE('',#13747);
#12298=PLANE('',#13748);
#12299=PLANE('',#13749);
#12300=PLANE('',#13750);
#12301=PLANE('',#13752);
#12302=PLANE('',#13753);
#12303=PLANE('',#13754);
#12304=PLANE('',#13755);
#12305=PLANE('',#13756);
#12306=PLANE('',#13757);
#12307=PLANE('',#13759);
#12308=PLANE('',#13760);
#12309=PLANE('',#13761);
#12310=PLANE('',#13762);
#12311=PLANE('',#13764);
#12312=PLANE('',#13765);
#12313=PLANE('',#13766);
#12314=PLANE('',#13767);
#12315=PLANE('',#13768);
#12316=PLANE('',#13770);
#12317=PLANE('',#13771);
#12318=PLANE('',#13772);
#12319=PLANE('',#13773);
#12320=PLANE('',#13774);
#12321=PLANE('',#13775);
#12322=PLANE('',#13776);
#12323=PLANE('',#13777);
#12324=PLANE('',#13778);
#12325=PLANE('',#13779);
#12326=PLANE('',#13780);
#12327=PLANE('',#13781);
#12328=PLANE('',#13782);
#12329=PLANE('',#13783);
#12330=PLANE('',#13784);
#12331=PLANE('',#13785);
#12332=PLANE('',#13786);
#12333=PLANE('',#13787);
#12334=PLANE('',#13788);
#12335=PLANE('',#13789);
#12336=PLANE('',#13790);
#12337=PLANE('',#13791);
#12338=PLANE('',#13792);
#12339=PLANE('',#13793);
#12340=PLANE('',#13794);
#12341=PLANE('',#13795);
#12342=PLANE('',#13796);
#12343=PLANE('',#13797);
#12344=PLANE('',#13798);
#12345=PLANE('',#13799);
#12346=PLANE('',#13800);
#12347=PLANE('',#13801);
#12348=PLANE('',#13802);
#12349=PLANE('',#13803);
#12350=PLANE('',#13804);
#12351=PLANE('',#13805);
#12352=PLANE('',#13806);
#12353=PLANE('',#13807);
#12354=PLANE('',#13808);
#12355=PLANE('',#13809);
#12356=PLANE('',#13810);
#12357=PLANE('',#13811);
#12358=PLANE('',#13812);
#12359=PLANE('',#13813);
#12360=PLANE('',#13814);
#12361=PLANE('',#13815);
#12362=PLANE('',#13816);
#12363=PLANE('',#13817);
#12364=PLANE('',#13818);
#12365=PLANE('',#13819);
#12366=PLANE('',#13820);
#12367=PLANE('',#13821);
#12368=PLANE('',#13822);
#12369=PLANE('',#13823);
#12370=PLANE('',#13824);
#12371=PLANE('',#13825);
#12372=PLANE('',#13826);
#12373=PLANE('',#13827);
#12374=PLANE('',#13828);
#12375=PLANE('',#13829);
#12376=PLANE('',#13830);
#12377=PLANE('',#13831);
#12378=PLANE('',#13832);
#12379=PLANE('',#13833);
#12380=PLANE('',#13834);
#12381=PLANE('',#13835);
#12382=PLANE('',#13836);
#12383=PLANE('',#13837);
#12384=PLANE('',#13838);
#12385=PLANE('',#13839);
#12386=PLANE('',#13840);
#12387=PLANE('',#13841);
#12388=PLANE('',#13842);
#12389=PLANE('',#13843);
#12390=PLANE('',#13844);
#12391=PLANE('',#13845);
#12392=PLANE('',#13846);
#12393=PLANE('',#13847);
#12394=PLANE('',#13848);
#12395=PLANE('',#13849);
#12396=PLANE('',#13850);
#12397=PLANE('',#13851);
#12398=PLANE('',#13852);
#12399=PLANE('',#13853);
#12400=PLANE('',#13854);
#12401=PLANE('',#13855);
#12402=PLANE('',#13856);
#12403=PLANE('',#13857);
#12404=PLANE('',#13858);
#12405=PLANE('',#13859);
#12406=PLANE('',#13860);
#12407=PLANE('',#13861);
#12408=PLANE('',#13862);
#12409=PLANE('',#13863);
#12410=PLANE('',#13864);
#12411=PLANE('',#13865);
#12412=PLANE('',#13866);
#12413=PLANE('',#13867);
#12414=PLANE('',#13868);
#12415=PLANE('',#13869);
#12416=PLANE('',#13870);
#12417=PLANE('',#13871);
#12418=PLANE('',#13872);
#12419=PLANE('',#13873);
#12420=PLANE('',#13874);
#12421=PLANE('',#13875);
#12422=PLANE('',#13876);
#12423=PLANE('',#13877);
#12424=PLANE('',#13878);
#12425=PLANE('',#13879);
#12426=PLANE('',#13880);
#12427=PLANE('',#13881);
#12428=PLANE('',#13882);
#12429=PLANE('',#13883);
#12430=PLANE('',#13884);
#12431=PLANE('',#13885);
#12432=PLANE('',#13886);
#12433=PLANE('',#13887);
#12434=PLANE('',#13888);
#12435=PLANE('',#13889);
#12436=PLANE('',#13890);
#12437=PLANE('',#13891);
#12438=PLANE('',#13892);
#12439=PLANE('',#13893);
#12440=PLANE('',#13894);
#12441=PLANE('',#13895);
#12442=PLANE('',#13896);
#12443=PLANE('',#13897);
#12444=PLANE('',#13898);
#12445=PLANE('',#13899);
#12446=PLANE('',#13900);
#12447=PLANE('',#13901);
#12448=PLANE('',#13902);
#12449=PLANE('',#13903);
#12450=PLANE('',#13904);
#12451=PLANE('',#13905);
#12452=PLANE('',#13906);
#12453=PLANE('',#13907);
#12454=PLANE('',#13908);
#12455=PLANE('',#13909);
#12456=PLANE('',#13910);
#12457=PLANE('',#13911);
#12458=PLANE('',#13912);
#12459=PLANE('',#13913);
#12460=PLANE('',#13914);
#12461=PLANE('',#13915);
#12462=PLANE('',#13916);
#12463=PLANE('',#13917);
#12464=PLANE('',#13918);
#12465=PLANE('',#13919);
#12466=PLANE('',#13920);
#12467=PLANE('',#13921);
#12468=PLANE('',#13922);
#12469=PLANE('',#13923);
#12470=PLANE('',#13924);
#12471=PLANE('',#13925);
#12472=PLANE('',#13926);
#12473=PLANE('',#13927);
#12474=PLANE('',#13928);
#12475=PLANE('',#13929);
#12476=PLANE('',#13930);
#12477=PLANE('',#13931);
#12478=PLANE('',#13932);
#12479=PLANE('',#13933);
#12480=PLANE('',#13934);
#12481=PLANE('',#13935);
#12482=PLANE('',#13936);
#12483=PLANE('',#13937);
#12484=PLANE('',#13938);
#12485=PLANE('',#13939);
#12486=PLANE('',#13940);
#12487=PLANE('',#13941);
#12488=PLANE('',#13942);
#12489=PLANE('',#13943);
#12490=PLANE('',#13944);
#12491=PLANE('',#13945);
#12492=PLANE('',#13946);
#12493=PLANE('',#13947);
#12494=PLANE('',#13948);
#12495=PLANE('',#13949);
#12496=PLANE('',#13950);
#12497=PLANE('',#13951);
#12498=PLANE('',#13952);
#12499=PLANE('',#13953);
#12500=PLANE('',#13954);
#12501=PLANE('',#13955);
#12502=PLANE('',#13956);
#12503=PLANE('',#13957);
#12504=PLANE('',#13958);
#12505=PLANE('',#13959);
#12506=PLANE('',#13960);
#12507=PLANE('',#13961);
#12508=PLANE('',#13962);
#12509=PLANE('',#13963);
#12510=PLANE('',#13964);
#12511=PLANE('',#13965);
#12512=PLANE('',#13966);
#12513=PLANE('',#13967);
#12514=PLANE('',#13968);
#12515=PLANE('',#13969);
#12516=PLANE('',#13970);
#12517=PLANE('',#13971);
#12518=PLANE('',#13972);
#12519=PLANE('',#13973);
#12520=PLANE('',#13974);
#12521=PLANE('',#13975);
#12522=PLANE('',#13976);
#12523=PLANE('',#13977);
#12524=PLANE('',#13978);
#12525=PLANE('',#13979);
#12526=PLANE('',#13980);
#12527=PLANE('',#13981);
#12528=PLANE('',#13982);
#12529=PLANE('',#13983);
#12530=ADVANCED_FACE('',(#11082),#11846,.F.);
#12531=ADVANCED_FACE('',(#11083),#11847,.F.);
#12532=ADVANCED_FACE('',(#11084),#11848,.F.);
#12533=ADVANCED_FACE('',(#11085),#11849,.F.);
#12534=ADVANCED_FACE('',(#11086),#11850,.F.);
#12535=ADVANCED_FACE('',(#11087),#11851,.F.);
#12536=ADVANCED_FACE('',(#11088),#11852,.F.);
#12537=ADVANCED_FACE('',(#11089),#11853,.F.);
#12538=ADVANCED_FACE('',(#11090),#11854,.F.);
#12539=ADVANCED_FACE('',(#11091),#11855,.F.);
#12540=ADVANCED_FACE('',(#11092),#11856,.F.);
#12541=ADVANCED_FACE('',(#11093),#11857,.F.);
#12542=ADVANCED_FACE('',(#11094),#11858,.F.);
#12543=ADVANCED_FACE('',(#11095),#11859,.F.);
#12544=ADVANCED_FACE('',(#11096),#11860,.F.);
#12545=ADVANCED_FACE('',(#11097),#11861,.F.);
#12546=ADVANCED_FACE('',(#11098),#11862,.F.);
#12547=ADVANCED_FACE('',(#11099),#11863,.F.);
#12548=ADVANCED_FACE('',(#11100),#11864,.F.);
#12549=ADVANCED_FACE('',(#11101),#11865,.F.);
#12550=ADVANCED_FACE('',(#11102),#11866,.T.);
#12551=ADVANCED_FACE('',(#11103),#11867,.T.);
#12552=ADVANCED_FACE('',(#11104),#11868,.T.);
#12553=ADVANCED_FACE('',(#11105),#11869,.T.);
#12554=ADVANCED_FACE('',(#11106),#11870,.T.);
#12555=ADVANCED_FACE('',(#11107),#11871,.T.);
#12556=ADVANCED_FACE('',(#11108),#11872,.T.);
#12557=ADVANCED_FACE('',(#11109),#11873,.T.);
#12558=ADVANCED_FACE('',(#11110),#11874,.T.);
#12559=ADVANCED_FACE('',(#11111),#11875,.T.);
#12560=ADVANCED_FACE('',(#11112),#11876,.T.);
#12561=ADVANCED_FACE('',(#11113),#11877,.T.);
#12562=ADVANCED_FACE('',(#11114),#11878,.T.);
#12563=ADVANCED_FACE('',(#11115),#11879,.T.);
#12564=ADVANCED_FACE('',(#11116),#11880,.T.);
#12565=ADVANCED_FACE('',(#11117),#11881,.T.);
#12566=ADVANCED_FACE('',(#11118),#11882,.T.);
#12567=ADVANCED_FACE('',(#11119),#11883,.T.);
#12568=ADVANCED_FACE('',(#11120),#11884,.F.);
#12569=ADVANCED_FACE('',(#11121),#11885,.F.);
#12570=ADVANCED_FACE('',(#11122),#11886,.T.);
#12571=ADVANCED_FACE('',(#11123),#11887,.T.);
#12572=ADVANCED_FACE('',(#11124),#11888,.T.);
#12573=ADVANCED_FACE('',(#11125),#11889,.T.);
#12574=ADVANCED_FACE('',(#11126),#11890,.T.);
#12575=ADVANCED_FACE('',(#11127),#11891,.T.);
#12576=ADVANCED_FACE('',(#11128),#11892,.T.);
#12577=ADVANCED_FACE('',(#11129),#11893,.T.);
#12578=ADVANCED_FACE('',(#11130),#11894,.T.);
#12579=ADVANCED_FACE('',(#11131),#11895,.T.);
#12580=ADVANCED_FACE('',(#11132),#11896,.T.);
#12581=ADVANCED_FACE('',(#11133),#11897,.T.);
#12582=ADVANCED_FACE('',(#11134),#11898,.T.);
#12583=ADVANCED_FACE('',(#11135),#11899,.T.);
#12584=ADVANCED_FACE('',(#11136),#11900,.T.);
#12585=ADVANCED_FACE('',(#11137),#11901,.T.);
#12586=ADVANCED_FACE('',(#11138),#11902,.T.);
#12587=ADVANCED_FACE('',(#11139),#11903,.T.);
#12588=ADVANCED_FACE('',(#11140),#11904,.T.);
#12589=ADVANCED_FACE('',(#11141),#11905,.T.);
#12590=ADVANCED_FACE('',(#11142),#11906,.T.);
#12591=ADVANCED_FACE('',(#11143),#11907,.T.);
#12592=ADVANCED_FACE('',(#11144),#11908,.T.);
#12593=ADVANCED_FACE('',(#11145),#11909,.T.);
#12594=ADVANCED_FACE('',(#11146),#11910,.T.);
#12595=ADVANCED_FACE('',(#11147),#11911,.T.);
#12596=ADVANCED_FACE('',(#11148),#11912,.T.);
#12597=ADVANCED_FACE('',(#11149),#11913,.T.);
#12598=ADVANCED_FACE('',(#11150),#11914,.T.);
#12599=ADVANCED_FACE('',(#11151),#11915,.T.);
#12600=ADVANCED_FACE('',(#11152),#11916,.T.);
#12601=ADVANCED_FACE('',(#11153),#11917,.T.);
#12602=ADVANCED_FACE('',(#11154),#11918,.T.);
#12603=ADVANCED_FACE('',(#11155),#11919,.T.);
#12604=ADVANCED_FACE('',(#11156),#11920,.T.);
#12605=ADVANCED_FACE('',(#11157),#11921,.T.);
#12606=ADVANCED_FACE('',(#11158),#11922,.T.);
#12607=ADVANCED_FACE('',(#11159),#11923,.T.);
#12608=ADVANCED_FACE('',(#11160),#11924,.T.);
#12609=ADVANCED_FACE('',(#11161),#11925,.T.);
#12610=ADVANCED_FACE('',(#11162),#11926,.T.);
#12611=ADVANCED_FACE('',(#11163),#11927,.T.);
#12612=ADVANCED_FACE('',(#11164),#11928,.T.);
#12613=ADVANCED_FACE('',(#11165),#11929,.T.);
#12614=ADVANCED_FACE('',(#11166),#11930,.T.);
#12615=ADVANCED_FACE('',(#11167),#11931,.T.);
#12616=ADVANCED_FACE('',(#11168),#11932,.T.);
#12617=ADVANCED_FACE('',(#11169),#11933,.T.);
#12618=ADVANCED_FACE('',(#11170),#11934,.T.);
#12619=ADVANCED_FACE('',(#11171),#11935,.T.);
#12620=ADVANCED_FACE('',(#11172),#11936,.T.);
#12621=ADVANCED_FACE('',(#11173),#11937,.T.);
#12622=ADVANCED_FACE('',(#11174),#11938,.T.);
#12623=ADVANCED_FACE('',(#11175),#11939,.T.);
#12624=ADVANCED_FACE('',(#11176),#11940,.T.);
#12625=ADVANCED_FACE('',(#11177),#11941,.T.);
#12626=ADVANCED_FACE('',(#11178),#11942,.T.);
#12627=ADVANCED_FACE('',(#11179),#11943,.T.);
#12628=ADVANCED_FACE('',(#11180),#11944,.T.);
#12629=ADVANCED_FACE('',(#11181),#11945,.T.);
#12630=ADVANCED_FACE('',(#11182),#11946,.T.);
#12631=ADVANCED_FACE('',(#11183),#11947,.T.);
#12632=ADVANCED_FACE('',(#11184),#11948,.T.);
#12633=ADVANCED_FACE('',(#11185),#11949,.T.);
#12634=ADVANCED_FACE('',(#11186,#11187,#11188,#11189,#11190,#11191,#11192,
#11193,#11194,#11195,#11196,#11197,#11198,#11199,#11200,#11201,#11202),
#11950,.T.);
#12635=ADVANCED_FACE('',(#11203),#11951,.T.);
#12636=ADVANCED_FACE('',(#11204),#11952,.T.);
#12637=ADVANCED_FACE('',(#11205),#11953,.T.);
#12638=ADVANCED_FACE('',(#11206),#11954,.T.);
#12639=ADVANCED_FACE('',(#11207),#11955,.T.);
#12640=ADVANCED_FACE('',(#11208),#11956,.T.);
#12641=ADVANCED_FACE('',(#11209),#11957,.T.);
#12642=ADVANCED_FACE('',(#11210),#11958,.T.);
#12643=ADVANCED_FACE('',(#11211),#11959,.T.);
#12644=ADVANCED_FACE('',(#11212),#11960,.T.);
#12645=ADVANCED_FACE('',(#11213),#11961,.T.);
#12646=ADVANCED_FACE('',(#11214),#11962,.T.);
#12647=ADVANCED_FACE('',(#11215),#11963,.T.);
#12648=ADVANCED_FACE('',(#11216),#11964,.T.);
#12649=ADVANCED_FACE('',(#11217),#11965,.T.);
#12650=ADVANCED_FACE('',(#11218),#11966,.T.);
#12651=ADVANCED_FACE('',(#11219),#11967,.T.);
#12652=ADVANCED_FACE('',(#11220),#11968,.T.);
#12653=ADVANCED_FACE('',(#11221),#11969,.T.);
#12654=ADVANCED_FACE('',(#11222),#11970,.T.);
#12655=ADVANCED_FACE('',(#11223),#11971,.T.);
#12656=ADVANCED_FACE('',(#11224),#11972,.T.);
#12657=ADVANCED_FACE('',(#11225),#11973,.T.);
#12658=ADVANCED_FACE('',(#11226),#11974,.T.);
#12659=ADVANCED_FACE('',(#11227),#11975,.T.);
#12660=ADVANCED_FACE('',(#11228),#11976,.T.);
#12661=ADVANCED_FACE('',(#11229),#11977,.T.);
#12662=ADVANCED_FACE('',(#11230),#11978,.T.);
#12663=ADVANCED_FACE('',(#11231),#11979,.T.);
#12664=ADVANCED_FACE('',(#11232),#11980,.T.);
#12665=ADVANCED_FACE('',(#11233),#11981,.T.);
#12666=ADVANCED_FACE('',(#11234),#11982,.T.);
#12667=ADVANCED_FACE('',(#11235),#11983,.T.);
#12668=ADVANCED_FACE('',(#11236),#11984,.T.);
#12669=ADVANCED_FACE('',(#11237),#11985,.T.);
#12670=ADVANCED_FACE('',(#11238),#11986,.T.);
#12671=ADVANCED_FACE('',(#11239),#11987,.T.);
#12672=ADVANCED_FACE('',(#11240),#11988,.T.);
#12673=ADVANCED_FACE('',(#11241),#11989,.T.);
#12674=ADVANCED_FACE('',(#11242),#11990,.T.);
#12675=ADVANCED_FACE('',(#11243),#11991,.T.);
#12676=ADVANCED_FACE('',(#11244),#11992,.T.);
#12677=ADVANCED_FACE('',(#11245),#11993,.T.);
#12678=ADVANCED_FACE('',(#11246),#11994,.T.);
#12679=ADVANCED_FACE('',(#11247),#11995,.T.);
#12680=ADVANCED_FACE('',(#11248),#11996,.T.);
#12681=ADVANCED_FACE('',(#11249),#11997,.T.);
#12682=ADVANCED_FACE('',(#11250),#11998,.T.);
#12683=ADVANCED_FACE('',(#11251),#11999,.T.);
#12684=ADVANCED_FACE('',(#11252),#12000,.F.);
#12685=ADVANCED_FACE('',(#11253),#12001,.F.);
#12686=ADVANCED_FACE('',(#11254),#12002,.F.);
#12687=ADVANCED_FACE('',(#11255),#12003,.F.);
#12688=ADVANCED_FACE('',(#11256),#12004,.T.);
#12689=ADVANCED_FACE('',(#11257),#12005,.T.);
#12690=ADVANCED_FACE('',(#11258),#12006,.T.);
#12691=ADVANCED_FACE('',(#11259),#12007,.T.);
#12692=ADVANCED_FACE('',(#11260),#12008,.T.);
#12693=ADVANCED_FACE('',(#11261),#12009,.T.);
#12694=ADVANCED_FACE('',(#11262),#12010,.T.);
#12695=ADVANCED_FACE('',(#11263),#12011,.T.);
#12696=ADVANCED_FACE('',(#11264),#12012,.T.);
#12697=ADVANCED_FACE('',(#11265),#12013,.T.);
#12698=ADVANCED_FACE('',(#11266),#12014,.T.);
#12699=ADVANCED_FACE('',(#11267),#12015,.T.);
#12700=ADVANCED_FACE('',(#11268),#12016,.T.);
#12701=ADVANCED_FACE('',(#11269),#12017,.T.);
#12702=ADVANCED_FACE('',(#11270),#12018,.T.);
#12703=ADVANCED_FACE('',(#11271),#12019,.T.);
#12704=ADVANCED_FACE('',(#11272),#12020,.T.);
#12705=ADVANCED_FACE('',(#11273),#12021,.T.);
#12706=ADVANCED_FACE('',(#11274),#12022,.T.);
#12707=ADVANCED_FACE('',(#11275),#12023,.T.);
#12708=ADVANCED_FACE('',(#11276),#12024,.T.);
#12709=ADVANCED_FACE('',(#11277),#12025,.T.);
#12710=ADVANCED_FACE('',(#11278),#12026,.T.);
#12711=ADVANCED_FACE('',(#11279),#12027,.T.);
#12712=ADVANCED_FACE('',(#11280),#12028,.T.);
#12713=ADVANCED_FACE('',(#11281),#12029,.T.);
#12714=ADVANCED_FACE('',(#11282),#12030,.T.);
#12715=ADVANCED_FACE('',(#11283),#12031,.T.);
#12716=ADVANCED_FACE('',(#11284),#12032,.T.);
#12717=ADVANCED_FACE('',(#11285),#12033,.T.);
#12718=ADVANCED_FACE('',(#11286),#12034,.T.);
#12719=ADVANCED_FACE('',(#11287),#12035,.T.);
#12720=ADVANCED_FACE('',(#11288),#12036,.F.);
#12721=ADVANCED_FACE('',(#11289),#12037,.F.);
#12722=ADVANCED_FACE('',(#11290),#12038,.F.);
#12723=ADVANCED_FACE('',(#11291),#12039,.F.);
#12724=ADVANCED_FACE('',(#11292),#12040,.F.);
#12725=ADVANCED_FACE('',(#11293),#12041,.F.);
#12726=ADVANCED_FACE('',(#11294),#12042,.F.);
#12727=ADVANCED_FACE('',(#11295),#12043,.F.);
#12728=ADVANCED_FACE('',(#11296),#12044,.F.);
#12729=ADVANCED_FACE('',(#11297),#12045,.F.);
#12730=ADVANCED_FACE('',(#11298),#12046,.F.);
#12731=ADVANCED_FACE('',(#11299),#12047,.F.);
#12732=ADVANCED_FACE('',(#11300),#12048,.F.);
#12733=ADVANCED_FACE('',(#11301),#12049,.F.);
#12734=ADVANCED_FACE('',(#11302),#12050,.F.);
#12735=ADVANCED_FACE('',(#11303),#12051,.F.);
#12736=ADVANCED_FACE('',(#11304),#12052,.T.);
#12737=ADVANCED_FACE('',(#11305),#12053,.T.);
#12738=ADVANCED_FACE('',(#11306),#12054,.T.);
#12739=ADVANCED_FACE('',(#11307),#12055,.T.);
#12740=ADVANCED_FACE('',(#11308),#12056,.T.);
#12741=ADVANCED_FACE('',(#11309),#12057,.T.);
#12742=ADVANCED_FACE('',(#11310),#12058,.T.);
#12743=ADVANCED_FACE('',(#11311),#12059,.T.);
#12744=ADVANCED_FACE('',(#11312),#12060,.T.);
#12745=ADVANCED_FACE('',(#11313),#12061,.T.);
#12746=ADVANCED_FACE('',(#11314),#12062,.T.);
#12747=ADVANCED_FACE('',(#11315),#12063,.T.);
#12748=ADVANCED_FACE('',(#11316),#12064,.T.);
#12749=ADVANCED_FACE('',(#11317),#12065,.T.);
#12750=ADVANCED_FACE('',(#11318),#12066,.T.);
#12751=ADVANCED_FACE('',(#11319),#12067,.T.);
#12752=ADVANCED_FACE('',(#11320),#12068,.T.);
#12753=ADVANCED_FACE('',(#11321),#12069,.T.);
#12754=ADVANCED_FACE('',(#11322),#12070,.T.);
#12755=ADVANCED_FACE('',(#11323),#12071,.T.);
#12756=ADVANCED_FACE('',(#11324),#12072,.T.);
#12757=ADVANCED_FACE('',(#11325),#12073,.T.);
#12758=ADVANCED_FACE('',(#11326),#12074,.T.);
#12759=ADVANCED_FACE('',(#11327),#12075,.T.);
#12760=ADVANCED_FACE('',(#11328),#12076,.T.);
#12761=ADVANCED_FACE('',(#11329),#12077,.T.);
#12762=ADVANCED_FACE('',(#11330),#12078,.T.);
#12763=ADVANCED_FACE('',(#11331),#12079,.T.);
#12764=ADVANCED_FACE('',(#11332),#12080,.T.);
#12765=ADVANCED_FACE('',(#11333),#12081,.T.);
#12766=ADVANCED_FACE('',(#11334),#12082,.T.);
#12767=ADVANCED_FACE('',(#11335),#12083,.T.);
#12768=ADVANCED_FACE('',(#11336),#12084,.T.);
#12769=ADVANCED_FACE('',(#11337),#12085,.T.);
#12770=ADVANCED_FACE('',(#11338),#12086,.T.);
#12771=ADVANCED_FACE('',(#11339),#12087,.T.);
#12772=ADVANCED_FACE('',(#11340),#12088,.T.);
#12773=ADVANCED_FACE('',(#11341),#12089,.T.);
#12774=ADVANCED_FACE('',(#11342),#12090,.T.);
#12775=ADVANCED_FACE('',(#11343),#12091,.T.);
#12776=ADVANCED_FACE('',(#11344),#12092,.T.);
#12777=ADVANCED_FACE('',(#11345),#12093,.T.);
#12778=ADVANCED_FACE('',(#11346),#12094,.T.);
#12779=ADVANCED_FACE('',(#11347),#12095,.T.);
#12780=ADVANCED_FACE('',(#11348),#12096,.T.);
#12781=ADVANCED_FACE('',(#11349),#12097,.T.);
#12782=ADVANCED_FACE('',(#11350),#12098,.T.);
#12783=ADVANCED_FACE('',(#11351),#12099,.T.);
#12784=ADVANCED_FACE('',(#11352),#12100,.T.);
#12785=ADVANCED_FACE('',(#11353),#12101,.T.);
#12786=ADVANCED_FACE('',(#11354),#12102,.T.);
#12787=ADVANCED_FACE('',(#11355),#12103,.T.);
#12788=ADVANCED_FACE('',(#11356),#12104,.T.);
#12789=ADVANCED_FACE('',(#11357),#12105,.T.);
#12790=ADVANCED_FACE('',(#11358),#12106,.T.);
#12791=ADVANCED_FACE('',(#11359),#12107,.T.);
#12792=ADVANCED_FACE('',(#11360),#12108,.T.);
#12793=ADVANCED_FACE('',(#11361),#12109,.T.);
#12794=ADVANCED_FACE('',(#11362),#12110,.T.);
#12795=ADVANCED_FACE('',(#11363),#12111,.T.);
#12796=ADVANCED_FACE('',(#11364),#12112,.T.);
#12797=ADVANCED_FACE('',(#11365),#12113,.T.);
#12798=ADVANCED_FACE('',(#11366),#12114,.T.);
#12799=ADVANCED_FACE('',(#11367),#12115,.T.);
#12800=ADVANCED_FACE('',(#11368,#11369,#11370,#11371,#11372,#11373,#11374,
#11375,#11376,#11377,#11378,#11379,#11380,#11381,#11382,#11383,#11384),
#12116,.F.);
#12801=ADVANCED_FACE('',(#11385),#12117,.T.);
#12802=ADVANCED_FACE('',(#11386),#12118,.T.);
#12803=ADVANCED_FACE('',(#11387),#12119,.T.);
#12804=ADVANCED_FACE('',(#11388),#12120,.T.);
#12805=ADVANCED_FACE('',(#11389),#12121,.T.);
#12806=ADVANCED_FACE('',(#11390),#12122,.T.);
#12807=ADVANCED_FACE('',(#11391),#12123,.T.);
#12808=ADVANCED_FACE('',(#11392),#12124,.T.);
#12809=ADVANCED_FACE('',(#11393),#12125,.T.);
#12810=ADVANCED_FACE('',(#11394),#12126,.T.);
#12811=ADVANCED_FACE('',(#11395),#12127,.T.);
#12812=ADVANCED_FACE('',(#11396),#12128,.T.);
#12813=ADVANCED_FACE('',(#11397),#12129,.T.);
#12814=ADVANCED_FACE('',(#11398),#12130,.T.);
#12815=ADVANCED_FACE('',(#11399),#12131,.T.);
#12816=ADVANCED_FACE('',(#11400),#12132,.T.);
#12817=ADVANCED_FACE('',(#11401),#12133,.T.);
#12818=ADVANCED_FACE('',(#11402),#12134,.T.);
#12819=ADVANCED_FACE('',(#11403),#12135,.T.);
#12820=ADVANCED_FACE('',(#11404),#12136,.T.);
#12821=ADVANCED_FACE('',(#11405),#12137,.T.);
#12822=ADVANCED_FACE('',(#11406),#12138,.T.);
#12823=ADVANCED_FACE('',(#11407),#12139,.T.);
#12824=ADVANCED_FACE('',(#11408),#12140,.T.);
#12825=ADVANCED_FACE('',(#11409),#12141,.T.);
#12826=ADVANCED_FACE('',(#11410),#12142,.T.);
#12827=ADVANCED_FACE('',(#11411),#12143,.T.);
#12828=ADVANCED_FACE('',(#11412),#12144,.T.);
#12829=ADVANCED_FACE('',(#11413),#12145,.T.);
#12830=ADVANCED_FACE('',(#11414),#12146,.T.);
#12831=ADVANCED_FACE('',(#11415),#12147,.T.);
#12832=ADVANCED_FACE('',(#11416),#12148,.T.);
#12833=ADVANCED_FACE('',(#11417),#12149,.T.);
#12834=ADVANCED_FACE('',(#11418),#12150,.F.);
#12835=ADVANCED_FACE('',(#11419),#12151,.F.);
#12836=ADVANCED_FACE('',(#11420),#12152,.F.);
#12837=ADVANCED_FACE('',(#11421),#12153,.F.);
#12838=ADVANCED_FACE('',(#11422),#12154,.F.);
#12839=ADVANCED_FACE('',(#11423),#12155,.F.);
#12840=ADVANCED_FACE('',(#11424),#12156,.F.);
#12841=ADVANCED_FACE('',(#11425),#12157,.F.);
#12842=ADVANCED_FACE('',(#11426),#12158,.F.);
#12843=ADVANCED_FACE('',(#11427),#12159,.F.);
#12844=ADVANCED_FACE('',(#11428),#12160,.F.);
#12845=ADVANCED_FACE('',(#11429),#12161,.F.);
#12846=ADVANCED_FACE('',(#11430),#12162,.F.);
#12847=ADVANCED_FACE('',(#11431),#12163,.F.);
#12848=ADVANCED_FACE('',(#11432),#12164,.F.);
#12849=ADVANCED_FACE('',(#11433),#12165,.F.);
#12850=ADVANCED_FACE('',(#11434),#12166,.F.);
#12851=ADVANCED_FACE('',(#11435),#12167,.F.);
#12852=ADVANCED_FACE('',(#11436),#12168,.F.);
#12853=ADVANCED_FACE('',(#11437),#12169,.F.);
#12854=ADVANCED_FACE('',(#11438),#12170,.F.);
#12855=ADVANCED_FACE('',(#11439),#12171,.F.);
#12856=ADVANCED_FACE('',(#11440),#12172,.F.);
#12857=ADVANCED_FACE('',(#11441),#12173,.F.);
#12858=ADVANCED_FACE('',(#11442),#12174,.F.);
#12859=ADVANCED_FACE('',(#11443),#12175,.F.);
#12860=ADVANCED_FACE('',(#11444),#12176,.F.);
#12861=ADVANCED_FACE('',(#11445),#12177,.F.);
#12862=ADVANCED_FACE('',(#11446),#12178,.F.);
#12863=ADVANCED_FACE('',(#11447),#12179,.F.);
#12864=ADVANCED_FACE('',(#11448),#12180,.F.);
#12865=ADVANCED_FACE('',(#11449),#12181,.F.);
#12866=ADVANCED_FACE('',(#11450),#12182,.F.);
#12867=ADVANCED_FACE('',(#11451),#12183,.F.);
#12868=ADVANCED_FACE('',(#11452),#12184,.F.);
#12869=ADVANCED_FACE('',(#11453),#12185,.F.);
#12870=ADVANCED_FACE('',(#11454),#12186,.F.);
#12871=ADVANCED_FACE('',(#11455),#12187,.F.);
#12872=ADVANCED_FACE('',(#11456),#12188,.F.);
#12873=ADVANCED_FACE('',(#11457),#12189,.F.);
#12874=ADVANCED_FACE('',(#11458),#12190,.F.);
#12875=ADVANCED_FACE('',(#11459),#12191,.F.);
#12876=ADVANCED_FACE('',(#11460),#12192,.F.);
#12877=ADVANCED_FACE('',(#11461),#12193,.F.);
#12878=ADVANCED_FACE('',(#11462),#12194,.F.);
#12879=ADVANCED_FACE('',(#11463),#12195,.F.);
#12880=ADVANCED_FACE('',(#11464),#12196,.F.);
#12881=ADVANCED_FACE('',(#11465),#12197,.F.);
#12882=ADVANCED_FACE('',(#11466),#12198,.F.);
#12883=ADVANCED_FACE('',(#11467),#12199,.F.);
#12884=ADVANCED_FACE('',(#11468),#12200,.F.);
#12885=ADVANCED_FACE('',(#11469),#12201,.F.);
#12886=ADVANCED_FACE('',(#11470),#12202,.F.);
#12887=ADVANCED_FACE('',(#11471),#12203,.F.);
#12888=ADVANCED_FACE('',(#11472),#12204,.F.);
#12889=ADVANCED_FACE('',(#11473),#12205,.F.);
#12890=ADVANCED_FACE('',(#11474),#12206,.F.);
#12891=ADVANCED_FACE('',(#11475),#12207,.F.);
#12892=ADVANCED_FACE('',(#11476),#12208,.F.);
#12893=ADVANCED_FACE('',(#11477),#12209,.F.);
#12894=ADVANCED_FACE('',(#11478),#12210,.F.);
#12895=ADVANCED_FACE('',(#11479),#12211,.F.);
#12896=ADVANCED_FACE('',(#11480),#12212,.F.);
#12897=ADVANCED_FACE('',(#11481),#12213,.F.);
#12898=ADVANCED_FACE('',(#11482),#12214,.F.);
#12899=ADVANCED_FACE('',(#11483),#12215,.F.);
#12900=ADVANCED_FACE('',(#11484),#12216,.F.);
#12901=ADVANCED_FACE('',(#11485),#12217,.F.);
#12902=ADVANCED_FACE('',(#11486,#11487,#11488,#11489,#11490,#11491,#11492,
#11493,#11494,#11495,#11496,#11497,#11498,#11499,#11500,#11501,#11502),
#12218,.T.);
#12903=ADVANCED_FACE('',(#11503),#12219,.T.);
#12904=ADVANCED_FACE('',(#11504),#12220,.T.);
#12905=ADVANCED_FACE('',(#11505),#12221,.T.);
#12906=ADVANCED_FACE('',(#11506),#12222,.T.);
#12907=ADVANCED_FACE('',(#11507),#18,.F.);
#12908=ADVANCED_FACE('',(#11508),#12223,.T.);
#12909=ADVANCED_FACE('',(#11509),#12224,.T.);
#12910=ADVANCED_FACE('',(#11510),#12225,.T.);
#12911=ADVANCED_FACE('',(#11511),#12226,.T.);
#12912=ADVANCED_FACE('',(#11512),#12227,.T.);
#12913=ADVANCED_FACE('',(#11513),#12228,.T.);
#12914=ADVANCED_FACE('',(#11514),#19,.F.);
#12915=ADVANCED_FACE('',(#11515),#12229,.T.);
#12916=ADVANCED_FACE('',(#11516),#12230,.T.);
#12917=ADVANCED_FACE('',(#11517),#12231,.T.);
#12918=ADVANCED_FACE('',(#11518),#12232,.T.);
#12919=ADVANCED_FACE('',(#11519),#12233,.T.);
#12920=ADVANCED_FACE('',(#11520),#12234,.T.);
#12921=ADVANCED_FACE('',(#11521),#20,.F.);
#12922=ADVANCED_FACE('',(#11522),#12235,.T.);
#12923=ADVANCED_FACE('',(#11523),#12236,.T.);
#12924=ADVANCED_FACE('',(#11524),#12237,.T.);
#12925=ADVANCED_FACE('',(#11525),#12238,.T.);
#12926=ADVANCED_FACE('',(#11526),#12239,.T.);
#12927=ADVANCED_FACE('',(#11527),#12240,.T.);
#12928=ADVANCED_FACE('',(#11528),#21,.F.);
#12929=ADVANCED_FACE('',(#11529),#12241,.T.);
#12930=ADVANCED_FACE('',(#11530),#12242,.T.);
#12931=ADVANCED_FACE('',(#11531),#12243,.T.);
#12932=ADVANCED_FACE('',(#11532),#12244,.T.);
#12933=ADVANCED_FACE('',(#11533),#12245,.T.);
#12934=ADVANCED_FACE('',(#11534),#12246,.T.);
#12935=ADVANCED_FACE('',(#11535),#22,.F.);
#12936=ADVANCED_FACE('',(#11536),#12247,.T.);
#12937=ADVANCED_FACE('',(#11537),#12248,.T.);
#12938=ADVANCED_FACE('',(#11538),#12249,.T.);
#12939=ADVANCED_FACE('',(#11539),#12250,.T.);
#12940=ADVANCED_FACE('',(#11540),#12251,.T.);
#12941=ADVANCED_FACE('',(#11541),#12252,.T.);
#12942=ADVANCED_FACE('',(#11542),#23,.F.);
#12943=ADVANCED_FACE('',(#11543),#12253,.T.);
#12944=ADVANCED_FACE('',(#11544),#12254,.T.);
#12945=ADVANCED_FACE('',(#11545),#12255,.T.);
#12946=ADVANCED_FACE('',(#11546),#12256,.T.);
#12947=ADVANCED_FACE('',(#11547),#12257,.T.);
#12948=ADVANCED_FACE('',(#11548),#12258,.T.);
#12949=ADVANCED_FACE('',(#11549),#24,.F.);
#12950=ADVANCED_FACE('',(#11550),#12259,.T.);
#12951=ADVANCED_FACE('',(#11551),#12260,.T.);
#12952=ADVANCED_FACE('',(#11552),#12261,.T.);
#12953=ADVANCED_FACE('',(#11553),#12262,.T.);
#12954=ADVANCED_FACE('',(#11554),#12263,.T.);
#12955=ADVANCED_FACE('',(#11555),#12264,.T.);
#12956=ADVANCED_FACE('',(#11556),#25,.F.);
#12957=ADVANCED_FACE('',(#11557),#12265,.T.);
#12958=ADVANCED_FACE('',(#11558),#12266,.T.);
#12959=ADVANCED_FACE('',(#11559),#12267,.T.);
#12960=ADVANCED_FACE('',(#11560),#12268,.T.);
#12961=ADVANCED_FACE('',(#11561),#12269,.T.);
#12962=ADVANCED_FACE('',(#11562),#12270,.T.);
#12963=ADVANCED_FACE('',(#11563),#26,.F.);
#12964=ADVANCED_FACE('',(#11564),#12271,.T.);
#12965=ADVANCED_FACE('',(#11565),#12272,.T.);
#12966=ADVANCED_FACE('',(#11566),#12273,.T.);
#12967=ADVANCED_FACE('',(#11567),#12274,.T.);
#12968=ADVANCED_FACE('',(#11568),#12275,.T.);
#12969=ADVANCED_FACE('',(#11569),#12276,.T.);
#12970=ADVANCED_FACE('',(#11570),#27,.F.);
#12971=ADVANCED_FACE('',(#11571),#12277,.T.);
#12972=ADVANCED_FACE('',(#11572),#12278,.T.);
#12973=ADVANCED_FACE('',(#11573),#12279,.T.);
#12974=ADVANCED_FACE('',(#11574),#12280,.T.);
#12975=ADVANCED_FACE('',(#11575),#12281,.T.);
#12976=ADVANCED_FACE('',(#11576),#12282,.T.);
#12977=ADVANCED_FACE('',(#11577),#28,.F.);
#12978=ADVANCED_FACE('',(#11578),#12283,.T.);
#12979=ADVANCED_FACE('',(#11579),#12284,.T.);
#12980=ADVANCED_FACE('',(#11580),#12285,.T.);
#12981=ADVANCED_FACE('',(#11581),#12286,.T.);
#12982=ADVANCED_FACE('',(#11582),#12287,.T.);
#12983=ADVANCED_FACE('',(#11583),#12288,.T.);
#12984=ADVANCED_FACE('',(#11584),#29,.F.);
#12985=ADVANCED_FACE('',(#11585),#12289,.T.);
#12986=ADVANCED_FACE('',(#11586),#12290,.T.);
#12987=ADVANCED_FACE('',(#11587),#12291,.T.);
#12988=ADVANCED_FACE('',(#11588),#12292,.T.);
#12989=ADVANCED_FACE('',(#11589),#12293,.T.);
#12990=ADVANCED_FACE('',(#11590),#12294,.T.);
#12991=ADVANCED_FACE('',(#11591),#30,.F.);
#12992=ADVANCED_FACE('',(#11592),#12295,.T.);
#12993=ADVANCED_FACE('',(#11593),#12296,.T.);
#12994=ADVANCED_FACE('',(#11594),#12297,.T.);
#12995=ADVANCED_FACE('',(#11595),#12298,.T.);
#12996=ADVANCED_FACE('',(#11596),#12299,.T.);
#12997=ADVANCED_FACE('',(#11597),#12300,.T.);
#12998=ADVANCED_FACE('',(#11598),#31,.F.);
#12999=ADVANCED_FACE('',(#11599),#12301,.T.);
#13000=ADVANCED_FACE('',(#11600),#12302,.T.);
#13001=ADVANCED_FACE('',(#11601),#12303,.T.);
#13002=ADVANCED_FACE('',(#11602),#12304,.T.);
#13003=ADVANCED_FACE('',(#11603),#12305,.T.);
#13004=ADVANCED_FACE('',(#11604),#12306,.T.);
#13005=ADVANCED_FACE('',(#11605),#32,.F.);
#13006=ADVANCED_FACE('',(#11606),#12307,.T.);
#13007=ADVANCED_FACE('',(#11607),#12308,.T.);
#13008=ADVANCED_FACE('',(#11608),#12309,.T.);
#13009=ADVANCED_FACE('',(#11609),#12310,.T.);
#13010=ADVANCED_FACE('',(#11610),#33,.F.);
#13011=ADVANCED_FACE('',(#11611),#12311,.T.);
#13012=ADVANCED_FACE('',(#11612),#12312,.T.);
#13013=ADVANCED_FACE('',(#11613),#12313,.T.);
#13014=ADVANCED_FACE('',(#11614),#12314,.T.);
#13015=ADVANCED_FACE('',(#11615),#12315,.T.);
#13016=ADVANCED_FACE('',(#11616,#11617,#11618,#11619,#11620,#11621,#11622,
#11623,#11624,#11625,#11626,#11627,#11628,#11629,#11630,#11631,#11632),
#12316,.F.);
#13017=ADVANCED_FACE('',(#11633),#12317,.F.);
#13018=ADVANCED_FACE('',(#11634),#12318,.F.);
#13019=ADVANCED_FACE('',(#11635),#12319,.F.);
#13020=ADVANCED_FACE('',(#11636),#12320,.F.);
#13021=ADVANCED_FACE('',(#11637),#12321,.T.);
#13022=ADVANCED_FACE('',(#11638),#12322,.F.);
#13023=ADVANCED_FACE('',(#11639),#12323,.F.);
#13024=ADVANCED_FACE('',(#11640),#12324,.F.);
#13025=ADVANCED_FACE('',(#11641),#12325,.F.);
#13026=ADVANCED_FACE('',(#11642),#12326,.F.);
#13027=ADVANCED_FACE('',(#11643),#12327,.F.);
#13028=ADVANCED_FACE('',(#11644),#12328,.F.);
#13029=ADVANCED_FACE('',(#11645),#12329,.F.);
#13030=ADVANCED_FACE('',(#11646),#12330,.F.);
#13031=ADVANCED_FACE('',(#11647),#12331,.F.);
#13032=ADVANCED_FACE('',(#11648),#12332,.F.);
#13033=ADVANCED_FACE('',(#11649),#12333,.F.);
#13034=ADVANCED_FACE('',(#11650),#12334,.F.);
#13035=ADVANCED_FACE('',(#11651),#12335,.F.);
#13036=ADVANCED_FACE('',(#11652),#12336,.F.);
#13037=ADVANCED_FACE('',(#11653),#12337,.F.);
#13038=ADVANCED_FACE('',(#11654),#12338,.F.);
#13039=ADVANCED_FACE('',(#11655),#12339,.F.);
#13040=ADVANCED_FACE('',(#11656),#12340,.F.);
#13041=ADVANCED_FACE('',(#11657),#12341,.F.);
#13042=ADVANCED_FACE('',(#11658),#12342,.F.);
#13043=ADVANCED_FACE('',(#11659),#12343,.F.);
#13044=ADVANCED_FACE('',(#11660),#12344,.F.);
#13045=ADVANCED_FACE('',(#11661),#12345,.F.);
#13046=ADVANCED_FACE('',(#11662),#12346,.F.);
#13047=ADVANCED_FACE('',(#11663),#12347,.F.);
#13048=ADVANCED_FACE('',(#11664),#12348,.F.);
#13049=ADVANCED_FACE('',(#11665),#12349,.F.);
#13050=ADVANCED_FACE('',(#11666),#12350,.F.);
#13051=ADVANCED_FACE('',(#11667),#12351,.F.);
#13052=ADVANCED_FACE('',(#11668),#12352,.F.);
#13053=ADVANCED_FACE('',(#11669),#12353,.F.);
#13054=ADVANCED_FACE('',(#11670),#12354,.F.);
#13055=ADVANCED_FACE('',(#11671),#12355,.F.);
#13056=ADVANCED_FACE('',(#11672),#12356,.F.);
#13057=ADVANCED_FACE('',(#11673),#12357,.F.);
#13058=ADVANCED_FACE('',(#11674),#12358,.F.);
#13059=ADVANCED_FACE('',(#11675),#12359,.F.);
#13060=ADVANCED_FACE('',(#11676),#12360,.F.);
#13061=ADVANCED_FACE('',(#11677),#12361,.F.);
#13062=ADVANCED_FACE('',(#11678),#12362,.F.);
#13063=ADVANCED_FACE('',(#11679),#12363,.F.);
#13064=ADVANCED_FACE('',(#11680),#12364,.F.);
#13065=ADVANCED_FACE('',(#11681),#12365,.F.);
#13066=ADVANCED_FACE('',(#11682),#12366,.F.);
#13067=ADVANCED_FACE('',(#11683),#12367,.F.);
#13068=ADVANCED_FACE('',(#11684),#12368,.F.);
#13069=ADVANCED_FACE('',(#11685),#12369,.F.);
#13070=ADVANCED_FACE('',(#11686),#12370,.F.);
#13071=ADVANCED_FACE('',(#11687),#12371,.F.);
#13072=ADVANCED_FACE('',(#11688),#12372,.F.);
#13073=ADVANCED_FACE('',(#11689),#12373,.F.);
#13074=ADVANCED_FACE('',(#11690),#12374,.F.);
#13075=ADVANCED_FACE('',(#11691),#12375,.F.);
#13076=ADVANCED_FACE('',(#11692),#12376,.F.);
#13077=ADVANCED_FACE('',(#11693),#12377,.F.);
#13078=ADVANCED_FACE('',(#11694),#12378,.F.);
#13079=ADVANCED_FACE('',(#11695),#12379,.F.);
#13080=ADVANCED_FACE('',(#11696),#12380,.F.);
#13081=ADVANCED_FACE('',(#11697),#12381,.F.);
#13082=ADVANCED_FACE('',(#11698),#12382,.F.);
#13083=ADVANCED_FACE('',(#11699),#12383,.F.);
#13084=ADVANCED_FACE('',(#11700),#12384,.F.);
#13085=ADVANCED_FACE('',(#11701),#12385,.F.);
#13086=ADVANCED_FACE('',(#11702),#12386,.F.);
#13087=ADVANCED_FACE('',(#11703),#12387,.F.);
#13088=ADVANCED_FACE('',(#11704),#12388,.F.);
#13089=ADVANCED_FACE('',(#11705),#12389,.F.);
#13090=ADVANCED_FACE('',(#11706),#12390,.F.);
#13091=ADVANCED_FACE('',(#11707),#12391,.F.);
#13092=ADVANCED_FACE('',(#11708),#12392,.F.);
#13093=ADVANCED_FACE('',(#11709),#12393,.F.);
#13094=ADVANCED_FACE('',(#11710),#12394,.F.);
#13095=ADVANCED_FACE('',(#11711),#12395,.F.);
#13096=ADVANCED_FACE('',(#11712),#12396,.F.);
#13097=ADVANCED_FACE('',(#11713),#12397,.F.);
#13098=ADVANCED_FACE('',(#11714),#12398,.F.);
#13099=ADVANCED_FACE('',(#11715),#12399,.F.);
#13100=ADVANCED_FACE('',(#11716),#12400,.F.);
#13101=ADVANCED_FACE('',(#11717),#12401,.F.);
#13102=ADVANCED_FACE('',(#11718),#12402,.F.);
#13103=ADVANCED_FACE('',(#11719),#12403,.F.);
#13104=ADVANCED_FACE('',(#11720),#12404,.F.);
#13105=ADVANCED_FACE('',(#11721),#12405,.F.);
#13106=ADVANCED_FACE('',(#11722),#12406,.F.);
#13107=ADVANCED_FACE('',(#11723),#12407,.F.);
#13108=ADVANCED_FACE('',(#11724),#12408,.F.);
#13109=ADVANCED_FACE('',(#11725),#12409,.F.);
#13110=ADVANCED_FACE('',(#11726),#12410,.F.);
#13111=ADVANCED_FACE('',(#11727),#12411,.F.);
#13112=ADVANCED_FACE('',(#11728),#12412,.F.);
#13113=ADVANCED_FACE('',(#11729),#12413,.F.);
#13114=ADVANCED_FACE('',(#11730),#12414,.F.);
#13115=ADVANCED_FACE('',(#11731),#12415,.F.);
#13116=ADVANCED_FACE('',(#11732),#12416,.F.);
#13117=ADVANCED_FACE('',(#11733),#12417,.F.);
#13118=ADVANCED_FACE('',(#11734),#12418,.F.);
#13119=ADVANCED_FACE('',(#11735),#12419,.F.);
#13120=ADVANCED_FACE('',(#11736),#12420,.F.);
#13121=ADVANCED_FACE('',(#11737),#12421,.F.);
#13122=ADVANCED_FACE('',(#11738),#12422,.F.);
#13123=ADVANCED_FACE('',(#11739),#12423,.F.);
#13124=ADVANCED_FACE('',(#11740),#12424,.F.);
#13125=ADVANCED_FACE('',(#11741),#12425,.F.);
#13126=ADVANCED_FACE('',(#11742),#12426,.F.);
#13127=ADVANCED_FACE('',(#11743),#12427,.F.);
#13128=ADVANCED_FACE('',(#11744),#12428,.F.);
#13129=ADVANCED_FACE('',(#11745),#12429,.F.);
#13130=ADVANCED_FACE('',(#11746),#12430,.F.);
#13131=ADVANCED_FACE('',(#11747),#12431,.F.);
#13132=ADVANCED_FACE('',(#11748),#12432,.F.);
#13133=ADVANCED_FACE('',(#11749),#12433,.F.);
#13134=ADVANCED_FACE('',(#11750),#12434,.F.);
#13135=ADVANCED_FACE('',(#11751),#12435,.F.);
#13136=ADVANCED_FACE('',(#11752),#12436,.F.);
#13137=ADVANCED_FACE('',(#11753),#12437,.F.);
#13138=ADVANCED_FACE('',(#11754),#12438,.F.);
#13139=ADVANCED_FACE('',(#11755),#12439,.F.);
#13140=ADVANCED_FACE('',(#11756),#12440,.F.);
#13141=ADVANCED_FACE('',(#11757),#12441,.F.);
#13142=ADVANCED_FACE('',(#11758),#12442,.F.);
#13143=ADVANCED_FACE('',(#11759),#12443,.F.);
#13144=ADVANCED_FACE('',(#11760),#12444,.F.);
#13145=ADVANCED_FACE('',(#11761),#12445,.F.);
#13146=ADVANCED_FACE('',(#11762),#12446,.F.);
#13147=ADVANCED_FACE('',(#11763),#12447,.F.);
#13148=ADVANCED_FACE('',(#11764),#12448,.F.);
#13149=ADVANCED_FACE('',(#11765),#12449,.F.);
#13150=ADVANCED_FACE('',(#11766),#12450,.F.);
#13151=ADVANCED_FACE('',(#11767),#12451,.F.);
#13152=ADVANCED_FACE('',(#11768),#12452,.F.);
#13153=ADVANCED_FACE('',(#11769),#12453,.F.);
#13154=ADVANCED_FACE('',(#11770),#12454,.F.);
#13155=ADVANCED_FACE('',(#11771),#12455,.F.);
#13156=ADVANCED_FACE('',(#11772),#12456,.F.);
#13157=ADVANCED_FACE('',(#11773),#12457,.F.);
#13158=ADVANCED_FACE('',(#11774),#12458,.F.);
#13159=ADVANCED_FACE('',(#11775),#12459,.F.);
#13160=ADVANCED_FACE('',(#11776),#12460,.F.);
#13161=ADVANCED_FACE('',(#11777),#12461,.F.);
#13162=ADVANCED_FACE('',(#11778),#12462,.F.);
#13163=ADVANCED_FACE('',(#11779),#12463,.F.);
#13164=ADVANCED_FACE('',(#11780),#12464,.F.);
#13165=ADVANCED_FACE('',(#11781),#12465,.F.);
#13166=ADVANCED_FACE('',(#11782),#12466,.F.);
#13167=ADVANCED_FACE('',(#11783),#12467,.F.);
#13168=ADVANCED_FACE('',(#11784),#12468,.F.);
#13169=ADVANCED_FACE('',(#11785),#12469,.F.);
#13170=ADVANCED_FACE('',(#11786),#12470,.F.);
#13171=ADVANCED_FACE('',(#11787),#12471,.F.);
#13172=ADVANCED_FACE('',(#11788),#12472,.F.);
#13173=ADVANCED_FACE('',(#11789),#12473,.F.);
#13174=ADVANCED_FACE('',(#11790),#12474,.F.);
#13175=ADVANCED_FACE('',(#11791),#12475,.F.);
#13176=ADVANCED_FACE('',(#11792),#12476,.F.);
#13177=ADVANCED_FACE('',(#11793),#12477,.F.);
#13178=ADVANCED_FACE('',(#11794),#12478,.F.);
#13179=ADVANCED_FACE('',(#11795),#12479,.F.);
#13180=ADVANCED_FACE('',(#11796),#12480,.F.);
#13181=ADVANCED_FACE('',(#11797),#12481,.F.);
#13182=ADVANCED_FACE('',(#11798),#12482,.F.);
#13183=ADVANCED_FACE('',(#11799),#12483,.F.);
#13184=ADVANCED_FACE('',(#11800),#12484,.F.);
#13185=ADVANCED_FACE('',(#11801),#12485,.F.);
#13186=ADVANCED_FACE('',(#11802),#12486,.F.);
#13187=ADVANCED_FACE('',(#11803),#12487,.F.);
#13188=ADVANCED_FACE('',(#11804),#12488,.F.);
#13189=ADVANCED_FACE('',(#11805),#12489,.F.);
#13190=ADVANCED_FACE('',(#11806),#12490,.F.);
#13191=ADVANCED_FACE('',(#11807),#12491,.F.);
#13192=ADVANCED_FACE('',(#11808),#12492,.F.);
#13193=ADVANCED_FACE('',(#11809),#12493,.F.);
#13194=ADVANCED_FACE('',(#11810),#12494,.F.);
#13195=ADVANCED_FACE('',(#11811),#12495,.F.);
#13196=ADVANCED_FACE('',(#11812),#12496,.F.);
#13197=ADVANCED_FACE('',(#11813),#12497,.F.);
#13198=ADVANCED_FACE('',(#11814),#12498,.F.);
#13199=ADVANCED_FACE('',(#11815),#12499,.F.);
#13200=ADVANCED_FACE('',(#11816),#12500,.F.);
#13201=ADVANCED_FACE('',(#11817),#12501,.F.);
#13202=ADVANCED_FACE('',(#11818),#12502,.F.);
#13203=ADVANCED_FACE('',(#11819),#12503,.F.);
#13204=ADVANCED_FACE('',(#11820),#12504,.F.);
#13205=ADVANCED_FACE('',(#11821),#12505,.F.);
#13206=ADVANCED_FACE('',(#11822),#12506,.F.);
#13207=ADVANCED_FACE('',(#11823),#12507,.F.);
#13208=ADVANCED_FACE('',(#11824),#12508,.F.);
#13209=ADVANCED_FACE('',(#11825),#12509,.F.);
#13210=ADVANCED_FACE('',(#11826),#12510,.F.);
#13211=ADVANCED_FACE('',(#11827),#12511,.F.);
#13212=ADVANCED_FACE('',(#11828),#12512,.F.);
#13213=ADVANCED_FACE('',(#11829),#12513,.F.);
#13214=ADVANCED_FACE('',(#11830),#12514,.F.);
#13215=ADVANCED_FACE('',(#11831),#12515,.F.);
#13216=ADVANCED_FACE('',(#11832),#12516,.F.);
#13217=ADVANCED_FACE('',(#11833),#12517,.F.);
#13218=ADVANCED_FACE('',(#11834),#12518,.F.);
#13219=ADVANCED_FACE('',(#11835),#12519,.F.);
#13220=ADVANCED_FACE('',(#11836),#12520,.F.);
#13221=ADVANCED_FACE('',(#11837),#12521,.F.);
#13222=ADVANCED_FACE('',(#11838),#12522,.F.);
#13223=ADVANCED_FACE('',(#11839),#12523,.F.);
#13224=ADVANCED_FACE('',(#11840),#12524,.F.);
#13225=ADVANCED_FACE('',(#11841),#12525,.F.);
#13226=ADVANCED_FACE('',(#11842),#12526,.F.);
#13227=ADVANCED_FACE('',(#11843),#12527,.F.);
#13228=ADVANCED_FACE('',(#11844),#12528,.F.);
#13229=ADVANCED_FACE('',(#11845),#12529,.F.);
#13230=CLOSED_SHELL('',(#12530,#12531,#12532,#12533,#12534,#12535,#12536,
#12537,#12538,#12539,#12540,#12541,#12542,#12543,#12544,#12545,#12546,#12547,
#12548,#12549,#12550,#12551,#12552,#12553,#12554,#12555,#12556,#12557,#12558,
#12559,#12560,#12561,#12562,#12563,#12564,#12565,#12566,#12567,#12568,#12569,
#12570,#12571,#12572,#12573,#12574,#12575,#12576,#12577,#12578,#12579,#12580,
#12581,#12582,#12583,#12584,#12585,#12586,#12587,#12588,#12589,#12590,#12591,
#12592,#12593,#12594,#12595,#12596,#12597,#12598,#12599,#12600,#12601,#12602,
#12603,#12604,#12605,#12606,#12607,#12608,#12609,#12610,#12611,#12612,#12613,
#12614,#12615,#12616,#12617,#12618,#12619,#12620,#12621,#12622,#12623,#12624,
#12625,#12626,#12627,#12628,#12629,#12630,#12631,#12632,#12633,#12634,#12635,
#12636,#12637,#12638,#12639,#12640,#12641,#12642,#12643,#12644,#12645,#12646,
#12647,#12648,#12649,#12650,#12651,#12652,#12653,#12654,#12655,#12656,#12657,
#12658,#12659,#12660,#12661,#12662,#12663,#12664,#12665,#12666,#12667,#12668,
#12669,#12670,#12671,#12672,#12673,#12674,#12675,#12676,#12677,#12678,#12679,
#12680,#12681,#12682,#12683));
#13231=CLOSED_SHELL('',(#12684,#12685,#12686,#12687,#12688,#12689,#12690,
#12691,#12692,#12693,#12694,#12695,#12696,#12697,#12698,#12699,#12700,#12701,
#12702,#12703,#12704,#12705,#12706,#12707,#12708,#12709,#12710,#12711,#12712,
#12713,#12714,#12715,#12716,#12717,#12718,#12719,#12720,#12721,#12722,#12723,
#12724,#12725,#12726,#12727,#12728,#12729,#12730,#12731,#12732,#12733,#12734,
#12735,#12736,#12737,#12738,#12739,#12740,#12741,#12742,#12743,#12744,#12745,
#12746,#12747,#12748,#12749,#12750,#12751,#12752,#12753,#12754,#12755,#12756,
#12757,#12758,#12759,#12760,#12761,#12762,#12763,#12764,#12765,#12766,#12767,
#12768,#12769,#12770,#12771,#12772,#12773,#12774,#12775,#12776,#12777,#12778,
#12779,#12780,#12781,#12782,#12783,#12784,#12785,#12786,#12787,#12788,#12789,
#12790,#12791,#12792,#12793,#12794,#12795,#12796,#12797,#12798,#12799,#12800,
#12801,#12802,#12803,#12804,#12805,#12806,#12807,#12808,#12809,#12810,#12811,
#12812,#12813,#12814,#12815,#12816,#12817,#12818,#12819,#12820,#12821,#12822,
#12823,#12824,#12825,#12826,#12827,#12828,#12829,#12830,#12831,#12832,#12833));
#13232=CLOSED_SHELL('',(#12834,#12835,#12836,#12837,#12838,#12839,#12840,
#12841,#12842,#12843,#12844,#12845,#12846,#12847,#12848,#12849,#12850,#12851,
#12852,#12853,#12854,#12855,#12856,#12857,#12858,#12859,#12860,#12861,#12862,
#12863,#12864,#12865,#12866,#12867,#12868,#12869,#12870,#12871,#12872,#12873,
#12874,#12875,#12876,#12877,#12878,#12879,#12880,#12881,#12882,#12883,#12884,
#12885,#12886,#12887,#12888,#12889,#12890,#12891,#12892,#12893,#12894,#12895,
#12896,#12897,#12898,#12899,#12900,#12901,#12902,#12903,#12904,#12905,#12906,
#12907,#12908,#12909,#12910,#12911,#12912,#12913,#12914,#12915,#12916,#12917,
#12918,#12919,#12920,#12921,#12922,#12923,#12924,#12925,#12926,#12927,#12928,
#12929,#12930,#12931,#12932,#12933,#12934,#12935,#12936,#12937,#12938,#12939,
#12940,#12941,#12942,#12943,#12944,#12945,#12946,#12947,#12948,#12949,#12950,
#12951,#12952,#12953,#12954,#12955,#12956,#12957,#12958,#12959,#12960,#12961,
#12962,#12963,#12964,#12965,#12966,#12967,#12968,#12969,#12970,#12971,#12972,
#12973,#12974,#12975,#12976,#12977,#12978,#12979,#12980,#12981,#12982,#12983,
#12984,#12985,#12986,#12987,#12988,#12989,#12990,#12991,#12992,#12993,#12994,
#12995,#12996,#12997,#12998,#12999,#13000,#13001,#13002,#13003,#13004,#13005,
#13006,#13007,#13008,#13009,#13010,#13011,#13012,#13013,#13014,#13015));
#13233=CLOSED_SHELL('',(#13016,#13017,#13018,#13019,#13020,#13021,#13022,
#13023,#13024,#13025,#13026,#13027,#13028,#13029,#13030,#13031,#13032,#13033,
#13034,#13035,#13036,#13037,#13038,#13039,#13040,#13041,#13042,#13043,#13044,
#13045,#13046,#13047,#13048,#13049,#13050,#13051,#13052,#13053,#13054,#13055,
#13056,#13057,#13058,#13059,#13060,#13061,#13062,#13063,#13064,#13065,#13066,
#13067,#13068,#13069,#13070,#13071,#13072,#13073,#13074,#13075,#13076,#13077,
#13078,#13079,#13080,#13081,#13082,#13083,#13084,#13085,#13086,#13087,#13088,
#13089,#13090,#13091,#13092,#13093,#13094,#13095,#13096,#13097,#13098,#13099,
#13100,#13101,#13102,#13103,#13104,#13105,#13106,#13107,#13108,#13109,#13110,
#13111,#13112,#13113,#13114,#13115,#13116,#13117,#13118,#13119,#13120,#13121,
#13122,#13123,#13124,#13125,#13126,#13127,#13128,#13129,#13130,#13131,#13132,
#13133,#13134,#13135,#13136,#13137,#13138,#13139,#13140,#13141,#13142,#13143,
#13144,#13145,#13146,#13147,#13148,#13149,#13150,#13151,#13152,#13153,#13154,
#13155,#13156,#13157,#13158,#13159,#13160,#13161,#13162,#13163,#13164,#13165,
#13166,#13167,#13168,#13169,#13170,#13171,#13172,#13173,#13174,#13175,#13176,
#13177,#13178,#13179,#13180,#13181,#13182,#13183,#13184,#13185,#13186,#13187,
#13188,#13189,#13190,#13191,#13192,#13193,#13194,#13195,#13196,#13197,#13198,
#13199,#13200,#13201,#13202,#13203,#13204,#13205,#13206,#13207,#13208,#13209,
#13210,#13211,#13212,#13213,#13214,#13215,#13216,#13217,#13218,#13219,#13220,
#13221,#13222,#13223,#13224,#13225,#13226,#13227,#13228,#13229));
#13234=MANIFOLD_SOLID_BREP('ESW-108-58-G-D_socket',#13230);
#13235=MANIFOLD_SOLID_BREP('ESW-108-58-G-D_pins',#13231);
#13236=MANIFOLD_SOLID_BREP('ESW-108-58-G-D2_PINS',#13232);
#13237=MANIFOLD_SOLID_BREP('ESW-108-58-G-D_bsocket',#13233);
#13238=SHAPE_DEFINITION_REPRESENTATION(#20980,#13243);
#13239=SHAPE_DEFINITION_REPRESENTATION(#20981,#13244);
#13240=SHAPE_DEFINITION_REPRESENTATION(#20983,#13245);
#13241=SHAPE_DEFINITION_REPRESENTATION(#20985,#13246);
#13242=SHAPE_DEFINITION_REPRESENTATION(#20987,#13247);
#13243=SHAPE_REPRESENTATION('ESW-108-58-G-D',(#13248,#13403,#13554,#13769,
#13984),#20964);
#13244=SHAPE_REPRESENTATION('ESW-108-58-G-D_socket',(#13248),#20965);
#13245=SHAPE_REPRESENTATION('ESW-108-58-G-D_pins',(#13248),#20966);
#13246=SHAPE_REPRESENTATION('ESW-108-58-G-D2_PINS',(#13248),#20967);
#13247=SHAPE_REPRESENTATION('ESW-108-58-G-D_bsocket',(#13248),#20968);
#13248=AXIS2_PLACEMENT_3D('',#17247,#13985,#13986);
#13249=AXIS2_PLACEMENT_3D('',#17248,#13987,#13988);
#13250=AXIS2_PLACEMENT_3D('',#17257,#13993,#13994);
#13251=AXIS2_PLACEMENT_3D('',#17266,#13999,#14000);
#13252=AXIS2_PLACEMENT_3D('',#17275,#14005,#14006);
#13253=AXIS2_PLACEMENT_3D('',#17284,#14011,#14012);
#13254=AXIS2_PLACEMENT_3D('',#17293,#14017,#14018);
#13255=AXIS2_PLACEMENT_3D('',#17302,#14023,#14024);
#13256=AXIS2_PLACEMENT_3D('',#17311,#14029,#14030);
#13257=AXIS2_PLACEMENT_3D('',#17320,#14035,#14036);
#13258=AXIS2_PLACEMENT_3D('',#17329,#14041,#14042);
#13259=AXIS2_PLACEMENT_3D('',#17338,#14047,#14048);
#13260=AXIS2_PLACEMENT_3D('',#17347,#14053,#14054);
#13261=AXIS2_PLACEMENT_3D('',#17356,#14059,#14060);
#13262=AXIS2_PLACEMENT_3D('',#17365,#14065,#14066);
#13263=AXIS2_PLACEMENT_3D('',#17374,#14071,#14072);
#13264=AXIS2_PLACEMENT_3D('',#17383,#14077,#14078);
#13265=AXIS2_PLACEMENT_3D('',#17392,#14083,#14084);
#13266=AXIS2_PLACEMENT_3D('',#17401,#14089,#14090);
#13267=AXIS2_PLACEMENT_3D('',#17410,#14095,#14096);
#13268=AXIS2_PLACEMENT_3D('',#17456,#14124,#14125);
#13269=AXIS2_PLACEMENT_3D('',#17502,#14153,#14154);
#13270=AXIS2_PLACEMENT_3D('',#17508,#14158,#14159);
#13271=AXIS2_PLACEMENT_3D('',#17514,#14163,#14164);
#13272=AXIS2_PLACEMENT_3D('',#17520,#14168,#14169);
#13273=AXIS2_PLACEMENT_3D('',#17526,#14173,#14174);
#13274=AXIS2_PLACEMENT_3D('',#17532,#14178,#14179);
#13275=AXIS2_PLACEMENT_3D('',#17538,#14183,#14184);
#13276=AXIS2_PLACEMENT_3D('',#17544,#14188,#14189);
#13277=AXIS2_PLACEMENT_3D('',#17550,#14193,#14194);
#13278=AXIS2_PLACEMENT_3D('',#17556,#14198,#14199);
#13279=AXIS2_PLACEMENT_3D('',#17562,#14203,#14204);
#13280=AXIS2_PLACEMENT_3D('',#17568,#14208,#14209);
#13281=AXIS2_PLACEMENT_3D('',#17574,#14213,#14214);
#13282=AXIS2_PLACEMENT_3D('',#17580,#14218,#14219);
#13283=AXIS2_PLACEMENT_3D('',#17586,#14223,#14224);
#13284=AXIS2_PLACEMENT_3D('',#17592,#14228,#14229);
#13285=AXIS2_PLACEMENT_3D('',#17598,#14233,#14234);
#13286=AXIS2_PLACEMENT_3D('',#17604,#14238,#14239);
#13287=AXIS2_PLACEMENT_3D('',#17610,#14243,#14244);
#13288=AXIS2_PLACEMENT_3D('',#17613,#14247,#14248);
#13289=AXIS2_PLACEMENT_3D('',#17616,#14251,#14252);
#13290=AXIS2_PLACEMENT_3D('',#17625,#14257,#14258);
#13291=AXIS2_PLACEMENT_3D('',#17631,#14262,#14263);
#13292=AXIS2_PLACEMENT_3D('',#17637,#14267,#14268);
#13293=AXIS2_PLACEMENT_3D('',#17646,#14273,#14274);
#13294=AXIS2_PLACEMENT_3D('',#17652,#14278,#14279);
#13295=AXIS2_PLACEMENT_3D('',#17658,#14283,#14284);
#13296=AXIS2_PLACEMENT_3D('',#17667,#14289,#14290);
#13297=AXIS2_PLACEMENT_3D('',#17673,#14294,#14295);
#13298=AXIS2_PLACEMENT_3D('',#17679,#14299,#14300);
#13299=AXIS2_PLACEMENT_3D('',#17688,#14305,#14306);
#13300=AXIS2_PLACEMENT_3D('',#17694,#14310,#14311);
#13301=AXIS2_PLACEMENT_3D('',#17700,#14315,#14316);
#13302=AXIS2_PLACEMENT_3D('',#17709,#14321,#14322);
#13303=AXIS2_PLACEMENT_3D('',#17715,#14326,#14327);
#13304=AXIS2_PLACEMENT_3D('',#17721,#14331,#14332);
#13305=AXIS2_PLACEMENT_3D('',#17730,#14337,#14338);
#13306=AXIS2_PLACEMENT_3D('',#17736,#14342,#14343);
#13307=AXIS2_PLACEMENT_3D('',#17742,#14347,#14348);
#13308=AXIS2_PLACEMENT_3D('',#17751,#14353,#14354);
#13309=AXIS2_PLACEMENT_3D('',#17757,#14358,#14359);
#13310=AXIS2_PLACEMENT_3D('',#17763,#14363,#14364);
#13311=AXIS2_PLACEMENT_3D('',#17772,#14369,#14370);
#13312=AXIS2_PLACEMENT_3D('',#17778,#14374,#14375);
#13313=AXIS2_PLACEMENT_3D('',#17784,#14379,#14380);
#13314=AXIS2_PLACEMENT_3D('',#17793,#14385,#14386);
#13315=AXIS2_PLACEMENT_3D('',#17799,#14390,#14391);
#13316=AXIS2_PLACEMENT_3D('',#17805,#14395,#14396);
#13317=AXIS2_PLACEMENT_3D('',#17814,#14401,#14402);
#13318=AXIS2_PLACEMENT_3D('',#17820,#14406,#14407);
#13319=AXIS2_PLACEMENT_3D('',#17826,#14411,#14412);
#13320=AXIS2_PLACEMENT_3D('',#17835,#14417,#14418);
#13321=AXIS2_PLACEMENT_3D('',#17841,#14422,#14423);
#13322=AXIS2_PLACEMENT_3D('',#17847,#14427,#14428);
#13323=AXIS2_PLACEMENT_3D('',#17856,#14433,#14434);
#13324=AXIS2_PLACEMENT_3D('',#17862,#14438,#14439);
#13325=AXIS2_PLACEMENT_3D('',#17868,#14443,#14444);
#13326=AXIS2_PLACEMENT_3D('',#17877,#14449,#14450);
#13327=AXIS2_PLACEMENT_3D('',#17883,#14454,#14455);
#13328=AXIS2_PLACEMENT_3D('',#17889,#14459,#14460);
#13329=AXIS2_PLACEMENT_3D('',#17898,#14465,#14466);
#13330=AXIS2_PLACEMENT_3D('',#17904,#14470,#14471);
#13331=AXIS2_PLACEMENT_3D('',#17910,#14475,#14476);
#13332=AXIS2_PLACEMENT_3D('',#17919,#14481,#14482);
#13333=AXIS2_PLACEMENT_3D('',#17925,#14486,#14487);
#13334=AXIS2_PLACEMENT_3D('',#17931,#14491,#14492);
#13335=AXIS2_PLACEMENT_3D('',#17940,#14497,#14498);
#13336=AXIS2_PLACEMENT_3D('',#17946,#14502,#14503);
#13337=AXIS2_PLACEMENT_3D('',#17952,#14507,#14508);
#13338=AXIS2_PLACEMENT_3D('',#17955,#14511,#14512);
#13339=AXIS2_PLACEMENT_3D('',#17958,#14515,#14516);
#13340=AXIS2_PLACEMENT_3D('',#17961,#14519,#14520);
#13341=AXIS2_PLACEMENT_3D('',#17964,#14523,#14524);
#13342=AXIS2_PLACEMENT_3D('',#17967,#14527,#14528);
#13343=AXIS2_PLACEMENT_3D('',#17970,#14531,#14532);
#13344=AXIS2_PLACEMENT_3D('',#17973,#14535,#14536);
#13345=AXIS2_PLACEMENT_3D('',#17976,#14539,#14540);
#13346=AXIS2_PLACEMENT_3D('',#17979,#14543,#14544);
#13347=AXIS2_PLACEMENT_3D('',#17982,#14547,#14548);
#13348=AXIS2_PLACEMENT_3D('',#17985,#14551,#14552);
#13349=AXIS2_PLACEMENT_3D('',#17988,#14555,#14556);
#13350=AXIS2_PLACEMENT_3D('',#17991,#14559,#14560);
#13351=AXIS2_PLACEMENT_3D('',#17994,#14563,#14564);
#13352=AXIS2_PLACEMENT_3D('',#17997,#14567,#14568);
#13353=AXIS2_PLACEMENT_3D('',#18000,#14571,#14572);
#13354=AXIS2_PLACEMENT_3D('',#18001,#14573,#14574);
#13355=AXIS2_PLACEMENT_3D('',#18002,#14575,#14576);
#13356=AXIS2_PLACEMENT_3D('',#18003,#14577,#14578);
#13357=AXIS2_PLACEMENT_3D('',#18004,#14579,#14580);
#13358=AXIS2_PLACEMENT_3D('',#18005,#14581,#14582);
#13359=AXIS2_PLACEMENT_3D('',#18006,#14583,#14584);
#13360=AXIS2_PLACEMENT_3D('',#18007,#14585,#14586);
#13361=AXIS2_PLACEMENT_3D('',#18008,#14587,#14588);
#13362=AXIS2_PLACEMENT_3D('',#18009,#14589,#14590);
#13363=AXIS2_PLACEMENT_3D('',#18010,#14591,#14592);
#13364=AXIS2_PLACEMENT_3D('',#18011,#14593,#14594);
#13365=AXIS2_PLACEMENT_3D('',#18012,#14595,#14596);
#13366=AXIS2_PLACEMENT_3D('',#18013,#14597,#14598);
#13367=AXIS2_PLACEMENT_3D('',#18014,#14599,#14600);
#13368=AXIS2_PLACEMENT_3D('',#18015,#14601,#14602);
#13369=AXIS2_PLACEMENT_3D('',#18016,#14603,#14604);
#13370=AXIS2_PLACEMENT_3D('',#18017,#14605,#14606);
#13371=AXIS2_PLACEMENT_3D('',#18050,#14639,#14640);
#13372=AXIS2_PLACEMENT_3D('',#18051,#14641,#14642);
#13373=AXIS2_PLACEMENT_3D('',#18052,#14643,#14644);
#13374=AXIS2_PLACEMENT_3D('',#18053,#14645,#14646);
#13375=AXIS2_PLACEMENT_3D('',#18054,#14647,#14648);
#13376=AXIS2_PLACEMENT_3D('',#18055,#14649,#14650);
#13377=AXIS2_PLACEMENT_3D('',#18056,#14651,#14652);
#13378=AXIS2_PLACEMENT_3D('',#18057,#14653,#14654);
#13379=AXIS2_PLACEMENT_3D('',#18058,#14655,#14656);
#13380=AXIS2_PLACEMENT_3D('',#18059,#14657,#14658);
#13381=AXIS2_PLACEMENT_3D('',#18060,#14659,#14660);
#13382=AXIS2_PLACEMENT_3D('',#18061,#14661,#14662);
#13383=AXIS2_PLACEMENT_3D('',#18062,#14663,#14664);
#13384=AXIS2_PLACEMENT_3D('',#18063,#14665,#14666);
#13385=AXIS2_PLACEMENT_3D('',#18064,#14667,#14668);
#13386=AXIS2_PLACEMENT_3D('',#18065,#14669,#14670);
#13387=AXIS2_PLACEMENT_3D('',#18066,#14671,#14672);
#13388=AXIS2_PLACEMENT_3D('',#18067,#14673,#14674);
#13389=AXIS2_PLACEMENT_3D('',#18068,#14675,#14676);
#13390=AXIS2_PLACEMENT_3D('',#18069,#14677,#14678);
#13391=AXIS2_PLACEMENT_3D('',#18070,#14679,#14680);
#13392=AXIS2_PLACEMENT_3D('',#18071,#14681,#14682);
#13393=AXIS2_PLACEMENT_3D('',#18072,#14683,#14684);
#13394=AXIS2_PLACEMENT_3D('',#18073,#14685,#14686);
#13395=AXIS2_PLACEMENT_3D('',#18074,#14687,#14688);
#13396=AXIS2_PLACEMENT_3D('',#18075,#14689,#14690);
#13397=AXIS2_PLACEMENT_3D('',#18076,#14691,#14692);
#13398=AXIS2_PLACEMENT_3D('',#18077,#14693,#14694);
#13399=AXIS2_PLACEMENT_3D('',#18078,#14695,#14696);
#13400=AXIS2_PLACEMENT_3D('',#18079,#14697,#14698);
#13401=AXIS2_PLACEMENT_3D('',#18080,#14699,#14700);
#13402=AXIS2_PLACEMENT_3D('',#18081,#14701,#14702);
#13403=AXIS2_PLACEMENT_3D('',#18082,#14703,#14704);
#13404=AXIS2_PLACEMENT_3D('',#18083,#14705,#14706);
#13405=AXIS2_PLACEMENT_3D('',#18092,#14711,#14712);
#13406=AXIS2_PLACEMENT_3D('',#18098,#14716,#14717);
#13407=AXIS2_PLACEMENT_3D('',#18104,#14721,#14722);
#13408=AXIS2_PLACEMENT_3D('',#18107,#14725,#14726);
#13409=AXIS2_PLACEMENT_3D('',#18116,#14731,#14732);
#13410=AXIS2_PLACEMENT_3D('',#18125,#14737,#14738);
#13411=AXIS2_PLACEMENT_3D('',#18134,#14743,#14744);
#13412=AXIS2_PLACEMENT_3D('',#18143,#14749,#14750);
#13413=AXIS2_PLACEMENT_3D('',#18152,#14755,#14756);
#13414=AXIS2_PLACEMENT_3D('',#18161,#14761,#14762);
#13415=AXIS2_PLACEMENT_3D('',#18170,#14767,#14768);
#13416=AXIS2_PLACEMENT_3D('',#18179,#14773,#14774);
#13417=AXIS2_PLACEMENT_3D('',#18188,#14779,#14780);
#13418=AXIS2_PLACEMENT_3D('',#18197,#14785,#14786);
#13419=AXIS2_PLACEMENT_3D('',#18206,#14791,#14792);
#13420=AXIS2_PLACEMENT_3D('',#18215,#14797,#14798);
#13421=AXIS2_PLACEMENT_3D('',#18224,#14803,#14804);
#13422=AXIS2_PLACEMENT_3D('',#18233,#14809,#14810);
#13423=AXIS2_PLACEMENT_3D('',#18242,#14815,#14816);
#13424=AXIS2_PLACEMENT_3D('',#18251,#14821,#14822);
#13425=AXIS2_PLACEMENT_3D('',#18260,#14827,#14828);
#13426=AXIS2_PLACEMENT_3D('',#18269,#14833,#14834);
#13427=AXIS2_PLACEMENT_3D('',#18278,#14839,#14840);
#13428=AXIS2_PLACEMENT_3D('',#18287,#14845,#14846);
#13429=AXIS2_PLACEMENT_3D('',#18296,#14851,#14852);
#13430=AXIS2_PLACEMENT_3D('',#18305,#14857,#14858);
#13431=AXIS2_PLACEMENT_3D('',#18314,#14863,#14864);
#13432=AXIS2_PLACEMENT_3D('',#18323,#14869,#14870);
#13433=AXIS2_PLACEMENT_3D('',#18332,#14875,#14876);
#13434=AXIS2_PLACEMENT_3D('',#18341,#14881,#14882);
#13435=AXIS2_PLACEMENT_3D('',#18350,#14887,#14888);
#13436=AXIS2_PLACEMENT_3D('',#18359,#14893,#14894);
#13437=AXIS2_PLACEMENT_3D('',#18368,#14899,#14900);
#13438=AXIS2_PLACEMENT_3D('',#18377,#14905,#14906);
#13439=AXIS2_PLACEMENT_3D('',#18386,#14911,#14912);
#13440=AXIS2_PLACEMENT_3D('',#18395,#14917,#14918);
#13441=AXIS2_PLACEMENT_3D('',#18404,#14923,#14924);
#13442=AXIS2_PLACEMENT_3D('',#18413,#14929,#14930);
#13443=AXIS2_PLACEMENT_3D('',#18422,#14935,#14936);
#13444=AXIS2_PLACEMENT_3D('',#18431,#14941,#14942);
#13445=AXIS2_PLACEMENT_3D('',#18440,#14947,#14948);
#13446=AXIS2_PLACEMENT_3D('',#18449,#14953,#14954);
#13447=AXIS2_PLACEMENT_3D('',#18458,#14959,#14960);
#13448=AXIS2_PLACEMENT_3D('',#18467,#14965,#14966);
#13449=AXIS2_PLACEMENT_3D('',#18476,#14971,#14972);
#13450=AXIS2_PLACEMENT_3D('',#18485,#14977,#14978);
#13451=AXIS2_PLACEMENT_3D('',#18494,#14983,#14984);
#13452=AXIS2_PLACEMENT_3D('',#18503,#14989,#14990);
#13453=AXIS2_PLACEMENT_3D('',#18512,#14995,#14996);
#13454=AXIS2_PLACEMENT_3D('',#18521,#15001,#15002);
#13455=AXIS2_PLACEMENT_3D('',#18530,#15007,#15008);
#13456=AXIS2_PLACEMENT_3D('',#18539,#15013,#15014);
#13457=AXIS2_PLACEMENT_3D('',#18543,#15018,#15019);
#13458=AXIS2_PLACEMENT_3D('',#18547,#15023,#15024);
#13459=AXIS2_PLACEMENT_3D('',#18551,#15028,#15029);
#13460=AXIS2_PLACEMENT_3D('',#18555,#15033,#15034);
#13461=AXIS2_PLACEMENT_3D('',#18559,#15038,#15039);
#13462=AXIS2_PLACEMENT_3D('',#18563,#15043,#15044);
#13463=AXIS2_PLACEMENT_3D('',#18567,#15048,#15049);
#13464=AXIS2_PLACEMENT_3D('',#18571,#15053,#15054);
#13465=AXIS2_PLACEMENT_3D('',#18575,#15058,#15059);
#13466=AXIS2_PLACEMENT_3D('',#18579,#15063,#15064);
#13467=AXIS2_PLACEMENT_3D('',#18583,#15068,#15069);
#13468=AXIS2_PLACEMENT_3D('',#18587,#15073,#15074);
#13469=AXIS2_PLACEMENT_3D('',#18591,#15078,#15079);
#13470=AXIS2_PLACEMENT_3D('',#18595,#15083,#15084);
#13471=AXIS2_PLACEMENT_3D('',#18599,#15088,#15089);
#13472=AXIS2_PLACEMENT_3D('',#18603,#15093,#15094);
#13473=AXIS2_PLACEMENT_3D('',#18607,#15098,#15099);
#13474=AXIS2_PLACEMENT_3D('',#18611,#15103,#15104);
#13475=AXIS2_PLACEMENT_3D('',#18615,#15108,#15109);
#13476=AXIS2_PLACEMENT_3D('',#18619,#15113,#15114);
#13477=AXIS2_PLACEMENT_3D('',#18623,#15118,#15119);
#13478=AXIS2_PLACEMENT_3D('',#18627,#15123,#15124);
#13479=AXIS2_PLACEMENT_3D('',#18631,#15128,#15129);
#13480=AXIS2_PLACEMENT_3D('',#18635,#15133,#15134);
#13481=AXIS2_PLACEMENT_3D('',#18639,#15138,#15139);
#13482=AXIS2_PLACEMENT_3D('',#18643,#15143,#15144);
#13483=AXIS2_PLACEMENT_3D('',#18647,#15148,#15149);
#13484=AXIS2_PLACEMENT_3D('',#18651,#15153,#15154);
#13485=AXIS2_PLACEMENT_3D('',#18655,#15158,#15159);
#13486=AXIS2_PLACEMENT_3D('',#18659,#15163,#15164);
#13487=AXIS2_PLACEMENT_3D('',#18663,#15168,#15169);
#13488=AXIS2_PLACEMENT_3D('',#18667,#15173,#15174);
#13489=AXIS2_PLACEMENT_3D('',#18669,#15176,#15177);
#13490=AXIS2_PLACEMENT_3D('',#18671,#15179,#15180);
#13491=AXIS2_PLACEMENT_3D('',#18673,#15182,#15183);
#13492=AXIS2_PLACEMENT_3D('',#18675,#15185,#15186);
#13493=AXIS2_PLACEMENT_3D('',#18677,#15188,#15189);
#13494=AXIS2_PLACEMENT_3D('',#18679,#15191,#15192);
#13495=AXIS2_PLACEMENT_3D('',#18681,#15194,#15195);
#13496=AXIS2_PLACEMENT_3D('',#18683,#15197,#15198);
#13497=AXIS2_PLACEMENT_3D('',#18685,#15200,#15201);
#13498=AXIS2_PLACEMENT_3D('',#18687,#15203,#15204);
#13499=AXIS2_PLACEMENT_3D('',#18689,#15206,#15207);
#13500=AXIS2_PLACEMENT_3D('',#18691,#15209,#15210);
#13501=AXIS2_PLACEMENT_3D('',#18693,#15212,#15213);
#13502=AXIS2_PLACEMENT_3D('',#18695,#15215,#15216);
#13503=AXIS2_PLACEMENT_3D('',#18697,#15218,#15219);
#13504=AXIS2_PLACEMENT_3D('',#18699,#15221,#15222);
#13505=AXIS2_PLACEMENT_3D('',#18701,#15224,#15225);
#13506=AXIS2_PLACEMENT_3D('',#18703,#15227,#15228);
#13507=AXIS2_PLACEMENT_3D('',#18705,#15230,#15231);
#13508=AXIS2_PLACEMENT_3D('',#18707,#15233,#15234);
#13509=AXIS2_PLACEMENT_3D('',#18709,#15236,#15237);
#13510=AXIS2_PLACEMENT_3D('',#18711,#15239,#15240);
#13511=AXIS2_PLACEMENT_3D('',#18713,#15242,#15243);
#13512=AXIS2_PLACEMENT_3D('',#18715,#15245,#15246);
#13513=AXIS2_PLACEMENT_3D('',#18717,#15248,#15249);
#13514=AXIS2_PLACEMENT_3D('',#18719,#15251,#15252);
#13515=AXIS2_PLACEMENT_3D('',#18721,#15254,#15255);
#13516=AXIS2_PLACEMENT_3D('',#18723,#15257,#15258);
#13517=AXIS2_PLACEMENT_3D('',#18725,#15260,#15261);
#13518=AXIS2_PLACEMENT_3D('',#18727,#15263,#15264);
#13519=AXIS2_PLACEMENT_3D('',#18729,#15266,#15267);
#13520=AXIS2_PLACEMENT_3D('',#18731,#15269,#15270);
#13521=AXIS2_PLACEMENT_3D('',#18732,#15271,#15272);
#13522=AXIS2_PLACEMENT_3D('',#18733,#15273,#15274);
#13523=AXIS2_PLACEMENT_3D('',#18734,#15275,#15276);
#13524=AXIS2_PLACEMENT_3D('',#18735,#15277,#15278);
#13525=AXIS2_PLACEMENT_3D('',#18736,#15279,#15280);
#13526=AXIS2_PLACEMENT_3D('',#18737,#15281,#15282);
#13527=AXIS2_PLACEMENT_3D('',#18738,#15283,#15284);
#13528=AXIS2_PLACEMENT_3D('',#18739,#15285,#15286);
#13529=AXIS2_PLACEMENT_3D('',#18740,#15287,#15288);
#13530=AXIS2_PLACEMENT_3D('',#18741,#15289,#15290);
#13531=AXIS2_PLACEMENT_3D('',#18742,#15291,#15292);
#13532=AXIS2_PLACEMENT_3D('',#18743,#15293,#15294);
#13533=AXIS2_PLACEMENT_3D('',#18744,#15295,#15296);
#13534=AXIS2_PLACEMENT_3D('',#18745,#15297,#15298);
#13535=AXIS2_PLACEMENT_3D('',#18746,#15299,#15300);
#13536=AXIS2_PLACEMENT_3D('',#18747,#15301,#15302);
#13537=AXIS2_PLACEMENT_3D('',#18748,#15303,#15304);
#13538=AXIS2_PLACEMENT_3D('',#18749,#15305,#15306);
#13539=AXIS2_PLACEMENT_3D('',#18750,#15307,#15308);
#13540=AXIS2_PLACEMENT_3D('',#18751,#15309,#15310);
#13541=AXIS2_PLACEMENT_3D('',#18752,#15311,#15312);
#13542=AXIS2_PLACEMENT_3D('',#18753,#15313,#15314);
#13543=AXIS2_PLACEMENT_3D('',#18754,#15315,#15316);
#13544=AXIS2_PLACEMENT_3D('',#18755,#15317,#15318);
#13545=AXIS2_PLACEMENT_3D('',#18756,#15319,#15320);
#13546=AXIS2_PLACEMENT_3D('',#18757,#15321,#15322);
#13547=AXIS2_PLACEMENT_3D('',#18758,#15323,#15324);
#13548=AXIS2_PLACEMENT_3D('',#18759,#15325,#15326);
#13549=AXIS2_PLACEMENT_3D('',#18760,#15327,#15328);
#13550=AXIS2_PLACEMENT_3D('',#18761,#15329,#15330);
#13551=AXIS2_PLACEMENT_3D('',#18762,#15331,#15332);
#13552=AXIS2_PLACEMENT_3D('',#18763,#15333,#15334);
#13553=AXIS2_PLACEMENT_3D('',#18764,#15335,#15336);
#13554=AXIS2_PLACEMENT_3D('',#18765,#15337,#15338);
#13555=AXIS2_PLACEMENT_3D('',#18766,#15339,#15340);
#13556=AXIS2_PLACEMENT_3D('',#18775,#15345,#15346);
#13557=AXIS2_PLACEMENT_3D('',#18781,#15350,#15351);
#13558=AXIS2_PLACEMENT_3D('',#18787,#15355,#15356);
#13559=AXIS2_PLACEMENT_3D('',#18790,#15359,#15360);
#13560=AXIS2_PLACEMENT_3D('',#18798,#15364,#15365);
#13561=AXIS2_PLACEMENT_3D('',#18811,#15372,#15373);
#13562=AXIS2_PLACEMENT_3D('',#18817,#15377,#15378);
#13563=AXIS2_PLACEMENT_3D('',#18830,#15385,#15386);
#13564=AXIS2_PLACEMENT_3D('',#18835,#15389,#15390);
#13565=AXIS2_PLACEMENT_3D('',#18843,#15394,#15395);
#13566=AXIS2_PLACEMENT_3D('',#18856,#15402,#15403);
#13567=AXIS2_PLACEMENT_3D('',#18862,#15407,#15408);
#13568=AXIS2_PLACEMENT_3D('',#18875,#15415,#15416);
#13569=AXIS2_PLACEMENT_3D('',#18880,#15419,#15420);
#13570=AXIS2_PLACEMENT_3D('',#18888,#15424,#15425);
#13571=AXIS2_PLACEMENT_3D('',#18901,#15432,#15433);
#13572=AXIS2_PLACEMENT_3D('',#18907,#15437,#15438);
#13573=AXIS2_PLACEMENT_3D('',#18920,#15445,#15446);
#13574=AXIS2_PLACEMENT_3D('',#18925,#15449,#15450);
#13575=AXIS2_PLACEMENT_3D('',#18933,#15454,#15455);
#13576=AXIS2_PLACEMENT_3D('',#18946,#15462,#15463);
#13577=AXIS2_PLACEMENT_3D('',#18952,#15467,#15468);
#13578=AXIS2_PLACEMENT_3D('',#18965,#15475,#15476);
#13579=AXIS2_PLACEMENT_3D('',#18970,#15479,#15480);
#13580=AXIS2_PLACEMENT_3D('',#18978,#15484,#15485);
#13581=AXIS2_PLACEMENT_3D('',#18991,#15492,#15493);
#13582=AXIS2_PLACEMENT_3D('',#18997,#15497,#15498);
#13583=AXIS2_PLACEMENT_3D('',#19010,#15505,#15506);
#13584=AXIS2_PLACEMENT_3D('',#19015,#15509,#15510);
#13585=AXIS2_PLACEMENT_3D('',#19023,#15514,#15515);
#13586=AXIS2_PLACEMENT_3D('',#19036,#15522,#15523);
#13587=AXIS2_PLACEMENT_3D('',#19042,#15527,#15528);
#13588=AXIS2_PLACEMENT_3D('',#19055,#15535,#15536);
#13589=AXIS2_PLACEMENT_3D('',#19060,#15539,#15540);
#13590=AXIS2_PLACEMENT_3D('',#19068,#15544,#15545);
#13591=AXIS2_PLACEMENT_3D('',#19081,#15552,#15553);
#13592=AXIS2_PLACEMENT_3D('',#19087,#15557,#15558);
#13593=AXIS2_PLACEMENT_3D('',#19100,#15565,#15566);
#13594=AXIS2_PLACEMENT_3D('',#19105,#15569,#15570);
#13595=AXIS2_PLACEMENT_3D('',#19113,#15574,#15575);
#13596=AXIS2_PLACEMENT_3D('',#19126,#15582,#15583);
#13597=AXIS2_PLACEMENT_3D('',#19132,#15587,#15588);
#13598=AXIS2_PLACEMENT_3D('',#19145,#15595,#15596);
#13599=AXIS2_PLACEMENT_3D('',#19150,#15599,#15600);
#13600=AXIS2_PLACEMENT_3D('',#19158,#15604,#15605);
#13601=AXIS2_PLACEMENT_3D('',#19171,#15612,#15613);
#13602=AXIS2_PLACEMENT_3D('',#19177,#15617,#15618);
#13603=AXIS2_PLACEMENT_3D('',#19190,#15625,#15626);
#13604=AXIS2_PLACEMENT_3D('',#19195,#15629,#15630);
#13605=AXIS2_PLACEMENT_3D('',#19203,#15634,#15635);
#13606=AXIS2_PLACEMENT_3D('',#19216,#15642,#15643);
#13607=AXIS2_PLACEMENT_3D('',#19222,#15647,#15648);
#13608=AXIS2_PLACEMENT_3D('',#19235,#15655,#15656);
#13609=AXIS2_PLACEMENT_3D('',#19240,#15659,#15660);
#13610=AXIS2_PLACEMENT_3D('',#19248,#15664,#15665);
#13611=AXIS2_PLACEMENT_3D('',#19261,#15672,#15673);
#13612=AXIS2_PLACEMENT_3D('',#19267,#15677,#15678);
#13613=AXIS2_PLACEMENT_3D('',#19280,#15685,#15686);
#13614=AXIS2_PLACEMENT_3D('',#19285,#15689,#15690);
#13615=AXIS2_PLACEMENT_3D('',#19293,#15694,#15695);
#13616=AXIS2_PLACEMENT_3D('',#19306,#15702,#15703);
#13617=AXIS2_PLACEMENT_3D('',#19312,#15707,#15708);
#13618=AXIS2_PLACEMENT_3D('',#19325,#15715,#15716);
#13619=AXIS2_PLACEMENT_3D('',#19330,#15719,#15720);
#13620=AXIS2_PLACEMENT_3D('',#19338,#15724,#15725);
#13621=AXIS2_PLACEMENT_3D('',#19351,#15732,#15733);
#13622=AXIS2_PLACEMENT_3D('',#19357,#15737,#15738);
#13623=AXIS2_PLACEMENT_3D('',#19370,#15745,#15746);
#13624=AXIS2_PLACEMENT_3D('',#19375,#15749,#15750);
#13625=AXIS2_PLACEMENT_3D('',#19383,#15754,#15755);
#13626=AXIS2_PLACEMENT_3D('',#19396,#15762,#15763);
#13627=AXIS2_PLACEMENT_3D('',#19402,#15767,#15768);
#13628=AXIS2_PLACEMENT_3D('',#19415,#15775,#15776);
#13629=AXIS2_PLACEMENT_3D('',#19420,#15779,#15780);
#13630=AXIS2_PLACEMENT_3D('',#19428,#15784,#15785);
#13631=AXIS2_PLACEMENT_3D('',#19441,#15792,#15793);
#13632=AXIS2_PLACEMENT_3D('',#19447,#15797,#15798);
#13633=AXIS2_PLACEMENT_3D('',#19460,#15805,#15806);
#13634=AXIS2_PLACEMENT_3D('',#19465,#15809,#15810);
#13635=AXIS2_PLACEMENT_3D('',#19473,#15814,#15815);
#13636=AXIS2_PLACEMENT_3D('',#19486,#15822,#15823);
#13637=AXIS2_PLACEMENT_3D('',#19492,#15827,#15828);
#13638=AXIS2_PLACEMENT_3D('',#19505,#15835,#15836);
#13639=AXIS2_PLACEMENT_3D('',#19510,#15839,#15840);
#13640=AXIS2_PLACEMENT_3D('',#19513,#15843,#15844);
#13641=AXIS2_PLACEMENT_3D('',#19516,#15847,#15848);
#13642=AXIS2_PLACEMENT_3D('',#19519,#15851,#15852);
#13643=AXIS2_PLACEMENT_3D('',#19522,#15855,#15856);
#13644=AXIS2_PLACEMENT_3D('',#19525,#15859,#15860);
#13645=AXIS2_PLACEMENT_3D('',#19528,#15863,#15864);
#13646=AXIS2_PLACEMENT_3D('',#19531,#15867,#15868);
#13647=AXIS2_PLACEMENT_3D('',#19534,#15871,#15872);
#13648=AXIS2_PLACEMENT_3D('',#19537,#15875,#15876);
#13649=AXIS2_PLACEMENT_3D('',#19540,#15879,#15880);
#13650=AXIS2_PLACEMENT_3D('',#19543,#15883,#15884);
#13651=AXIS2_PLACEMENT_3D('',#19546,#15887,#15888);
#13652=AXIS2_PLACEMENT_3D('',#19549,#15891,#15892);
#13653=AXIS2_PLACEMENT_3D('',#19552,#15895,#15896);
#13654=AXIS2_PLACEMENT_3D('',#19555,#15899,#15900);
#13655=AXIS2_PLACEMENT_3D('',#19558,#15903,#15904);
#13656=AXIS2_PLACEMENT_3D('',#19559,#15905,#15906);
#13657=AXIS2_PLACEMENT_3D('',#19561,#15908,#15909);
#13658=AXIS2_PLACEMENT_3D('',#19563,#15911,#15912);
#13659=AXIS2_PLACEMENT_3D('',#19565,#15914,#15915);
#13660=AXIS2_PLACEMENT_3D('',#19567,#15917,#15918);
#13661=AXIS2_PLACEMENT_3D('',#19569,#15920,#15921);
#13662=AXIS2_PLACEMENT_3D('',#19571,#15923,#15924);
#13663=AXIS2_PLACEMENT_3D('',#19572,#15925,#15926);
#13664=AXIS2_PLACEMENT_3D('',#19574,#15928,#15929);
#13665=AXIS2_PLACEMENT_3D('',#19576,#15931,#15932);
#13666=AXIS2_PLACEMENT_3D('',#19578,#15934,#15935);
#13667=AXIS2_PLACEMENT_3D('',#19580,#15937,#15938);
#13668=AXIS2_PLACEMENT_3D('',#19582,#15940,#15941);
#13669=AXIS2_PLACEMENT_3D('',#19584,#15943,#15944);
#13670=AXIS2_PLACEMENT_3D('',#19585,#15945,#15946);
#13671=AXIS2_PLACEMENT_3D('',#19587,#15948,#15949);
#13672=AXIS2_PLACEMENT_3D('',#19589,#15951,#15952);
#13673=AXIS2_PLACEMENT_3D('',#19591,#15954,#15955);
#13674=AXIS2_PLACEMENT_3D('',#19593,#15957,#15958);
#13675=AXIS2_PLACEMENT_3D('',#19595,#15960,#15961);
#13676=AXIS2_PLACEMENT_3D('',#19597,#15963,#15964);
#13677=AXIS2_PLACEMENT_3D('',#19598,#15965,#15966);
#13678=AXIS2_PLACEMENT_3D('',#19600,#15968,#15969);
#13679=AXIS2_PLACEMENT_3D('',#19602,#15971,#15972);
#13680=AXIS2_PLACEMENT_3D('',#19604,#15974,#15975);
#13681=AXIS2_PLACEMENT_3D('',#19606,#15977,#15978);
#13682=AXIS2_PLACEMENT_3D('',#19608,#15980,#15981);
#13683=AXIS2_PLACEMENT_3D('',#19610,#15983,#15984);
#13684=AXIS2_PLACEMENT_3D('',#19611,#15985,#15986);
#13685=AXIS2_PLACEMENT_3D('',#19613,#15988,#15989);
#13686=AXIS2_PLACEMENT_3D('',#19615,#15991,#15992);
#13687=AXIS2_PLACEMENT_3D('',#19617,#15994,#15995);
#13688=AXIS2_PLACEMENT_3D('',#19619,#15997,#15998);
#13689=AXIS2_PLACEMENT_3D('',#19621,#16000,#16001);
#13690=AXIS2_PLACEMENT_3D('',#19623,#16003,#16004);
#13691=AXIS2_PLACEMENT_3D('',#19624,#16005,#16006);
#13692=AXIS2_PLACEMENT_3D('',#19626,#16008,#16009);
#13693=AXIS2_PLACEMENT_3D('',#19628,#16011,#16012);
#13694=AXIS2_PLACEMENT_3D('',#19630,#16014,#16015);
#13695=AXIS2_PLACEMENT_3D('',#19632,#16017,#16018);
#13696=AXIS2_PLACEMENT_3D('',#19634,#16020,#16021);
#13697=AXIS2_PLACEMENT_3D('',#19636,#16023,#16024);
#13698=AXIS2_PLACEMENT_3D('',#19637,#16025,#16026);
#13699=AXIS2_PLACEMENT_3D('',#19639,#16028,#16029);
#13700=AXIS2_PLACEMENT_3D('',#19641,#16031,#16032);
#13701=AXIS2_PLACEMENT_3D('',#19643,#16034,#16035);
#13702=AXIS2_PLACEMENT_3D('',#19645,#16037,#16038);
#13703=AXIS2_PLACEMENT_3D('',#19647,#16040,#16041);
#13704=AXIS2_PLACEMENT_3D('',#19649,#16043,#16044);
#13705=AXIS2_PLACEMENT_3D('',#19650,#16045,#16046);
#13706=AXIS2_PLACEMENT_3D('',#19652,#16048,#16049);
#13707=AXIS2_PLACEMENT_3D('',#19654,#16051,#16052);
#13708=AXIS2_PLACEMENT_3D('',#19656,#16054,#16055);
#13709=AXIS2_PLACEMENT_3D('',#19658,#16057,#16058);
#13710=AXIS2_PLACEMENT_3D('',#19660,#16060,#16061);
#13711=AXIS2_PLACEMENT_3D('',#19662,#16063,#16064);
#13712=AXIS2_PLACEMENT_3D('',#19663,#16065,#16066);
#13713=AXIS2_PLACEMENT_3D('',#19665,#16068,#16069);
#13714=AXIS2_PLACEMENT_3D('',#19667,#16071,#16072);
#13715=AXIS2_PLACEMENT_3D('',#19669,#16074,#16075);
#13716=AXIS2_PLACEMENT_3D('',#19671,#16077,#16078);
#13717=AXIS2_PLACEMENT_3D('',#19673,#16080,#16081);
#13718=AXIS2_PLACEMENT_3D('',#19675,#16083,#16084);
#13719=AXIS2_PLACEMENT_3D('',#19676,#16085,#16086);
#13720=AXIS2_PLACEMENT_3D('',#19678,#16088,#16089);
#13721=AXIS2_PLACEMENT_3D('',#19680,#16091,#16092);
#13722=AXIS2_PLACEMENT_3D('',#19682,#16094,#16095);
#13723=AXIS2_PLACEMENT_3D('',#19684,#16097,#16098);
#13724=AXIS2_PLACEMENT_3D('',#19686,#16100,#16101);
#13725=AXIS2_PLACEMENT_3D('',#19688,#16103,#16104);
#13726=AXIS2_PLACEMENT_3D('',#19689,#16105,#16106);
#13727=AXIS2_PLACEMENT_3D('',#19691,#16108,#16109);
#13728=AXIS2_PLACEMENT_3D('',#19693,#16111,#16112);
#13729=AXIS2_PLACEMENT_3D('',#19695,#16114,#16115);
#13730=AXIS2_PLACEMENT_3D('',#19697,#16117,#16118);
#13731=AXIS2_PLACEMENT_3D('',#19699,#16120,#16121);
#13732=AXIS2_PLACEMENT_3D('',#19701,#16123,#16124);
#13733=AXIS2_PLACEMENT_3D('',#19702,#16125,#16126);
#13734=AXIS2_PLACEMENT_3D('',#19704,#16128,#16129);
#13735=AXIS2_PLACEMENT_3D('',#19706,#16131,#16132);
#13736=AXIS2_PLACEMENT_3D('',#19708,#16134,#16135);
#13737=AXIS2_PLACEMENT_3D('',#19710,#16137,#16138);
#13738=AXIS2_PLACEMENT_3D('',#19712,#16140,#16141);
#13739=AXIS2_PLACEMENT_3D('',#19714,#16143,#16144);
#13740=AXIS2_PLACEMENT_3D('',#19715,#16145,#16146);
#13741=AXIS2_PLACEMENT_3D('',#19717,#16148,#16149);
#13742=AXIS2_PLACEMENT_3D('',#19719,#16151,#16152);
#13743=AXIS2_PLACEMENT_3D('',#19721,#16154,#16155);
#13744=AXIS2_PLACEMENT_3D('',#19723,#16157,#16158);
#13745=AXIS2_PLACEMENT_3D('',#19725,#16160,#16161);
#13746=AXIS2_PLACEMENT_3D('',#19727,#16163,#16164);
#13747=AXIS2_PLACEMENT_3D('',#19728,#16165,#16166);
#13748=AXIS2_PLACEMENT_3D('',#19730,#16168,#16169);
#13749=AXIS2_PLACEMENT_3D('',#19732,#16171,#16172);
#13750=AXIS2_PLACEMENT_3D('',#19734,#16174,#16175);
#13751=AXIS2_PLACEMENT_3D('',#19736,#16177,#16178);
#13752=AXIS2_PLACEMENT_3D('',#19738,#16180,#16181);
#13753=AXIS2_PLACEMENT_3D('',#19740,#16183,#16184);
#13754=AXIS2_PLACEMENT_3D('',#19741,#16185,#16186);
#13755=AXIS2_PLACEMENT_3D('',#19743,#16188,#16189);
#13756=AXIS2_PLACEMENT_3D('',#19745,#16191,#16192);
#13757=AXIS2_PLACEMENT_3D('',#19747,#16194,#16195);
#13758=AXIS2_PLACEMENT_3D('',#19749,#16197,#16198);
#13759=AXIS2_PLACEMENT_3D('',#19751,#16200,#16201);
#13760=AXIS2_PLACEMENT_3D('',#19753,#16203,#16204);
#13761=AXIS2_PLACEMENT_3D('',#19754,#16205,#16206);
#13762=AXIS2_PLACEMENT_3D('',#19757,#16209,#16210);
#13763=AXIS2_PLACEMENT_3D('',#19759,#16212,#16213);
#13764=AXIS2_PLACEMENT_3D('',#19761,#16215,#16216);
#13765=AXIS2_PLACEMENT_3D('',#19763,#16218,#16219);
#13766=AXIS2_PLACEMENT_3D('',#19765,#16221,#16222);
#13767=AXIS2_PLACEMENT_3D('',#19766,#16223,#16224);
#13768=AXIS2_PLACEMENT_3D('',#19767,#16225,#16226);
#13769=AXIS2_PLACEMENT_3D('',#19768,#16227,#16228);
#13770=AXIS2_PLACEMENT_3D('',#19769,#16229,#16230);
#13771=AXIS2_PLACEMENT_3D('',#20162,#16427,#16428);
#13772=AXIS2_PLACEMENT_3D('',#20248,#16480,#16481);
#13773=AXIS2_PLACEMENT_3D('',#20252,#16484,#16485);
#13774=AXIS2_PLACEMENT_3D('',#20336,#16536,#16537);
#13775=AXIS2_PLACEMENT_3D('',#20338,#16539,#16540);
#13776=AXIS2_PLACEMENT_3D('',#20339,#16541,#16542);
#13777=AXIS2_PLACEMENT_3D('',#20345,#16546,#16547);
#13778=AXIS2_PLACEMENT_3D('',#20347,#16549,#16550);
#13779=AXIS2_PLACEMENT_3D('',#20349,#16552,#16553);
#13780=AXIS2_PLACEMENT_3D('',#20350,#16554,#16555);
#13781=AXIS2_PLACEMENT_3D('',#20356,#16559,#16560);
#13782=AXIS2_PLACEMENT_3D('',#20358,#16562,#16563);
#13783=AXIS2_PLACEMENT_3D('',#20360,#16565,#16566);
#13784=AXIS2_PLACEMENT_3D('',#20361,#16567,#16568);
#13785=AXIS2_PLACEMENT_3D('',#20365,#16571,#16572);
#13786=AXIS2_PLACEMENT_3D('',#20369,#16575,#16576);
#13787=AXIS2_PLACEMENT_3D('',#20371,#16578,#16579);
#13788=AXIS2_PLACEMENT_3D('',#20372,#16580,#16581);
#13789=AXIS2_PLACEMENT_3D('',#20376,#16584,#16585);
#13790=AXIS2_PLACEMENT_3D('',#20380,#16588,#16589);
#13791=AXIS2_PLACEMENT_3D('',#20382,#16591,#16592);
#13792=AXIS2_PLACEMENT_3D('',#20383,#16593,#16594);
#13793=AXIS2_PLACEMENT_3D('',#20387,#16597,#16598);
#13794=AXIS2_PLACEMENT_3D('',#20391,#16601,#16602);
#13795=AXIS2_PLACEMENT_3D('',#20393,#16604,#16605);
#13796=AXIS2_PLACEMENT_3D('',#20394,#16606,#16607);
#13797=AXIS2_PLACEMENT_3D('',#20398,#16610,#16611);
#13798=AXIS2_PLACEMENT_3D('',#20402,#16614,#16615);
#13799=AXIS2_PLACEMENT_3D('',#20404,#16617,#16618);
#13800=AXIS2_PLACEMENT_3D('',#20405,#16619,#16620);
#13801=AXIS2_PLACEMENT_3D('',#20409,#16623,#16624);
#13802=AXIS2_PLACEMENT_3D('',#20413,#16627,#16628);
#13803=AXIS2_PLACEMENT_3D('',#20415,#16630,#16631);
#13804=AXIS2_PLACEMENT_3D('',#20416,#16632,#16633);
#13805=AXIS2_PLACEMENT_3D('',#20420,#16636,#16637);
#13806=AXIS2_PLACEMENT_3D('',#20424,#16640,#16641);
#13807=AXIS2_PLACEMENT_3D('',#20426,#16643,#16644);
#13808=AXIS2_PLACEMENT_3D('',#20427,#16645,#16646);
#13809=AXIS2_PLACEMENT_3D('',#20431,#16649,#16650);
#13810=AXIS2_PLACEMENT_3D('',#20435,#16653,#16654);
#13811=AXIS2_PLACEMENT_3D('',#20437,#16656,#16657);
#13812=AXIS2_PLACEMENT_3D('',#20438,#16658,#16659);
#13813=AXIS2_PLACEMENT_3D('',#20442,#16662,#16663);
#13814=AXIS2_PLACEMENT_3D('',#20446,#16666,#16667);
#13815=AXIS2_PLACEMENT_3D('',#20448,#16669,#16670);
#13816=AXIS2_PLACEMENT_3D('',#20449,#16671,#16672);
#13817=AXIS2_PLACEMENT_3D('',#20453,#16675,#16676);
#13818=AXIS2_PLACEMENT_3D('',#20457,#16679,#16680);
#13819=AXIS2_PLACEMENT_3D('',#20459,#16682,#16683);
#13820=AXIS2_PLACEMENT_3D('',#20460,#16684,#16685);
#13821=AXIS2_PLACEMENT_3D('',#20464,#16688,#16689);
#13822=AXIS2_PLACEMENT_3D('',#20468,#16692,#16693);
#13823=AXIS2_PLACEMENT_3D('',#20470,#16695,#16696);
#13824=AXIS2_PLACEMENT_3D('',#20471,#16697,#16698);
#13825=AXIS2_PLACEMENT_3D('',#20475,#16701,#16702);
#13826=AXIS2_PLACEMENT_3D('',#20479,#16705,#16706);
#13827=AXIS2_PLACEMENT_3D('',#20481,#16708,#16709);
#13828=AXIS2_PLACEMENT_3D('',#20482,#16710,#16711);
#13829=AXIS2_PLACEMENT_3D('',#20486,#16714,#16715);
#13830=AXIS2_PLACEMENT_3D('',#20490,#16718,#16719);
#13831=AXIS2_PLACEMENT_3D('',#20492,#16721,#16722);
#13832=AXIS2_PLACEMENT_3D('',#20493,#16723,#16724);
#13833=AXIS2_PLACEMENT_3D('',#20497,#16727,#16728);
#13834=AXIS2_PLACEMENT_3D('',#20501,#16731,#16732);
#13835=AXIS2_PLACEMENT_3D('',#20503,#16734,#16735);
#13836=AXIS2_PLACEMENT_3D('',#20504,#16736,#16737);
#13837=AXIS2_PLACEMENT_3D('',#20508,#16740,#16741);
#13838=AXIS2_PLACEMENT_3D('',#20512,#16744,#16745);
#13839=AXIS2_PLACEMENT_3D('',#20514,#16747,#16748);
#13840=AXIS2_PLACEMENT_3D('',#20515,#16749,#16750);
#13841=AXIS2_PLACEMENT_3D('',#20521,#16754,#16755);
#13842=AXIS2_PLACEMENT_3D('',#20523,#16757,#16758);
#13843=AXIS2_PLACEMENT_3D('',#20525,#16760,#16761);
#13844=AXIS2_PLACEMENT_3D('',#20526,#16762,#16763);
#13845=AXIS2_PLACEMENT_3D('',#20532,#16767,#16768);
#13846=AXIS2_PLACEMENT_3D('',#20534,#16770,#16771);
#13847=AXIS2_PLACEMENT_3D('',#20536,#16773,#16774);
#13848=AXIS2_PLACEMENT_3D('',#20537,#16775,#16776);
#13849=AXIS2_PLACEMENT_3D('',#20543,#16780,#16781);
#13850=AXIS2_PLACEMENT_3D('',#20545,#16783,#16784);
#13851=AXIS2_PLACEMENT_3D('',#20547,#16786,#16787);
#13852=AXIS2_PLACEMENT_3D('',#20548,#16788,#16789);
#13853=AXIS2_PLACEMENT_3D('',#20554,#16793,#16794);
#13854=AXIS2_PLACEMENT_3D('',#20556,#16796,#16797);
#13855=AXIS2_PLACEMENT_3D('',#20558,#16799,#16800);
#13856=AXIS2_PLACEMENT_3D('',#20559,#16801,#16802);
#13857=AXIS2_PLACEMENT_3D('',#20565,#16806,#16807);
#13858=AXIS2_PLACEMENT_3D('',#20567,#16809,#16810);
#13859=AXIS2_PLACEMENT_3D('',#20569,#16812,#16813);
#13860=AXIS2_PLACEMENT_3D('',#20570,#16814,#16815);
#13861=AXIS2_PLACEMENT_3D('',#20576,#16819,#16820);
#13862=AXIS2_PLACEMENT_3D('',#20578,#16822,#16823);
#13863=AXIS2_PLACEMENT_3D('',#20580,#16825,#16826);
#13864=AXIS2_PLACEMENT_3D('',#20581,#16827,#16828);
#13865=AXIS2_PLACEMENT_3D('',#20587,#16832,#16833);
#13866=AXIS2_PLACEMENT_3D('',#20589,#16835,#16836);
#13867=AXIS2_PLACEMENT_3D('',#20591,#16838,#16839);
#13868=AXIS2_PLACEMENT_3D('',#20592,#16840,#16841);
#13869=AXIS2_PLACEMENT_3D('',#20598,#16845,#16846);
#13870=AXIS2_PLACEMENT_3D('',#20600,#16848,#16849);
#13871=AXIS2_PLACEMENT_3D('',#20602,#16851,#16852);
#13872=AXIS2_PLACEMENT_3D('',#20603,#16853,#16854);
#13873=AXIS2_PLACEMENT_3D('',#20607,#16857,#16858);
#13874=AXIS2_PLACEMENT_3D('',#20611,#16861,#16862);
#13875=AXIS2_PLACEMENT_3D('',#20613,#16864,#16865);
#13876=AXIS2_PLACEMENT_3D('',#20614,#16866,#16867);
#13877=AXIS2_PLACEMENT_3D('',#20618,#16870,#16871);
#13878=AXIS2_PLACEMENT_3D('',#20622,#16874,#16875);
#13879=AXIS2_PLACEMENT_3D('',#20624,#16877,#16878);
#13880=AXIS2_PLACEMENT_3D('',#20625,#16879,#16880);
#13881=AXIS2_PLACEMENT_3D('',#20631,#16884,#16885);
#13882=AXIS2_PLACEMENT_3D('',#20633,#16887,#16888);
#13883=AXIS2_PLACEMENT_3D('',#20635,#16890,#16891);
#13884=AXIS2_PLACEMENT_3D('',#20636,#16892,#16893);
#13885=AXIS2_PLACEMENT_3D('',#20642,#16897,#16898);
#13886=AXIS2_PLACEMENT_3D('',#20644,#16900,#16901);
#13887=AXIS2_PLACEMENT_3D('',#20646,#16903,#16904);
#13888=AXIS2_PLACEMENT_3D('',#20647,#16905,#16906);
#13889=AXIS2_PLACEMENT_3D('',#20653,#16910,#16911);
#13890=AXIS2_PLACEMENT_3D('',#20655,#16913,#16914);
#13891=AXIS2_PLACEMENT_3D('',#20657,#16916,#16917);
#13892=AXIS2_PLACEMENT_3D('',#20658,#16918,#16919);
#13893=AXIS2_PLACEMENT_3D('',#20664,#16923,#16924);
#13894=AXIS2_PLACEMENT_3D('',#20666,#16926,#16927);
#13895=AXIS2_PLACEMENT_3D('',#20668,#16929,#16930);
#13896=AXIS2_PLACEMENT_3D('',#20669,#16931,#16932);
#13897=AXIS2_PLACEMENT_3D('',#20675,#16936,#16937);
#13898=AXIS2_PLACEMENT_3D('',#20677,#16939,#16940);
#13899=AXIS2_PLACEMENT_3D('',#20679,#16942,#16943);
#13900=AXIS2_PLACEMENT_3D('',#20680,#16944,#16945);
#13901=AXIS2_PLACEMENT_3D('',#20686,#16949,#16950);
#13902=AXIS2_PLACEMENT_3D('',#20688,#16952,#16953);
#13903=AXIS2_PLACEMENT_3D('',#20690,#16955,#16956);
#13904=AXIS2_PLACEMENT_3D('',#20691,#16957,#16958);
#13905=AXIS2_PLACEMENT_3D('',#20697,#16962,#16963);
#13906=AXIS2_PLACEMENT_3D('',#20701,#16966,#16967);
#13907=AXIS2_PLACEMENT_3D('',#20705,#16970,#16971);
#13908=AXIS2_PLACEMENT_3D('',#20707,#16973,#16974);
#13909=AXIS2_PLACEMENT_3D('',#20708,#16975,#16976);
#13910=AXIS2_PLACEMENT_3D('',#20714,#16980,#16981);
#13911=AXIS2_PLACEMENT_3D('',#20718,#16984,#16985);
#13912=AXIS2_PLACEMENT_3D('',#20722,#16988,#16989);
#13913=AXIS2_PLACEMENT_3D('',#20724,#16991,#16992);
#13914=AXIS2_PLACEMENT_3D('',#20725,#16993,#16994);
#13915=AXIS2_PLACEMENT_3D('',#20731,#16998,#16999);
#13916=AXIS2_PLACEMENT_3D('',#20735,#17002,#17003);
#13917=AXIS2_PLACEMENT_3D('',#20739,#17006,#17007);
#13918=AXIS2_PLACEMENT_3D('',#20741,#17009,#17010);
#13919=AXIS2_PLACEMENT_3D('',#20742,#17011,#17012);
#13920=AXIS2_PLACEMENT_3D('',#20748,#17016,#17017);
#13921=AXIS2_PLACEMENT_3D('',#20752,#17020,#17021);
#13922=AXIS2_PLACEMENT_3D('',#20756,#17024,#17025);
#13923=AXIS2_PLACEMENT_3D('',#20758,#17027,#17028);
#13924=AXIS2_PLACEMENT_3D('',#20759,#17029,#17030);
#13925=AXIS2_PLACEMENT_3D('',#20765,#17034,#17035);
#13926=AXIS2_PLACEMENT_3D('',#20769,#17038,#17039);
#13927=AXIS2_PLACEMENT_3D('',#20773,#17042,#17043);
#13928=AXIS2_PLACEMENT_3D('',#20775,#17045,#17046);
#13929=AXIS2_PLACEMENT_3D('',#20776,#17047,#17048);
#13930=AXIS2_PLACEMENT_3D('',#20782,#17052,#17053);
#13931=AXIS2_PLACEMENT_3D('',#20786,#17056,#17057);
#13932=AXIS2_PLACEMENT_3D('',#20790,#17060,#17061);
#13933=AXIS2_PLACEMENT_3D('',#20792,#17063,#17064);
#13934=AXIS2_PLACEMENT_3D('',#20793,#17065,#17066);
#13935=AXIS2_PLACEMENT_3D('',#20799,#17070,#17071);
#13936=AXIS2_PLACEMENT_3D('',#20803,#17074,#17075);
#13937=AXIS2_PLACEMENT_3D('',#20807,#17078,#17079);
#13938=AXIS2_PLACEMENT_3D('',#20809,#17081,#17082);
#13939=AXIS2_PLACEMENT_3D('',#20810,#17083,#17084);
#13940=AXIS2_PLACEMENT_3D('',#20816,#17088,#17089);
#13941=AXIS2_PLACEMENT_3D('',#20820,#17092,#17093);
#13942=AXIS2_PLACEMENT_3D('',#20824,#17096,#17097);
#13943=AXIS2_PLACEMENT_3D('',#20826,#17099,#17100);
#13944=AXIS2_PLACEMENT_3D('',#20827,#17101,#17102);
#13945=AXIS2_PLACEMENT_3D('',#20833,#17106,#17107);
#13946=AXIS2_PLACEMENT_3D('',#20837,#17110,#17111);
#13947=AXIS2_PLACEMENT_3D('',#20841,#17114,#17115);
#13948=AXIS2_PLACEMENT_3D('',#20843,#17117,#17118);
#13949=AXIS2_PLACEMENT_3D('',#20844,#17119,#17120);
#13950=AXIS2_PLACEMENT_3D('',#20850,#17124,#17125);
#13951=AXIS2_PLACEMENT_3D('',#20854,#17128,#17129);
#13952=AXIS2_PLACEMENT_3D('',#20858,#17132,#17133);
#13953=AXIS2_PLACEMENT_3D('',#20860,#17135,#17136);
#13954=AXIS2_PLACEMENT_3D('',#20861,#17137,#17138);
#13955=AXIS2_PLACEMENT_3D('',#20867,#17142,#17143);
#13956=AXIS2_PLACEMENT_3D('',#20871,#17146,#17147);
#13957=AXIS2_PLACEMENT_3D('',#20875,#17150,#17151);
#13958=AXIS2_PLACEMENT_3D('',#20877,#17153,#17154);
#13959=AXIS2_PLACEMENT_3D('',#20878,#17155,#17156);
#13960=AXIS2_PLACEMENT_3D('',#20884,#17160,#17161);
#13961=AXIS2_PLACEMENT_3D('',#20888,#17164,#17165);
#13962=AXIS2_PLACEMENT_3D('',#20892,#17168,#17169);
#13963=AXIS2_PLACEMENT_3D('',#20894,#17171,#17172);
#13964=AXIS2_PLACEMENT_3D('',#20895,#17173,#17174);
#13965=AXIS2_PLACEMENT_3D('',#20901,#17178,#17179);
#13966=AXIS2_PLACEMENT_3D('',#20905,#17182,#17183);
#13967=AXIS2_PLACEMENT_3D('',#20909,#17186,#17187);
#13968=AXIS2_PLACEMENT_3D('',#20911,#17189,#17190);
#13969=AXIS2_PLACEMENT_3D('',#20912,#17191,#17192);
#13970=AXIS2_PLACEMENT_3D('',#20918,#17196,#17197);
#13971=AXIS2_PLACEMENT_3D('',#20922,#17200,#17201);
#13972=AXIS2_PLACEMENT_3D('',#20926,#17204,#17205);
#13973=AXIS2_PLACEMENT_3D('',#20928,#17207,#17208);
#13974=AXIS2_PLACEMENT_3D('',#20929,#17209,#17210);
#13975=AXIS2_PLACEMENT_3D('',#20935,#17214,#17215);
#13976=AXIS2_PLACEMENT_3D('',#20939,#17218,#17219);
#13977=AXIS2_PLACEMENT_3D('',#20943,#17222,#17223);
#13978=AXIS2_PLACEMENT_3D('',#20945,#17225,#17226);
#13979=AXIS2_PLACEMENT_3D('',#20946,#17227,#17228);
#13980=AXIS2_PLACEMENT_3D('',#20952,#17232,#17233);
#13981=AXIS2_PLACEMENT_3D('',#20956,#17236,#17237);
#13982=AXIS2_PLACEMENT_3D('',#20960,#17240,#17241);
#13983=AXIS2_PLACEMENT_3D('',#20962,#17243,#17244);
#13984=AXIS2_PLACEMENT_3D('',#20963,#17245,#17246);
#13985=DIRECTION('',(0.,0.,1.));
#13986=DIRECTION('',(1.,0.,0.));
#13987=DIRECTION('',(0.,1.,0.));
#13988=DIRECTION('',(0.,0.,1.));
#13989=DIRECTION('',(0.,0.,-1.));
#13990=DIRECTION('',(-1.,0.,0.));
#13991=DIRECTION('',(0.,0.,-1.));
#13992=DIRECTION('',(1.,0.,0.));
#13993=DIRECTION('',(0.,1.,0.));
#13994=DIRECTION('',(0.,0.,1.));
#13995=DIRECTION('',(0.,0.,-1.));
#13996=DIRECTION('',(1.,0.,0.));
#13997=DIRECTION('',(0.,0.,-1.));
#13998=DIRECTION('',(-1.,0.,0.));
#13999=DIRECTION('',(0.,1.,0.));
#14000=DIRECTION('',(0.,0.,1.));
#14001=DIRECTION('',(0.,0.,-1.));
#14002=DIRECTION('',(1.,0.,0.));
#14003=DIRECTION('',(0.,0.,-1.));
#14004=DIRECTION('',(-1.,0.,0.));
#14005=DIRECTION('',(0.,1.,0.));
#14006=DIRECTION('',(0.,0.,1.));
#14007=DIRECTION('',(0.,0.,-1.));
#14008=DIRECTION('',(1.,0.,0.));
#14009=DIRECTION('',(0.,0.,-1.));
#14010=DIRECTION('',(-1.,0.,0.));
#14011=DIRECTION('',(0.,1.,0.));
#14012=DIRECTION('',(0.,0.,1.));
#14013=DIRECTION('',(0.,0.,-1.));
#14014=DIRECTION('',(1.,0.,0.));
#14015=DIRECTION('',(0.,0.,-1.));
#14016=DIRECTION('',(-1.,0.,0.));
#14017=DIRECTION('',(0.,1.,0.));
#14018=DIRECTION('',(0.,0.,1.));
#14019=DIRECTION('',(0.,0.,-1.));
#14020=DIRECTION('',(1.,0.,0.));
#14021=DIRECTION('',(0.,0.,-1.));
#14022=DIRECTION('',(-1.,0.,0.));
#14023=DIRECTION('',(0.,1.,0.));
#14024=DIRECTION('',(0.,0.,1.));
#14025=DIRECTION('',(0.,0.,-1.));
#14026=DIRECTION('',(1.,0.,0.));
#14027=DIRECTION('',(0.,0.,-1.));
#14028=DIRECTION('',(-1.,0.,0.));
#14029=DIRECTION('',(0.,1.,0.));
#14030=DIRECTION('',(0.,0.,1.));
#14031=DIRECTION('',(0.,0.,-1.));
#14032=DIRECTION('',(1.,0.,0.));
#14033=DIRECTION('',(0.,0.,-1.));
#14034=DIRECTION('',(-1.,0.,0.));
#14035=DIRECTION('',(0.,1.,0.));
#14036=DIRECTION('',(0.,0.,1.));
#14037=DIRECTION('',(0.,0.,-1.));
#14038=DIRECTION('',(1.,0.,0.));
#14039=DIRECTION('',(0.,0.,1.));
#14040=DIRECTION('',(-1.,0.,0.));
#14041=DIRECTION('',(0.,1.,0.));
#14042=DIRECTION('',(0.,0.,1.));
#14043=DIRECTION('',(0.,0.,-1.));
#14044=DIRECTION('',(-1.,0.,0.));
#14045=DIRECTION('',(0.,0.,-1.));
#14046=DIRECTION('',(-1.,0.,0.));
#14047=DIRECTION('',(0.,1.,0.));
#14048=DIRECTION('',(0.,0.,1.));
#14049=DIRECTION('',(0.,0.,-1.));
#14050=DIRECTION('',(-1.,0.,0.));
#14051=DIRECTION('',(0.,0.,-1.));
#14052=DIRECTION('',(-1.,0.,0.));
#14053=DIRECTION('',(0.,1.,0.));
#14054=DIRECTION('',(0.,0.,1.));
#14055=DIRECTION('',(0.,0.,-1.));
#14056=DIRECTION('',(-1.,0.,0.));
#14057=DIRECTION('',(0.,0.,-1.));
#14058=DIRECTION('',(-1.,0.,0.));
#14059=DIRECTION('',(0.,1.,0.));
#14060=DIRECTION('',(0.,0.,1.));
#14061=DIRECTION('',(0.,0.,-1.));
#14062=DIRECTION('',(-1.,0.,0.));
#14063=DIRECTION('',(0.,0.,-1.));
#14064=DIRECTION('',(-1.,0.,0.));
#14065=DIRECTION('',(0.,1.,0.));
#14066=DIRECTION('',(0.,0.,1.));
#14067=DIRECTION('',(0.,0.,-1.));
#14068=DIRECTION('',(-1.,0.,0.));
#14069=DIRECTION('',(0.,0.,-1.));
#14070=DIRECTION('',(-1.,0.,0.));
#14071=DIRECTION('',(0.,1.,0.));
#14072=DIRECTION('',(0.,0.,1.));
#14073=DIRECTION('',(0.,0.,-1.));
#14074=DIRECTION('',(-1.,0.,0.));
#14075=DIRECTION('',(0.,0.,-1.));
#14076=DIRECTION('',(-1.,0.,0.));
#14077=DIRECTION('',(0.,1.,0.));
#14078=DIRECTION('',(0.,0.,1.));
#14079=DIRECTION('',(0.,0.,-1.));
#14080=DIRECTION('',(-1.,0.,0.));
#14081=DIRECTION('',(0.,0.,-1.));
#14082=DIRECTION('',(-1.,0.,0.));
#14083=DIRECTION('',(0.,1.,0.));
#14084=DIRECTION('',(0.,0.,1.));
#14085=DIRECTION('',(0.,0.,-1.));
#14086=DIRECTION('',(-1.,0.,0.));
#14087=DIRECTION('',(0.,0.,-1.));
#14088=DIRECTION('',(-1.,0.,0.));
#14089=DIRECTION('',(0.,1.,0.));
#14090=DIRECTION('',(0.,0.,1.));
#14091=DIRECTION('',(-1.,0.,0.));
#14092=DIRECTION('',(0.,0.,1.));
#14093=DIRECTION('',(-1.,0.,0.));
#14094=DIRECTION('',(0.,0.,-1.));
#14095=DIRECTION('',(0.,0.,1.));
#14096=DIRECTION('',(1.,0.,0.));
#14097=DIRECTION('',(0.,1.,0.));
#14098=DIRECTION('',(-1.,0.,0.));
#14099=DIRECTION('',(0.,-1.,0.));
#14100=DIRECTION('',(0.,1.,0.));
#14101=DIRECTION('',(-1.,0.,0.));
#14102=DIRECTION('',(0.,-1.,0.));
#14103=DIRECTION('',(0.,1.,0.));
#14104=DIRECTION('',(-1.,0.,0.));
#14105=DIRECTION('',(0.,-1.,0.));
#14106=DIRECTION('',(0.,1.,0.));
#14107=DIRECTION('',(-1.,0.,0.));
#14108=DIRECTION('',(0.,-1.,0.));
#14109=DIRECTION('',(0.,1.,0.));
#14110=DIRECTION('',(-1.,0.,0.));
#14111=DIRECTION('',(0.,-1.,0.));
#14112=DIRECTION('',(0.,1.,0.));
#14113=DIRECTION('',(-1.,0.,0.));
#14114=DIRECTION('',(0.,-1.,0.));
#14115=DIRECTION('',(0.,1.,0.));
#14116=DIRECTION('',(-1.,0.,0.));
#14117=DIRECTION('',(0.,-1.,0.));
#14118=DIRECTION('',(0.,1.,0.));
#14119=DIRECTION('',(-1.,0.,0.));
#14120=DIRECTION('',(0.,-1.,0.));
#14121=DIRECTION('',(0.,-1.,0.));
#14122=DIRECTION('',(-1.,0.,0.));
#14123=DIRECTION('',(0.,-1.,0.));
#14124=DIRECTION('',(0.,0.,-1.));
#14125=DIRECTION('',(-1.,0.,0.));
#14126=DIRECTION('',(0.,1.,0.));
#14127=DIRECTION('',(0.,-1.,0.));
#14128=DIRECTION('',(1.,0.,0.));
#14129=DIRECTION('',(0.,-1.,0.));
#14130=DIRECTION('',(0.,-1.,0.));
#14131=DIRECTION('',(-1.,0.,0.));
#14132=DIRECTION('',(0.,1.,0.));
#14133=DIRECTION('',(0.,-1.,0.));
#14134=DIRECTION('',(-1.,0.,0.));
#14135=DIRECTION('',(0.,1.,0.));
#14136=DIRECTION('',(0.,-1.,0.));
#14137=DIRECTION('',(-1.,0.,0.));
#14138=DIRECTION('',(0.,1.,0.));
#14139=DIRECTION('',(0.,-1.,0.));
#14140=DIRECTION('',(-1.,0.,0.));
#14141=DIRECTION('',(0.,1.,0.));
#14142=DIRECTION('',(0.,-1.,0.));
#14143=DIRECTION('',(-1.,0.,0.));
#14144=DIRECTION('',(0.,1.,0.));
#14145=DIRECTION('',(0.,-1.,0.));
#14146=DIRECTION('',(-1.,0.,0.));
#14147=DIRECTION('',(0.,1.,0.));
#14148=DIRECTION('',(0.,-1.,0.));
#14149=DIRECTION('',(-1.,0.,0.));
#14150=DIRECTION('',(0.,1.,0.));
#14151=DIRECTION('',(0.,-1.,0.));
#14152=DIRECTION('',(-1.,0.,0.));
#14153=DIRECTION('',(0.,0.,-1.));
#14154=DIRECTION('',(-1.,0.,0.));
#14155=DIRECTION('',(0.,1.,0.));
#14156=DIRECTION('',(-1.,0.,0.));
#14157=DIRECTION('',(0.,-1.,0.));
#14158=DIRECTION('',(0.,0.,-1.));
#14159=DIRECTION('',(-1.,0.,0.));
#14160=DIRECTION('',(-1.,0.,0.));
#14161=DIRECTION('',(0.,-1.,0.));
#14162=DIRECTION('',(0.,1.,0.));
#14163=DIRECTION('',(0.,0.,-1.));
#14164=DIRECTION('',(-1.,0.,0.));
#14165=DIRECTION('',(-1.,0.,0.));
#14166=DIRECTION('',(0.,-1.,0.));
#14167=DIRECTION('',(0.,1.,0.));
#14168=DIRECTION('',(0.,0.,-1.));
#14169=DIRECTION('',(-1.,0.,0.));
#14170=DIRECTION('',(-1.,0.,0.));
#14171=DIRECTION('',(0.,-1.,0.));
#14172=DIRECTION('',(0.,1.,0.));
#14173=DIRECTION('',(0.,0.,-1.));
#14174=DIRECTION('',(-1.,0.,0.));
#14175=DIRECTION('',(-1.,0.,0.));
#14176=DIRECTION('',(0.,-1.,0.));
#14177=DIRECTION('',(0.,1.,0.));
#14178=DIRECTION('',(0.,0.,-1.));
#14179=DIRECTION('',(-1.,0.,0.));
#14180=DIRECTION('',(-1.,0.,0.));
#14181=DIRECTION('',(0.,-1.,0.));
#14182=DIRECTION('',(0.,1.,0.));
#14183=DIRECTION('',(0.,0.,-1.));
#14184=DIRECTION('',(-1.,0.,0.));
#14185=DIRECTION('',(-1.,0.,0.));
#14186=DIRECTION('',(0.,-1.,0.));
#14187=DIRECTION('',(0.,1.,0.));
#14188=DIRECTION('',(0.,0.,-1.));
#14189=DIRECTION('',(-1.,0.,0.));
#14190=DIRECTION('',(-1.,0.,0.));
#14191=DIRECTION('',(0.,-1.,0.));
#14192=DIRECTION('',(0.,1.,0.));
#14193=DIRECTION('',(0.,0.,-1.));
#14194=DIRECTION('',(-1.,0.,0.));
#14195=DIRECTION('',(-1.,0.,0.));
#14196=DIRECTION('',(0.,-1.,0.));
#14197=DIRECTION('',(0.,-1.,0.));
#14198=DIRECTION('',(0.,0.,1.));
#14199=DIRECTION('',(1.,0.,0.));
#14200=DIRECTION('',(-1.,0.,0.));
#14201=DIRECTION('',(0.,-1.,0.));
#14202=DIRECTION('',(0.,1.,0.));
#14203=DIRECTION('',(0.,0.,1.));
#14204=DIRECTION('',(1.,0.,0.));
#14205=DIRECTION('',(0.,1.,0.));
#14206=DIRECTION('',(-1.,0.,0.));
#14207=DIRECTION('',(0.,-1.,0.));
#14208=DIRECTION('',(0.,0.,1.));
#14209=DIRECTION('',(1.,0.,0.));
#14210=DIRECTION('',(0.,1.,0.));
#14211=DIRECTION('',(-1.,0.,0.));
#14212=DIRECTION('',(0.,-1.,0.));
#14213=DIRECTION('',(0.,0.,1.));
#14214=DIRECTION('',(1.,0.,0.));
#14215=DIRECTION('',(0.,1.,0.));
#14216=DIRECTION('',(-1.,0.,0.));
#14217=DIRECTION('',(0.,-1.,0.));
#14218=DIRECTION('',(0.,0.,1.));
#14219=DIRECTION('',(1.,0.,0.));
#14220=DIRECTION('',(0.,1.,0.));
#14221=DIRECTION('',(-1.,0.,0.));
#14222=DIRECTION('',(0.,-1.,0.));
#14223=DIRECTION('',(0.,0.,1.));
#14224=DIRECTION('',(1.,0.,0.));
#14225=DIRECTION('',(0.,1.,0.));
#14226=DIRECTION('',(-1.,0.,0.));
#14227=DIRECTION('',(0.,-1.,0.));
#14228=DIRECTION('',(0.,0.,1.));
#14229=DIRECTION('',(1.,0.,0.));
#14230=DIRECTION('',(0.,1.,0.));
#14231=DIRECTION('',(-1.,0.,0.));
#14232=DIRECTION('',(0.,-1.,0.));
#14233=DIRECTION('',(0.,0.,1.));
#14234=DIRECTION('',(1.,0.,0.));
#14235=DIRECTION('',(0.,1.,0.));
#14236=DIRECTION('',(-1.,0.,0.));
#14237=DIRECTION('',(0.,-1.,0.));
#14238=DIRECTION('',(0.,0.,1.));
#14239=DIRECTION('',(1.,0.,0.));
#14240=DIRECTION('',(0.,1.,0.));
#14241=DIRECTION('',(-1.,0.,0.));
#14242=DIRECTION('',(0.,1.,0.));
#14243=DIRECTION('',(1.,0.,0.));
#14244=DIRECTION('',(0.,0.,-1.));
#14245=DIRECTION('',(0.,0.,1.));
#14246=DIRECTION('',(0.,0.,1.));
#14247=DIRECTION('',(-1.,0.,0.));
#14248=DIRECTION('',(0.,0.,1.));
#14249=DIRECTION('',(0.,0.,1.));
#14250=DIRECTION('',(0.,0.,-1.));
#14251=DIRECTION('',(0.,0.,1.));
#14252=DIRECTION('',(1.,0.,0.));
#14253=DIRECTION('',(-1.,0.,0.));
#14254=DIRECTION('',(0.,-1.,0.));
#14255=DIRECTION('',(-1.,0.,0.));
#14256=DIRECTION('',(0.,-1.,0.));
#14257=DIRECTION('',(-1.,0.,0.));
#14258=DIRECTION('',(0.,0.,1.));
#14259=DIRECTION('',(0.,0.,-1.));
#14260=DIRECTION('',(0.,-1.,0.));
#14261=DIRECTION('',(0.,0.,-1.));
#14262=DIRECTION('',(0.,0.,-1.));
#14263=DIRECTION('',(-1.,0.,0.));
#14264=DIRECTION('',(1.,0.,0.));
#14265=DIRECTION('',(0.,-1.,0.));
#14266=DIRECTION('',(1.,0.,0.));
#14267=DIRECTION('',(0.,0.,1.));
#14268=DIRECTION('',(1.,0.,0.));
#14269=DIRECTION('',(-1.,0.,0.));
#14270=DIRECTION('',(0.,-1.,0.));
#14271=DIRECTION('',(-1.,0.,0.));
#14272=DIRECTION('',(0.,-1.,0.));
#14273=DIRECTION('',(-1.,0.,0.));
#14274=DIRECTION('',(0.,0.,1.));
#14275=DIRECTION('',(0.,0.,-1.));
#14276=DIRECTION('',(0.,-1.,0.));
#14277=DIRECTION('',(0.,0.,-1.));
#14278=DIRECTION('',(0.,0.,-1.));
#14279=DIRECTION('',(-1.,0.,0.));
#14280=DIRECTION('',(1.,0.,0.));
#14281=DIRECTION('',(0.,-1.,0.));
#14282=DIRECTION('',(1.,0.,0.));
#14283=DIRECTION('',(0.,0.,1.));
#14284=DIRECTION('',(1.,0.,0.));
#14285=DIRECTION('',(-1.,0.,0.));
#14286=DIRECTION('',(0.,-1.,0.));
#14287=DIRECTION('',(-1.,0.,0.));
#14288=DIRECTION('',(0.,-1.,0.));
#14289=DIRECTION('',(-1.,0.,0.));
#14290=DIRECTION('',(0.,0.,1.));
#14291=DIRECTION('',(0.,0.,-1.));
#14292=DIRECTION('',(0.,-1.,0.));
#14293=DIRECTION('',(0.,0.,-1.));
#14294=DIRECTION('',(0.,0.,-1.));
#14295=DIRECTION('',(-1.,0.,0.));
#14296=DIRECTION('',(1.,0.,0.));
#14297=DIRECTION('',(0.,-1.,0.));
#14298=DIRECTION('',(1.,0.,0.));
#14299=DIRECTION('',(0.,0.,1.));
#14300=DIRECTION('',(1.,0.,0.));
#14301=DIRECTION('',(-1.,0.,0.));
#14302=DIRECTION('',(0.,-1.,0.));
#14303=DIRECTION('',(-1.,0.,0.));
#14304=DIRECTION('',(0.,-1.,0.));
#14305=DIRECTION('',(-1.,0.,0.));
#14306=DIRECTION('',(0.,0.,1.));
#14307=DIRECTION('',(0.,0.,-1.));
#14308=DIRECTION('',(0.,-1.,0.));
#14309=DIRECTION('',(0.,0.,-1.));
#14310=DIRECTION('',(0.,0.,-1.));
#14311=DIRECTION('',(-1.,0.,0.));
#14312=DIRECTION('',(1.,0.,0.));
#14313=DIRECTION('',(0.,-1.,0.));
#14314=DIRECTION('',(1.,0.,0.));
#14315=DIRECTION('',(0.,0.,1.));
#14316=DIRECTION('',(1.,0.,0.));
#14317=DIRECTION('',(-1.,0.,0.));
#14318=DIRECTION('',(0.,-1.,0.));
#14319=DIRECTION('',(-1.,0.,0.));
#14320=DIRECTION('',(0.,-1.,0.));
#14321=DIRECTION('',(-1.,0.,0.));
#14322=DIRECTION('',(0.,0.,1.));
#14323=DIRECTION('',(0.,0.,-1.));
#14324=DIRECTION('',(0.,-1.,0.));
#14325=DIRECTION('',(0.,0.,-1.));
#14326=DIRECTION('',(0.,0.,-1.));
#14327=DIRECTION('',(-1.,0.,0.));
#14328=DIRECTION('',(1.,0.,0.));
#14329=DIRECTION('',(0.,-1.,0.));
#14330=DIRECTION('',(1.,0.,0.));
#14331=DIRECTION('',(0.,0.,1.));
#14332=DIRECTION('',(1.,0.,0.));
#14333=DIRECTION('',(-1.,0.,0.));
#14334=DIRECTION('',(0.,-1.,0.));
#14335=DIRECTION('',(-1.,0.,0.));
#14336=DIRECTION('',(0.,-1.,0.));
#14337=DIRECTION('',(-1.,0.,0.));
#14338=DIRECTION('',(0.,0.,1.));
#14339=DIRECTION('',(0.,0.,-1.));
#14340=DIRECTION('',(0.,-1.,0.));
#14341=DIRECTION('',(0.,0.,-1.));
#14342=DIRECTION('',(0.,0.,-1.));
#14343=DIRECTION('',(-1.,0.,0.));
#14344=DIRECTION('',(1.,0.,0.));
#14345=DIRECTION('',(0.,-1.,0.));
#14346=DIRECTION('',(1.,0.,0.));
#14347=DIRECTION('',(0.,0.,1.));
#14348=DIRECTION('',(1.,0.,0.));
#14349=DIRECTION('',(-1.,0.,0.));
#14350=DIRECTION('',(0.,-1.,0.));
#14351=DIRECTION('',(-1.,0.,0.));
#14352=DIRECTION('',(0.,-1.,0.));
#14353=DIRECTION('',(-1.,0.,0.));
#14354=DIRECTION('',(0.,0.,1.));
#14355=DIRECTION('',(0.,0.,-1.));
#14356=DIRECTION('',(0.,-1.,0.));
#14357=DIRECTION('',(0.,0.,-1.));
#14358=DIRECTION('',(0.,0.,-1.));
#14359=DIRECTION('',(-1.,0.,0.));
#14360=DIRECTION('',(1.,0.,0.));
#14361=DIRECTION('',(0.,-1.,0.));
#14362=DIRECTION('',(1.,0.,0.));
#14363=DIRECTION('',(0.,0.,1.));
#14364=DIRECTION('',(1.,0.,0.));
#14365=DIRECTION('',(-1.,0.,0.));
#14366=DIRECTION('',(0.,-1.,0.));
#14367=DIRECTION('',(-1.,0.,0.));
#14368=DIRECTION('',(0.,-1.,0.));
#14369=DIRECTION('',(-1.,0.,0.));
#14370=DIRECTION('',(0.,0.,1.));
#14371=DIRECTION('',(0.,0.,-1.));
#14372=DIRECTION('',(0.,-1.,0.));
#14373=DIRECTION('',(0.,0.,-1.));
#14374=DIRECTION('',(0.,0.,-1.));
#14375=DIRECTION('',(-1.,0.,0.));
#14376=DIRECTION('',(1.,0.,0.));
#14377=DIRECTION('',(0.,-1.,0.));
#14378=DIRECTION('',(1.,0.,0.));
#14379=DIRECTION('',(0.,0.,1.));
#14380=DIRECTION('',(1.,0.,0.));
#14381=DIRECTION('',(-1.,0.,0.));
#14382=DIRECTION('',(0.,-1.,0.));
#14383=DIRECTION('',(-1.,0.,0.));
#14384=DIRECTION('',(0.,-1.,0.));
#14385=DIRECTION('',(-1.,0.,0.));
#14386=DIRECTION('',(0.,0.,1.));
#14387=DIRECTION('',(0.,0.,-1.));
#14388=DIRECTION('',(0.,-1.,0.));
#14389=DIRECTION('',(0.,0.,-1.));
#14390=DIRECTION('',(0.,0.,-1.));
#14391=DIRECTION('',(-1.,0.,0.));
#14392=DIRECTION('',(1.,0.,0.));
#14393=DIRECTION('',(0.,-1.,0.));
#14394=DIRECTION('',(1.,0.,0.));
#14395=DIRECTION('',(0.,0.,1.));
#14396=DIRECTION('',(1.,0.,0.));
#14397=DIRECTION('',(-1.,0.,0.));
#14398=DIRECTION('',(0.,-1.,0.));
#14399=DIRECTION('',(-1.,0.,0.));
#14400=DIRECTION('',(0.,-1.,0.));
#14401=DIRECTION('',(-1.,0.,0.));
#14402=DIRECTION('',(0.,0.,1.));
#14403=DIRECTION('',(0.,0.,-1.));
#14404=DIRECTION('',(0.,-1.,0.));
#14405=DIRECTION('',(0.,0.,-1.));
#14406=DIRECTION('',(0.,0.,-1.));
#14407=DIRECTION('',(-1.,0.,0.));
#14408=DIRECTION('',(1.,0.,0.));
#14409=DIRECTION('',(0.,-1.,0.));
#14410=DIRECTION('',(1.,0.,0.));
#14411=DIRECTION('',(0.,0.,1.));
#14412=DIRECTION('',(1.,0.,0.));
#14413=DIRECTION('',(-1.,0.,0.));
#14414=DIRECTION('',(0.,-1.,0.));
#14415=DIRECTION('',(-1.,0.,0.));
#14416=DIRECTION('',(0.,-1.,0.));
#14417=DIRECTION('',(-1.,0.,0.));
#14418=DIRECTION('',(0.,0.,1.));
#14419=DIRECTION('',(0.,0.,-1.));
#14420=DIRECTION('',(0.,-1.,0.));
#14421=DIRECTION('',(0.,0.,-1.));
#14422=DIRECTION('',(0.,0.,-1.));
#14423=DIRECTION('',(-1.,0.,0.));
#14424=DIRECTION('',(1.,0.,0.));
#14425=DIRECTION('',(0.,-1.,0.));
#14426=DIRECTION('',(1.,0.,0.));
#14427=DIRECTION('',(0.,0.,1.));
#14428=DIRECTION('',(1.,0.,0.));
#14429=DIRECTION('',(-1.,0.,0.));
#14430=DIRECTION('',(0.,-1.,0.));
#14431=DIRECTION('',(-1.,0.,0.));
#14432=DIRECTION('',(0.,-1.,0.));
#14433=DIRECTION('',(-1.,0.,0.));
#14434=DIRECTION('',(0.,0.,1.));
#14435=DIRECTION('',(0.,0.,-1.));
#14436=DIRECTION('',(0.,-1.,0.));
#14437=DIRECTION('',(0.,0.,-1.));
#14438=DIRECTION('',(0.,0.,-1.));
#14439=DIRECTION('',(-1.,0.,0.));
#14440=DIRECTION('',(1.,0.,0.));
#14441=DIRECTION('',(0.,-1.,0.));
#14442=DIRECTION('',(1.,0.,0.));
#14443=DIRECTION('',(0.,0.,1.));
#14444=DIRECTION('',(1.,0.,0.));
#14445=DIRECTION('',(-1.,0.,0.));
#14446=DIRECTION('',(0.,-1.,0.));
#14447=DIRECTION('',(-1.,0.,0.));
#14448=DIRECTION('',(0.,-1.,0.));
#14449=DIRECTION('',(-1.,0.,0.));
#14450=DIRECTION('',(0.,0.,1.));
#14451=DIRECTION('',(0.,0.,-1.));
#14452=DIRECTION('',(0.,-1.,0.));
#14453=DIRECTION('',(0.,0.,-1.));
#14454=DIRECTION('',(0.,0.,-1.));
#14455=DIRECTION('',(-1.,0.,0.));
#14456=DIRECTION('',(1.,0.,0.));
#14457=DIRECTION('',(0.,-1.,0.));
#14458=DIRECTION('',(1.,0.,0.));
#14459=DIRECTION('',(0.,0.,1.));
#14460=DIRECTION('',(1.,0.,0.));
#14461=DIRECTION('',(-1.,0.,0.));
#14462=DIRECTION('',(0.,-1.,0.));
#14463=DIRECTION('',(-1.,0.,0.));
#14464=DIRECTION('',(0.,-1.,0.));
#14465=DIRECTION('',(-1.,0.,0.));
#14466=DIRECTION('',(0.,0.,1.));
#14467=DIRECTION('',(0.,0.,-1.));
#14468=DIRECTION('',(0.,-1.,0.));
#14469=DIRECTION('',(0.,0.,-1.));
#14470=DIRECTION('',(0.,0.,-1.));
#14471=DIRECTION('',(-1.,0.,0.));
#14472=DIRECTION('',(1.,0.,0.));
#14473=DIRECTION('',(0.,-1.,0.));
#14474=DIRECTION('',(1.,0.,0.));
#14475=DIRECTION('',(0.,0.,1.));
#14476=DIRECTION('',(1.,0.,0.));
#14477=DIRECTION('',(-1.,0.,0.));
#14478=DIRECTION('',(0.,-1.,0.));
#14479=DIRECTION('',(-1.,0.,0.));
#14480=DIRECTION('',(0.,-1.,0.));
#14481=DIRECTION('',(-1.,0.,0.));
#14482=DIRECTION('',(0.,0.,1.));
#14483=DIRECTION('',(0.,0.,-1.));
#14484=DIRECTION('',(0.,-1.,0.));
#14485=DIRECTION('',(0.,0.,-1.));
#14486=DIRECTION('',(0.,0.,-1.));
#14487=DIRECTION('',(-1.,0.,0.));
#14488=DIRECTION('',(1.,0.,0.));
#14489=DIRECTION('',(0.,-1.,0.));
#14490=DIRECTION('',(1.,0.,0.));
#14491=DIRECTION('',(0.,0.,1.));
#14492=DIRECTION('',(1.,0.,0.));
#14493=DIRECTION('',(-1.,0.,0.));
#14494=DIRECTION('',(0.,-1.,0.));
#14495=DIRECTION('',(-1.,0.,0.));
#14496=DIRECTION('',(0.,-1.,0.));
#14497=DIRECTION('',(-1.,0.,0.));
#14498=DIRECTION('',(0.,0.,1.));
#14499=DIRECTION('',(0.,0.,-1.));
#14500=DIRECTION('',(0.,-1.,0.));
#14501=DIRECTION('',(0.,0.,-1.));
#14502=DIRECTION('',(0.,0.,-1.));
#14503=DIRECTION('',(-1.,0.,0.));
#14504=DIRECTION('',(1.,0.,0.));
#14505=DIRECTION('',(0.,-1.,0.));
#14506=DIRECTION('',(1.,0.,0.));
#14507=DIRECTION('',(1.,0.,0.));
#14508=DIRECTION('',(0.,0.,-1.));
#14509=DIRECTION('',(0.,0.,1.));
#14510=DIRECTION('',(0.,0.,1.));
#14511=DIRECTION('',(1.,0.,0.));
#14512=DIRECTION('',(0.,0.,-1.));
#14513=DIRECTION('',(0.,0.,1.));
#14514=DIRECTION('',(0.,0.,1.));
#14515=DIRECTION('',(1.,0.,0.));
#14516=DIRECTION('',(0.,0.,-1.));
#14517=DIRECTION('',(0.,0.,1.));
#14518=DIRECTION('',(0.,0.,1.));
#14519=DIRECTION('',(1.,0.,0.));
#14520=DIRECTION('',(0.,0.,-1.));
#14521=DIRECTION('',(0.,0.,1.));
#14522=DIRECTION('',(0.,0.,1.));
#14523=DIRECTION('',(1.,0.,0.));
#14524=DIRECTION('',(0.,0.,-1.));
#14525=DIRECTION('',(0.,0.,1.));
#14526=DIRECTION('',(0.,0.,1.));
#14527=DIRECTION('',(1.,0.,0.));
#14528=DIRECTION('',(0.,0.,-1.));
#14529=DIRECTION('',(0.,0.,1.));
#14530=DIRECTION('',(0.,0.,1.));
#14531=DIRECTION('',(1.,0.,0.));
#14532=DIRECTION('',(0.,0.,-1.));
#14533=DIRECTION('',(0.,0.,1.));
#14534=DIRECTION('',(0.,0.,1.));
#14535=DIRECTION('',(1.,0.,0.));
#14536=DIRECTION('',(0.,0.,-1.));
#14537=DIRECTION('',(0.,0.,1.));
#14538=DIRECTION('',(0.,0.,1.));
#14539=DIRECTION('',(1.,0.,0.));
#14540=DIRECTION('',(0.,0.,-1.));
#14541=DIRECTION('',(0.,0.,1.));
#14542=DIRECTION('',(0.,0.,1.));
#14543=DIRECTION('',(1.,0.,0.));
#14544=DIRECTION('',(0.,0.,-1.));
#14545=DIRECTION('',(0.,0.,1.));
#14546=DIRECTION('',(0.,0.,1.));
#14547=DIRECTION('',(1.,0.,0.));
#14548=DIRECTION('',(0.,0.,-1.));
#14549=DIRECTION('',(0.,0.,1.));
#14550=DIRECTION('',(0.,0.,1.));
#14551=DIRECTION('',(1.,0.,0.));
#14552=DIRECTION('',(0.,0.,-1.));
#14553=DIRECTION('',(0.,0.,1.));
#14554=DIRECTION('',(0.,0.,1.));
#14555=DIRECTION('',(1.,0.,0.));
#14556=DIRECTION('',(0.,0.,-1.));
#14557=DIRECTION('',(0.,0.,1.));
#14558=DIRECTION('',(0.,0.,1.));
#14559=DIRECTION('',(1.,0.,0.));
#14560=DIRECTION('',(0.,0.,-1.));
#14561=DIRECTION('',(0.,0.,1.));
#14562=DIRECTION('',(0.,0.,1.));
#14563=DIRECTION('',(1.,0.,0.));
#14564=DIRECTION('',(0.,0.,-1.));
#14565=DIRECTION('',(0.,0.,1.));
#14566=DIRECTION('',(0.,0.,1.));
#14567=DIRECTION('',(1.,0.,0.));
#14568=DIRECTION('',(0.,0.,-1.));
#14569=DIRECTION('',(0.,0.,1.));
#14570=DIRECTION('',(0.,0.,1.));
#14571=DIRECTION('',(0.,1.,0.));
#14572=DIRECTION('',(0.,0.,1.));
#14573=DIRECTION('',(0.,1.,0.));
#14574=DIRECTION('',(0.,0.,1.));
#14575=DIRECTION('',(0.,1.,0.));
#14576=DIRECTION('',(0.,0.,1.));
#14577=DIRECTION('',(0.,1.,0.));
#14578=DIRECTION('',(0.,0.,1.));
#14579=DIRECTION('',(0.,1.,0.));
#14580=DIRECTION('',(0.,0.,1.));
#14581=DIRECTION('',(0.,1.,0.));
#14582=DIRECTION('',(0.,0.,1.));
#14583=DIRECTION('',(0.,1.,0.));
#14584=DIRECTION('',(0.,0.,1.));
#14585=DIRECTION('',(0.,1.,0.));
#14586=DIRECTION('',(0.,0.,1.));
#14587=DIRECTION('',(0.,1.,0.));
#14588=DIRECTION('',(0.,0.,1.));
#14589=DIRECTION('',(0.,1.,0.));
#14590=DIRECTION('',(0.,0.,1.));
#14591=DIRECTION('',(0.,1.,0.));
#14592=DIRECTION('',(0.,0.,1.));
#14593=DIRECTION('',(0.,1.,0.));
#14594=DIRECTION('',(0.,0.,1.));
#14595=DIRECTION('',(0.,1.,0.));
#14596=DIRECTION('',(0.,0.,1.));
#14597=DIRECTION('',(0.,1.,0.));
#14598=DIRECTION('',(0.,0.,1.));
#14599=DIRECTION('',(0.,1.,0.));
#14600=DIRECTION('',(0.,0.,1.));
#14601=DIRECTION('',(0.,1.,0.));
#14602=DIRECTION('',(0.,0.,1.));
#14603=DIRECTION('',(0.,1.,0.));
#14604=DIRECTION('',(0.,0.,1.));
#14605=DIRECTION('',(0.,-1.,0.));
#14606=DIRECTION('',(0.,0.,-1.));
#14607=DIRECTION('',(0.,0.,-1.));
#14608=DIRECTION('',(0.,0.,-1.));
#14609=DIRECTION('',(0.,0.,-1.));
#14610=DIRECTION('',(0.,0.,-1.));
#14611=DIRECTION('',(0.,0.,-1.));
#14612=DIRECTION('',(0.,0.,-1.));
#14613=DIRECTION('',(0.,0.,-1.));
#14614=DIRECTION('',(0.,0.,-1.));
#14615=DIRECTION('',(0.,0.,-1.));
#14616=DIRECTION('',(0.,0.,-1.));
#14617=DIRECTION('',(0.,0.,-1.));
#14618=DIRECTION('',(0.,0.,-1.));
#14619=DIRECTION('',(0.,0.,-1.));
#14620=DIRECTION('',(0.,0.,-1.));
#14621=DIRECTION('',(0.,0.,-1.));
#14622=DIRECTION('',(0.,0.,-1.));
#14623=DIRECTION('',(0.,0.,-1.));
#14624=DIRECTION('',(0.,0.,-1.));
#14625=DIRECTION('',(0.,0.,-1.));
#14626=DIRECTION('',(0.,0.,-1.));
#14627=DIRECTION('',(0.,0.,-1.));
#14628=DIRECTION('',(0.,0.,-1.));
#14629=DIRECTION('',(0.,0.,-1.));
#14630=DIRECTION('',(0.,0.,-1.));
#14631=DIRECTION('',(0.,0.,-1.));
#14632=DIRECTION('',(0.,0.,-1.));
#14633=DIRECTION('',(0.,0.,-1.));
#14634=DIRECTION('',(0.,0.,-1.));
#14635=DIRECTION('',(0.,0.,-1.));
#14636=DIRECTION('',(0.,0.,-1.));
#14637=DIRECTION('',(0.,0.,-1.));
#14638=DIRECTION('',(0.,0.,-1.));
#14639=DIRECTION('',(1.,0.,0.));
#14640=DIRECTION('',(0.,0.,-1.));
#14641=DIRECTION('',(-1.,0.,0.));
#14642=DIRECTION('',(0.,0.,1.));
#14643=DIRECTION('',(1.,0.,0.));
#14644=DIRECTION('',(0.,0.,-1.));
#14645=DIRECTION('',(-1.,0.,0.));
#14646=DIRECTION('',(0.,0.,1.));
#14647=DIRECTION('',(1.,0.,0.));
#14648=DIRECTION('',(0.,0.,-1.));
#14649=DIRECTION('',(-1.,0.,0.));
#14650=DIRECTION('',(0.,0.,1.));
#14651=DIRECTION('',(1.,0.,0.));
#14652=DIRECTION('',(0.,0.,-1.));
#14653=DIRECTION('',(-1.,0.,0.));
#14654=DIRECTION('',(0.,0.,1.));
#14655=DIRECTION('',(1.,0.,0.));
#14656=DIRECTION('',(0.,0.,-1.));
#14657=DIRECTION('',(-1.,0.,0.));
#14658=DIRECTION('',(0.,0.,1.));
#14659=DIRECTION('',(1.,0.,0.));
#14660=DIRECTION('',(0.,0.,-1.));
#14661=DIRECTION('',(-1.,0.,0.));
#14662=DIRECTION('',(0.,0.,1.));
#14663=DIRECTION('',(1.,0.,0.));
#14664=DIRECTION('',(0.,0.,-1.));
#14665=DIRECTION('',(-1.,0.,0.));
#14666=DIRECTION('',(0.,0.,1.));
#14667=DIRECTION('',(1.,0.,0.));
#14668=DIRECTION('',(0.,0.,-1.));
#14669=DIRECTION('',(-1.,0.,0.));
#14670=DIRECTION('',(0.,0.,1.));
#14671=DIRECTION('',(1.,0.,0.));
#14672=DIRECTION('',(0.,0.,-1.));
#14673=DIRECTION('',(-1.,0.,0.));
#14674=DIRECTION('',(0.,0.,1.));
#14675=DIRECTION('',(1.,0.,0.));
#14676=DIRECTION('',(0.,0.,-1.));
#14677=DIRECTION('',(-1.,0.,0.));
#14678=DIRECTION('',(0.,0.,1.));
#14679=DIRECTION('',(1.,0.,0.));
#14680=DIRECTION('',(0.,0.,-1.));
#14681=DIRECTION('',(-1.,0.,0.));
#14682=DIRECTION('',(0.,0.,1.));
#14683=DIRECTION('',(1.,0.,0.));
#14684=DIRECTION('',(0.,0.,-1.));
#14685=DIRECTION('',(-1.,0.,0.));
#14686=DIRECTION('',(0.,0.,1.));
#14687=DIRECTION('',(1.,0.,0.));
#14688=DIRECTION('',(0.,0.,-1.));
#14689=DIRECTION('',(-1.,0.,0.));
#14690=DIRECTION('',(0.,0.,1.));
#14691=DIRECTION('',(1.,0.,0.));
#14692=DIRECTION('',(0.,0.,-1.));
#14693=DIRECTION('',(-1.,0.,0.));
#14694=DIRECTION('',(0.,0.,1.));
#14695=DIRECTION('',(1.,0.,0.));
#14696=DIRECTION('',(0.,0.,-1.));
#14697=DIRECTION('',(-1.,0.,0.));
#14698=DIRECTION('',(0.,0.,1.));
#14699=DIRECTION('',(-1.,0.,0.));
#14700=DIRECTION('',(0.,0.,1.));
#14701=DIRECTION('',(1.,0.,0.));
#14702=DIRECTION('',(0.,0.,-1.));
#14703=DIRECTION('',(0.,0.,1.));
#14704=DIRECTION('',(1.,0.,0.));
#14705=DIRECTION('',(0.,0.,1.));
#14706=DIRECTION('',(1.,0.,0.));
#14707=DIRECTION('',(-1.,0.,0.));
#14708=DIRECTION('',(0.,-1.,0.));
#14709=DIRECTION('',(-1.,0.,0.));
#14710=DIRECTION('',(0.,-1.,0.));
#14711=DIRECTION('',(1.,0.,0.));
#14712=DIRECTION('',(0.,0.,-1.));
#14713=DIRECTION('',(0.,-1.17018410943563E-16,1.));
#14714=DIRECTION('',(0.,0.,1.));
#14715=DIRECTION('',(0.,-1.,0.));
#14716=DIRECTION('',(0.,0.,-1.));
#14717=DIRECTION('',(-1.,0.,0.));
#14718=DIRECTION('',(1.,0.,0.));
#14719=DIRECTION('',(1.,0.,0.));
#14720=DIRECTION('',(0.,-1.,0.));
#14721=DIRECTION('',(-1.,0.,0.));
#14722=DIRECTION('',(0.,0.,1.));
#14723=DIRECTION('',(0.,1.17018410943563E-16,-1.));
#14724=DIRECTION('',(0.,0.,-1.));
#14725=DIRECTION('',(1.,0.,0.));
#14726=DIRECTION('',(0.,0.,-1.));
#14727=DIRECTION('',(0.,1.,0.));
#14728=DIRECTION('',(0.,0.,-1.));
#14729=DIRECTION('',(0.,1.,0.));
#14730=DIRECTION('',(0.,0.,-1.));
#14731=DIRECTION('',(1.,0.,0.));
#14732=DIRECTION('',(0.,0.,-1.));
#14733=DIRECTION('',(0.,1.,0.));
#14734=DIRECTION('',(0.,0.,-1.));
#14735=DIRECTION('',(0.,1.,0.));
#14736=DIRECTION('',(0.,0.,-1.));
#14737=DIRECTION('',(1.,0.,0.));
#14738=DIRECTION('',(0.,0.,-1.));
#14739=DIRECTION('',(0.,1.,0.));
#14740=DIRECTION('',(0.,0.,-1.));
#14741=DIRECTION('',(0.,1.,0.));
#14742=DIRECTION('',(0.,0.,-1.));
#14743=DIRECTION('',(1.,0.,0.));
#14744=DIRECTION('',(0.,0.,-1.));
#14745=DIRECTION('',(0.,1.,0.));
#14746=DIRECTION('',(0.,0.,-1.));
#14747=DIRECTION('',(0.,1.,0.));
#14748=DIRECTION('',(0.,0.,-1.));
#14749=DIRECTION('',(1.,0.,0.));
#14750=DIRECTION('',(0.,0.,-1.));
#14751=DIRECTION('',(0.,1.,0.));
#14752=DIRECTION('',(0.,0.,-1.));
#14753=DIRECTION('',(0.,1.,0.));
#14754=DIRECTION('',(0.,0.,-1.));
#14755=DIRECTION('',(1.,0.,0.));
#14756=DIRECTION('',(0.,0.,-1.));
#14757=DIRECTION('',(0.,1.,0.));
#14758=DIRECTION('',(0.,0.,-1.));
#14759=DIRECTION('',(0.,1.,0.));
#14760=DIRECTION('',(0.,0.,-1.));
#14761=DIRECTION('',(1.,0.,0.));
#14762=DIRECTION('',(0.,0.,-1.));
#14763=DIRECTION('',(0.,1.,0.));
#14764=DIRECTION('',(0.,0.,-1.));
#14765=DIRECTION('',(0.,1.,0.));
#14766=DIRECTION('',(0.,0.,-1.));
#14767=DIRECTION('',(1.,0.,0.));
#14768=DIRECTION('',(0.,0.,-1.));
#14769=DIRECTION('',(0.,1.,0.));
#14770=DIRECTION('',(0.,0.,-1.));
#14771=DIRECTION('',(0.,1.,0.));
#14772=DIRECTION('',(0.,0.,-1.));
#14773=DIRECTION('',(1.,0.,0.));
#14774=DIRECTION('',(0.,0.,-1.));
#14775=DIRECTION('',(0.,1.,0.));
#14776=DIRECTION('',(0.,0.,-1.));
#14777=DIRECTION('',(0.,1.,0.));
#14778=DIRECTION('',(0.,0.,-1.));
#14779=DIRECTION('',(1.,0.,0.));
#14780=DIRECTION('',(0.,0.,-1.));
#14781=DIRECTION('',(0.,1.,0.));
#14782=DIRECTION('',(0.,0.,-1.));
#14783=DIRECTION('',(0.,1.,0.));
#14784=DIRECTION('',(0.,0.,-1.));
#14785=DIRECTION('',(1.,0.,0.));
#14786=DIRECTION('',(0.,0.,-1.));
#14787=DIRECTION('',(0.,1.,0.));
#14788=DIRECTION('',(0.,0.,-1.));
#14789=DIRECTION('',(0.,1.,0.));
#14790=DIRECTION('',(0.,0.,-1.));
#14791=DIRECTION('',(1.,0.,0.));
#14792=DIRECTION('',(0.,0.,-1.));
#14793=DIRECTION('',(0.,1.,0.));
#14794=DIRECTION('',(0.,0.,-1.));
#14795=DIRECTION('',(0.,1.,0.));
#14796=DIRECTION('',(0.,0.,-1.));
#14797=DIRECTION('',(1.,0.,0.));
#14798=DIRECTION('',(0.,0.,-1.));
#14799=DIRECTION('',(0.,1.,0.));
#14800=DIRECTION('',(0.,0.,-1.));
#14801=DIRECTION('',(0.,1.,0.));
#14802=DIRECTION('',(0.,0.,-1.));
#14803=DIRECTION('',(1.,0.,0.));
#14804=DIRECTION('',(0.,0.,-1.));
#14805=DIRECTION('',(0.,1.,0.));
#14806=DIRECTION('',(0.,0.,-1.));
#14807=DIRECTION('',(0.,1.,0.));
#14808=DIRECTION('',(0.,0.,-1.));
#14809=DIRECTION('',(1.,0.,0.));
#14810=DIRECTION('',(0.,0.,-1.));
#14811=DIRECTION('',(0.,1.,0.));
#14812=DIRECTION('',(0.,0.,-1.));
#14813=DIRECTION('',(0.,1.,0.));
#14814=DIRECTION('',(0.,0.,-1.));
#14815=DIRECTION('',(1.,0.,0.));
#14816=DIRECTION('',(0.,0.,-1.));
#14817=DIRECTION('',(0.,1.,0.));
#14818=DIRECTION('',(0.,0.,-1.));
#14819=DIRECTION('',(0.,1.,0.));
#14820=DIRECTION('',(0.,0.,-1.));
#14821=DIRECTION('',(-1.,0.,0.));
#14822=DIRECTION('',(0.,0.,1.));
#14823=DIRECTION('',(0.,1.,0.));
#14824=DIRECTION('',(0.,0.,-1.));
#14825=DIRECTION('',(0.,1.,0.));
#14826=DIRECTION('',(0.,0.,1.));
#14827=DIRECTION('',(-1.,0.,0.));
#14828=DIRECTION('',(0.,0.,1.));
#14829=DIRECTION('',(0.,1.,0.));
#14830=DIRECTION('',(0.,0.,-1.));
#14831=DIRECTION('',(0.,1.,0.));
#14832=DIRECTION('',(0.,0.,1.));
#14833=DIRECTION('',(-1.,0.,0.));
#14834=DIRECTION('',(0.,0.,1.));
#14835=DIRECTION('',(0.,1.,0.));
#14836=DIRECTION('',(0.,0.,-1.));
#14837=DIRECTION('',(0.,1.,0.));
#14838=DIRECTION('',(0.,0.,1.));
#14839=DIRECTION('',(-1.,0.,0.));
#14840=DIRECTION('',(0.,0.,1.));
#14841=DIRECTION('',(0.,1.,0.));
#14842=DIRECTION('',(0.,0.,-1.));
#14843=DIRECTION('',(0.,1.,0.));
#14844=DIRECTION('',(0.,0.,1.));
#14845=DIRECTION('',(-1.,0.,0.));
#14846=DIRECTION('',(0.,0.,1.));
#14847=DIRECTION('',(0.,1.,0.));
#14848=DIRECTION('',(0.,0.,-1.));
#14849=DIRECTION('',(0.,1.,0.));
#14850=DIRECTION('',(0.,0.,1.));
#14851=DIRECTION('',(-1.,0.,0.));
#14852=DIRECTION('',(0.,0.,1.));
#14853=DIRECTION('',(0.,1.,0.));
#14854=DIRECTION('',(0.,0.,-1.));
#14855=DIRECTION('',(0.,1.,0.));
#14856=DIRECTION('',(0.,0.,1.));
#14857=DIRECTION('',(-1.,0.,0.));
#14858=DIRECTION('',(0.,0.,1.));
#14859=DIRECTION('',(0.,1.,0.));
#14860=DIRECTION('',(0.,0.,-1.));
#14861=DIRECTION('',(0.,1.,0.));
#14862=DIRECTION('',(0.,0.,1.));
#14863=DIRECTION('',(-1.,0.,0.));
#14864=DIRECTION('',(0.,0.,1.));
#14865=DIRECTION('',(0.,1.,0.));
#14866=DIRECTION('',(0.,0.,-1.));
#14867=DIRECTION('',(0.,1.,0.));
#14868=DIRECTION('',(0.,0.,1.));
#14869=DIRECTION('',(-1.,0.,0.));
#14870=DIRECTION('',(0.,0.,1.));
#14871=DIRECTION('',(0.,1.,0.));
#14872=DIRECTION('',(0.,0.,-1.));
#14873=DIRECTION('',(0.,1.,0.));
#14874=DIRECTION('',(0.,0.,1.));
#14875=DIRECTION('',(-1.,0.,0.));
#14876=DIRECTION('',(0.,0.,1.));
#14877=DIRECTION('',(0.,1.,0.));
#14878=DIRECTION('',(0.,0.,-1.));
#14879=DIRECTION('',(0.,1.,0.));
#14880=DIRECTION('',(0.,0.,1.));
#14881=DIRECTION('',(-1.,0.,0.));
#14882=DIRECTION('',(0.,0.,1.));
#14883=DIRECTION('',(0.,1.,0.));
#14884=DIRECTION('',(0.,0.,-1.));
#14885=DIRECTION('',(0.,1.,0.));
#14886=DIRECTION('',(0.,0.,1.));
#14887=DIRECTION('',(-1.,0.,0.));
#14888=DIRECTION('',(0.,0.,1.));
#14889=DIRECTION('',(0.,1.,0.));
#14890=DIRECTION('',(0.,0.,-1.));
#14891=DIRECTION('',(0.,1.,0.));
#14892=DIRECTION('',(0.,0.,1.));
#14893=DIRECTION('',(-1.,0.,0.));
#14894=DIRECTION('',(0.,0.,1.));
#14895=DIRECTION('',(0.,1.,0.));
#14896=DIRECTION('',(0.,0.,-1.));
#14897=DIRECTION('',(0.,1.,0.));
#14898=DIRECTION('',(0.,0.,1.));
#14899=DIRECTION('',(-1.,0.,0.));
#14900=DIRECTION('',(0.,0.,1.));
#14901=DIRECTION('',(0.,1.,0.));
#14902=DIRECTION('',(0.,0.,-1.));
#14903=DIRECTION('',(0.,1.,0.));
#14904=DIRECTION('',(0.,0.,1.));
#14905=DIRECTION('',(-1.,0.,0.));
#14906=DIRECTION('',(0.,0.,1.));
#14907=DIRECTION('',(0.,1.,0.));
#14908=DIRECTION('',(0.,0.,-1.));
#14909=DIRECTION('',(0.,1.,0.));
#14910=DIRECTION('',(0.,0.,1.));
#14911=DIRECTION('',(-1.,0.,0.));
#14912=DIRECTION('',(0.,0.,1.));
#14913=DIRECTION('',(0.,1.,0.));
#14914=DIRECTION('',(0.,0.,-1.));
#14915=DIRECTION('',(0.,1.,0.));
#14916=DIRECTION('',(0.,0.,1.));
#14917=DIRECTION('',(0.,1.,0.));
#14918=DIRECTION('',(0.,0.,1.));
#14919=DIRECTION('',(0.,0.,-1.));
#14920=DIRECTION('',(1.,0.,0.));
#14921=DIRECTION('',(0.,0.,1.));
#14922=DIRECTION('',(-1.,0.,0.));
#14923=DIRECTION('',(0.,1.,0.));
#14924=DIRECTION('',(0.,0.,1.));
#14925=DIRECTION('',(0.,0.,-1.));
#14926=DIRECTION('',(1.,0.,0.));
#14927=DIRECTION('',(0.,0.,1.));
#14928=DIRECTION('',(-1.,0.,0.));
#14929=DIRECTION('',(0.,1.,0.));
#14930=DIRECTION('',(0.,0.,1.));
#14931=DIRECTION('',(0.,0.,-1.));
#14932=DIRECTION('',(1.,0.,0.));
#14933=DIRECTION('',(0.,0.,1.));
#14934=DIRECTION('',(-1.,0.,0.));
#14935=DIRECTION('',(0.,1.,0.));
#14936=DIRECTION('',(0.,0.,1.));
#14937=DIRECTION('',(0.,0.,-1.));
#14938=DIRECTION('',(1.,0.,0.));
#14939=DIRECTION('',(0.,0.,1.));
#14940=DIRECTION('',(-1.,0.,0.));
#14941=DIRECTION('',(0.,1.,0.));
#14942=DIRECTION('',(0.,0.,1.));
#14943=DIRECTION('',(0.,0.,-1.));
#14944=DIRECTION('',(1.,0.,0.));
#14945=DIRECTION('',(0.,0.,1.));
#14946=DIRECTION('',(-1.,0.,0.));
#14947=DIRECTION('',(0.,1.,0.));
#14948=DIRECTION('',(0.,0.,1.));
#14949=DIRECTION('',(0.,0.,-1.));
#14950=DIRECTION('',(1.,0.,0.));
#14951=DIRECTION('',(0.,0.,1.));
#14952=DIRECTION('',(-1.,0.,0.));
#14953=DIRECTION('',(0.,1.,0.));
#14954=DIRECTION('',(0.,0.,1.));
#14955=DIRECTION('',(0.,0.,-1.));
#14956=DIRECTION('',(1.,0.,0.));
#14957=DIRECTION('',(0.,0.,1.));
#14958=DIRECTION('',(-1.,0.,0.));
#14959=DIRECTION('',(0.,1.,0.));
#14960=DIRECTION('',(0.,0.,1.));
#14961=DIRECTION('',(0.,0.,-1.));
#14962=DIRECTION('',(1.,0.,0.));
#14963=DIRECTION('',(0.,0.,1.));
#14964=DIRECTION('',(-1.,0.,0.));
#14965=DIRECTION('',(0.,1.,0.));
#14966=DIRECTION('',(0.,0.,1.));
#14967=DIRECTION('',(0.,0.,-1.));
#14968=DIRECTION('',(1.,0.,0.));
#14969=DIRECTION('',(0.,0.,1.));
#14970=DIRECTION('',(-1.,0.,0.));
#14971=DIRECTION('',(0.,1.,0.));
#14972=DIRECTION('',(0.,0.,1.));
#14973=DIRECTION('',(0.,0.,-1.));
#14974=DIRECTION('',(1.,0.,0.));
#14975=DIRECTION('',(0.,0.,1.));
#14976=DIRECTION('',(-1.,0.,0.));
#14977=DIRECTION('',(0.,1.,0.));
#14978=DIRECTION('',(0.,0.,1.));
#14979=DIRECTION('',(0.,0.,-1.));
#14980=DIRECTION('',(1.,0.,0.));
#14981=DIRECTION('',(0.,0.,1.));
#14982=DIRECTION('',(-1.,0.,0.));
#14983=DIRECTION('',(0.,1.,0.));
#14984=DIRECTION('',(0.,0.,1.));
#14985=DIRECTION('',(0.,0.,-1.));
#14986=DIRECTION('',(1.,0.,0.));
#14987=DIRECTION('',(0.,0.,1.));
#14988=DIRECTION('',(-1.,0.,0.));
#14989=DIRECTION('',(0.,1.,0.));
#14990=DIRECTION('',(0.,0.,1.));
#14991=DIRECTION('',(0.,0.,-1.));
#14992=DIRECTION('',(1.,0.,0.));
#14993=DIRECTION('',(0.,0.,1.));
#14994=DIRECTION('',(-1.,0.,0.));
#14995=DIRECTION('',(0.,1.,0.));
#14996=DIRECTION('',(0.,0.,1.));
#14997=DIRECTION('',(0.,0.,-1.));
#14998=DIRECTION('',(1.,0.,0.));
#14999=DIRECTION('',(0.,0.,1.));
#15000=DIRECTION('',(-1.,0.,0.));
#15001=DIRECTION('',(0.,1.,0.));
#15002=DIRECTION('',(0.,0.,1.));
#15003=DIRECTION('',(0.,0.,-1.));
#15004=DIRECTION('',(1.,0.,0.));
#15005=DIRECTION('',(0.,0.,1.));
#15006=DIRECTION('',(-1.,0.,0.));
#15007=DIRECTION('',(0.,1.,0.));
#15008=DIRECTION('',(0.,0.,1.));
#15009=DIRECTION('',(0.,0.,-1.));
#15010=DIRECTION('',(1.,0.,0.));
#15011=DIRECTION('',(0.,0.,1.));
#15012=DIRECTION('',(-1.,0.,0.));
#15013=DIRECTION('',(0.,-0.5,0.866025403784439));
#15014=DIRECTION('',(0.,-0.866025403784439,-0.5));
#15015=DIRECTION('',(0.447213595499958,0.774596669241483,0.447213595499958));
#15016=DIRECTION('',(-1.,0.,0.));
#15017=DIRECTION('',(0.447213595499958,-0.774596669241483,-0.447213595499958));
#15018=DIRECTION('',(0.,-0.5,-0.866025403784439));
#15019=DIRECTION('',(0.,0.866025403784439,-0.5));
#15020=DIRECTION('',(-1.,0.,0.));
#15021=DIRECTION('',(-0.447213595499958,-0.774596669241483,0.447213595499958));
#15022=DIRECTION('',(-0.447213595499958,0.774596669241483,-0.447213595499958));
#15023=DIRECTION('',(0.,-0.5,0.866025403784439));
#15024=DIRECTION('',(0.,-0.866025403784439,-0.5));
#15025=DIRECTION('',(0.44721359549996,0.774596669241483,0.447213595499957));
#15026=DIRECTION('',(-1.,0.,0.));
#15027=DIRECTION('',(0.447213595499958,-0.774596669241483,-0.447213595499958));
#15028=DIRECTION('',(0.,-0.5,-0.866025403784439));
#15029=DIRECTION('',(0.,0.866025403784439,-0.5));
#15030=DIRECTION('',(-1.,0.,0.));
#15031=DIRECTION('',(-0.44721359549996,-0.774596669241483,0.447213595499957));
#15032=DIRECTION('',(-0.447213595499958,0.774596669241483,-0.447213595499958));
#15033=DIRECTION('',(0.,-0.5,0.866025403784439));
#15034=DIRECTION('',(0.,-0.866025403784439,-0.5));
#15035=DIRECTION('',(0.44721359549996,0.774596669241483,0.447213595499957));
#15036=DIRECTION('',(-1.,0.,0.));
#15037=DIRECTION('',(0.447213595499958,-0.774596669241483,-0.447213595499958));
#15038=DIRECTION('',(0.,-0.5,-0.866025403784439));
#15039=DIRECTION('',(0.,0.866025403784439,-0.5));
#15040=DIRECTION('',(-1.,0.,0.));
#15041=DIRECTION('',(-0.44721359549996,-0.774596669241483,0.447213595499957));
#15042=DIRECTION('',(-0.447213595499958,0.774596669241483,-0.447213595499958));
#15043=DIRECTION('',(0.,-0.5,0.866025403784439));
#15044=DIRECTION('',(0.,-0.866025403784439,-0.5));
#15045=DIRECTION('',(0.447213595499958,0.774596669241483,0.447213595499958));
#15046=DIRECTION('',(-1.,0.,0.));
#15047=DIRECTION('',(0.447213595499959,-0.774596669241483,-0.447213595499957));
#15048=DIRECTION('',(0.,-0.5,-0.866025403784439));
#15049=DIRECTION('',(0.,0.866025403784439,-0.5));
#15050=DIRECTION('',(-1.,0.,0.));
#15051=DIRECTION('',(-0.447213595499958,-0.774596669241483,0.447213595499958));
#15052=DIRECTION('',(-0.447213595499959,0.774596669241483,-0.447213595499957));
#15053=DIRECTION('',(0.,-0.5,0.866025403784439));
#15054=DIRECTION('',(0.,-0.866025403784439,-0.5));
#15055=DIRECTION('',(0.447213595499958,0.774596669241483,0.447213595499958));
#15056=DIRECTION('',(-1.,0.,0.));
#15057=DIRECTION('',(0.447213595499959,-0.774596669241483,-0.447213595499957));
#15058=DIRECTION('',(0.,-0.5,-0.866025403784439));
#15059=DIRECTION('',(0.,0.866025403784439,-0.5));
#15060=DIRECTION('',(-1.,0.,0.));
#15061=DIRECTION('',(-0.447213595499958,-0.774596669241483,0.447213595499958));
#15062=DIRECTION('',(-0.447213595499959,0.774596669241483,-0.447213595499957));
#15063=DIRECTION('',(0.,-0.5,0.866025403784439));
#15064=DIRECTION('',(0.,-0.866025403784439,-0.5));
#15065=DIRECTION('',(0.447213595499958,0.774596669241484,0.447213595499958));
#15066=DIRECTION('',(-1.,0.,0.));
#15067=DIRECTION('',(0.447213595499959,-0.774596669241483,-0.447213595499957));
#15068=DIRECTION('',(0.,-0.5,-0.866025403784439));
#15069=DIRECTION('',(0.,0.866025403784439,-0.5));
#15070=DIRECTION('',(-1.,0.,0.));
#15071=DIRECTION('',(-0.447213595499958,-0.774596669241484,0.447213595499958));
#15072=DIRECTION('',(-0.447213595499959,0.774596669241483,-0.447213595499957));
#15073=DIRECTION('',(0.,-0.5,0.866025403784439));
#15074=DIRECTION('',(0.,-0.866025403784439,-0.5));
#15075=DIRECTION('',(0.447213595499958,0.774596669241484,0.447213595499958));
#15076=DIRECTION('',(-1.,0.,0.));
#15077=DIRECTION('',(0.447213595499959,-0.774596669241483,-0.447213595499957));
#15078=DIRECTION('',(0.,-0.5,-0.866025403784439));
#15079=DIRECTION('',(0.,0.866025403784439,-0.5));
#15080=DIRECTION('',(-1.,0.,0.));
#15081=DIRECTION('',(-0.447213595499958,-0.774596669241484,0.447213595499958));
#15082=DIRECTION('',(-0.447213595499959,0.774596669241483,-0.447213595499957));
#15083=DIRECTION('',(0.,-0.5,0.866025403784439));
#15084=DIRECTION('',(0.,-0.866025403784439,-0.5));
#15085=DIRECTION('',(0.447213595499957,0.774596669241484,0.447213595499958));
#15086=DIRECTION('',(-1.,0.,0.));
#15087=DIRECTION('',(0.447213595499959,-0.774596669241483,-0.447213595499957));
#15088=DIRECTION('',(0.,-0.5,-0.866025403784439));
#15089=DIRECTION('',(0.,0.866025403784439,-0.5));
#15090=DIRECTION('',(-1.,0.,0.));
#15091=DIRECTION('',(-0.447213595499957,-0.774596669241484,0.447213595499958));
#15092=DIRECTION('',(-0.447213595499959,0.774596669241483,-0.447213595499957));
#15093=DIRECTION('',(0.,-0.5,0.866025403784439));
#15094=DIRECTION('',(0.,-0.866025403784439,-0.5));
#15095=DIRECTION('',(0.447213595499957,0.774596669241484,0.447213595499958));
#15096=DIRECTION('',(-1.,0.,0.));
#15097=DIRECTION('',(0.447213595499959,-0.774596669241483,-0.447213595499957));
#15098=DIRECTION('',(0.,-0.5,-0.866025403784439));
#15099=DIRECTION('',(0.,0.866025403784439,-0.5));
#15100=DIRECTION('',(-1.,0.,0.));
#15101=DIRECTION('',(-0.447213595499957,-0.774596669241484,0.447213595499958));
#15102=DIRECTION('',(-0.447213595499959,0.774596669241483,-0.447213595499957));
#15103=DIRECTION('',(0.,-0.5,0.866025403784439));
#15104=DIRECTION('',(0.,-0.866025403784439,-0.5));
#15105=DIRECTION('',(0.447213595499957,0.774596669241484,0.447213595499958));
#15106=DIRECTION('',(-1.,0.,0.));
#15107=DIRECTION('',(0.447213595499959,-0.774596669241483,-0.447213595499957));
#15108=DIRECTION('',(0.,-0.5,-0.866025403784439));
#15109=DIRECTION('',(0.,0.866025403784439,-0.5));
#15110=DIRECTION('',(-1.,0.,0.));
#15111=DIRECTION('',(-0.447213595499957,-0.774596669241484,0.447213595499958));
#15112=DIRECTION('',(-0.447213595499959,0.774596669241483,-0.447213595499957));
#15113=DIRECTION('',(0.,-0.5,0.866025403784439));
#15114=DIRECTION('',(0.,-0.866025403784439,-0.5));
#15115=DIRECTION('',(0.447213595499957,0.774596669241484,0.447213595499958));
#15116=DIRECTION('',(-1.,0.,0.));
#15117=DIRECTION('',(0.447213595499959,-0.774596669241483,-0.447213595499957));
#15118=DIRECTION('',(0.,-0.5,-0.866025403784439));
#15119=DIRECTION('',(0.,0.866025403784439,-0.5));
#15120=DIRECTION('',(-1.,0.,0.));
#15121=DIRECTION('',(-0.447213595499957,-0.774596669241484,0.447213595499958));
#15122=DIRECTION('',(-0.447213595499959,0.774596669241483,-0.447213595499957));
#15123=DIRECTION('',(0.,-0.5,0.866025403784439));
#15124=DIRECTION('',(0.,-0.866025403784439,-0.5));
#15125=DIRECTION('',(0.447213595499957,0.774596669241484,0.447213595499958));
#15126=DIRECTION('',(-1.,0.,0.));
#15127=DIRECTION('',(0.447213595499959,-0.774596669241483,-0.447213595499957));
#15128=DIRECTION('',(0.,-0.5,-0.866025403784439));
#15129=DIRECTION('',(0.,0.866025403784439,-0.5));
#15130=DIRECTION('',(-1.,0.,0.));
#15131=DIRECTION('',(-0.447213595499957,-0.774596669241484,0.447213595499958));
#15132=DIRECTION('',(-0.447213595499959,0.774596669241483,-0.447213595499957));
#15133=DIRECTION('',(0.,-0.5,0.866025403784439));
#15134=DIRECTION('',(0.,-0.866025403784439,-0.5));
#15135=DIRECTION('',(0.447213595499957,0.774596669241484,0.447213595499958));
#15136=DIRECTION('',(-1.,0.,0.));
#15137=DIRECTION('',(0.447213595499959,-0.774596669241483,-0.447213595499957));
#15138=DIRECTION('',(0.,-0.5,-0.866025403784439));
#15139=DIRECTION('',(0.,0.866025403784439,-0.5));
#15140=DIRECTION('',(-1.,0.,0.));
#15141=DIRECTION('',(-0.447213595499957,-0.774596669241484,0.447213595499958));
#15142=DIRECTION('',(-0.447213595499959,0.774596669241483,-0.447213595499957));
#15143=DIRECTION('',(0.,-0.5,0.866025403784439));
#15144=DIRECTION('',(0.,-0.866025403784439,-0.5));
#15145=DIRECTION('',(0.447213595499957,0.774596669241484,0.447213595499958));
#15146=DIRECTION('',(-1.,0.,0.));
#15147=DIRECTION('',(0.44721359549996,-0.774596669241483,-0.447213595499957));
#15148=DIRECTION('',(0.,-0.5,-0.866025403784439));
#15149=DIRECTION('',(0.,0.866025403784439,-0.5));
#15150=DIRECTION('',(-1.,0.,0.));
#15151=DIRECTION('',(-0.447213595499957,-0.774596669241484,0.447213595499958));
#15152=DIRECTION('',(-0.44721359549996,0.774596669241483,-0.447213595499957));
#15153=DIRECTION('',(0.,-0.5,0.866025403784439));
#15154=DIRECTION('',(0.,-0.866025403784439,-0.5));
#15155=DIRECTION('',(0.447213595499957,0.774596669241484,0.447213595499958));
#15156=DIRECTION('',(-1.,0.,0.));
#15157=DIRECTION('',(0.44721359549996,-0.774596669241483,-0.447213595499957));
#15158=DIRECTION('',(0.,-0.5,-0.866025403784439));
#15159=DIRECTION('',(0.,0.866025403784439,-0.5));
#15160=DIRECTION('',(-1.,0.,0.));
#15161=DIRECTION('',(-0.447213595499957,-0.774596669241484,0.447213595499958));
#15162=DIRECTION('',(-0.44721359549996,0.774596669241483,-0.447213595499957));
#15163=DIRECTION('',(0.,-0.5,0.866025403784439));
#15164=DIRECTION('',(0.,-0.866025403784439,-0.5));
#15165=DIRECTION('',(0.447213595499958,0.774596669241483,0.447213595499958));
#15166=DIRECTION('',(-1.,0.,0.));
#15167=DIRECTION('',(0.447213595499958,-0.774596669241483,-0.447213595499958));
#15168=DIRECTION('',(0.,-0.5,-0.866025403784439));
#15169=DIRECTION('',(0.,0.866025403784439,-0.5));
#15170=DIRECTION('',(-1.,0.,0.));
#15171=DIRECTION('',(-0.447213595499958,-0.774596669241483,0.447213595499958));
#15172=DIRECTION('',(-0.447213595499958,0.774596669241483,-0.447213595499958));
#15173=DIRECTION('',(0.,0.,-1.));
#15174=DIRECTION('',(-1.,0.,0.));
#15175=DIRECTION('',(-1.,0.,0.));
#15176=DIRECTION('',(0.,0.,1.));
#15177=DIRECTION('',(1.,0.,0.));
#15178=DIRECTION('',(1.,0.,0.));
#15179=DIRECTION('',(0.,0.,-1.));
#15180=DIRECTION('',(-1.,0.,0.));
#15181=DIRECTION('',(-1.,0.,0.));
#15182=DIRECTION('',(0.,0.,1.));
#15183=DIRECTION('',(1.,0.,0.));
#15184=DIRECTION('',(1.,0.,0.));
#15185=DIRECTION('',(0.,0.,-1.));
#15186=DIRECTION('',(-1.,0.,0.));
#15187=DIRECTION('',(-1.,0.,0.));
#15188=DIRECTION('',(0.,0.,1.));
#15189=DIRECTION('',(1.,0.,0.));
#15190=DIRECTION('',(1.,0.,0.));
#15191=DIRECTION('',(0.,0.,-1.));
#15192=DIRECTION('',(-1.,0.,0.));
#15193=DIRECTION('',(-1.,0.,0.));
#15194=DIRECTION('',(0.,0.,1.));
#15195=DIRECTION('',(1.,0.,0.));
#15196=DIRECTION('',(1.,0.,0.));
#15197=DIRECTION('',(0.,0.,-1.));
#15198=DIRECTION('',(-1.,0.,0.));
#15199=DIRECTION('',(-1.,0.,0.));
#15200=DIRECTION('',(0.,0.,1.));
#15201=DIRECTION('',(1.,0.,0.));
#15202=DIRECTION('',(1.,0.,0.));
#15203=DIRECTION('',(0.,0.,-1.));
#15204=DIRECTION('',(-1.,0.,0.));
#15205=DIRECTION('',(-1.,0.,0.));
#15206=DIRECTION('',(0.,0.,1.));
#15207=DIRECTION('',(1.,0.,0.));
#15208=DIRECTION('',(1.,0.,0.));
#15209=DIRECTION('',(0.,0.,-1.));
#15210=DIRECTION('',(-1.,0.,0.));
#15211=DIRECTION('',(-1.,0.,0.));
#15212=DIRECTION('',(0.,0.,1.));
#15213=DIRECTION('',(1.,0.,0.));
#15214=DIRECTION('',(1.,0.,0.));
#15215=DIRECTION('',(0.,0.,-1.));
#15216=DIRECTION('',(-1.,0.,0.));
#15217=DIRECTION('',(-1.,0.,0.));
#15218=DIRECTION('',(0.,0.,1.));
#15219=DIRECTION('',(1.,0.,0.));
#15220=DIRECTION('',(1.,0.,0.));
#15221=DIRECTION('',(0.,0.,-1.));
#15222=DIRECTION('',(-1.,0.,0.));
#15223=DIRECTION('',(-1.,0.,0.));
#15224=DIRECTION('',(0.,0.,1.));
#15225=DIRECTION('',(1.,0.,0.));
#15226=DIRECTION('',(1.,0.,0.));
#15227=DIRECTION('',(0.,0.,-1.));
#15228=DIRECTION('',(-1.,0.,0.));
#15229=DIRECTION('',(-1.,0.,0.));
#15230=DIRECTION('',(0.,0.,1.));
#15231=DIRECTION('',(1.,0.,0.));
#15232=DIRECTION('',(1.,0.,0.));
#15233=DIRECTION('',(0.,0.,-1.));
#15234=DIRECTION('',(-1.,0.,0.));
#15235=DIRECTION('',(-1.,0.,0.));
#15236=DIRECTION('',(0.,0.,1.));
#15237=DIRECTION('',(1.,0.,0.));
#15238=DIRECTION('',(1.,0.,0.));
#15239=DIRECTION('',(0.,0.,-1.));
#15240=DIRECTION('',(-1.,0.,0.));
#15241=DIRECTION('',(-1.,0.,0.));
#15242=DIRECTION('',(0.,0.,1.));
#15243=DIRECTION('',(1.,0.,0.));
#15244=DIRECTION('',(1.,0.,0.));
#15245=DIRECTION('',(0.,0.,-1.));
#15246=DIRECTION('',(-1.,0.,0.));
#15247=DIRECTION('',(-1.,0.,0.));
#15248=DIRECTION('',(0.,0.,1.));
#15249=DIRECTION('',(1.,0.,0.));
#15250=DIRECTION('',(1.,0.,0.));
#15251=DIRECTION('',(0.,0.,-1.));
#15252=DIRECTION('',(-1.,0.,0.));
#15253=DIRECTION('',(-1.,0.,0.));
#15254=DIRECTION('',(0.,0.,1.));
#15255=DIRECTION('',(1.,0.,0.));
#15256=DIRECTION('',(1.,0.,0.));
#15257=DIRECTION('',(0.,0.,-1.));
#15258=DIRECTION('',(-1.,0.,0.));
#15259=DIRECTION('',(-1.,0.,0.));
#15260=DIRECTION('',(0.,0.,1.));
#15261=DIRECTION('',(1.,0.,0.));
#15262=DIRECTION('',(1.,0.,0.));
#15263=DIRECTION('',(0.,0.,-1.));
#15264=DIRECTION('',(-1.,0.,0.));
#15265=DIRECTION('',(-1.,0.,0.));
#15266=DIRECTION('',(0.,0.,1.));
#15267=DIRECTION('',(1.,0.,0.));
#15268=DIRECTION('',(1.,0.,0.));
#15269=DIRECTION('',(0.,1.,0.));
#15270=DIRECTION('',(0.,0.,1.));
#15271=DIRECTION('',(-0.866025403784439,-0.5,0.));
#15272=DIRECTION('',(0.5,-0.866025403784439,0.));
#15273=DIRECTION('',(0.866025403784439,-0.5,0.));
#15274=DIRECTION('',(0.5,0.866025403784439,0.));
#15275=DIRECTION('',(-0.866025403784438,-0.500000000000002,0.));
#15276=DIRECTION('',(0.500000000000002,-0.866025403784438,0.));
#15277=DIRECTION('',(0.866025403784439,-0.499999999999999,0.));
#15278=DIRECTION('',(0.499999999999999,0.866025403784439,0.));
#15279=DIRECTION('',(-0.866025403784438,-0.500000000000002,0.));
#15280=DIRECTION('',(0.500000000000002,-0.866025403784438,0.));
#15281=DIRECTION('',(0.866025403784439,-0.499999999999999,0.));
#15282=DIRECTION('',(0.499999999999999,0.866025403784439,0.));
#15283=DIRECTION('',(-0.866025403784438,-0.500000000000001,0.));
#15284=DIRECTION('',(0.500000000000001,-0.866025403784438,0.));
#15285=DIRECTION('',(0.866025403784439,-0.499999999999999,0.));
#15286=DIRECTION('',(0.499999999999999,0.866025403784439,0.));
#15287=DIRECTION('',(-0.866025403784438,-0.500000000000001,0.));
#15288=DIRECTION('',(0.500000000000001,-0.866025403784438,0.));
#15289=DIRECTION('',(0.866025403784439,-0.499999999999999,0.));
#15290=DIRECTION('',(0.499999999999999,0.866025403784439,0.));
#15291=DIRECTION('',(-0.866025403784438,-0.500000000000002,0.));
#15292=DIRECTION('',(0.500000000000002,-0.866025403784438,0.));
#15293=DIRECTION('',(0.866025403784439,-0.499999999999999,0.));
#15294=DIRECTION('',(0.5,0.866025403784439,0.));
#15295=DIRECTION('',(-0.866025403784438,-0.500000000000002,0.));
#15296=DIRECTION('',(0.500000000000002,-0.866025403784438,0.));
#15297=DIRECTION('',(0.866025403784439,-0.499999999999999,0.));
#15298=DIRECTION('',(0.5,0.866025403784439,0.));
#15299=DIRECTION('',(-0.866025403784438,-0.500000000000001,0.));
#15300=DIRECTION('',(0.500000000000001,-0.866025403784438,0.));
#15301=DIRECTION('',(0.866025403784439,-0.499999999999999,0.));
#15302=DIRECTION('',(0.5,0.866025403784439,0.));
#15303=DIRECTION('',(-0.866025403784438,-0.500000000000001,0.));
#15304=DIRECTION('',(0.500000000000001,-0.866025403784438,0.));
#15305=DIRECTION('',(0.866025403784439,-0.499999999999999,0.));
#15306=DIRECTION('',(0.5,0.866025403784439,0.));
#15307=DIRECTION('',(-0.866025403784438,-0.500000000000001,0.));
#15308=DIRECTION('',(0.500000000000001,-0.866025403784438,0.));
#15309=DIRECTION('',(0.866025403784439,-0.5,0.));
#15310=DIRECTION('',(0.5,0.866025403784439,0.));
#15311=DIRECTION('',(-0.866025403784438,-0.500000000000001,0.));
#15312=DIRECTION('',(0.500000000000001,-0.866025403784438,0.));
#15313=DIRECTION('',(0.866025403784439,-0.5,0.));
#15314=DIRECTION('',(0.5,0.866025403784439,0.));
#15315=DIRECTION('',(-0.866025403784438,-0.500000000000001,0.));
#15316=DIRECTION('',(0.500000000000001,-0.866025403784438,0.));
#15317=DIRECTION('',(0.866025403784439,-0.5,0.));
#15318=DIRECTION('',(0.5,0.866025403784439,0.));
#15319=DIRECTION('',(-0.866025403784438,-0.500000000000001,0.));
#15320=DIRECTION('',(0.500000000000001,-0.866025403784438,0.));
#15321=DIRECTION('',(0.866025403784439,-0.5,0.));
#15322=DIRECTION('',(0.5,0.866025403784439,0.));
#15323=DIRECTION('',(-0.866025403784439,-0.5,0.));
#15324=DIRECTION('',(0.5,-0.866025403784439,0.));
#15325=DIRECTION('',(0.866025403784438,-0.500000000000002,0.));
#15326=DIRECTION('',(0.500000000000002,0.866025403784438,0.));
#15327=DIRECTION('',(-0.866025403784439,-0.5,0.));
#15328=DIRECTION('',(0.5,-0.866025403784439,0.));
#15329=DIRECTION('',(0.866025403784438,-0.500000000000002,0.));
#15330=DIRECTION('',(0.500000000000002,0.866025403784438,0.));
#15331=DIRECTION('',(-0.866025403784439,-0.5,0.));
#15332=DIRECTION('',(0.5,-0.866025403784439,0.));
#15333=DIRECTION('',(0.866025403784439,-0.5,0.));
#15334=DIRECTION('',(0.5,0.866025403784439,0.));
#15335=DIRECTION('',(0.,1.,1.17018410943563E-16));
#15336=DIRECTION('',(0.,-1.17018410943563E-16,1.));
#15337=DIRECTION('',(0.,0.,1.));
#15338=DIRECTION('',(1.,0.,0.));
#15339=DIRECTION('',(0.,0.,1.));
#15340=DIRECTION('',(1.,0.,0.));
#15341=DIRECTION('',(1.,0.,0.));
#15342=DIRECTION('',(0.,-1.,0.));
#15343=DIRECTION('',(-1.,0.,0.));
#15344=DIRECTION('',(0.,-1.,0.));
#15345=DIRECTION('',(1.,0.,0.));
#15346=DIRECTION('',(0.,0.,-1.));
#15347=DIRECTION('',(0.,-1.17018410943563E-16,-1.));
#15348=DIRECTION('',(0.,-1.,0.));
#15349=DIRECTION('',(0.,0.,1.));
#15350=DIRECTION('',(0.,0.,-1.));
#15351=DIRECTION('',(-1.,0.,0.));
#15352=DIRECTION('',(-1.,0.,0.));
#15353=DIRECTION('',(0.,-1.,0.));
#15354=DIRECTION('',(1.,0.,0.));
#15355=DIRECTION('',(-1.,0.,0.));
#15356=DIRECTION('',(0.,0.,1.));
#15357=DIRECTION('',(0.,1.17018410943563E-16,1.));
#15358=DIRECTION('',(0.,0.,-1.));
#15359=DIRECTION('',(0.,0.,1.));
#15360=DIRECTION('',(1.,0.,0.));
#15361=DIRECTION('',(-0.102237153056591,-0.994760053749085,0.));
#15362=DIRECTION('',(-0.500000000000002,0.866025403784438,0.));
#15363=DIRECTION('',(0.0449551797207578,0.998989004852543,0.));
#15364=DIRECTION('',(0.,0.,1.));
#15365=DIRECTION('',(1.,0.,0.));
#15366=DIRECTION('',(0.0449551797207573,-0.998989004852543,0.));
#15367=DIRECTION('',(-0.499999999999997,-0.866025403784441,0.));
#15368=DIRECTION('',(-0.102237153056591,0.994760053749085,0.));
#15369=DIRECTION('',(0.,-1.,0.));
#15370=DIRECTION('',(-1.,0.,0.));
#15371=DIRECTION('',(0.,-1.,0.));
#15372=DIRECTION('',(-1.,0.,0.));
#15373=DIRECTION('',(0.,0.,1.));
#15374=DIRECTION('',(0.,0.,-1.));
#15375=DIRECTION('',(0.,-1.,0.));
#15376=DIRECTION('',(0.,0.,-1.));
#15377=DIRECTION('',(0.,0.,-1.));
#15378=DIRECTION('',(-1.,0.,0.));
#15379=DIRECTION('',(0.102237153056591,0.994760053749085,0.));
#15380=DIRECTION('',(0.,-1.,0.));
#15381=DIRECTION('',(1.,0.,0.));
#15382=DIRECTION('',(0.102237153056591,-0.994760053749085,0.));
#15383=DIRECTION('',(0.499999999999997,0.866025403784441,0.));
#15384=DIRECTION('',(-0.0449551797207573,0.998989004852543,0.));
#15385=DIRECTION('',(0.,0.,-1.));
#15386=DIRECTION('',(-1.,0.,0.));
#15387=DIRECTION('',(-0.0449551797207578,-0.998989004852543,0.));
#15388=DIRECTION('',(0.500000000000002,-0.866025403784438,0.));
#15389=DIRECTION('',(0.,0.,1.));
#15390=DIRECTION('',(1.,0.,0.));
#15391=DIRECTION('',(-0.102237153056591,-0.994760053749085,0.));
#15392=DIRECTION('',(-0.500000000000002,0.866025403784438,0.));
#15393=DIRECTION('',(0.0449551797207578,0.998989004852543,0.));
#15394=DIRECTION('',(0.,0.,1.));
#15395=DIRECTION('',(1.,0.,0.));
#15396=DIRECTION('',(0.0449551797207573,-0.998989004852543,0.));
#15397=DIRECTION('',(-0.499999999999997,-0.866025403784441,0.));
#15398=DIRECTION('',(-0.102237153056591,0.994760053749085,0.));
#15399=DIRECTION('',(0.,-1.,0.));
#15400=DIRECTION('',(-1.,0.,0.));
#15401=DIRECTION('',(0.,-1.,0.));
#15402=DIRECTION('',(-1.,0.,0.));
#15403=DIRECTION('',(0.,0.,1.));
#15404=DIRECTION('',(0.,0.,-1.));
#15405=DIRECTION('',(0.,-1.,0.));
#15406=DIRECTION('',(0.,0.,-1.));
#15407=DIRECTION('',(0.,0.,-1.));
#15408=DIRECTION('',(-1.,0.,0.));
#15409=DIRECTION('',(0.102237153056591,0.994760053749085,0.));
#15410=DIRECTION('',(0.,-1.,0.));
#15411=DIRECTION('',(1.,0.,0.));
#15412=DIRECTION('',(0.102237153056591,-0.994760053749085,0.));
#15413=DIRECTION('',(0.499999999999997,0.866025403784441,0.));
#15414=DIRECTION('',(-0.0449551797207573,0.998989004852543,0.));
#15415=DIRECTION('',(0.,0.,-1.));
#15416=DIRECTION('',(-1.,0.,0.));
#15417=DIRECTION('',(-0.0449551797207578,-0.998989004852543,0.));
#15418=DIRECTION('',(0.500000000000002,-0.866025403784438,0.));
#15419=DIRECTION('',(0.,0.,1.));
#15420=DIRECTION('',(1.,0.,0.));
#15421=DIRECTION('',(-0.102237153056591,-0.994760053749085,0.));
#15422=DIRECTION('',(-0.499999999999999,0.866025403784439,0.));
#15423=DIRECTION('',(0.0449551797207573,0.998989004852543,0.));
#15424=DIRECTION('',(0.,0.,1.));
#15425=DIRECTION('',(1.,0.,0.));
#15426=DIRECTION('',(0.0449551797207578,-0.998989004852543,0.));
#15427=DIRECTION('',(-0.500000000000002,-0.866025403784438,0.));
#15428=DIRECTION('',(-0.102237153056591,0.994760053749085,0.));
#15429=DIRECTION('',(0.,-1.,0.));
#15430=DIRECTION('',(-1.,0.,0.));
#15431=DIRECTION('',(0.,-1.,0.));
#15432=DIRECTION('',(-1.,0.,0.));
#15433=DIRECTION('',(0.,0.,1.));
#15434=DIRECTION('',(0.,0.,-1.));
#15435=DIRECTION('',(0.,-1.,0.));
#15436=DIRECTION('',(0.,0.,-1.));
#15437=DIRECTION('',(0.,0.,-1.));
#15438=DIRECTION('',(-1.,0.,0.));
#15439=DIRECTION('',(0.102237153056591,0.994760053749085,0.));
#15440=DIRECTION('',(0.,-1.,0.));
#15441=DIRECTION('',(1.,0.,0.));
#15442=DIRECTION('',(0.102237153056591,-0.994760053749085,0.));
#15443=DIRECTION('',(0.500000000000002,0.866025403784438,0.));
#15444=DIRECTION('',(-0.0449551797207578,0.998989004852543,0.));
#15445=DIRECTION('',(0.,0.,-1.));
#15446=DIRECTION('',(-1.,0.,0.));
#15447=DIRECTION('',(-0.0449551797207573,-0.998989004852543,0.));
#15448=DIRECTION('',(0.499999999999999,-0.866025403784439,0.));
#15449=DIRECTION('',(0.,0.,1.));
#15450=DIRECTION('',(1.,0.,0.));
#15451=DIRECTION('',(-0.102237153056591,-0.994760053749085,0.));
#15452=DIRECTION('',(-0.499999999999999,0.866025403784439,0.));
#15453=DIRECTION('',(0.0449551797207573,0.998989004852543,0.));
#15454=DIRECTION('',(0.,0.,1.));
#15455=DIRECTION('',(1.,0.,0.));
#15456=DIRECTION('',(0.0449551797207578,-0.998989004852543,0.));
#15457=DIRECTION('',(-0.500000000000002,-0.866025403784438,0.));
#15458=DIRECTION('',(-0.102237153056591,0.994760053749085,0.));
#15459=DIRECTION('',(0.,-1.,0.));
#15460=DIRECTION('',(-1.,0.,0.));
#15461=DIRECTION('',(0.,-1.,0.));
#15462=DIRECTION('',(-1.,0.,0.));
#15463=DIRECTION('',(0.,0.,1.));
#15464=DIRECTION('',(0.,0.,-1.));
#15465=DIRECTION('',(0.,-1.,0.));
#15466=DIRECTION('',(0.,0.,-1.));
#15467=DIRECTION('',(0.,0.,-1.));
#15468=DIRECTION('',(-1.,0.,0.));
#15469=DIRECTION('',(0.102237153056591,0.994760053749085,0.));
#15470=DIRECTION('',(0.,-1.,0.));
#15471=DIRECTION('',(1.,0.,0.));
#15472=DIRECTION('',(0.102237153056591,-0.994760053749085,0.));
#15473=DIRECTION('',(0.500000000000002,0.866025403784438,0.));
#15474=DIRECTION('',(-0.0449551797207578,0.998989004852543,0.));
#15475=DIRECTION('',(0.,0.,-1.));
#15476=DIRECTION('',(-1.,0.,0.));
#15477=DIRECTION('',(-0.0449551797207573,-0.998989004852543,0.));
#15478=DIRECTION('',(0.499999999999999,-0.866025403784439,0.));
#15479=DIRECTION('',(0.,0.,1.));
#15480=DIRECTION('',(1.,0.,0.));
#15481=DIRECTION('',(-0.102237153056591,-0.994760053749085,0.));
#15482=DIRECTION('',(-0.500000000000002,0.866025403784438,0.));
#15483=DIRECTION('',(0.0449551797207576,0.998989004852543,0.));
#15484=DIRECTION('',(0.,0.,1.));
#15485=DIRECTION('',(1.,0.,0.));
#15486=DIRECTION('',(0.0449551797207579,-0.998989004852543,0.));
#15487=DIRECTION('',(-0.5,-0.866025403784438,0.));
#15488=DIRECTION('',(-0.102237153056591,0.994760053749085,0.));
#15489=DIRECTION('',(0.,-1.,0.));
#15490=DIRECTION('',(-1.,0.,0.));
#15491=DIRECTION('',(0.,-1.,0.));
#15492=DIRECTION('',(-1.,0.,0.));
#15493=DIRECTION('',(0.,0.,1.));
#15494=DIRECTION('',(0.,0.,-1.));
#15495=DIRECTION('',(0.,-1.,0.));
#15496=DIRECTION('',(0.,0.,-1.));
#15497=DIRECTION('',(0.,0.,-1.));
#15498=DIRECTION('',(-1.,0.,0.));
#15499=DIRECTION('',(0.102237153056591,0.994760053749085,0.));
#15500=DIRECTION('',(0.,-1.,0.));
#15501=DIRECTION('',(1.,0.,0.));
#15502=DIRECTION('',(0.102237153056591,-0.994760053749085,0.));
#15503=DIRECTION('',(0.5,0.866025403784438,0.));
#15504=DIRECTION('',(-0.0449551797207579,0.998989004852543,0.));
#15505=DIRECTION('',(0.,0.,-1.));
#15506=DIRECTION('',(-1.,0.,0.));
#15507=DIRECTION('',(-0.0449551797207576,-0.998989004852543,0.));
#15508=DIRECTION('',(0.500000000000002,-0.866025403784438,0.));
#15509=DIRECTION('',(0.,0.,1.));
#15510=DIRECTION('',(1.,0.,0.));
#15511=DIRECTION('',(-0.102237153056591,-0.994760053749085,0.));
#15512=DIRECTION('',(-0.500000000000002,0.866025403784438,0.));
#15513=DIRECTION('',(0.0449551797207576,0.998989004852543,0.));
#15514=DIRECTION('',(0.,0.,1.));
#15515=DIRECTION('',(1.,0.,0.));
#15516=DIRECTION('',(0.0449551797207579,-0.998989004852543,0.));
#15517=DIRECTION('',(-0.5,-0.866025403784438,0.));
#15518=DIRECTION('',(-0.102237153056591,0.994760053749085,0.));
#15519=DIRECTION('',(0.,-1.,0.));
#15520=DIRECTION('',(-1.,0.,0.));
#15521=DIRECTION('',(0.,-1.,0.));
#15522=DIRECTION('',(-1.,0.,0.));
#15523=DIRECTION('',(0.,0.,1.));
#15524=DIRECTION('',(0.,0.,-1.));
#15525=DIRECTION('',(0.,-1.,0.));
#15526=DIRECTION('',(0.,0.,-1.));
#15527=DIRECTION('',(0.,0.,-1.));
#15528=DIRECTION('',(-1.,0.,0.));
#15529=DIRECTION('',(0.102237153056591,0.994760053749085,0.));
#15530=DIRECTION('',(0.,-1.,0.));
#15531=DIRECTION('',(1.,0.,0.));
#15532=DIRECTION('',(0.102237153056591,-0.994760053749085,0.));
#15533=DIRECTION('',(0.5,0.866025403784438,0.));
#15534=DIRECTION('',(-0.0449551797207579,0.998989004852543,0.));
#15535=DIRECTION('',(0.,0.,-1.));
#15536=DIRECTION('',(-1.,0.,0.));
#15537=DIRECTION('',(-0.0449551797207576,-0.998989004852543,0.));
#15538=DIRECTION('',(0.500000000000002,-0.866025403784438,0.));
#15539=DIRECTION('',(0.,0.,1.));
#15540=DIRECTION('',(1.,0.,0.));
#15541=DIRECTION('',(-0.102237153056591,-0.994760053749085,0.));
#15542=DIRECTION('',(-0.500000000000001,0.866025403784438,0.));
#15543=DIRECTION('',(0.0449551797207575,0.998989004852543,0.));
#15544=DIRECTION('',(0.,0.,1.));
#15545=DIRECTION('',(1.,0.,0.));
#15546=DIRECTION('',(0.0449551797207579,-0.998989004852543,0.));
#15547=DIRECTION('',(-0.5,-0.866025403784438,0.));
#15548=DIRECTION('',(-0.102237153056591,0.994760053749085,0.));
#15549=DIRECTION('',(0.,-1.,0.));
#15550=DIRECTION('',(-1.,0.,0.));
#15551=DIRECTION('',(0.,-1.,0.));
#15552=DIRECTION('',(-1.,0.,0.));
#15553=DIRECTION('',(0.,0.,1.));
#15554=DIRECTION('',(0.,0.,-1.));
#15555=DIRECTION('',(0.,-1.,0.));
#15556=DIRECTION('',(0.,0.,-1.));
#15557=DIRECTION('',(0.,0.,-1.));
#15558=DIRECTION('',(-1.,0.,0.));
#15559=DIRECTION('',(0.102237153056591,0.994760053749085,0.));
#15560=DIRECTION('',(0.,-1.,0.));
#15561=DIRECTION('',(1.,0.,0.));
#15562=DIRECTION('',(0.102237153056591,-0.994760053749085,0.));
#15563=DIRECTION('',(0.5,0.866025403784438,0.));
#15564=DIRECTION('',(-0.0449551797207579,0.998989004852543,0.));
#15565=DIRECTION('',(0.,0.,-1.));
#15566=DIRECTION('',(-1.,0.,0.));
#15567=DIRECTION('',(-0.0449551797207575,-0.998989004852543,0.));
#15568=DIRECTION('',(0.500000000000001,-0.866025403784438,0.));
#15569=DIRECTION('',(0.,0.,1.));
#15570=DIRECTION('',(1.,0.,0.));
#15571=DIRECTION('',(-0.102237153056591,-0.994760053749085,0.));
#15572=DIRECTION('',(-0.500000000000001,0.866025403784438,0.));
#15573=DIRECTION('',(0.0449551797207575,0.998989004852543,0.));
#15574=DIRECTION('',(0.,0.,1.));
#15575=DIRECTION('',(1.,0.,0.));
#15576=DIRECTION('',(0.0449551797207579,-0.998989004852543,0.));
#15577=DIRECTION('',(-0.5,-0.866025403784438,0.));
#15578=DIRECTION('',(-0.102237153056591,0.994760053749085,0.));
#15579=DIRECTION('',(0.,-1.,0.));
#15580=DIRECTION('',(-1.,0.,0.));
#15581=DIRECTION('',(0.,-1.,0.));
#15582=DIRECTION('',(-1.,0.,0.));
#15583=DIRECTION('',(0.,0.,1.));
#15584=DIRECTION('',(0.,0.,-1.));
#15585=DIRECTION('',(0.,-1.,0.));
#15586=DIRECTION('',(0.,0.,-1.));
#15587=DIRECTION('',(0.,0.,-1.));
#15588=DIRECTION('',(-1.,0.,0.));
#15589=DIRECTION('',(0.102237153056591,0.994760053749085,0.));
#15590=DIRECTION('',(0.,-1.,0.));
#15591=DIRECTION('',(1.,0.,0.));
#15592=DIRECTION('',(0.102237153056591,-0.994760053749085,0.));
#15593=DIRECTION('',(0.5,0.866025403784438,0.));
#15594=DIRECTION('',(-0.0449551797207579,0.998989004852543,0.));
#15595=DIRECTION('',(0.,0.,-1.));
#15596=DIRECTION('',(-1.,0.,0.));
#15597=DIRECTION('',(-0.0449551797207575,-0.998989004852543,0.));
#15598=DIRECTION('',(0.500000000000001,-0.866025403784438,0.));
#15599=DIRECTION('',(0.,0.,1.));
#15600=DIRECTION('',(1.,0.,0.));
#15601=DIRECTION('',(-0.102237153056591,-0.994760053749085,0.));
#15602=DIRECTION('',(-0.500000000000001,0.866025403784438,0.));
#15603=DIRECTION('',(0.0449551797207575,0.998989004852543,0.));
#15604=DIRECTION('',(0.,0.,1.));
#15605=DIRECTION('',(1.,0.,0.));
#15606=DIRECTION('',(0.0449551797207579,-0.998989004852543,0.));
#15607=DIRECTION('',(-0.500000000000001,-0.866025403784438,0.));
#15608=DIRECTION('',(-0.102237153056591,0.994760053749085,0.));
#15609=DIRECTION('',(0.,-1.,0.));
#15610=DIRECTION('',(-1.,0.,0.));
#15611=DIRECTION('',(0.,-1.,0.));
#15612=DIRECTION('',(-1.,0.,0.));
#15613=DIRECTION('',(0.,0.,1.));
#15614=DIRECTION('',(0.,0.,-1.));
#15615=DIRECTION('',(0.,-1.,0.));
#15616=DIRECTION('',(0.,0.,-1.));
#15617=DIRECTION('',(0.,0.,-1.));
#15618=DIRECTION('',(-1.,0.,0.));
#15619=DIRECTION('',(0.102237153056591,0.994760053749085,0.));
#15620=DIRECTION('',(0.,-1.,0.));
#15621=DIRECTION('',(1.,0.,0.));
#15622=DIRECTION('',(0.102237153056591,-0.994760053749085,0.));
#15623=DIRECTION('',(0.500000000000001,0.866025403784438,0.));
#15624=DIRECTION('',(-0.0449551797207579,0.998989004852543,0.));
#15625=DIRECTION('',(0.,0.,-1.));
#15626=DIRECTION('',(-1.,0.,0.));
#15627=DIRECTION('',(-0.0449551797207575,-0.998989004852543,0.));
#15628=DIRECTION('',(0.500000000000001,-0.866025403784438,0.));
#15629=DIRECTION('',(0.,0.,1.));
#15630=DIRECTION('',(1.,0.,0.));
#15631=DIRECTION('',(-0.102237153056591,-0.994760053749085,0.));
#15632=DIRECTION('',(-0.500000000000001,0.866025403784438,0.));
#15633=DIRECTION('',(0.0449551797207575,0.998989004852543,0.));
#15634=DIRECTION('',(0.,0.,1.));
#15635=DIRECTION('',(1.,0.,0.));
#15636=DIRECTION('',(0.0449551797207579,-0.998989004852543,0.));
#15637=DIRECTION('',(-0.500000000000001,-0.866025403784438,0.));
#15638=DIRECTION('',(-0.102237153056591,0.994760053749085,0.));
#15639=DIRECTION('',(0.,-1.,0.));
#15640=DIRECTION('',(-1.,0.,0.));
#15641=DIRECTION('',(0.,-1.,0.));
#15642=DIRECTION('',(-1.,0.,0.));
#15643=DIRECTION('',(0.,0.,1.));
#15644=DIRECTION('',(0.,0.,-1.));
#15645=DIRECTION('',(0.,-1.,0.));
#15646=DIRECTION('',(0.,0.,-1.));
#15647=DIRECTION('',(0.,0.,-1.));
#15648=DIRECTION('',(-1.,0.,0.));
#15649=DIRECTION('',(0.102237153056591,0.994760053749085,0.));
#15650=DIRECTION('',(0.,-1.,0.));
#15651=DIRECTION('',(1.,0.,0.));
#15652=DIRECTION('',(0.102237153056591,-0.994760053749085,0.));
#15653=DIRECTION('',(0.500000000000001,0.866025403784438,0.));
#15654=DIRECTION('',(-0.0449551797207579,0.998989004852543,0.));
#15655=DIRECTION('',(0.,0.,-1.));
#15656=DIRECTION('',(-1.,0.,0.));
#15657=DIRECTION('',(-0.0449551797207575,-0.998989004852543,0.));
#15658=DIRECTION('',(0.500000000000001,-0.866025403784438,0.));
#15659=DIRECTION('',(0.,0.,1.));
#15660=DIRECTION('',(1.,0.,0.));
#15661=DIRECTION('',(-0.102237153056591,-0.994760053749085,0.));
#15662=DIRECTION('',(-0.500000000000002,0.866025403784438,0.));
#15663=DIRECTION('',(0.0449551797207576,0.998989004852543,0.));
#15664=DIRECTION('',(0.,0.,1.));
#15665=DIRECTION('',(1.,0.,0.));
#15666=DIRECTION('',(0.0449551797207579,-0.998989004852543,0.));
#15667=DIRECTION('',(-0.5,-0.866025403784438,0.));
#15668=DIRECTION('',(-0.102237153056591,0.994760053749085,0.));
#15669=DIRECTION('',(0.,-1.,0.));
#15670=DIRECTION('',(-1.,0.,0.));
#15671=DIRECTION('',(0.,-1.,0.));
#15672=DIRECTION('',(-1.,0.,0.));
#15673=DIRECTION('',(0.,0.,1.));
#15674=DIRECTION('',(0.,0.,-1.));
#15675=DIRECTION('',(0.,-1.,0.));
#15676=DIRECTION('',(0.,0.,-1.));
#15677=DIRECTION('',(0.,0.,-1.));
#15678=DIRECTION('',(-1.,0.,0.));
#15679=DIRECTION('',(0.102237153056591,0.994760053749085,0.));
#15680=DIRECTION('',(0.,-1.,0.));
#15681=DIRECTION('',(1.,0.,0.));
#15682=DIRECTION('',(0.102237153056591,-0.994760053749085,0.));
#15683=DIRECTION('',(0.5,0.866025403784438,0.));
#15684=DIRECTION('',(-0.0449551797207579,0.998989004852543,0.));
#15685=DIRECTION('',(0.,0.,-1.));
#15686=DIRECTION('',(-1.,0.,0.));
#15687=DIRECTION('',(-0.0449551797207576,-0.998989004852543,0.));
#15688=DIRECTION('',(0.500000000000002,-0.866025403784438,0.));
#15689=DIRECTION('',(0.,0.,1.));
#15690=DIRECTION('',(1.,0.,0.));
#15691=DIRECTION('',(-0.102237153056591,-0.994760053749085,0.));
#15692=DIRECTION('',(-0.500000000000002,0.866025403784438,0.));
#15693=DIRECTION('',(0.0449551797207576,0.998989004852543,0.));
#15694=DIRECTION('',(0.,0.,1.));
#15695=DIRECTION('',(1.,0.,0.));
#15696=DIRECTION('',(0.0449551797207579,-0.998989004852543,0.));
#15697=DIRECTION('',(-0.5,-0.866025403784438,0.));
#15698=DIRECTION('',(-0.102237153056591,0.994760053749085,0.));
#15699=DIRECTION('',(0.,-1.,0.));
#15700=DIRECTION('',(-1.,0.,0.));
#15701=DIRECTION('',(0.,-1.,0.));
#15702=DIRECTION('',(-1.,0.,0.));
#15703=DIRECTION('',(0.,0.,1.));
#15704=DIRECTION('',(0.,0.,-1.));
#15705=DIRECTION('',(0.,-1.,0.));
#15706=DIRECTION('',(0.,0.,-1.));
#15707=DIRECTION('',(0.,0.,-1.));
#15708=DIRECTION('',(-1.,0.,0.));
#15709=DIRECTION('',(0.102237153056591,0.994760053749085,0.));
#15710=DIRECTION('',(0.,-1.,0.));
#15711=DIRECTION('',(1.,0.,0.));
#15712=DIRECTION('',(0.102237153056591,-0.994760053749085,0.));
#15713=DIRECTION('',(0.5,0.866025403784438,0.));
#15714=DIRECTION('',(-0.0449551797207579,0.998989004852543,0.));
#15715=DIRECTION('',(0.,0.,-1.));
#15716=DIRECTION('',(-1.,0.,0.));
#15717=DIRECTION('',(-0.0449551797207576,-0.998989004852543,0.));
#15718=DIRECTION('',(0.500000000000002,-0.866025403784438,0.));
#15719=DIRECTION('',(0.,0.,1.));
#15720=DIRECTION('',(1.,0.,0.));
#15721=DIRECTION('',(-0.102237153056591,-0.994760053749085,0.));
#15722=DIRECTION('',(-0.499999999999999,0.866025403784439,0.));
#15723=DIRECTION('',(0.0449551797207573,0.998989004852543,0.));
#15724=DIRECTION('',(0.,0.,1.));
#15725=DIRECTION('',(1.,0.,0.));
#15726=DIRECTION('',(0.0449551797207578,-0.998989004852543,0.));
#15727=DIRECTION('',(-0.500000000000002,-0.866025403784438,0.));
#15728=DIRECTION('',(-0.102237153056591,0.994760053749085,0.));
#15729=DIRECTION('',(0.,-1.,0.));
#15730=DIRECTION('',(-1.,0.,0.));
#15731=DIRECTION('',(0.,-1.,0.));
#15732=DIRECTION('',(-1.,0.,0.));
#15733=DIRECTION('',(0.,0.,1.));
#15734=DIRECTION('',(0.,0.,-1.));
#15735=DIRECTION('',(0.,-1.,0.));
#15736=DIRECTION('',(0.,0.,-1.));
#15737=DIRECTION('',(0.,0.,-1.));
#15738=DIRECTION('',(-1.,0.,0.));
#15739=DIRECTION('',(0.102237153056591,0.994760053749085,0.));
#15740=DIRECTION('',(0.,-1.,0.));
#15741=DIRECTION('',(1.,0.,0.));
#15742=DIRECTION('',(0.102237153056591,-0.994760053749085,0.));
#15743=DIRECTION('',(0.500000000000002,0.866025403784438,0.));
#15744=DIRECTION('',(-0.0449551797207578,0.998989004852543,0.));
#15745=DIRECTION('',(0.,0.,-1.));
#15746=DIRECTION('',(-1.,0.,0.));
#15747=DIRECTION('',(-0.0449551797207573,-0.998989004852543,0.));
#15748=DIRECTION('',(0.499999999999999,-0.866025403784439,0.));
#15749=DIRECTION('',(0.,0.,1.));
#15750=DIRECTION('',(1.,0.,0.));
#15751=DIRECTION('',(-0.102237153056591,-0.994760053749085,0.));
#15752=DIRECTION('',(-0.499999999999999,0.866025403784439,0.));
#15753=DIRECTION('',(0.0449551797207573,0.998989004852543,0.));
#15754=DIRECTION('',(0.,0.,1.));
#15755=DIRECTION('',(1.,0.,0.));
#15756=DIRECTION('',(0.0449551797207578,-0.998989004852543,0.));
#15757=DIRECTION('',(-0.500000000000002,-0.866025403784438,0.));
#15758=DIRECTION('',(-0.102237153056591,0.994760053749085,0.));
#15759=DIRECTION('',(0.,-1.,0.));
#15760=DIRECTION('',(-1.,0.,0.));
#15761=DIRECTION('',(0.,-1.,0.));
#15762=DIRECTION('',(-1.,0.,0.));
#15763=DIRECTION('',(0.,0.,1.));
#15764=DIRECTION('',(0.,0.,-1.));
#15765=DIRECTION('',(0.,-1.,0.));
#15766=DIRECTION('',(0.,0.,-1.));
#15767=DIRECTION('',(0.,0.,-1.));
#15768=DIRECTION('',(-1.,0.,0.));
#15769=DIRECTION('',(0.102237153056591,0.994760053749085,0.));
#15770=DIRECTION('',(0.,-1.,0.));
#15771=DIRECTION('',(1.,0.,0.));
#15772=DIRECTION('',(0.102237153056591,-0.994760053749085,0.));
#15773=DIRECTION('',(0.500000000000002,0.866025403784438,0.));
#15774=DIRECTION('',(-0.0449551797207578,0.998989004852543,0.));
#15775=DIRECTION('',(0.,0.,-1.));
#15776=DIRECTION('',(-1.,0.,0.));
#15777=DIRECTION('',(-0.0449551797207573,-0.998989004852543,0.));
#15778=DIRECTION('',(0.499999999999999,-0.866025403784439,0.));
#15779=DIRECTION('',(0.,0.,1.));
#15780=DIRECTION('',(1.,0.,0.));
#15781=DIRECTION('',(-0.102237153056591,-0.994760053749085,0.));
#15782=DIRECTION('',(-0.499999999999997,0.866025403784441,0.));
#15783=DIRECTION('',(0.0449551797207578,0.998989004852543,0.));
#15784=DIRECTION('',(0.,0.,1.));
#15785=DIRECTION('',(1.,0.,0.));
#15786=DIRECTION('',(0.0449551797207583,-0.998989004852543,0.));
#15787=DIRECTION('',(-0.500000000000002,-0.866025403784438,0.));
#15788=DIRECTION('',(-0.102237153056591,0.994760053749085,0.));
#15789=DIRECTION('',(0.,-1.,0.));
#15790=DIRECTION('',(-1.,0.,0.));
#15791=DIRECTION('',(0.,-1.,0.));
#15792=DIRECTION('',(-1.,0.,0.));
#15793=DIRECTION('',(0.,0.,1.));
#15794=DIRECTION('',(0.,0.,-1.));
#15795=DIRECTION('',(0.,-1.,0.));
#15796=DIRECTION('',(0.,0.,-1.));
#15797=DIRECTION('',(0.,0.,-1.));
#15798=DIRECTION('',(-1.,0.,0.));
#15799=DIRECTION('',(0.102237153056591,0.994760053749085,0.));
#15800=DIRECTION('',(0.,-1.,0.));
#15801=DIRECTION('',(1.,0.,0.));
#15802=DIRECTION('',(0.102237153056591,-0.994760053749085,0.));
#15803=DIRECTION('',(0.500000000000002,0.866025403784438,0.));
#15804=DIRECTION('',(-0.0449551797207583,0.998989004852543,0.));
#15805=DIRECTION('',(0.,0.,-1.));
#15806=DIRECTION('',(-1.,0.,0.));
#15807=DIRECTION('',(-0.0449551797207578,-0.998989004852543,0.));
#15808=DIRECTION('',(0.499999999999997,-0.866025403784441,0.));
#15809=DIRECTION('',(0.,0.,1.));
#15810=DIRECTION('',(1.,0.,0.));
#15811=DIRECTION('',(-0.102237153056591,-0.994760053749085,0.));
#15812=DIRECTION('',(-0.499999999999997,0.866025403784441,0.));
#15813=DIRECTION('',(0.0449551797207578,0.998989004852543,0.));
#15814=DIRECTION('',(0.,0.,1.));
#15815=DIRECTION('',(1.,0.,0.));
#15816=DIRECTION('',(0.0449551797207583,-0.998989004852543,0.));
#15817=DIRECTION('',(-0.500000000000002,-0.866025403784438,0.));
#15818=DIRECTION('',(-0.102237153056591,0.994760053749085,0.));
#15819=DIRECTION('',(0.,-1.,0.));
#15820=DIRECTION('',(-1.,0.,0.));
#15821=DIRECTION('',(0.,-1.,0.));
#15822=DIRECTION('',(-1.,0.,0.));
#15823=DIRECTION('',(0.,0.,1.));
#15824=DIRECTION('',(0.,0.,-1.));
#15825=DIRECTION('',(0.,-1.,0.));
#15826=DIRECTION('',(0.,0.,-1.));
#15827=DIRECTION('',(0.,0.,-1.));
#15828=DIRECTION('',(-1.,0.,0.));
#15829=DIRECTION('',(0.102237153056591,0.994760053749085,0.));
#15830=DIRECTION('',(0.,-1.,0.));
#15831=DIRECTION('',(1.,0.,0.));
#15832=DIRECTION('',(0.102237153056591,-0.994760053749085,0.));
#15833=DIRECTION('',(0.500000000000002,0.866025403784438,0.));
#15834=DIRECTION('',(-0.0449551797207583,0.998989004852543,0.));
#15835=DIRECTION('',(0.,0.,-1.));
#15836=DIRECTION('',(-1.,0.,0.));
#15837=DIRECTION('',(-0.0449551797207578,-0.998989004852543,0.));
#15838=DIRECTION('',(0.499999999999997,-0.866025403784441,0.));
#15839=DIRECTION('',(1.,0.,0.));
#15840=DIRECTION('',(0.,0.,-1.));
#15841=DIRECTION('',(0.,0.,1.));
#15842=DIRECTION('',(0.,0.,1.));
#15843=DIRECTION('',(1.,0.,0.));
#15844=DIRECTION('',(0.,0.,-1.));
#15845=DIRECTION('',(0.,0.,1.));
#15846=DIRECTION('',(0.,0.,1.));
#15847=DIRECTION('',(1.,0.,0.));
#15848=DIRECTION('',(0.,0.,-1.));
#15849=DIRECTION('',(0.,0.,1.));
#15850=DIRECTION('',(0.,0.,1.));
#15851=DIRECTION('',(1.,0.,0.));
#15852=DIRECTION('',(0.,0.,-1.));
#15853=DIRECTION('',(0.,0.,1.));
#15854=DIRECTION('',(0.,0.,1.));
#15855=DIRECTION('',(1.,0.,0.));
#15856=DIRECTION('',(0.,0.,-1.));
#15857=DIRECTION('',(0.,0.,1.));
#15858=DIRECTION('',(0.,0.,1.));
#15859=DIRECTION('',(1.,0.,0.));
#15860=DIRECTION('',(0.,0.,-1.));
#15861=DIRECTION('',(0.,0.,1.));
#15862=DIRECTION('',(0.,0.,1.));
#15863=DIRECTION('',(1.,0.,0.));
#15864=DIRECTION('',(0.,0.,-1.));
#15865=DIRECTION('',(0.,0.,1.));
#15866=DIRECTION('',(0.,0.,1.));
#15867=DIRECTION('',(1.,0.,0.));
#15868=DIRECTION('',(0.,0.,-1.));
#15869=DIRECTION('',(0.,0.,1.));
#15870=DIRECTION('',(0.,0.,1.));
#15871=DIRECTION('',(1.,0.,0.));
#15872=DIRECTION('',(0.,0.,-1.));
#15873=DIRECTION('',(0.,0.,1.));
#15874=DIRECTION('',(0.,0.,1.));
#15875=DIRECTION('',(1.,0.,0.));
#15876=DIRECTION('',(0.,0.,-1.));
#15877=DIRECTION('',(0.,0.,1.));
#15878=DIRECTION('',(0.,0.,1.));
#15879=DIRECTION('',(1.,0.,0.));
#15880=DIRECTION('',(0.,0.,-1.));
#15881=DIRECTION('',(0.,0.,1.));
#15882=DIRECTION('',(0.,0.,1.));
#15883=DIRECTION('',(1.,0.,0.));
#15884=DIRECTION('',(0.,0.,-1.));
#15885=DIRECTION('',(0.,0.,1.));
#15886=DIRECTION('',(0.,0.,1.));
#15887=DIRECTION('',(1.,0.,0.));
#15888=DIRECTION('',(0.,0.,-1.));
#15889=DIRECTION('',(0.,0.,1.));
#15890=DIRECTION('',(0.,0.,1.));
#15891=DIRECTION('',(1.,0.,0.));
#15892=DIRECTION('',(0.,0.,-1.));
#15893=DIRECTION('',(0.,0.,1.));
#15894=DIRECTION('',(0.,0.,1.));
#15895=DIRECTION('',(1.,0.,0.));
#15896=DIRECTION('',(0.,0.,-1.));
#15897=DIRECTION('',(0.,0.,1.));
#15898=DIRECTION('',(0.,0.,1.));
#15899=DIRECTION('',(1.,0.,0.));
#15900=DIRECTION('',(0.,0.,-1.));
#15901=DIRECTION('',(0.,0.,1.));
#15902=DIRECTION('',(0.,0.,1.));
#15903=DIRECTION('',(0.,1.,0.));
#15904=DIRECTION('',(0.,0.,1.));
#15905=DIRECTION('',(-0.994760053749085,0.102237153056591,0.));
#15906=DIRECTION('',(-0.102237153056591,-0.994760053749085,0.));
#15907=DIRECTION('',(0.,0.,-1.));
#15908=DIRECTION('',(0.994760053749085,0.102237153056591,0.));
#15909=DIRECTION('',(-0.102237153056591,0.994760053749085,0.));
#15910=DIRECTION('',(0.,0.,-1.));
#15911=DIRECTION('',(-0.866025403784438,0.500000000000002,0.));
#15912=DIRECTION('',(-0.500000000000002,-0.866025403784438,0.));
#15913=DIRECTION('',(0.,0.,-1.));
#15914=DIRECTION('',(-0.998989004852543,-0.0449551797207583,0.));
#15915=DIRECTION('',(0.0449551797207583,-0.998989004852543,0.));
#15916=DIRECTION('',(0.,0.,-1.));
#15917=DIRECTION('',(0.,0.,-1.));
#15918=DIRECTION('',(-1.,0.,0.));
#15919=DIRECTION('',(0.,0.,-1.));
#15920=DIRECTION('',(0.998989004852543,-0.0449551797207578,0.));
#15921=DIRECTION('',(0.0449551797207578,0.998989004852543,0.));
#15922=DIRECTION('',(0.,0.,-1.));
#15923=DIRECTION('',(0.866025403784441,0.499999999999997,0.));
#15924=DIRECTION('',(-0.499999999999997,0.866025403784441,0.));
#15925=DIRECTION('',(-0.994760053749085,0.102237153056591,0.));
#15926=DIRECTION('',(-0.102237153056591,-0.994760053749085,0.));
#15927=DIRECTION('',(0.,0.,-1.));
#15928=DIRECTION('',(0.994760053749085,0.102237153056591,0.));
#15929=DIRECTION('',(-0.102237153056591,0.994760053749085,0.));
#15930=DIRECTION('',(0.,0.,-1.));
#15931=DIRECTION('',(-0.866025403784438,0.500000000000002,0.));
#15932=DIRECTION('',(-0.500000000000002,-0.866025403784438,0.));
#15933=DIRECTION('',(0.,0.,-1.));
#15934=DIRECTION('',(-0.998989004852543,-0.0449551797207583,0.));
#15935=DIRECTION('',(0.0449551797207583,-0.998989004852543,0.));
#15936=DIRECTION('',(0.,0.,-1.));
#15937=DIRECTION('',(0.,0.,-1.));
#15938=DIRECTION('',(-1.,0.,0.));
#15939=DIRECTION('',(0.,0.,-1.));
#15940=DIRECTION('',(0.998989004852543,-0.0449551797207578,0.));
#15941=DIRECTION('',(0.0449551797207578,0.998989004852543,0.));
#15942=DIRECTION('',(0.,0.,-1.));
#15943=DIRECTION('',(0.866025403784441,0.499999999999997,0.));
#15944=DIRECTION('',(-0.499999999999997,0.866025403784441,0.));
#15945=DIRECTION('',(-0.994760053749085,0.102237153056591,0.));
#15946=DIRECTION('',(-0.102237153056591,-0.994760053749085,0.));
#15947=DIRECTION('',(0.,0.,-1.));
#15948=DIRECTION('',(0.994760053749085,0.102237153056591,0.));
#15949=DIRECTION('',(-0.102237153056591,0.994760053749085,0.));
#15950=DIRECTION('',(0.,0.,-1.));
#15951=DIRECTION('',(-0.866025403784438,0.500000000000002,0.));
#15952=DIRECTION('',(-0.500000000000002,-0.866025403784438,0.));
#15953=DIRECTION('',(0.,0.,-1.));
#15954=DIRECTION('',(-0.998989004852543,-0.0449551797207578,0.));
#15955=DIRECTION('',(0.0449551797207578,-0.998989004852543,0.));
#15956=DIRECTION('',(0.,0.,-1.));
#15957=DIRECTION('',(0.,0.,-1.));
#15958=DIRECTION('',(-1.,0.,0.));
#15959=DIRECTION('',(0.,0.,-1.));
#15960=DIRECTION('',(0.998989004852543,-0.0449551797207573,0.));
#15961=DIRECTION('',(0.0449551797207573,0.998989004852543,0.));
#15962=DIRECTION('',(0.,0.,-1.));
#15963=DIRECTION('',(0.866025403784439,0.499999999999999,0.));
#15964=DIRECTION('',(-0.499999999999999,0.866025403784439,0.));
#15965=DIRECTION('',(-0.994760053749085,0.102237153056591,0.));
#15966=DIRECTION('',(-0.102237153056591,-0.994760053749085,0.));
#15967=DIRECTION('',(0.,0.,-1.));
#15968=DIRECTION('',(0.994760053749085,0.102237153056591,0.));
#15969=DIRECTION('',(-0.102237153056591,0.994760053749085,0.));
#15970=DIRECTION('',(0.,0.,-1.));
#15971=DIRECTION('',(-0.866025403784438,0.500000000000002,0.));
#15972=DIRECTION('',(-0.500000000000002,-0.866025403784438,0.));
#15973=DIRECTION('',(0.,0.,-1.));
#15974=DIRECTION('',(-0.998989004852543,-0.0449551797207578,0.));
#15975=DIRECTION('',(0.0449551797207578,-0.998989004852543,0.));
#15976=DIRECTION('',(0.,0.,-1.));
#15977=DIRECTION('',(0.,0.,-1.));
#15978=DIRECTION('',(-1.,0.,0.));
#15979=DIRECTION('',(0.,0.,-1.));
#15980=DIRECTION('',(0.998989004852543,-0.0449551797207573,0.));
#15981=DIRECTION('',(0.0449551797207573,0.998989004852543,0.));
#15982=DIRECTION('',(0.,0.,-1.));
#15983=DIRECTION('',(0.866025403784439,0.499999999999999,0.));
#15984=DIRECTION('',(-0.499999999999999,0.866025403784439,0.));
#15985=DIRECTION('',(-0.994760053749085,0.102237153056591,0.));
#15986=DIRECTION('',(-0.102237153056591,-0.994760053749085,0.));
#15987=DIRECTION('',(0.,0.,-1.));
#15988=DIRECTION('',(0.994760053749085,0.102237153056591,0.));
#15989=DIRECTION('',(-0.102237153056591,0.994760053749085,0.));
#15990=DIRECTION('',(0.,0.,-1.));
#15991=DIRECTION('',(-0.866025403784438,0.5,0.));
#15992=DIRECTION('',(-0.5,-0.866025403784438,0.));
#15993=DIRECTION('',(0.,0.,-1.));
#15994=DIRECTION('',(-0.998989004852543,-0.0449551797207579,0.));
#15995=DIRECTION('',(0.0449551797207579,-0.998989004852543,0.));
#15996=DIRECTION('',(0.,0.,-1.));
#15997=DIRECTION('',(0.,0.,-1.));
#15998=DIRECTION('',(-1.,0.,0.));
#15999=DIRECTION('',(0.,0.,-1.));
#16000=DIRECTION('',(0.998989004852543,-0.0449551797207576,0.));
#16001=DIRECTION('',(0.0449551797207576,0.998989004852543,0.));
#16002=DIRECTION('',(0.,0.,-1.));
#16003=DIRECTION('',(0.866025403784438,0.500000000000002,0.));
#16004=DIRECTION('',(-0.500000000000002,0.866025403784438,0.));
#16005=DIRECTION('',(-0.994760053749085,0.102237153056591,0.));
#16006=DIRECTION('',(-0.102237153056591,-0.994760053749085,0.));
#16007=DIRECTION('',(0.,0.,-1.));
#16008=DIRECTION('',(0.994760053749085,0.102237153056591,0.));
#16009=DIRECTION('',(-0.102237153056591,0.994760053749085,0.));
#16010=DIRECTION('',(0.,0.,-1.));
#16011=DIRECTION('',(-0.866025403784438,0.5,0.));
#16012=DIRECTION('',(-0.5,-0.866025403784438,0.));
#16013=DIRECTION('',(0.,0.,-1.));
#16014=DIRECTION('',(-0.998989004852543,-0.0449551797207579,0.));
#16015=DIRECTION('',(0.0449551797207579,-0.998989004852543,0.));
#16016=DIRECTION('',(0.,0.,-1.));
#16017=DIRECTION('',(0.,0.,-1.));
#16018=DIRECTION('',(-1.,0.,0.));
#16019=DIRECTION('',(0.,0.,-1.));
#16020=DIRECTION('',(0.998989004852543,-0.0449551797207576,0.));
#16021=DIRECTION('',(0.0449551797207576,0.998989004852543,0.));
#16022=DIRECTION('',(0.,0.,-1.));
#16023=DIRECTION('',(0.866025403784438,0.500000000000002,0.));
#16024=DIRECTION('',(-0.500000000000002,0.866025403784438,0.));
#16025=DIRECTION('',(-0.994760053749085,0.102237153056591,0.));
#16026=DIRECTION('',(-0.102237153056591,-0.994760053749085,0.));
#16027=DIRECTION('',(0.,0.,-1.));
#16028=DIRECTION('',(0.994760053749085,0.102237153056591,0.));
#16029=DIRECTION('',(-0.102237153056591,0.994760053749085,0.));
#16030=DIRECTION('',(0.,0.,-1.));
#16031=DIRECTION('',(-0.866025403784438,0.500000000000001,0.));
#16032=DIRECTION('',(-0.500000000000001,-0.866025403784438,0.));
#16033=DIRECTION('',(0.,0.,-1.));
#16034=DIRECTION('',(-0.998989004852543,-0.0449551797207579,0.));
#16035=DIRECTION('',(0.0449551797207579,-0.998989004852543,0.));
#16036=DIRECTION('',(0.,0.,-1.));
#16037=DIRECTION('',(0.,0.,-1.));
#16038=DIRECTION('',(-1.,0.,0.));
#16039=DIRECTION('',(0.,0.,-1.));
#16040=DIRECTION('',(0.998989004852543,-0.0449551797207575,0.));
#16041=DIRECTION('',(0.0449551797207575,0.998989004852543,0.));
#16042=DIRECTION('',(0.,0.,-1.));
#16043=DIRECTION('',(0.866025403784438,0.500000000000001,0.));
#16044=DIRECTION('',(-0.500000000000001,0.866025403784438,0.));
#16045=DIRECTION('',(-0.994760053749085,0.102237153056591,0.));
#16046=DIRECTION('',(-0.102237153056591,-0.994760053749085,0.));
#16047=DIRECTION('',(0.,0.,-1.));
#16048=DIRECTION('',(0.994760053749085,0.102237153056591,0.));
#16049=DIRECTION('',(-0.102237153056591,0.994760053749085,0.));
#16050=DIRECTION('',(0.,0.,-1.));
#16051=DIRECTION('',(-0.866025403784438,0.500000000000001,0.));
#16052=DIRECTION('',(-0.500000000000001,-0.866025403784438,0.));
#16053=DIRECTION('',(0.,0.,-1.));
#16054=DIRECTION('',(-0.998989004852543,-0.0449551797207579,0.));
#16055=DIRECTION('',(0.0449551797207579,-0.998989004852543,0.));
#16056=DIRECTION('',(0.,0.,-1.));
#16057=DIRECTION('',(0.,0.,-1.));
#16058=DIRECTION('',(-1.,0.,0.));
#16059=DIRECTION('',(0.,0.,-1.));
#16060=DIRECTION('',(0.998989004852543,-0.0449551797207575,0.));
#16061=DIRECTION('',(0.0449551797207575,0.998989004852543,0.));
#16062=DIRECTION('',(0.,0.,-1.));
#16063=DIRECTION('',(0.866025403784438,0.500000000000001,0.));
#16064=DIRECTION('',(-0.500000000000001,0.866025403784438,0.));
#16065=DIRECTION('',(-0.994760053749085,0.102237153056591,0.));
#16066=DIRECTION('',(-0.102237153056591,-0.994760053749085,0.));
#16067=DIRECTION('',(0.,0.,-1.));
#16068=DIRECTION('',(0.994760053749085,0.102237153056591,0.));
#16069=DIRECTION('',(-0.102237153056591,0.994760053749085,0.));
#16070=DIRECTION('',(0.,0.,-1.));
#16071=DIRECTION('',(-0.866025403784438,0.5,0.));
#16072=DIRECTION('',(-0.5,-0.866025403784438,0.));
#16073=DIRECTION('',(0.,0.,-1.));
#16074=DIRECTION('',(-0.998989004852543,-0.0449551797207579,0.));
#16075=DIRECTION('',(0.0449551797207579,-0.998989004852543,0.));
#16076=DIRECTION('',(0.,0.,-1.));
#16077=DIRECTION('',(0.,0.,-1.));
#16078=DIRECTION('',(-1.,0.,0.));
#16079=DIRECTION('',(0.,0.,-1.));
#16080=DIRECTION('',(0.998989004852543,-0.0449551797207575,0.));
#16081=DIRECTION('',(0.0449551797207575,0.998989004852543,0.));
#16082=DIRECTION('',(0.,0.,-1.));
#16083=DIRECTION('',(0.866025403784438,0.500000000000001,0.));
#16084=DIRECTION('',(-0.500000000000001,0.866025403784438,0.));
#16085=DIRECTION('',(-0.994760053749085,0.102237153056591,0.));
#16086=DIRECTION('',(-0.102237153056591,-0.994760053749085,0.));
#16087=DIRECTION('',(0.,0.,-1.));
#16088=DIRECTION('',(0.994760053749085,0.102237153056591,0.));
#16089=DIRECTION('',(-0.102237153056591,0.994760053749085,0.));
#16090=DIRECTION('',(0.,0.,-1.));
#16091=DIRECTION('',(-0.866025403784438,0.5,0.));
#16092=DIRECTION('',(-0.5,-0.866025403784438,0.));
#16093=DIRECTION('',(0.,0.,-1.));
#16094=DIRECTION('',(-0.998989004852543,-0.0449551797207579,0.));
#16095=DIRECTION('',(0.0449551797207579,-0.998989004852543,0.));
#16096=DIRECTION('',(0.,0.,-1.));
#16097=DIRECTION('',(0.,0.,-1.));
#16098=DIRECTION('',(-1.,0.,0.));
#16099=DIRECTION('',(0.,0.,-1.));
#16100=DIRECTION('',(0.998989004852543,-0.0449551797207575,0.));
#16101=DIRECTION('',(0.0449551797207575,0.998989004852543,0.));
#16102=DIRECTION('',(0.,0.,-1.));
#16103=DIRECTION('',(0.866025403784438,0.500000000000001,0.));
#16104=DIRECTION('',(-0.500000000000001,0.866025403784438,0.));
#16105=DIRECTION('',(-0.994760053749085,0.102237153056591,0.));
#16106=DIRECTION('',(-0.102237153056591,-0.994760053749085,0.));
#16107=DIRECTION('',(0.,0.,-1.));
#16108=DIRECTION('',(0.994760053749085,0.102237153056591,0.));
#16109=DIRECTION('',(-0.102237153056591,0.994760053749085,0.));
#16110=DIRECTION('',(0.,0.,-1.));
#16111=DIRECTION('',(-0.866025403784438,0.5,0.));
#16112=DIRECTION('',(-0.5,-0.866025403784438,0.));
#16113=DIRECTION('',(0.,0.,-1.));
#16114=DIRECTION('',(-0.998989004852543,-0.0449551797207579,0.));
#16115=DIRECTION('',(0.0449551797207579,-0.998989004852543,0.));
#16116=DIRECTION('',(0.,0.,-1.));
#16117=DIRECTION('',(0.,0.,-1.));
#16118=DIRECTION('',(-1.,0.,0.));
#16119=DIRECTION('',(0.,0.,-1.));
#16120=DIRECTION('',(0.998989004852543,-0.0449551797207576,0.));
#16121=DIRECTION('',(0.0449551797207576,0.998989004852543,0.));
#16122=DIRECTION('',(0.,0.,-1.));
#16123=DIRECTION('',(0.866025403784438,0.500000000000002,0.));
#16124=DIRECTION('',(-0.500000000000002,0.866025403784438,0.));
#16125=DIRECTION('',(-0.994760053749085,0.102237153056591,0.));
#16126=DIRECTION('',(-0.102237153056591,-0.994760053749085,0.));
#16127=DIRECTION('',(0.,0.,-1.));
#16128=DIRECTION('',(0.994760053749085,0.102237153056591,0.));
#16129=DIRECTION('',(-0.102237153056591,0.994760053749085,0.));
#16130=DIRECTION('',(0.,0.,-1.));
#16131=DIRECTION('',(-0.866025403784438,0.5,0.));
#16132=DIRECTION('',(-0.5,-0.866025403784438,0.));
#16133=DIRECTION('',(0.,0.,-1.));
#16134=DIRECTION('',(-0.998989004852543,-0.0449551797207579,0.));
#16135=DIRECTION('',(0.0449551797207579,-0.998989004852543,0.));
#16136=DIRECTION('',(0.,0.,-1.));
#16137=DIRECTION('',(0.,0.,-1.));
#16138=DIRECTION('',(-1.,0.,0.));
#16139=DIRECTION('',(0.,0.,-1.));
#16140=DIRECTION('',(0.998989004852543,-0.0449551797207576,0.));
#16141=DIRECTION('',(0.0449551797207576,0.998989004852543,0.));
#16142=DIRECTION('',(0.,0.,-1.));
#16143=DIRECTION('',(0.866025403784438,0.500000000000002,0.));
#16144=DIRECTION('',(-0.500000000000002,0.866025403784438,0.));
#16145=DIRECTION('',(-0.994760053749085,0.102237153056591,0.));
#16146=DIRECTION('',(-0.102237153056591,-0.994760053749085,0.));
#16147=DIRECTION('',(0.,0.,-1.));
#16148=DIRECTION('',(0.994760053749085,0.102237153056591,0.));
#16149=DIRECTION('',(-0.102237153056591,0.994760053749085,0.));
#16150=DIRECTION('',(0.,0.,-1.));
#16151=DIRECTION('',(-0.866025403784438,0.500000000000002,0.));
#16152=DIRECTION('',(-0.500000000000002,-0.866025403784438,0.));
#16153=DIRECTION('',(0.,0.,-1.));
#16154=DIRECTION('',(-0.998989004852543,-0.0449551797207578,0.));
#16155=DIRECTION('',(0.0449551797207578,-0.998989004852543,0.));
#16156=DIRECTION('',(0.,0.,-1.));
#16157=DIRECTION('',(0.,0.,-1.));
#16158=DIRECTION('',(-1.,0.,0.));
#16159=DIRECTION('',(0.,0.,-1.));
#16160=DIRECTION('',(0.998989004852543,-0.0449551797207573,0.));
#16161=DIRECTION('',(0.0449551797207573,0.998989004852543,0.));
#16162=DIRECTION('',(0.,0.,-1.));
#16163=DIRECTION('',(0.866025403784439,0.499999999999999,0.));
#16164=DIRECTION('',(-0.499999999999999,0.866025403784439,0.));
#16165=DIRECTION('',(-0.994760053749085,0.102237153056591,0.));
#16166=DIRECTION('',(-0.102237153056591,-0.994760053749085,0.));
#16167=DIRECTION('',(0.,0.,-1.));
#16168=DIRECTION('',(0.994760053749085,0.102237153056591,0.));
#16169=DIRECTION('',(-0.102237153056591,0.994760053749085,0.));
#16170=DIRECTION('',(0.,0.,-1.));
#16171=DIRECTION('',(-0.866025403784438,0.500000000000002,0.));
#16172=DIRECTION('',(-0.500000000000002,-0.866025403784438,0.));
#16173=DIRECTION('',(0.,0.,-1.));
#16174=DIRECTION('',(-0.998989004852543,-0.0449551797207578,0.));
#16175=DIRECTION('',(0.0449551797207578,-0.998989004852543,0.));
#16176=DIRECTION('',(0.,0.,-1.));
#16177=DIRECTION('',(0.,0.,-1.));
#16178=DIRECTION('',(-1.,0.,0.));
#16179=DIRECTION('',(0.,0.,-1.));
#16180=DIRECTION('',(0.998989004852543,-0.0449551797207573,0.));
#16181=DIRECTION('',(0.0449551797207573,0.998989004852543,0.));
#16182=DIRECTION('',(0.,0.,-1.));
#16183=DIRECTION('',(0.866025403784439,0.499999999999999,0.));
#16184=DIRECTION('',(-0.499999999999999,0.866025403784439,0.));
#16185=DIRECTION('',(-0.994760053749085,0.102237153056591,0.));
#16186=DIRECTION('',(-0.102237153056591,-0.994760053749085,0.));
#16187=DIRECTION('',(0.,0.,-1.));
#16188=DIRECTION('',(0.994760053749085,0.102237153056591,0.));
#16189=DIRECTION('',(-0.102237153056591,0.994760053749085,0.));
#16190=DIRECTION('',(0.,0.,-1.));
#16191=DIRECTION('',(-0.866025403784441,0.499999999999997,0.));
#16192=DIRECTION('',(-0.499999999999997,-0.866025403784441,0.));
#16193=DIRECTION('',(0.,0.,-1.));
#16194=DIRECTION('',(-0.998989004852543,-0.0449551797207573,0.));
#16195=DIRECTION('',(0.0449551797207573,-0.998989004852543,0.));
#16196=DIRECTION('',(0.,0.,-1.));
#16197=DIRECTION('',(0.,0.,-1.));
#16198=DIRECTION('',(-1.,0.,0.));
#16199=DIRECTION('',(0.,0.,-1.));
#16200=DIRECTION('',(0.998989004852543,-0.0449551797207578,0.));
#16201=DIRECTION('',(0.0449551797207578,0.998989004852543,0.));
#16202=DIRECTION('',(0.,0.,-1.));
#16203=DIRECTION('',(0.866025403784438,0.500000000000002,0.));
#16204=DIRECTION('',(-0.500000000000002,0.866025403784438,0.));
#16205=DIRECTION('',(0.866025403784438,0.500000000000002,0.));
#16206=DIRECTION('',(-0.500000000000002,0.866025403784438,0.));
#16207=DIRECTION('',(0.,0.,-1.));
#16208=DIRECTION('',(0.,0.,-1.));
#16209=DIRECTION('',(0.998989004852543,-0.0449551797207578,0.));
#16210=DIRECTION('',(0.0449551797207578,0.998989004852543,0.));
#16211=DIRECTION('',(0.,0.,-1.));
#16212=DIRECTION('',(0.,0.,-1.));
#16213=DIRECTION('',(-1.,0.,0.));
#16214=DIRECTION('',(0.,0.,-1.));
#16215=DIRECTION('',(-0.998989004852543,-0.0449551797207573,0.));
#16216=DIRECTION('',(0.0449551797207573,-0.998989004852543,0.));
#16217=DIRECTION('',(0.,0.,-1.));
#16218=DIRECTION('',(-0.866025403784441,0.499999999999997,0.));
#16219=DIRECTION('',(-0.499999999999997,-0.866025403784441,0.));
#16220=DIRECTION('',(0.,0.,-1.));
#16221=DIRECTION('',(0.994760053749085,0.102237153056591,0.));
#16222=DIRECTION('',(-0.102237153056591,0.994760053749085,0.));
#16223=DIRECTION('',(-0.994760053749085,0.102237153056591,0.));
#16224=DIRECTION('',(-0.102237153056591,-0.994760053749085,0.));
#16225=DIRECTION('',(0.,-1.,1.17018410943563E-16));
#16226=DIRECTION('',(0.,-1.17018410943563E-16,-1.));
#16227=DIRECTION('',(0.,0.,1.));
#16228=DIRECTION('',(1.,0.,0.));
#16229=DIRECTION('',(0.,1.,0.));
#16230=DIRECTION('',(0.,0.,1.));
#16231=DIRECTION('',(1.,0.,0.));
#16232=DIRECTION('',(0.,0.,-1.));
#16233=DIRECTION('',(-1.,0.,0.));
#16234=DIRECTION('',(0.,0.,1.));
#16235=DIRECTION('',(1.,0.,0.));
#16236=DIRECTION('',(0.,0.,-1.));
#16237=DIRECTION('',(-1.,0.,0.));
#16238=DIRECTION('',(0.,0.,1.));
#16239=DIRECTION('',(1.,0.,0.));
#16240=DIRECTION('',(0.,0.,-1.));
#16241=DIRECTION('',(-1.,0.,0.));
#16242=DIRECTION('',(0.,0.,1.));
#16243=DIRECTION('',(1.,0.,0.));
#16244=DIRECTION('',(0.,0.,-1.));
#16245=DIRECTION('',(-1.,0.,0.));
#16246=DIRECTION('',(0.,0.,1.));
#16247=DIRECTION('',(1.,0.,0.));
#16248=DIRECTION('',(0.,0.,-1.));
#16249=DIRECTION('',(-1.,0.,0.));
#16250=DIRECTION('',(0.,0.,1.));
#16251=DIRECTION('',(1.,0.,0.));
#16252=DIRECTION('',(0.,0.,-1.));
#16253=DIRECTION('',(-1.,0.,0.));
#16254=DIRECTION('',(0.,0.,1.));
#16255=DIRECTION('',(1.,0.,0.));
#16256=DIRECTION('',(0.,0.,-1.));
#16257=DIRECTION('',(-1.,0.,0.));
#16258=DIRECTION('',(0.,0.,1.));
#16259=DIRECTION('',(1.,0.,0.));
#16260=DIRECTION('',(0.,0.,-1.));
#16261=DIRECTION('',(-1.,0.,0.));
#16262=DIRECTION('',(0.,0.,1.));
#16263=DIRECTION('',(0.,0.,1.));
#16264=DIRECTION('',(1.,0.,0.));
#16265=DIRECTION('',(0.,0.,-1.));
#16266=DIRECTION('',(-1.,0.,0.));
#16267=DIRECTION('',(0.,0.,1.));
#16268=DIRECTION('',(1.,0.,0.));
#16269=DIRECTION('',(0.,0.,-1.));
#16270=DIRECTION('',(-1.,0.,0.));
#16271=DIRECTION('',(0.,0.,1.));
#16272=DIRECTION('',(1.,0.,0.));
#16273=DIRECTION('',(0.,0.,-1.));
#16274=DIRECTION('',(-1.,0.,0.));
#16275=DIRECTION('',(0.,0.,1.));
#16276=DIRECTION('',(1.,0.,0.));
#16277=DIRECTION('',(0.,0.,-1.));
#16278=DIRECTION('',(-1.,0.,0.));
#16279=DIRECTION('',(0.,0.,1.));
#16280=DIRECTION('',(1.,0.,0.));
#16281=DIRECTION('',(0.,0.,-1.));
#16282=DIRECTION('',(-1.,0.,0.));
#16283=DIRECTION('',(0.,0.,1.));
#16284=DIRECTION('',(1.,0.,0.));
#16285=DIRECTION('',(0.,0.,-1.));
#16286=DIRECTION('',(-1.,0.,0.));
#16287=DIRECTION('',(0.,0.,1.));
#16288=DIRECTION('',(1.,0.,0.));
#16289=DIRECTION('',(0.,0.,-1.));
#16290=DIRECTION('',(-1.,0.,0.));
#16291=DIRECTION('',(0.,0.,1.));
#16292=DIRECTION('',(1.,0.,0.));
#16293=DIRECTION('',(0.,0.,-1.));
#16294=DIRECTION('',(-1.,0.,0.));
#16295=DIRECTION('',(0.,0.,1.));
#16296=DIRECTION('',(1.,0.,0.));
#16297=DIRECTION('',(0.,0.,-1.));
#16298=DIRECTION('',(-1.,0.,0.));
#16299=DIRECTION('',(0.,0.,1.));
#16300=DIRECTION('',(1.,0.,0.));
#16301=DIRECTION('',(0.,0.,-1.));
#16302=DIRECTION('',(-1.,0.,0.));
#16303=DIRECTION('',(0.,0.,1.));
#16304=DIRECTION('',(1.,0.,0.));
#16305=DIRECTION('',(0.,0.,1.));
#16306=DIRECTION('',(-1.,0.,0.));
#16307=DIRECTION('',(0.,0.,1.));
#16308=DIRECTION('',(1.,0.,0.));
#16309=DIRECTION('',(0.,0.,-1.));
#16310=DIRECTION('',(-1.,0.,0.));
#16311=DIRECTION('',(0.,0.,1.));
#16312=DIRECTION('',(1.,0.,0.));
#16313=DIRECTION('',(0.,0.,-1.));
#16314=DIRECTION('',(-1.,0.,0.));
#16315=DIRECTION('',(0.,0.,1.));
#16316=DIRECTION('',(1.,0.,0.));
#16317=DIRECTION('',(0.,0.,-1.));
#16318=DIRECTION('',(-1.,0.,0.));
#16319=DIRECTION('',(0.,0.,1.));
#16320=DIRECTION('',(1.,0.,0.));
#16321=DIRECTION('',(0.,0.,-1.));
#16322=DIRECTION('',(-1.,0.,0.));
#16323=DIRECTION('',(0.,0.,1.));
#16324=DIRECTION('',(1.,0.,0.));
#16325=DIRECTION('',(0.,0.,-1.));
#16326=DIRECTION('',(-1.,0.,0.));
#16327=DIRECTION('',(0.,0.,1.));
#16328=DIRECTION('',(1.,0.,0.));
#16329=DIRECTION('',(0.,0.,-1.));
#16330=DIRECTION('',(-1.,0.,0.));
#16331=DIRECTION('',(0.,0.,1.));
#16332=DIRECTION('',(1.,0.,0.));
#16333=DIRECTION('',(0.,0.,-1.));
#16334=DIRECTION('',(-1.,0.,0.));
#16335=DIRECTION('',(0.,0.,1.));
#16336=DIRECTION('',(1.,0.,0.));
#16337=DIRECTION('',(0.,0.,-1.));
#16338=DIRECTION('',(-1.,0.,0.));
#16339=DIRECTION('',(0.,0.,1.));
#16340=DIRECTION('',(1.,0.,0.));
#16341=DIRECTION('',(0.,0.,-1.));
#16342=DIRECTION('',(-1.,0.,0.));
#16343=DIRECTION('',(0.,0.,1.));
#16344=DIRECTION('',(1.,0.,0.));
#16345=DIRECTION('',(0.,0.,-1.));
#16346=DIRECTION('',(-1.,0.,0.));
#16347=DIRECTION('',(0.,0.,1.));
#16348=DIRECTION('',(1.,0.,0.));
#16349=DIRECTION('',(0.,0.,-1.));
#16350=DIRECTION('',(-1.,0.,0.));
#16351=DIRECTION('',(0.,0.,1.));
#16352=DIRECTION('',(1.,0.,0.));
#16353=DIRECTION('',(0.,0.,-1.));
#16354=DIRECTION('',(-1.,0.,0.));
#16355=DIRECTION('',(0.,0.,1.));
#16356=DIRECTION('',(1.,0.,0.));
#16357=DIRECTION('',(0.,0.,-1.));
#16358=DIRECTION('',(-1.,0.,0.));
#16359=DIRECTION('',(0.,0.,1.));
#16360=DIRECTION('',(1.,0.,0.));
#16361=DIRECTION('',(0.,0.,-1.));
#16362=DIRECTION('',(-1.,0.,0.));
#16363=DIRECTION('',(0.,0.,1.));
#16364=DIRECTION('',(1.,0.,0.));
#16365=DIRECTION('',(0.,0.,-1.));
#16366=DIRECTION('',(-1.,0.,0.));
#16367=DIRECTION('',(0.,0.,1.));
#16368=DIRECTION('',(1.,0.,0.));
#16369=DIRECTION('',(0.,0.,-1.));
#16370=DIRECTION('',(-1.,0.,0.));
#16371=DIRECTION('',(0.,0.,-1.));
#16372=DIRECTION('',(1.,0.,0.));
#16373=DIRECTION('',(0.,0.,-1.));
#16374=DIRECTION('',(-1.,0.,0.));
#16375=DIRECTION('',(0.,0.,1.));
#16376=DIRECTION('',(1.,0.,0.));
#16377=DIRECTION('',(0.,0.,-1.));
#16378=DIRECTION('',(-1.,0.,0.));
#16379=DIRECTION('',(0.,0.,1.));
#16380=DIRECTION('',(1.,0.,0.));
#16381=DIRECTION('',(0.,0.,-1.));
#16382=DIRECTION('',(-1.,0.,0.));
#16383=DIRECTION('',(0.,0.,1.));
#16384=DIRECTION('',(1.,0.,0.));
#16385=DIRECTION('',(0.,0.,-1.));
#16386=DIRECTION('',(-1.,0.,0.));
#16387=DIRECTION('',(0.,0.,1.));
#16388=DIRECTION('',(1.,0.,0.));
#16389=DIRECTION('',(0.,0.,-1.));
#16390=DIRECTION('',(-1.,0.,0.));
#16391=DIRECTION('',(0.,0.,1.));
#16392=DIRECTION('',(1.,0.,0.));
#16393=DIRECTION('',(0.,0.,-1.));
#16394=DIRECTION('',(-1.,0.,0.));
#16395=DIRECTION('',(1.,0.,0.));
#16396=DIRECTION('',(0.,0.,-1.));
#16397=DIRECTION('',(-1.,0.,0.));
#16398=DIRECTION('',(0.,0.,1.));
#16399=DIRECTION('',(1.,0.,0.));
#16400=DIRECTION('',(0.,0.,-1.));
#16401=DIRECTION('',(-1.,0.,0.));
#16402=DIRECTION('',(0.,0.,1.));
#16403=DIRECTION('',(1.,0.,0.));
#16404=DIRECTION('',(0.,0.,-1.));
#16405=DIRECTION('',(-1.,0.,0.));
#16406=DIRECTION('',(0.,0.,1.));
#16407=DIRECTION('',(1.,0.,0.));
#16408=DIRECTION('',(0.,0.,-1.));
#16409=DIRECTION('',(-1.,0.,0.));
#16410=DIRECTION('',(0.,0.,1.));
#16411=DIRECTION('',(1.,0.,0.));
#16412=DIRECTION('',(0.,0.,-1.));
#16413=DIRECTION('',(-1.,0.,0.));
#16414=DIRECTION('',(0.,0.,1.));
#16415=DIRECTION('',(1.,0.,0.));
#16416=DIRECTION('',(0.,0.,-1.));
#16417=DIRECTION('',(-1.,0.,0.));
#16418=DIRECTION('',(0.,0.,1.));
#16419=DIRECTION('',(1.,0.,0.));
#16420=DIRECTION('',(0.,0.,-1.));
#16421=DIRECTION('',(-1.,0.,0.));
#16422=DIRECTION('',(0.,0.,1.));
#16423=DIRECTION('',(1.,0.,0.));
#16424=DIRECTION('',(0.,0.,-1.));
#16425=DIRECTION('',(-1.,0.,0.));
#16426=DIRECTION('',(0.,0.,1.));
#16427=DIRECTION('',(0.,0.,1.));
#16428=DIRECTION('',(1.,0.,0.));
#16429=DIRECTION('',(0.,-1.,0.));
#16430=DIRECTION('',(-1.,0.,0.));
#16431=DIRECTION('',(0.,-1.,0.));
#16432=DIRECTION('',(0.,-1.,0.));
#16433=DIRECTION('',(-1.,0.,0.));
#16434=DIRECTION('',(0.,-1.,0.));
#16435=DIRECTION('',(0.,-1.,0.));
#16436=DIRECTION('',(-1.,0.,0.));
#16437=DIRECTION('',(0.,-1.,0.));
#16438=DIRECTION('',(0.,-1.,0.));
#16439=DIRECTION('',(-1.,0.,0.));
#16440=DIRECTION('',(0.,-1.,0.));
#16441=DIRECTION('',(0.,-1.,0.));
#16442=DIRECTION('',(-1.,0.,0.));
#16443=DIRECTION('',(0.,-1.,0.));
#16444=DIRECTION('',(0.,-1.,0.));
#16445=DIRECTION('',(-1.,0.,0.));
#16446=DIRECTION('',(0.,-1.,0.));
#16447=DIRECTION('',(0.,-1.,0.));
#16448=DIRECTION('',(-1.,0.,0.));
#16449=DIRECTION('',(0.,-1.,0.));
#16450=DIRECTION('',(0.,-1.,0.));
#16451=DIRECTION('',(-1.,0.,0.));
#16452=DIRECTION('',(0.,-1.,0.));
#16453=DIRECTION('',(0.,-1.,0.));
#16454=DIRECTION('',(-1.,0.,0.));
#16455=DIRECTION('',(0.,-1.,0.));
#16456=DIRECTION('',(0.,-1.,0.));
#16457=DIRECTION('',(-1.,0.,0.));
#16458=DIRECTION('',(0.,-1.,0.));
#16459=DIRECTION('',(0.,-1.,0.));
#16460=DIRECTION('',(-1.,0.,0.));
#16461=DIRECTION('',(0.,-1.,0.));
#16462=DIRECTION('',(0.,-1.,0.));
#16463=DIRECTION('',(-1.,0.,0.));
#16464=DIRECTION('',(0.,-1.,0.));
#16465=DIRECTION('',(0.,-1.,0.));
#16466=DIRECTION('',(-1.,0.,0.));
#16467=DIRECTION('',(0.,-1.,0.));
#16468=DIRECTION('',(0.,-1.,0.));
#16469=DIRECTION('',(-1.,0.,0.));
#16470=DIRECTION('',(0.,-1.,0.));
#16471=DIRECTION('',(0.,-1.,0.));
#16472=DIRECTION('',(-1.,0.,0.));
#16473=DIRECTION('',(0.,-1.,0.));
#16474=DIRECTION('',(0.,-1.,0.));
#16475=DIRECTION('',(-1.,0.,0.));
#16476=DIRECTION('',(0.,-1.,0.));
#16477=DIRECTION('',(0.,-1.,0.));
#16478=DIRECTION('',(-1.,0.,0.));
#16479=DIRECTION('',(0.,-1.,0.));
#16480=DIRECTION('',(1.,0.,0.));
#16481=DIRECTION('',(0.,0.,-1.));
#16482=DIRECTION('',(0.,-1.,0.));
#16483=DIRECTION('',(0.,0.,1.));
#16484=DIRECTION('',(0.,0.,-1.));
#16485=DIRECTION('',(-1.,0.,0.));
#16486=DIRECTION('',(0.,-1.,0.));
#16487=DIRECTION('',(1.,0.,0.));
#16488=DIRECTION('',(0.,-1.,0.));
#16489=DIRECTION('',(0.,-1.,0.));
#16490=DIRECTION('',(1.,0.,0.));
#16491=DIRECTION('',(0.,-1.,0.));
#16492=DIRECTION('',(0.,-1.,0.));
#16493=DIRECTION('',(1.,0.,0.));
#16494=DIRECTION('',(0.,-1.,0.));
#16495=DIRECTION('',(0.,-1.,0.));
#16496=DIRECTION('',(1.,0.,0.));
#16497=DIRECTION('',(0.,-1.,0.));
#16498=DIRECTION('',(0.,-1.,0.));
#16499=DIRECTION('',(1.,0.,0.));
#16500=DIRECTION('',(0.,-1.,0.));
#16501=DIRECTION('',(0.,-1.,0.));
#16502=DIRECTION('',(1.,0.,0.));
#16503=DIRECTION('',(0.,-1.,0.));
#16504=DIRECTION('',(0.,-1.,0.));
#16505=DIRECTION('',(1.,0.,0.));
#16506=DIRECTION('',(0.,-1.,0.));
#16507=DIRECTION('',(0.,-1.,0.));
#16508=DIRECTION('',(1.,0.,0.));
#16509=DIRECTION('',(0.,-1.,0.));
#16510=DIRECTION('',(0.,-1.,0.));
#16511=DIRECTION('',(1.,0.,0.));
#16512=DIRECTION('',(0.,-1.,0.));
#16513=DIRECTION('',(0.,-1.,0.));
#16514=DIRECTION('',(1.,0.,0.));
#16515=DIRECTION('',(0.,-1.,0.));
#16516=DIRECTION('',(0.,-1.,0.));
#16517=DIRECTION('',(1.,0.,0.));
#16518=DIRECTION('',(0.,-1.,0.));
#16519=DIRECTION('',(0.,-1.,0.));
#16520=DIRECTION('',(1.,0.,0.));
#16521=DIRECTION('',(0.,-1.,0.));
#16522=DIRECTION('',(0.,-1.,0.));
#16523=DIRECTION('',(1.,0.,0.));
#16524=DIRECTION('',(0.,-1.,0.));
#16525=DIRECTION('',(0.,-1.,0.));
#16526=DIRECTION('',(1.,0.,0.));
#16527=DIRECTION('',(0.,-1.,0.));
#16528=DIRECTION('',(0.,-1.,0.));
#16529=DIRECTION('',(1.,0.,0.));
#16530=DIRECTION('',(0.,-1.,0.));
#16531=DIRECTION('',(0.,-1.,0.));
#16532=DIRECTION('',(1.,0.,0.));
#16533=DIRECTION('',(0.,-1.,0.));
#16534=DIRECTION('',(0.,-1.,0.));
#16535=DIRECTION('',(1.,0.,0.));
#16536=DIRECTION('',(-1.,0.,0.));
#16537=DIRECTION('',(0.,0.,1.));
#16538=DIRECTION('',(0.,0.,-1.));
#16539=DIRECTION('',(0.,1.,0.));
#16540=DIRECTION('',(0.,0.,1.));
#16541=DIRECTION('',(0.,0.,1.));
#16542=DIRECTION('',(1.,0.,0.));
#16543=DIRECTION('',(-1.,0.,0.));
#16544=DIRECTION('',(0.,-1.,0.));
#16545=DIRECTION('',(0.,-1.,0.));
#16546=DIRECTION('',(1.,0.,0.));
#16547=DIRECTION('',(0.,0.,-1.));
#16548=DIRECTION('',(0.,0.,1.));
#16549=DIRECTION('',(-1.,0.,0.));
#16550=DIRECTION('',(0.,0.,1.));
#16551=DIRECTION('',(0.,0.,-1.));
#16552=DIRECTION('',(0.,1.,0.));
#16553=DIRECTION('',(0.,0.,1.));
#16554=DIRECTION('',(0.,0.,1.));
#16555=DIRECTION('',(1.,0.,0.));
#16556=DIRECTION('',(-1.,0.,0.));
#16557=DIRECTION('',(0.,-1.,0.));
#16558=DIRECTION('',(0.,-1.,0.));
#16559=DIRECTION('',(1.,0.,0.));
#16560=DIRECTION('',(0.,0.,-1.));
#16561=DIRECTION('',(0.,0.,1.));
#16562=DIRECTION('',(-1.,0.,0.));
#16563=DIRECTION('',(0.,0.,1.));
#16564=DIRECTION('',(0.,0.,-1.));
#16565=DIRECTION('',(0.,1.,0.));
#16566=DIRECTION('',(0.,0.,1.));
#16567=DIRECTION('',(1.,0.,0.));
#16568=DIRECTION('',(0.,0.,-1.));
#16569=DIRECTION('',(0.,0.,1.));
#16570=DIRECTION('',(0.,-1.,0.));
#16571=DIRECTION('',(0.,0.,-1.));
#16572=DIRECTION('',(-1.,0.,0.));
#16573=DIRECTION('',(1.,0.,0.));
#16574=DIRECTION('',(0.,-1.,0.));
#16575=DIRECTION('',(-1.,0.,0.));
#16576=DIRECTION('',(0.,0.,1.));
#16577=DIRECTION('',(0.,0.,-1.));
#16578=DIRECTION('',(0.,1.,0.));
#16579=DIRECTION('',(0.,0.,1.));
#16580=DIRECTION('',(1.,0.,0.));
#16581=DIRECTION('',(0.,0.,-1.));
#16582=DIRECTION('',(0.,0.,1.));
#16583=DIRECTION('',(0.,-1.,0.));
#16584=DIRECTION('',(0.,0.,-1.));
#16585=DIRECTION('',(-1.,0.,0.));
#16586=DIRECTION('',(1.,0.,0.));
#16587=DIRECTION('',(0.,-1.,0.));
#16588=DIRECTION('',(-1.,0.,0.));
#16589=DIRECTION('',(0.,0.,1.));
#16590=DIRECTION('',(0.,0.,-1.));
#16591=DIRECTION('',(0.,1.,0.));
#16592=DIRECTION('',(0.,0.,1.));
#16593=DIRECTION('',(1.,0.,0.));
#16594=DIRECTION('',(0.,0.,-1.));
#16595=DIRECTION('',(0.,0.,1.));
#16596=DIRECTION('',(0.,-1.,0.));
#16597=DIRECTION('',(0.,0.,-1.));
#16598=DIRECTION('',(-1.,0.,0.));
#16599=DIRECTION('',(1.,0.,0.));
#16600=DIRECTION('',(0.,-1.,0.));
#16601=DIRECTION('',(-1.,0.,0.));
#16602=DIRECTION('',(0.,0.,1.));
#16603=DIRECTION('',(0.,0.,-1.));
#16604=DIRECTION('',(0.,1.,0.));
#16605=DIRECTION('',(0.,0.,1.));
#16606=DIRECTION('',(1.,0.,0.));
#16607=DIRECTION('',(0.,0.,-1.));
#16608=DIRECTION('',(0.,0.,1.));
#16609=DIRECTION('',(0.,-1.,0.));
#16610=DIRECTION('',(0.,0.,-1.));
#16611=DIRECTION('',(-1.,0.,0.));
#16612=DIRECTION('',(1.,0.,0.));
#16613=DIRECTION('',(0.,-1.,0.));
#16614=DIRECTION('',(-1.,0.,0.));
#16615=DIRECTION('',(0.,0.,1.));
#16616=DIRECTION('',(0.,0.,-1.));
#16617=DIRECTION('',(0.,1.,0.));
#16618=DIRECTION('',(0.,0.,1.));
#16619=DIRECTION('',(1.,0.,0.));
#16620=DIRECTION('',(0.,0.,-1.));
#16621=DIRECTION('',(0.,0.,1.));
#16622=DIRECTION('',(0.,-1.,0.));
#16623=DIRECTION('',(0.,0.,-1.));
#16624=DIRECTION('',(-1.,0.,0.));
#16625=DIRECTION('',(1.,0.,0.));
#16626=DIRECTION('',(0.,-1.,0.));
#16627=DIRECTION('',(-1.,0.,0.));
#16628=DIRECTION('',(0.,0.,1.));
#16629=DIRECTION('',(0.,0.,-1.));
#16630=DIRECTION('',(0.,1.,0.));
#16631=DIRECTION('',(0.,0.,1.));
#16632=DIRECTION('',(1.,0.,0.));
#16633=DIRECTION('',(0.,0.,-1.));
#16634=DIRECTION('',(0.,0.,1.));
#16635=DIRECTION('',(0.,-1.,0.));
#16636=DIRECTION('',(0.,0.,-1.));
#16637=DIRECTION('',(-1.,0.,0.));
#16638=DIRECTION('',(1.,0.,0.));
#16639=DIRECTION('',(0.,-1.,0.));
#16640=DIRECTION('',(-1.,0.,0.));
#16641=DIRECTION('',(0.,0.,1.));
#16642=DIRECTION('',(0.,0.,-1.));
#16643=DIRECTION('',(0.,1.,0.));
#16644=DIRECTION('',(0.,0.,1.));
#16645=DIRECTION('',(1.,0.,0.));
#16646=DIRECTION('',(0.,0.,-1.));
#16647=DIRECTION('',(0.,0.,1.));
#16648=DIRECTION('',(0.,-1.,0.));
#16649=DIRECTION('',(0.,0.,-1.));
#16650=DIRECTION('',(-1.,0.,0.));
#16651=DIRECTION('',(1.,0.,0.));
#16652=DIRECTION('',(0.,-1.,0.));
#16653=DIRECTION('',(-1.,0.,0.));
#16654=DIRECTION('',(0.,0.,1.));
#16655=DIRECTION('',(0.,0.,-1.));
#16656=DIRECTION('',(0.,1.,0.));
#16657=DIRECTION('',(0.,0.,1.));
#16658=DIRECTION('',(1.,0.,0.));
#16659=DIRECTION('',(0.,0.,-1.));
#16660=DIRECTION('',(0.,0.,1.));
#16661=DIRECTION('',(0.,-1.,0.));
#16662=DIRECTION('',(0.,0.,-1.));
#16663=DIRECTION('',(-1.,0.,0.));
#16664=DIRECTION('',(1.,0.,0.));
#16665=DIRECTION('',(0.,-1.,0.));
#16666=DIRECTION('',(-1.,0.,0.));
#16667=DIRECTION('',(0.,0.,1.));
#16668=DIRECTION('',(0.,0.,-1.));
#16669=DIRECTION('',(0.,1.,0.));
#16670=DIRECTION('',(0.,0.,1.));
#16671=DIRECTION('',(1.,0.,0.));
#16672=DIRECTION('',(0.,0.,-1.));
#16673=DIRECTION('',(0.,0.,1.));
#16674=DIRECTION('',(0.,-1.,0.));
#16675=DIRECTION('',(0.,0.,-1.));
#16676=DIRECTION('',(-1.,0.,0.));
#16677=DIRECTION('',(1.,0.,0.));
#16678=DIRECTION('',(0.,-1.,0.));
#16679=DIRECTION('',(-1.,0.,0.));
#16680=DIRECTION('',(0.,0.,1.));
#16681=DIRECTION('',(0.,0.,-1.));
#16682=DIRECTION('',(0.,1.,0.));
#16683=DIRECTION('',(0.,0.,1.));
#16684=DIRECTION('',(1.,0.,0.));
#16685=DIRECTION('',(0.,0.,-1.));
#16686=DIRECTION('',(0.,0.,1.));
#16687=DIRECTION('',(0.,-1.,0.));
#16688=DIRECTION('',(0.,0.,-1.));
#16689=DIRECTION('',(-1.,0.,0.));
#16690=DIRECTION('',(1.,0.,0.));
#16691=DIRECTION('',(0.,-1.,0.));
#16692=DIRECTION('',(-1.,0.,0.));
#16693=DIRECTION('',(0.,0.,1.));
#16694=DIRECTION('',(0.,0.,-1.));
#16695=DIRECTION('',(0.,1.,0.));
#16696=DIRECTION('',(0.,0.,1.));
#16697=DIRECTION('',(1.,0.,0.));
#16698=DIRECTION('',(0.,0.,-1.));
#16699=DIRECTION('',(0.,0.,1.));
#16700=DIRECTION('',(0.,-1.,0.));
#16701=DIRECTION('',(0.,0.,-1.));
#16702=DIRECTION('',(-1.,0.,0.));
#16703=DIRECTION('',(1.,0.,0.));
#16704=DIRECTION('',(0.,-1.,0.));
#16705=DIRECTION('',(-1.,0.,0.));
#16706=DIRECTION('',(0.,0.,1.));
#16707=DIRECTION('',(0.,0.,-1.));
#16708=DIRECTION('',(0.,1.,0.));
#16709=DIRECTION('',(0.,0.,1.));
#16710=DIRECTION('',(1.,0.,0.));
#16711=DIRECTION('',(0.,0.,-1.));
#16712=DIRECTION('',(0.,0.,1.));
#16713=DIRECTION('',(0.,-1.,0.));
#16714=DIRECTION('',(0.,0.,-1.));
#16715=DIRECTION('',(-1.,0.,0.));
#16716=DIRECTION('',(1.,0.,0.));
#16717=DIRECTION('',(0.,-1.,0.));
#16718=DIRECTION('',(-1.,0.,0.));
#16719=DIRECTION('',(0.,0.,1.));
#16720=DIRECTION('',(0.,0.,-1.));
#16721=DIRECTION('',(0.,1.,0.));
#16722=DIRECTION('',(0.,0.,1.));
#16723=DIRECTION('',(1.,0.,0.));
#16724=DIRECTION('',(0.,0.,-1.));
#16725=DIRECTION('',(0.,0.,1.));
#16726=DIRECTION('',(0.,-1.,0.));
#16727=DIRECTION('',(0.,0.,-1.));
#16728=DIRECTION('',(-1.,0.,0.));
#16729=DIRECTION('',(1.,0.,0.));
#16730=DIRECTION('',(0.,-1.,0.));
#16731=DIRECTION('',(-1.,0.,0.));
#16732=DIRECTION('',(0.,0.,1.));
#16733=DIRECTION('',(0.,0.,-1.));
#16734=DIRECTION('',(0.,1.,0.));
#16735=DIRECTION('',(0.,0.,1.));
#16736=DIRECTION('',(1.,0.,0.));
#16737=DIRECTION('',(0.,0.,-1.));
#16738=DIRECTION('',(0.,0.,1.));
#16739=DIRECTION('',(0.,-1.,0.));
#16740=DIRECTION('',(0.,0.,-1.));
#16741=DIRECTION('',(-1.,0.,0.));
#16742=DIRECTION('',(1.,0.,0.));
#16743=DIRECTION('',(0.,-1.,0.));
#16744=DIRECTION('',(-1.,0.,0.));
#16745=DIRECTION('',(0.,0.,1.));
#16746=DIRECTION('',(0.,0.,-1.));
#16747=DIRECTION('',(0.,1.,0.));
#16748=DIRECTION('',(0.,0.,1.));
#16749=DIRECTION('',(0.,0.,1.));
#16750=DIRECTION('',(1.,0.,0.));
#16751=DIRECTION('',(-1.,0.,0.));
#16752=DIRECTION('',(0.,-1.,0.));
#16753=DIRECTION('',(0.,-1.,0.));
#16754=DIRECTION('',(1.,0.,0.));
#16755=DIRECTION('',(0.,0.,-1.));
#16756=DIRECTION('',(0.,0.,1.));
#16757=DIRECTION('',(-1.,0.,0.));
#16758=DIRECTION('',(0.,0.,1.));
#16759=DIRECTION('',(0.,0.,-1.));
#16760=DIRECTION('',(0.,1.,0.));
#16761=DIRECTION('',(0.,0.,1.));
#16762=DIRECTION('',(0.,0.,1.));
#16763=DIRECTION('',(1.,0.,0.));
#16764=DIRECTION('',(-1.,0.,0.));
#16765=DIRECTION('',(0.,-1.,0.));
#16766=DIRECTION('',(0.,-1.,0.));
#16767=DIRECTION('',(1.,0.,0.));
#16768=DIRECTION('',(0.,0.,-1.));
#16769=DIRECTION('',(0.,0.,1.));
#16770=DIRECTION('',(-1.,0.,0.));
#16771=DIRECTION('',(0.,0.,1.));
#16772=DIRECTION('',(0.,0.,-1.));
#16773=DIRECTION('',(0.,1.,0.));
#16774=DIRECTION('',(0.,0.,1.));
#16775=DIRECTION('',(0.,0.,1.));
#16776=DIRECTION('',(1.,0.,0.));
#16777=DIRECTION('',(-1.,0.,0.));
#16778=DIRECTION('',(0.,-1.,0.));
#16779=DIRECTION('',(0.,-1.,0.));
#16780=DIRECTION('',(1.,0.,0.));
#16781=DIRECTION('',(0.,0.,-1.));
#16782=DIRECTION('',(0.,0.,1.));
#16783=DIRECTION('',(-1.,0.,0.));
#16784=DIRECTION('',(0.,0.,1.));
#16785=DIRECTION('',(0.,0.,-1.));
#16786=DIRECTION('',(0.,1.,0.));
#16787=DIRECTION('',(0.,0.,1.));
#16788=DIRECTION('',(0.,0.,1.));
#16789=DIRECTION('',(1.,0.,0.));
#16790=DIRECTION('',(-1.,0.,0.));
#16791=DIRECTION('',(0.,-1.,0.));
#16792=DIRECTION('',(0.,-1.,0.));
#16793=DIRECTION('',(1.,0.,0.));
#16794=DIRECTION('',(0.,0.,-1.));
#16795=DIRECTION('',(0.,0.,1.));
#16796=DIRECTION('',(-1.,0.,0.));
#16797=DIRECTION('',(0.,0.,1.));
#16798=DIRECTION('',(0.,0.,-1.));
#16799=DIRECTION('',(0.,1.,0.));
#16800=DIRECTION('',(0.,0.,1.));
#16801=DIRECTION('',(0.,0.,1.));
#16802=DIRECTION('',(1.,0.,0.));
#16803=DIRECTION('',(-1.,0.,0.));
#16804=DIRECTION('',(0.,-1.,0.));
#16805=DIRECTION('',(0.,-1.,0.));
#16806=DIRECTION('',(1.,0.,0.));
#16807=DIRECTION('',(0.,0.,-1.));
#16808=DIRECTION('',(0.,0.,1.));
#16809=DIRECTION('',(-1.,0.,0.));
#16810=DIRECTION('',(0.,0.,1.));
#16811=DIRECTION('',(0.,0.,-1.));
#16812=DIRECTION('',(0.,1.,0.));
#16813=DIRECTION('',(0.,0.,1.));
#16814=DIRECTION('',(0.,0.,1.));
#16815=DIRECTION('',(1.,0.,0.));
#16816=DIRECTION('',(-1.,0.,0.));
#16817=DIRECTION('',(0.,-1.,0.));
#16818=DIRECTION('',(0.,-1.,0.));
#16819=DIRECTION('',(1.,0.,0.));
#16820=DIRECTION('',(0.,0.,-1.));
#16821=DIRECTION('',(0.,0.,1.));
#16822=DIRECTION('',(-1.,0.,0.));
#16823=DIRECTION('',(0.,0.,1.));
#16824=DIRECTION('',(0.,0.,-1.));
#16825=DIRECTION('',(0.,1.,0.));
#16826=DIRECTION('',(0.,0.,1.));
#16827=DIRECTION('',(0.,0.,1.));
#16828=DIRECTION('',(1.,0.,0.));
#16829=DIRECTION('',(-1.,0.,0.));
#16830=DIRECTION('',(0.,-1.,0.));
#16831=DIRECTION('',(0.,-1.,0.));
#16832=DIRECTION('',(1.,0.,0.));
#16833=DIRECTION('',(0.,0.,-1.));
#16834=DIRECTION('',(0.,0.,1.));
#16835=DIRECTION('',(-1.,0.,0.));
#16836=DIRECTION('',(0.,0.,1.));
#16837=DIRECTION('',(0.,0.,-1.));
#16838=DIRECTION('',(0.,1.,0.));
#16839=DIRECTION('',(0.,0.,1.));
#16840=DIRECTION('',(0.,0.,1.));
#16841=DIRECTION('',(1.,0.,0.));
#16842=DIRECTION('',(-1.,0.,0.));
#16843=DIRECTION('',(0.,-1.,0.));
#16844=DIRECTION('',(0.,-1.,0.));
#16845=DIRECTION('',(1.,0.,0.));
#16846=DIRECTION('',(0.,0.,-1.));
#16847=DIRECTION('',(0.,0.,1.));
#16848=DIRECTION('',(-1.,0.,0.));
#16849=DIRECTION('',(0.,0.,1.));
#16850=DIRECTION('',(0.,0.,-1.));
#16851=DIRECTION('',(0.,1.,0.));
#16852=DIRECTION('',(0.,0.,1.));
#16853=DIRECTION('',(1.,0.,0.));
#16854=DIRECTION('',(0.,0.,-1.));
#16855=DIRECTION('',(0.,0.,1.));
#16856=DIRECTION('',(0.,-1.,0.));
#16857=DIRECTION('',(0.,0.,-1.));
#16858=DIRECTION('',(-1.,0.,0.));
#16859=DIRECTION('',(1.,0.,0.));
#16860=DIRECTION('',(0.,-1.,0.));
#16861=DIRECTION('',(-1.,0.,0.));
#16862=DIRECTION('',(0.,0.,1.));
#16863=DIRECTION('',(0.,0.,-1.));
#16864=DIRECTION('',(0.,1.,0.));
#16865=DIRECTION('',(0.,0.,1.));
#16866=DIRECTION('',(1.,0.,0.));
#16867=DIRECTION('',(0.,0.,-1.));
#16868=DIRECTION('',(0.,0.,1.));
#16869=DIRECTION('',(0.,-1.,0.));
#16870=DIRECTION('',(0.,0.,-1.));
#16871=DIRECTION('',(-1.,0.,0.));
#16872=DIRECTION('',(1.,0.,0.));
#16873=DIRECTION('',(0.,-1.,0.));
#16874=DIRECTION('',(-1.,0.,0.));
#16875=DIRECTION('',(0.,0.,1.));
#16876=DIRECTION('',(0.,0.,-1.));
#16877=DIRECTION('',(0.,1.,0.));
#16878=DIRECTION('',(0.,0.,1.));
#16879=DIRECTION('',(0.,0.,1.));
#16880=DIRECTION('',(1.,0.,0.));
#16881=DIRECTION('',(-1.,0.,0.));
#16882=DIRECTION('',(0.,-1.,0.));
#16883=DIRECTION('',(0.,-1.,0.));
#16884=DIRECTION('',(1.,0.,0.));
#16885=DIRECTION('',(0.,0.,-1.));
#16886=DIRECTION('',(0.,0.,1.));
#16887=DIRECTION('',(-1.,0.,0.));
#16888=DIRECTION('',(0.,0.,1.));
#16889=DIRECTION('',(0.,0.,-1.));
#16890=DIRECTION('',(0.,1.,0.));
#16891=DIRECTION('',(0.,0.,1.));
#16892=DIRECTION('',(0.,0.,1.));
#16893=DIRECTION('',(1.,0.,0.));
#16894=DIRECTION('',(-1.,0.,0.));
#16895=DIRECTION('',(0.,-1.,0.));
#16896=DIRECTION('',(0.,-1.,0.));
#16897=DIRECTION('',(1.,0.,0.));
#16898=DIRECTION('',(0.,0.,-1.));
#16899=DIRECTION('',(0.,0.,1.));
#16900=DIRECTION('',(-1.,0.,0.));
#16901=DIRECTION('',(0.,0.,1.));
#16902=DIRECTION('',(0.,0.,-1.));
#16903=DIRECTION('',(0.,1.,0.));
#16904=DIRECTION('',(0.,0.,1.));
#16905=DIRECTION('',(0.,0.,1.));
#16906=DIRECTION('',(1.,0.,0.));
#16907=DIRECTION('',(-1.,0.,0.));
#16908=DIRECTION('',(0.,-1.,0.));
#16909=DIRECTION('',(0.,-1.,0.));
#16910=DIRECTION('',(1.,0.,0.));
#16911=DIRECTION('',(0.,0.,-1.));
#16912=DIRECTION('',(0.,0.,1.));
#16913=DIRECTION('',(-1.,0.,0.));
#16914=DIRECTION('',(0.,0.,1.));
#16915=DIRECTION('',(0.,0.,-1.));
#16916=DIRECTION('',(0.,1.,0.));
#16917=DIRECTION('',(0.,0.,1.));
#16918=DIRECTION('',(0.,0.,1.));
#16919=DIRECTION('',(1.,0.,0.));
#16920=DIRECTION('',(-1.,0.,0.));
#16921=DIRECTION('',(0.,-1.,0.));
#16922=DIRECTION('',(0.,-1.,0.));
#16923=DIRECTION('',(1.,0.,0.));
#16924=DIRECTION('',(0.,0.,-1.));
#16925=DIRECTION('',(0.,0.,1.));
#16926=DIRECTION('',(-1.,0.,0.));
#16927=DIRECTION('',(0.,0.,1.));
#16928=DIRECTION('',(0.,0.,-1.));
#16929=DIRECTION('',(0.,1.,0.));
#16930=DIRECTION('',(0.,0.,1.));
#16931=DIRECTION('',(0.,0.,1.));
#16932=DIRECTION('',(1.,0.,0.));
#16933=DIRECTION('',(-1.,0.,0.));
#16934=DIRECTION('',(0.,-1.,0.));
#16935=DIRECTION('',(0.,-1.,0.));
#16936=DIRECTION('',(1.,0.,0.));
#16937=DIRECTION('',(0.,0.,-1.));
#16938=DIRECTION('',(0.,0.,1.));
#16939=DIRECTION('',(-1.,0.,0.));
#16940=DIRECTION('',(0.,0.,1.));
#16941=DIRECTION('',(0.,0.,-1.));
#16942=DIRECTION('',(0.,1.,0.));
#16943=DIRECTION('',(0.,0.,1.));
#16944=DIRECTION('',(0.,0.,1.));
#16945=DIRECTION('',(1.,0.,0.));
#16946=DIRECTION('',(-1.,0.,0.));
#16947=DIRECTION('',(0.,-1.,0.));
#16948=DIRECTION('',(0.,-1.,0.));
#16949=DIRECTION('',(1.,0.,0.));
#16950=DIRECTION('',(0.,0.,-1.));
#16951=DIRECTION('',(0.,0.,1.));
#16952=DIRECTION('',(-1.,0.,0.));
#16953=DIRECTION('',(0.,0.,1.));
#16954=DIRECTION('',(0.,0.,-1.));
#16955=DIRECTION('',(0.,1.,0.));
#16956=DIRECTION('',(0.,0.,1.));
#16957=DIRECTION('',(0.,0.,1.));
#16958=DIRECTION('',(1.,0.,0.));
#16959=DIRECTION('',(0.,-1.,0.));
#16960=DIRECTION('',(0.,-1.,0.));
#16961=DIRECTION('',(-1.,0.,0.));
#16962=DIRECTION('',(1.,0.,0.));
#16963=DIRECTION('',(0.,0.,-1.));
#16964=DIRECTION('',(0.,-1.,0.));
#16965=DIRECTION('',(0.,0.,1.));
#16966=DIRECTION('',(0.,0.,-1.));
#16967=DIRECTION('',(-1.,0.,0.));
#16968=DIRECTION('',(0.,-1.,0.));
#16969=DIRECTION('',(1.,0.,0.));
#16970=DIRECTION('',(-1.,0.,0.));
#16971=DIRECTION('',(0.,0.,1.));
#16972=DIRECTION('',(0.,0.,-1.));
#16973=DIRECTION('',(0.,1.,0.));
#16974=DIRECTION('',(0.,0.,1.));
#16975=DIRECTION('',(0.,0.,1.));
#16976=DIRECTION('',(1.,0.,0.));
#16977=DIRECTION('',(0.,-1.,0.));
#16978=DIRECTION('',(0.,-1.,0.));
#16979=DIRECTION('',(-1.,0.,0.));
#16980=DIRECTION('',(1.,0.,0.));
#16981=DIRECTION('',(0.,0.,-1.));
#16982=DIRECTION('',(0.,-1.,0.));
#16983=DIRECTION('',(0.,0.,1.));
#16984=DIRECTION('',(0.,0.,-1.));
#16985=DIRECTION('',(-1.,0.,0.));
#16986=DIRECTION('',(0.,-1.,0.));
#16987=DIRECTION('',(1.,0.,0.));
#16988=DIRECTION('',(-1.,0.,0.));
#16989=DIRECTION('',(0.,0.,1.));
#16990=DIRECTION('',(0.,0.,-1.));
#16991=DIRECTION('',(0.,1.,0.));
#16992=DIRECTION('',(0.,0.,1.));
#16993=DIRECTION('',(0.,0.,1.));
#16994=DIRECTION('',(1.,0.,0.));
#16995=DIRECTION('',(0.,-1.,0.));
#16996=DIRECTION('',(0.,-1.,0.));
#16997=DIRECTION('',(-1.,0.,0.));
#16998=DIRECTION('',(1.,0.,0.));
#16999=DIRECTION('',(0.,0.,-1.));
#17000=DIRECTION('',(0.,-1.,0.));
#17001=DIRECTION('',(0.,0.,1.));
#17002=DIRECTION('',(0.,0.,-1.));
#17003=DIRECTION('',(-1.,0.,0.));
#17004=DIRECTION('',(0.,-1.,0.));
#17005=DIRECTION('',(1.,0.,0.));
#17006=DIRECTION('',(-1.,0.,0.));
#17007=DIRECTION('',(0.,0.,1.));
#17008=DIRECTION('',(0.,0.,-1.));
#17009=DIRECTION('',(0.,1.,0.));
#17010=DIRECTION('',(0.,0.,1.));
#17011=DIRECTION('',(0.,0.,1.));
#17012=DIRECTION('',(1.,0.,0.));
#17013=DIRECTION('',(0.,-1.,0.));
#17014=DIRECTION('',(0.,-1.,0.));
#17015=DIRECTION('',(-1.,0.,0.));
#17016=DIRECTION('',(1.,0.,0.));
#17017=DIRECTION('',(0.,0.,-1.));
#17018=DIRECTION('',(0.,-1.,0.));
#17019=DIRECTION('',(0.,0.,1.));
#17020=DIRECTION('',(0.,0.,-1.));
#17021=DIRECTION('',(-1.,0.,0.));
#17022=DIRECTION('',(0.,-1.,0.));
#17023=DIRECTION('',(1.,0.,0.));
#17024=DIRECTION('',(-1.,0.,0.));
#17025=DIRECTION('',(0.,0.,1.));
#17026=DIRECTION('',(0.,0.,-1.));
#17027=DIRECTION('',(0.,1.,0.));
#17028=DIRECTION('',(0.,0.,1.));
#17029=DIRECTION('',(0.,0.,1.));
#17030=DIRECTION('',(1.,0.,0.));
#17031=DIRECTION('',(0.,-1.,0.));
#17032=DIRECTION('',(0.,-1.,0.));
#17033=DIRECTION('',(-1.,0.,0.));
#17034=DIRECTION('',(1.,0.,0.));
#17035=DIRECTION('',(0.,0.,-1.));
#17036=DIRECTION('',(0.,-1.,0.));
#17037=DIRECTION('',(0.,0.,1.));
#17038=DIRECTION('',(0.,0.,-1.));
#17039=DIRECTION('',(-1.,0.,0.));
#17040=DIRECTION('',(0.,-1.,0.));
#17041=DIRECTION('',(1.,0.,0.));
#17042=DIRECTION('',(-1.,0.,0.));
#17043=DIRECTION('',(0.,0.,1.));
#17044=DIRECTION('',(0.,0.,-1.));
#17045=DIRECTION('',(0.,1.,0.));
#17046=DIRECTION('',(0.,0.,1.));
#17047=DIRECTION('',(0.,0.,1.));
#17048=DIRECTION('',(1.,0.,0.));
#17049=DIRECTION('',(0.,-1.,0.));
#17050=DIRECTION('',(0.,-1.,0.));
#17051=DIRECTION('',(-1.,0.,0.));
#17052=DIRECTION('',(1.,0.,0.));
#17053=DIRECTION('',(0.,0.,-1.));
#17054=DIRECTION('',(0.,-1.,0.));
#17055=DIRECTION('',(0.,0.,1.));
#17056=DIRECTION('',(0.,0.,-1.));
#17057=DIRECTION('',(-1.,0.,0.));
#17058=DIRECTION('',(0.,-1.,0.));
#17059=DIRECTION('',(1.,0.,0.));
#17060=DIRECTION('',(-1.,0.,0.));
#17061=DIRECTION('',(0.,0.,1.));
#17062=DIRECTION('',(0.,0.,-1.));
#17063=DIRECTION('',(0.,1.,0.));
#17064=DIRECTION('',(0.,0.,1.));
#17065=DIRECTION('',(0.,0.,1.));
#17066=DIRECTION('',(1.,0.,0.));
#17067=DIRECTION('',(0.,-1.,0.));
#17068=DIRECTION('',(0.,-1.,0.));
#17069=DIRECTION('',(-1.,0.,0.));
#17070=DIRECTION('',(1.,0.,0.));
#17071=DIRECTION('',(0.,0.,-1.));
#17072=DIRECTION('',(0.,-1.,0.));
#17073=DIRECTION('',(0.,0.,1.));
#17074=DIRECTION('',(0.,0.,-1.));
#17075=DIRECTION('',(-1.,0.,0.));
#17076=DIRECTION('',(0.,-1.,0.));
#17077=DIRECTION('',(1.,0.,0.));
#17078=DIRECTION('',(-1.,0.,0.));
#17079=DIRECTION('',(0.,0.,1.));
#17080=DIRECTION('',(0.,0.,-1.));
#17081=DIRECTION('',(0.,1.,0.));
#17082=DIRECTION('',(0.,0.,1.));
#17083=DIRECTION('',(0.,0.,1.));
#17084=DIRECTION('',(1.,0.,0.));
#17085=DIRECTION('',(0.,-1.,0.));
#17086=DIRECTION('',(0.,-1.,0.));
#17087=DIRECTION('',(-1.,0.,0.));
#17088=DIRECTION('',(1.,0.,0.));
#17089=DIRECTION('',(0.,0.,-1.));
#17090=DIRECTION('',(0.,-1.,0.));
#17091=DIRECTION('',(0.,0.,1.));
#17092=DIRECTION('',(0.,0.,-1.));
#17093=DIRECTION('',(-1.,0.,0.));
#17094=DIRECTION('',(0.,-1.,0.));
#17095=DIRECTION('',(1.,0.,0.));
#17096=DIRECTION('',(-1.,0.,0.));
#17097=DIRECTION('',(0.,0.,1.));
#17098=DIRECTION('',(0.,0.,-1.));
#17099=DIRECTION('',(0.,1.,0.));
#17100=DIRECTION('',(0.,0.,1.));
#17101=DIRECTION('',(0.,0.,1.));
#17102=DIRECTION('',(1.,0.,0.));
#17103=DIRECTION('',(0.,-1.,0.));
#17104=DIRECTION('',(0.,-1.,0.));
#17105=DIRECTION('',(-1.,0.,0.));
#17106=DIRECTION('',(1.,0.,0.));
#17107=DIRECTION('',(0.,0.,-1.));
#17108=DIRECTION('',(0.,-1.,0.));
#17109=DIRECTION('',(0.,0.,1.));
#17110=DIRECTION('',(0.,0.,-1.));
#17111=DIRECTION('',(-1.,0.,0.));
#17112=DIRECTION('',(0.,-1.,0.));
#17113=DIRECTION('',(1.,0.,0.));
#17114=DIRECTION('',(-1.,0.,0.));
#17115=DIRECTION('',(0.,0.,1.));
#17116=DIRECTION('',(0.,0.,-1.));
#17117=DIRECTION('',(0.,1.,0.));
#17118=DIRECTION('',(0.,0.,1.));
#17119=DIRECTION('',(0.,0.,1.));
#17120=DIRECTION('',(1.,0.,0.));
#17121=DIRECTION('',(0.,-1.,0.));
#17122=DIRECTION('',(0.,-1.,0.));
#17123=DIRECTION('',(-1.,0.,0.));
#17124=DIRECTION('',(1.,0.,0.));
#17125=DIRECTION('',(0.,0.,-1.));
#17126=DIRECTION('',(0.,-1.,0.));
#17127=DIRECTION('',(0.,0.,1.));
#17128=DIRECTION('',(0.,0.,-1.));
#17129=DIRECTION('',(-1.,0.,0.));
#17130=DIRECTION('',(0.,-1.,0.));
#17131=DIRECTION('',(1.,0.,0.));
#17132=DIRECTION('',(-1.,0.,0.));
#17133=DIRECTION('',(0.,0.,1.));
#17134=DIRECTION('',(0.,0.,-1.));
#17135=DIRECTION('',(0.,1.,0.));
#17136=DIRECTION('',(0.,0.,1.));
#17137=DIRECTION('',(0.,0.,1.));
#17138=DIRECTION('',(1.,0.,0.));
#17139=DIRECTION('',(0.,-1.,0.));
#17140=DIRECTION('',(0.,-1.,0.));
#17141=DIRECTION('',(-1.,0.,0.));
#17142=DIRECTION('',(1.,0.,0.));
#17143=DIRECTION('',(0.,0.,-1.));
#17144=DIRECTION('',(0.,-1.,0.));
#17145=DIRECTION('',(0.,0.,1.));
#17146=DIRECTION('',(0.,0.,-1.));
#17147=DIRECTION('',(-1.,0.,0.));
#17148=DIRECTION('',(0.,-1.,0.));
#17149=DIRECTION('',(1.,0.,0.));
#17150=DIRECTION('',(-1.,0.,0.));
#17151=DIRECTION('',(0.,0.,1.));
#17152=DIRECTION('',(0.,0.,-1.));
#17153=DIRECTION('',(0.,1.,0.));
#17154=DIRECTION('',(0.,0.,1.));
#17155=DIRECTION('',(0.,0.,1.));
#17156=DIRECTION('',(1.,0.,0.));
#17157=DIRECTION('',(0.,-1.,0.));
#17158=DIRECTION('',(0.,-1.,0.));
#17159=DIRECTION('',(-1.,0.,0.));
#17160=DIRECTION('',(1.,0.,0.));
#17161=DIRECTION('',(0.,0.,-1.));
#17162=DIRECTION('',(0.,-1.,0.));
#17163=DIRECTION('',(0.,0.,1.));
#17164=DIRECTION('',(0.,0.,-1.));
#17165=DIRECTION('',(-1.,0.,0.));
#17166=DIRECTION('',(0.,-1.,0.));
#17167=DIRECTION('',(1.,0.,0.));
#17168=DIRECTION('',(-1.,0.,0.));
#17169=DIRECTION('',(0.,0.,1.));
#17170=DIRECTION('',(0.,0.,-1.));
#17171=DIRECTION('',(0.,1.,0.));
#17172=DIRECTION('',(0.,0.,1.));
#17173=DIRECTION('',(0.,0.,1.));
#17174=DIRECTION('',(1.,0.,0.));
#17175=DIRECTION('',(0.,-1.,0.));
#17176=DIRECTION('',(0.,-1.,0.));
#17177=DIRECTION('',(-1.,0.,0.));
#17178=DIRECTION('',(1.,0.,0.));
#17179=DIRECTION('',(0.,0.,-1.));
#17180=DIRECTION('',(0.,-1.,0.));
#17181=DIRECTION('',(0.,0.,1.));
#17182=DIRECTION('',(0.,0.,-1.));
#17183=DIRECTION('',(-1.,0.,0.));
#17184=DIRECTION('',(0.,-1.,0.));
#17185=DIRECTION('',(1.,0.,0.));
#17186=DIRECTION('',(-1.,0.,0.));
#17187=DIRECTION('',(0.,0.,1.));
#17188=DIRECTION('',(0.,0.,-1.));
#17189=DIRECTION('',(0.,1.,0.));
#17190=DIRECTION('',(0.,0.,1.));
#17191=DIRECTION('',(0.,0.,1.));
#17192=DIRECTION('',(1.,0.,0.));
#17193=DIRECTION('',(0.,-1.,0.));
#17194=DIRECTION('',(0.,-1.,0.));
#17195=DIRECTION('',(-1.,0.,0.));
#17196=DIRECTION('',(1.,0.,0.));
#17197=DIRECTION('',(0.,0.,-1.));
#17198=DIRECTION('',(0.,-1.,0.));
#17199=DIRECTION('',(0.,0.,1.));
#17200=DIRECTION('',(0.,0.,-1.));
#17201=DIRECTION('',(-1.,0.,0.));
#17202=DIRECTION('',(0.,-1.,0.));
#17203=DIRECTION('',(1.,0.,0.));
#17204=DIRECTION('',(-1.,0.,0.));
#17205=DIRECTION('',(0.,0.,1.));
#17206=DIRECTION('',(0.,0.,-1.));
#17207=DIRECTION('',(0.,1.,0.));
#17208=DIRECTION('',(0.,0.,1.));
#17209=DIRECTION('',(0.,0.,1.));
#17210=DIRECTION('',(1.,0.,0.));
#17211=DIRECTION('',(0.,-1.,0.));
#17212=DIRECTION('',(0.,-1.,0.));
#17213=DIRECTION('',(-1.,0.,0.));
#17214=DIRECTION('',(1.,0.,0.));
#17215=DIRECTION('',(0.,0.,-1.));
#17216=DIRECTION('',(0.,-1.,0.));
#17217=DIRECTION('',(0.,0.,1.));
#17218=DIRECTION('',(0.,0.,-1.));
#17219=DIRECTION('',(-1.,0.,0.));
#17220=DIRECTION('',(0.,-1.,0.));
#17221=DIRECTION('',(1.,0.,0.));
#17222=DIRECTION('',(-1.,0.,0.));
#17223=DIRECTION('',(0.,0.,1.));
#17224=DIRECTION('',(0.,0.,-1.));
#17225=DIRECTION('',(0.,1.,0.));
#17226=DIRECTION('',(0.,0.,1.));
#17227=DIRECTION('',(0.,0.,1.));
#17228=DIRECTION('',(1.,0.,0.));
#17229=DIRECTION('',(0.,-1.,0.));
#17230=DIRECTION('',(0.,-1.,0.));
#17231=DIRECTION('',(-1.,0.,0.));
#17232=DIRECTION('',(1.,0.,0.));
#17233=DIRECTION('',(0.,0.,-1.));
#17234=DIRECTION('',(0.,-1.,0.));
#17235=DIRECTION('',(0.,0.,1.));
#17236=DIRECTION('',(0.,0.,-1.));
#17237=DIRECTION('',(-1.,0.,0.));
#17238=DIRECTION('',(0.,-1.,0.));
#17239=DIRECTION('',(1.,0.,0.));
#17240=DIRECTION('',(-1.,0.,0.));
#17241=DIRECTION('',(0.,0.,1.));
#17242=DIRECTION('',(0.,0.,-1.));
#17243=DIRECTION('',(0.,1.,0.));
#17244=DIRECTION('',(0.,0.,1.));
#17245=DIRECTION('',(0.,0.,1.));
#17246=DIRECTION('',(1.,0.,0.));
#17247=CARTESIAN_POINT('',(0.,0.,0.));
#17248=CARTESIAN_POINT('',(0.,0.,0.));
#17249=CARTESIAN_POINT('',(0.79,0.,0.0975));
#17250=CARTESIAN_POINT('',(0.79,0.,0.0975));
#17251=CARTESIAN_POINT('',(0.79,0.,0.0775));
#17252=CARTESIAN_POINT('',(0.82,0.,0.0775));
#17253=CARTESIAN_POINT('',(0.82,0.,0.0775));
#17254=CARTESIAN_POINT('',(0.82,0.,0.0975));
#17255=CARTESIAN_POINT('',(0.82,0.,0.0975));
#17256=CARTESIAN_POINT('',(0.,0.,0.0975));
#17257=CARTESIAN_POINT('',(0.,0.,0.));
#17258=CARTESIAN_POINT('',(0.73,0.,0.0975));
#17259=CARTESIAN_POINT('',(0.73,0.,0.0975));
#17260=CARTESIAN_POINT('',(0.73,0.,0.0775));
#17261=CARTESIAN_POINT('',(0.,0.,0.0975));
#17262=CARTESIAN_POINT('',(0.69,0.,0.0975));
#17263=CARTESIAN_POINT('',(0.69,0.,0.0975));
#17264=CARTESIAN_POINT('',(0.69,0.,0.0775));
#17265=CARTESIAN_POINT('',(0.82,0.,0.0775));
#17266=CARTESIAN_POINT('',(0.,0.,0.));
#17267=CARTESIAN_POINT('',(0.63,0.,0.0975));
#17268=CARTESIAN_POINT('',(0.63,0.,0.0975));
#17269=CARTESIAN_POINT('',(0.63,0.,0.0775));
#17270=CARTESIAN_POINT('',(0.,0.,0.0975));
#17271=CARTESIAN_POINT('',(0.59,0.,0.0975));
#17272=CARTESIAN_POINT('',(0.59,0.,0.0975));
#17273=CARTESIAN_POINT('',(0.59,0.,0.0775));
#17274=CARTESIAN_POINT('',(0.82,0.,0.0775));
#17275=CARTESIAN_POINT('',(0.,0.,0.));
#17276=CARTESIAN_POINT('',(0.53,0.,0.0975));
#17277=CARTESIAN_POINT('',(0.53,0.,0.0975));
#17278=CARTESIAN_POINT('',(0.53,0.,0.0775));
#17279=CARTESIAN_POINT('',(0.,0.,0.0975));
#17280=CARTESIAN_POINT('',(0.49,0.,0.0975));
#17281=CARTESIAN_POINT('',(0.49,0.,0.0975));
#17282=CARTESIAN_POINT('',(0.49,0.,0.0775));
#17283=CARTESIAN_POINT('',(0.82,0.,0.0775));
#17284=CARTESIAN_POINT('',(0.,0.,0.));
#17285=CARTESIAN_POINT('',(0.43,0.,0.0975));
#17286=CARTESIAN_POINT('',(0.43,0.,0.0975));
#17287=CARTESIAN_POINT('',(0.43,0.,0.0775));
#17288=CARTESIAN_POINT('',(0.,0.,0.0975));
#17289=CARTESIAN_POINT('',(0.39,0.,0.0975));
#17290=CARTESIAN_POINT('',(0.39,0.,0.0975));
#17291=CARTESIAN_POINT('',(0.39,0.,0.0775));
#17292=CARTESIAN_POINT('',(0.82,0.,0.0775));
#17293=CARTESIAN_POINT('',(0.,0.,0.));
#17294=CARTESIAN_POINT('',(0.33,0.,0.0975));
#17295=CARTESIAN_POINT('',(0.33,0.,0.0975));
#17296=CARTESIAN_POINT('',(0.33,0.,0.0775));
#17297=CARTESIAN_POINT('',(0.,0.,0.0975));
#17298=CARTESIAN_POINT('',(0.29,0.,0.0975));
#17299=CARTESIAN_POINT('',(0.29,0.,0.0975));
#17300=CARTESIAN_POINT('',(0.29,0.,0.0775));
#17301=CARTESIAN_POINT('',(0.82,0.,0.0775));
#17302=CARTESIAN_POINT('',(0.,0.,0.));
#17303=CARTESIAN_POINT('',(0.23,0.,0.0975));
#17304=CARTESIAN_POINT('',(0.23,0.,0.0975));
#17305=CARTESIAN_POINT('',(0.23,0.,0.0775));
#17306=CARTESIAN_POINT('',(0.,0.,0.0975));
#17307=CARTESIAN_POINT('',(0.19,0.,0.0975));
#17308=CARTESIAN_POINT('',(0.19,0.,0.0975));
#17309=CARTESIAN_POINT('',(0.19,0.,0.0775));
#17310=CARTESIAN_POINT('',(0.82,0.,0.0775));
#17311=CARTESIAN_POINT('',(0.,0.,0.));
#17312=CARTESIAN_POINT('',(0.13,0.,0.0975));
#17313=CARTESIAN_POINT('',(0.13,0.,0.0975));
#17314=CARTESIAN_POINT('',(0.13,0.,0.0775));
#17315=CARTESIAN_POINT('',(0.,0.,0.0975));
#17316=CARTESIAN_POINT('',(0.09,0.,0.0975));
#17317=CARTESIAN_POINT('',(0.09,0.,0.0975));
#17318=CARTESIAN_POINT('',(0.09,0.,0.0775));
#17319=CARTESIAN_POINT('',(0.82,0.,0.0775));
#17320=CARTESIAN_POINT('',(0.,0.,0.));
#17321=CARTESIAN_POINT('',(0.03,0.,0.0975));
#17322=CARTESIAN_POINT('',(0.03,0.,0.0975));
#17323=CARTESIAN_POINT('',(0.03,0.,0.0775));
#17324=CARTESIAN_POINT('',(0.,0.,0.0975));
#17325=CARTESIAN_POINT('',(0.,0.,0.0975));
#17326=CARTESIAN_POINT('',(0.,0.,-0.0975));
#17327=CARTESIAN_POINT('',(0.,0.,0.0775));
#17328=CARTESIAN_POINT('',(0.82,0.,0.0775));
#17329=CARTESIAN_POINT('',(0.,0.,0.));
#17330=CARTESIAN_POINT('',(0.79,0.,0.0975));
#17331=CARTESIAN_POINT('',(0.79,0.,-0.0775));
#17332=CARTESIAN_POINT('',(0.79,0.,-0.0975));
#17333=CARTESIAN_POINT('',(0.82,0.,-0.0975));
#17334=CARTESIAN_POINT('',(0.82,0.,-0.0975));
#17335=CARTESIAN_POINT('',(0.82,0.,0.0975));
#17336=CARTESIAN_POINT('',(0.82,0.,-0.0775));
#17337=CARTESIAN_POINT('',(0.82,0.,-0.0775));
#17338=CARTESIAN_POINT('',(0.,0.,0.));
#17339=CARTESIAN_POINT('',(0.73,0.,0.0975));
#17340=CARTESIAN_POINT('',(0.73,0.,-0.0775));
#17341=CARTESIAN_POINT('',(0.73,0.,-0.0975));
#17342=CARTESIAN_POINT('',(0.82,0.,-0.0775));
#17343=CARTESIAN_POINT('',(0.69,0.,-0.0775));
#17344=CARTESIAN_POINT('',(0.69,0.,0.0975));
#17345=CARTESIAN_POINT('',(0.69,0.,-0.0975));
#17346=CARTESIAN_POINT('',(0.82,0.,-0.0975));
#17347=CARTESIAN_POINT('',(0.,0.,0.));
#17348=CARTESIAN_POINT('',(0.63,0.,0.0975));
#17349=CARTESIAN_POINT('',(0.63,0.,-0.0775));
#17350=CARTESIAN_POINT('',(0.63,0.,-0.0975));
#17351=CARTESIAN_POINT('',(0.82,0.,-0.0775));
#17352=CARTESIAN_POINT('',(0.59,0.,-0.0775));
#17353=CARTESIAN_POINT('',(0.59,0.,0.0975));
#17354=CARTESIAN_POINT('',(0.59,0.,-0.0975));
#17355=CARTESIAN_POINT('',(0.82,0.,-0.0975));
#17356=CARTESIAN_POINT('',(0.,0.,0.));
#17357=CARTESIAN_POINT('',(0.53,0.,0.0975));
#17358=CARTESIAN_POINT('',(0.53,0.,-0.0775));
#17359=CARTESIAN_POINT('',(0.53,0.,-0.0975));
#17360=CARTESIAN_POINT('',(0.82,0.,-0.0775));
#17361=CARTESIAN_POINT('',(0.49,0.,-0.0775));
#17362=CARTESIAN_POINT('',(0.49,0.,0.0975));
#17363=CARTESIAN_POINT('',(0.49,0.,-0.0975));
#17364=CARTESIAN_POINT('',(0.82,0.,-0.0975));
#17365=CARTESIAN_POINT('',(0.,0.,0.));
#17366=CARTESIAN_POINT('',(0.43,0.,0.0975));
#17367=CARTESIAN_POINT('',(0.43,0.,-0.0775));
#17368=CARTESIAN_POINT('',(0.43,0.,-0.0975));
#17369=CARTESIAN_POINT('',(0.82,0.,-0.0775));
#17370=CARTESIAN_POINT('',(0.39,0.,-0.0775));
#17371=CARTESIAN_POINT('',(0.39,0.,0.0975));
#17372=CARTESIAN_POINT('',(0.39,0.,-0.0975));
#17373=CARTESIAN_POINT('',(0.82,0.,-0.0975));
#17374=CARTESIAN_POINT('',(0.,0.,0.));
#17375=CARTESIAN_POINT('',(0.33,0.,0.0975));
#17376=CARTESIAN_POINT('',(0.33,0.,-0.0775));
#17377=CARTESIAN_POINT('',(0.33,0.,-0.0975));
#17378=CARTESIAN_POINT('',(0.82,0.,-0.0775));
#17379=CARTESIAN_POINT('',(0.29,0.,-0.0775));
#17380=CARTESIAN_POINT('',(0.29,0.,0.0975));
#17381=CARTESIAN_POINT('',(0.29,0.,-0.0975));
#17382=CARTESIAN_POINT('',(0.82,0.,-0.0975));
#17383=CARTESIAN_POINT('',(0.,0.,0.));
#17384=CARTESIAN_POINT('',(0.23,0.,0.0975));
#17385=CARTESIAN_POINT('',(0.23,0.,-0.0775));
#17386=CARTESIAN_POINT('',(0.23,0.,-0.0975));
#17387=CARTESIAN_POINT('',(0.82,0.,-0.0775));
#17388=CARTESIAN_POINT('',(0.19,0.,-0.0775));
#17389=CARTESIAN_POINT('',(0.19,0.,0.0975));
#17390=CARTESIAN_POINT('',(0.19,0.,-0.0975));
#17391=CARTESIAN_POINT('',(0.82,0.,-0.0975));
#17392=CARTESIAN_POINT('',(0.,0.,0.));
#17393=CARTESIAN_POINT('',(0.13,0.,0.0975));
#17394=CARTESIAN_POINT('',(0.13,0.,-0.0775));
#17395=CARTESIAN_POINT('',(0.13,0.,-0.0975));
#17396=CARTESIAN_POINT('',(0.82,0.,-0.0775));
#17397=CARTESIAN_POINT('',(0.09,0.,-0.0775));
#17398=CARTESIAN_POINT('',(0.09,0.,0.0975));
#17399=CARTESIAN_POINT('',(0.09,0.,-0.0975));
#17400=CARTESIAN_POINT('',(0.82,0.,-0.0975));
#17401=CARTESIAN_POINT('',(0.,0.,0.));
#17402=CARTESIAN_POINT('',(0.82,0.,-0.0775));
#17403=CARTESIAN_POINT('',(0.03,0.,-0.0775));
#17404=CARTESIAN_POINT('',(0.,0.,-0.0775));
#17405=CARTESIAN_POINT('',(0.,0.,-0.0975));
#17406=CARTESIAN_POINT('',(0.,0.,-0.0975));
#17407=CARTESIAN_POINT('',(0.82,0.,-0.0975));
#17408=CARTESIAN_POINT('',(0.03,0.,-0.0975));
#17409=CARTESIAN_POINT('',(0.03,0.,0.0975));
#17410=CARTESIAN_POINT('',(0.82,0.335,-0.0975));
#17411=CARTESIAN_POINT('',(0.79,0.,-0.0975));
#17412=CARTESIAN_POINT('',(0.79,0.01,-0.0975));
#17413=CARTESIAN_POINT('',(0.79,0.01,-0.0975));
#17414=CARTESIAN_POINT('',(0.73,0.01,-0.0975));
#17415=CARTESIAN_POINT('',(0.73,0.01,-0.0975));
#17416=CARTESIAN_POINT('',(0.69,0.,-0.0975));
#17417=CARTESIAN_POINT('',(0.69,0.01,-0.0975));
#17418=CARTESIAN_POINT('',(0.69,0.01,-0.0975));
#17419=CARTESIAN_POINT('',(0.63,0.01,-0.0975));
#17420=CARTESIAN_POINT('',(0.63,0.01,-0.0975));
#17421=CARTESIAN_POINT('',(0.59,0.,-0.0975));
#17422=CARTESIAN_POINT('',(0.59,0.01,-0.0975));
#17423=CARTESIAN_POINT('',(0.59,0.01,-0.0975));
#17424=CARTESIAN_POINT('',(0.53,0.01,-0.0975));
#17425=CARTESIAN_POINT('',(0.53,0.01,-0.0975));
#17426=CARTESIAN_POINT('',(0.49,0.,-0.0975));
#17427=CARTESIAN_POINT('',(0.49,0.01,-0.0975));
#17428=CARTESIAN_POINT('',(0.49,0.01,-0.0975));
#17429=CARTESIAN_POINT('',(0.43,0.01,-0.0975));
#17430=CARTESIAN_POINT('',(0.43,0.01,-0.0975));
#17431=CARTESIAN_POINT('',(0.39,0.,-0.0975));
#17432=CARTESIAN_POINT('',(0.39,0.01,-0.0975));
#17433=CARTESIAN_POINT('',(0.39,0.01,-0.0975));
#17434=CARTESIAN_POINT('',(0.33,0.01,-0.0975));
#17435=CARTESIAN_POINT('',(0.33,0.01,-0.0975));
#17436=CARTESIAN_POINT('',(0.29,0.,-0.0975));
#17437=CARTESIAN_POINT('',(0.29,0.01,-0.0975));
#17438=CARTESIAN_POINT('',(0.29,0.01,-0.0975));
#17439=CARTESIAN_POINT('',(0.23,0.01,-0.0975));
#17440=CARTESIAN_POINT('',(0.23,0.01,-0.0975));
#17441=CARTESIAN_POINT('',(0.19,0.,-0.0975));
#17442=CARTESIAN_POINT('',(0.19,0.01,-0.0975));
#17443=CARTESIAN_POINT('',(0.19,0.01,-0.0975));
#17444=CARTESIAN_POINT('',(0.13,0.01,-0.0975));
#17445=CARTESIAN_POINT('',(0.13,0.01,-0.0975));
#17446=CARTESIAN_POINT('',(0.09,0.,-0.0975));
#17447=CARTESIAN_POINT('',(0.09,0.01,-0.0975));
#17448=CARTESIAN_POINT('',(0.09,0.01,-0.0975));
#17449=CARTESIAN_POINT('',(0.03,0.01,-0.0975));
#17450=CARTESIAN_POINT('',(0.03,0.01,-0.0975));
#17451=CARTESIAN_POINT('',(0.,0.335,-0.0975));
#17452=CARTESIAN_POINT('',(0.,0.335,-0.0975));
#17453=CARTESIAN_POINT('',(0.82,0.335,-0.0975));
#17454=CARTESIAN_POINT('',(0.82,0.335,-0.0975));
#17455=CARTESIAN_POINT('',(0.82,0.335,-0.0975));
#17456=CARTESIAN_POINT('',(0.,0.335,0.0975));
#17457=CARTESIAN_POINT('',(0.79,0.,0.0975));
#17458=CARTESIAN_POINT('',(0.79,0.01,0.0975));
#17459=CARTESIAN_POINT('',(0.82,0.335,0.0975));
#17460=CARTESIAN_POINT('',(0.82,0.335,0.0975));
#17461=CARTESIAN_POINT('',(0.,0.335,0.0975));
#17462=CARTESIAN_POINT('',(0.,0.335,0.0975));
#17463=CARTESIAN_POINT('',(0.,0.335,0.0975));
#17464=CARTESIAN_POINT('',(0.03,0.01,0.0975));
#17465=CARTESIAN_POINT('',(0.03,0.01,0.0975));
#17466=CARTESIAN_POINT('',(0.09,0.01,0.0975));
#17467=CARTESIAN_POINT('',(0.09,0.01,0.0975));
#17468=CARTESIAN_POINT('',(0.09,0.,0.0975));
#17469=CARTESIAN_POINT('',(0.13,0.01,0.0975));
#17470=CARTESIAN_POINT('',(0.13,0.01,0.0975));
#17471=CARTESIAN_POINT('',(0.19,0.01,0.0975));
#17472=CARTESIAN_POINT('',(0.19,0.01,0.0975));
#17473=CARTESIAN_POINT('',(0.19,0.,0.0975));
#17474=CARTESIAN_POINT('',(0.23,0.01,0.0975));
#17475=CARTESIAN_POINT('',(0.23,0.01,0.0975));
#17476=CARTESIAN_POINT('',(0.29,0.01,0.0975));
#17477=CARTESIAN_POINT('',(0.29,0.01,0.0975));
#17478=CARTESIAN_POINT('',(0.29,0.,0.0975));
#17479=CARTESIAN_POINT('',(0.33,0.01,0.0975));
#17480=CARTESIAN_POINT('',(0.33,0.01,0.0975));
#17481=CARTESIAN_POINT('',(0.39,0.01,0.0975));
#17482=CARTESIAN_POINT('',(0.39,0.01,0.0975));
#17483=CARTESIAN_POINT('',(0.39,0.,0.0975));
#17484=CARTESIAN_POINT('',(0.43,0.01,0.0975));
#17485=CARTESIAN_POINT('',(0.43,0.01,0.0975));
#17486=CARTESIAN_POINT('',(0.49,0.01,0.0975));
#17487=CARTESIAN_POINT('',(0.49,0.01,0.0975));
#17488=CARTESIAN_POINT('',(0.49,0.,0.0975));
#17489=CARTESIAN_POINT('',(0.53,0.01,0.0975));
#17490=CARTESIAN_POINT('',(0.53,0.01,0.0975));
#17491=CARTESIAN_POINT('',(0.59,0.01,0.0975));
#17492=CARTESIAN_POINT('',(0.59,0.01,0.0975));
#17493=CARTESIAN_POINT('',(0.59,0.,0.0975));
#17494=CARTESIAN_POINT('',(0.63,0.01,0.0975));
#17495=CARTESIAN_POINT('',(0.63,0.01,0.0975));
#17496=CARTESIAN_POINT('',(0.69,0.01,0.0975));
#17497=CARTESIAN_POINT('',(0.69,0.01,0.0975));
#17498=CARTESIAN_POINT('',(0.69,0.,0.0975));
#17499=CARTESIAN_POINT('',(0.73,0.01,0.0975));
#17500=CARTESIAN_POINT('',(0.73,0.01,0.0975));
#17501=CARTESIAN_POINT('',(0.79,0.01,0.0975));
#17502=CARTESIAN_POINT('',(0.82,0.01,0.0775));
#17503=CARTESIAN_POINT('',(0.79,0.01,0.0775));
#17504=CARTESIAN_POINT('',(0.79,0.01,0.0775));
#17505=CARTESIAN_POINT('',(0.82,0.01,0.0775));
#17506=CARTESIAN_POINT('',(0.82,0.01,0.0775));
#17507=CARTESIAN_POINT('',(0.82,0.01,0.0775));
#17508=CARTESIAN_POINT('',(0.82,0.01,0.0775));
#17509=CARTESIAN_POINT('',(0.82,0.01,0.0775));
#17510=CARTESIAN_POINT('',(0.73,0.01,0.0775));
#17511=CARTESIAN_POINT('',(0.69,0.01,0.0775));
#17512=CARTESIAN_POINT('',(0.73,0.01,0.0775));
#17513=CARTESIAN_POINT('',(0.69,0.01,0.0775));
#17514=CARTESIAN_POINT('',(0.82,0.01,0.0775));
#17515=CARTESIAN_POINT('',(0.82,0.01,0.0775));
#17516=CARTESIAN_POINT('',(0.63,0.01,0.0775));
#17517=CARTESIAN_POINT('',(0.59,0.01,0.0775));
#17518=CARTESIAN_POINT('',(0.63,0.01,0.0775));
#17519=CARTESIAN_POINT('',(0.59,0.01,0.0775));
#17520=CARTESIAN_POINT('',(0.82,0.01,0.0775));
#17521=CARTESIAN_POINT('',(0.82,0.01,0.0775));
#17522=CARTESIAN_POINT('',(0.53,0.01,0.0775));
#17523=CARTESIAN_POINT('',(0.49,0.01,0.0775));
#17524=CARTESIAN_POINT('',(0.53,0.01,0.0775));
#17525=CARTESIAN_POINT('',(0.49,0.01,0.0775));
#17526=CARTESIAN_POINT('',(0.82,0.01,0.0775));
#17527=CARTESIAN_POINT('',(0.82,0.01,0.0775));
#17528=CARTESIAN_POINT('',(0.43,0.01,0.0775));
#17529=CARTESIAN_POINT('',(0.39,0.01,0.0775));
#17530=CARTESIAN_POINT('',(0.43,0.01,0.0775));
#17531=CARTESIAN_POINT('',(0.39,0.01,0.0775));
#17532=CARTESIAN_POINT('',(0.82,0.01,0.0775));
#17533=CARTESIAN_POINT('',(0.82,0.01,0.0775));
#17534=CARTESIAN_POINT('',(0.33,0.01,0.0775));
#17535=CARTESIAN_POINT('',(0.29,0.01,0.0775));
#17536=CARTESIAN_POINT('',(0.33,0.01,0.0775));
#17537=CARTESIAN_POINT('',(0.29,0.01,0.0775));
#17538=CARTESIAN_POINT('',(0.82,0.01,0.0775));
#17539=CARTESIAN_POINT('',(0.82,0.01,0.0775));
#17540=CARTESIAN_POINT('',(0.23,0.01,0.0775));
#17541=CARTESIAN_POINT('',(0.19,0.01,0.0775));
#17542=CARTESIAN_POINT('',(0.23,0.01,0.0775));
#17543=CARTESIAN_POINT('',(0.19,0.01,0.0775));
#17544=CARTESIAN_POINT('',(0.82,0.01,0.0775));
#17545=CARTESIAN_POINT('',(0.82,0.01,0.0775));
#17546=CARTESIAN_POINT('',(0.13,0.01,0.0775));
#17547=CARTESIAN_POINT('',(0.09,0.01,0.0775));
#17548=CARTESIAN_POINT('',(0.13,0.01,0.0775));
#17549=CARTESIAN_POINT('',(0.09,0.01,0.0775));
#17550=CARTESIAN_POINT('',(0.82,0.01,0.0775));
#17551=CARTESIAN_POINT('',(0.82,0.01,0.0775));
#17552=CARTESIAN_POINT('',(0.03,0.01,0.0775));
#17553=CARTESIAN_POINT('',(0.,0.01,0.0775));
#17554=CARTESIAN_POINT('',(0.03,0.01,0.0775));
#17555=CARTESIAN_POINT('',(0.,0.01,0.0775));
#17556=CARTESIAN_POINT('',(0.82,0.,-0.0775));
#17557=CARTESIAN_POINT('',(0.82,0.01,-0.0775));
#17558=CARTESIAN_POINT('',(0.82,0.01,-0.0775));
#17559=CARTESIAN_POINT('',(0.79,0.01,-0.0775));
#17560=CARTESIAN_POINT('',(0.79,0.,-0.0775));
#17561=CARTESIAN_POINT('',(0.82,0.,-0.0775));
#17562=CARTESIAN_POINT('',(0.82,0.,-0.0775));
#17563=CARTESIAN_POINT('',(0.73,0.,-0.0775));
#17564=CARTESIAN_POINT('',(0.73,0.01,-0.0775));
#17565=CARTESIAN_POINT('',(0.82,0.01,-0.0775));
#17566=CARTESIAN_POINT('',(0.69,0.01,-0.0775));
#17567=CARTESIAN_POINT('',(0.69,0.,-0.0775));
#17568=CARTESIAN_POINT('',(0.82,0.,-0.0775));
#17569=CARTESIAN_POINT('',(0.63,0.,-0.0775));
#17570=CARTESIAN_POINT('',(0.63,0.01,-0.0775));
#17571=CARTESIAN_POINT('',(0.82,0.01,-0.0775));
#17572=CARTESIAN_POINT('',(0.59,0.01,-0.0775));
#17573=CARTESIAN_POINT('',(0.59,0.,-0.0775));
#17574=CARTESIAN_POINT('',(0.82,0.,-0.0775));
#17575=CARTESIAN_POINT('',(0.53,0.,-0.0775));
#17576=CARTESIAN_POINT('',(0.53,0.01,-0.0775));
#17577=CARTESIAN_POINT('',(0.82,0.01,-0.0775));
#17578=CARTESIAN_POINT('',(0.49,0.01,-0.0775));
#17579=CARTESIAN_POINT('',(0.49,0.,-0.0775));
#17580=CARTESIAN_POINT('',(0.82,0.,-0.0775));
#17581=CARTESIAN_POINT('',(0.43,0.,-0.0775));
#17582=CARTESIAN_POINT('',(0.43,0.01,-0.0775));
#17583=CARTESIAN_POINT('',(0.82,0.01,-0.0775));
#17584=CARTESIAN_POINT('',(0.39,0.01,-0.0775));
#17585=CARTESIAN_POINT('',(0.39,0.,-0.0775));
#17586=CARTESIAN_POINT('',(0.82,0.,-0.0775));
#17587=CARTESIAN_POINT('',(0.33,0.,-0.0775));
#17588=CARTESIAN_POINT('',(0.33,0.01,-0.0775));
#17589=CARTESIAN_POINT('',(0.82,0.01,-0.0775));
#17590=CARTESIAN_POINT('',(0.29,0.01,-0.0775));
#17591=CARTESIAN_POINT('',(0.29,0.,-0.0775));
#17592=CARTESIAN_POINT('',(0.82,0.,-0.0775));
#17593=CARTESIAN_POINT('',(0.23,0.,-0.0775));
#17594=CARTESIAN_POINT('',(0.23,0.01,-0.0775));
#17595=CARTESIAN_POINT('',(0.82,0.01,-0.0775));
#17596=CARTESIAN_POINT('',(0.19,0.01,-0.0775));
#17597=CARTESIAN_POINT('',(0.19,0.,-0.0775));
#17598=CARTESIAN_POINT('',(0.82,0.,-0.0775));
#17599=CARTESIAN_POINT('',(0.13,0.,-0.0775));
#17600=CARTESIAN_POINT('',(0.13,0.01,-0.0775));
#17601=CARTESIAN_POINT('',(0.82,0.01,-0.0775));
#17602=CARTESIAN_POINT('',(0.09,0.01,-0.0775));
#17603=CARTESIAN_POINT('',(0.09,0.,-0.0775));
#17604=CARTESIAN_POINT('',(0.82,0.,-0.0775));
#17605=CARTESIAN_POINT('',(0.03,0.,-0.0775));
#17606=CARTESIAN_POINT('',(0.03,0.01,-0.0775));
#17607=CARTESIAN_POINT('',(0.82,0.01,-0.0775));
#17608=CARTESIAN_POINT('',(0.,0.01,-0.0775));
#17609=CARTESIAN_POINT('',(0.,0.,-0.0775));
#17610=CARTESIAN_POINT('',(0.,0.335,-0.0975));
#17611=CARTESIAN_POINT('',(0.,0.335,-0.0975));
#17612=CARTESIAN_POINT('',(0.,0.01,-0.0775));
#17613=CARTESIAN_POINT('',(0.82,0.335,0.0975));
#17614=CARTESIAN_POINT('',(0.82,0.01,-0.0775));
#17615=CARTESIAN_POINT('',(0.82,0.335,0.0975));
#17616=CARTESIAN_POINT('',(0.775,0.335,0.035));
#17617=CARTESIAN_POINT('',(0.775,0.045,0.035));
#17618=CARTESIAN_POINT('',(0.775,0.045,0.035));
#17619=CARTESIAN_POINT('',(0.745,0.045,0.035));
#17620=CARTESIAN_POINT('',(0.775,0.335,0.035));
#17621=CARTESIAN_POINT('',(0.775,0.335,0.035));
#17622=CARTESIAN_POINT('',(0.775,0.335,0.035));
#17623=CARTESIAN_POINT('',(0.745,0.335,0.035));
#17624=CARTESIAN_POINT('',(0.745,0.335,0.035));
#17625=CARTESIAN_POINT('',(0.775,0.335,0.065));
#17626=CARTESIAN_POINT('',(0.775,0.045,0.065));
#17627=CARTESIAN_POINT('',(0.775,0.045,0.065));
#17628=CARTESIAN_POINT('',(0.775,0.335,0.065));
#17629=CARTESIAN_POINT('',(0.775,0.335,0.065));
#17630=CARTESIAN_POINT('',(0.775,0.335,0.065));
#17631=CARTESIAN_POINT('',(0.745,0.335,0.065));
#17632=CARTESIAN_POINT('',(0.745,0.045,0.065));
#17633=CARTESIAN_POINT('',(0.745,0.045,0.065));
#17634=CARTESIAN_POINT('',(0.745,0.335,0.065));
#17635=CARTESIAN_POINT('',(0.745,0.335,0.065));
#17636=CARTESIAN_POINT('',(0.745,0.335,0.065));
#17637=CARTESIAN_POINT('',(0.775,0.335,-0.065));
#17638=CARTESIAN_POINT('',(0.775,0.045,-0.065));
#17639=CARTESIAN_POINT('',(0.775,0.045,-0.065));
#17640=CARTESIAN_POINT('',(0.745,0.045,-0.065));
#17641=CARTESIAN_POINT('',(0.775,0.335,-0.065));
#17642=CARTESIAN_POINT('',(0.775,0.335,-0.065));
#17643=CARTESIAN_POINT('',(0.775,0.335,-0.065));
#17644=CARTESIAN_POINT('',(0.745,0.335,-0.065));
#17645=CARTESIAN_POINT('',(0.745,0.335,-0.065));
#17646=CARTESIAN_POINT('',(0.775,0.335,-0.035));
#17647=CARTESIAN_POINT('',(0.775,0.045,-0.035));
#17648=CARTESIAN_POINT('',(0.775,0.045,-0.035));
#17649=CARTESIAN_POINT('',(0.775,0.335,-0.035));
#17650=CARTESIAN_POINT('',(0.775,0.335,-0.035));
#17651=CARTESIAN_POINT('',(0.775,0.335,-0.035));
#17652=CARTESIAN_POINT('',(0.745,0.335,-0.035));
#17653=CARTESIAN_POINT('',(0.745,0.045,-0.035));
#17654=CARTESIAN_POINT('',(0.745,0.045,-0.035));
#17655=CARTESIAN_POINT('',(0.745,0.335,-0.035));
#17656=CARTESIAN_POINT('',(0.745,0.335,-0.035));
#17657=CARTESIAN_POINT('',(0.745,0.335,-0.035));
#17658=CARTESIAN_POINT('',(0.675,0.335,0.035));
#17659=CARTESIAN_POINT('',(0.675,0.045,0.035));
#17660=CARTESIAN_POINT('',(0.675,0.045,0.035));
#17661=CARTESIAN_POINT('',(0.645,0.045,0.035));
#17662=CARTESIAN_POINT('',(0.675,0.335,0.035));
#17663=CARTESIAN_POINT('',(0.675,0.335,0.035));
#17664=CARTESIAN_POINT('',(0.675,0.335,0.035));
#17665=CARTESIAN_POINT('',(0.645,0.335,0.035));
#17666=CARTESIAN_POINT('',(0.645,0.335,0.035));
#17667=CARTESIAN_POINT('',(0.675,0.335,0.065));
#17668=CARTESIAN_POINT('',(0.675,0.045,0.065));
#17669=CARTESIAN_POINT('',(0.675,0.045,0.065));
#17670=CARTESIAN_POINT('',(0.675,0.335,0.065));
#17671=CARTESIAN_POINT('',(0.675,0.335,0.065));
#17672=CARTESIAN_POINT('',(0.675,0.335,0.065));
#17673=CARTESIAN_POINT('',(0.645,0.335,0.065));
#17674=CARTESIAN_POINT('',(0.645,0.045,0.065));
#17675=CARTESIAN_POINT('',(0.645,0.045,0.065));
#17676=CARTESIAN_POINT('',(0.645,0.335,0.065));
#17677=CARTESIAN_POINT('',(0.645,0.335,0.065));
#17678=CARTESIAN_POINT('',(0.645,0.335,0.065));
#17679=CARTESIAN_POINT('',(0.675,0.335,-0.065));
#17680=CARTESIAN_POINT('',(0.675,0.045,-0.065));
#17681=CARTESIAN_POINT('',(0.675,0.045,-0.065));
#17682=CARTESIAN_POINT('',(0.645,0.045,-0.065));
#17683=CARTESIAN_POINT('',(0.675,0.335,-0.065));
#17684=CARTESIAN_POINT('',(0.675,0.335,-0.065));
#17685=CARTESIAN_POINT('',(0.675,0.335,-0.065));
#17686=CARTESIAN_POINT('',(0.645,0.335,-0.065));
#17687=CARTESIAN_POINT('',(0.645,0.335,-0.065));
#17688=CARTESIAN_POINT('',(0.675,0.335,-0.035));
#17689=CARTESIAN_POINT('',(0.675,0.045,-0.035));
#17690=CARTESIAN_POINT('',(0.675,0.045,-0.035));
#17691=CARTESIAN_POINT('',(0.675,0.335,-0.035));
#17692=CARTESIAN_POINT('',(0.675,0.335,-0.035));
#17693=CARTESIAN_POINT('',(0.675,0.335,-0.035));
#17694=CARTESIAN_POINT('',(0.645,0.335,-0.035));
#17695=CARTESIAN_POINT('',(0.645,0.045,-0.035));
#17696=CARTESIAN_POINT('',(0.645,0.045,-0.035));
#17697=CARTESIAN_POINT('',(0.645,0.335,-0.035));
#17698=CARTESIAN_POINT('',(0.645,0.335,-0.035));
#17699=CARTESIAN_POINT('',(0.645,0.335,-0.035));
#17700=CARTESIAN_POINT('',(0.575,0.335,0.035));
#17701=CARTESIAN_POINT('',(0.575,0.045,0.035));
#17702=CARTESIAN_POINT('',(0.575,0.045,0.035));
#17703=CARTESIAN_POINT('',(0.545,0.045,0.035));
#17704=CARTESIAN_POINT('',(0.575,0.335,0.035));
#17705=CARTESIAN_POINT('',(0.575,0.335,0.035));
#17706=CARTESIAN_POINT('',(0.575,0.335,0.035));
#17707=CARTESIAN_POINT('',(0.545,0.335,0.035));
#17708=CARTESIAN_POINT('',(0.545,0.335,0.035));
#17709=CARTESIAN_POINT('',(0.575,0.335,0.065));
#17710=CARTESIAN_POINT('',(0.575,0.045,0.065));
#17711=CARTESIAN_POINT('',(0.575,0.045,0.065));
#17712=CARTESIAN_POINT('',(0.575,0.335,0.065));
#17713=CARTESIAN_POINT('',(0.575,0.335,0.065));
#17714=CARTESIAN_POINT('',(0.575,0.335,0.065));
#17715=CARTESIAN_POINT('',(0.545,0.335,0.065));
#17716=CARTESIAN_POINT('',(0.545,0.045,0.065));
#17717=CARTESIAN_POINT('',(0.545,0.045,0.065));
#17718=CARTESIAN_POINT('',(0.545,0.335,0.065));
#17719=CARTESIAN_POINT('',(0.545,0.335,0.065));
#17720=CARTESIAN_POINT('',(0.545,0.335,0.065));
#17721=CARTESIAN_POINT('',(0.575,0.335,-0.065));
#17722=CARTESIAN_POINT('',(0.575,0.045,-0.065));
#17723=CARTESIAN_POINT('',(0.575,0.045,-0.065));
#17724=CARTESIAN_POINT('',(0.545,0.045,-0.065));
#17725=CARTESIAN_POINT('',(0.575,0.335,-0.065));
#17726=CARTESIAN_POINT('',(0.575,0.335,-0.065));
#17727=CARTESIAN_POINT('',(0.575,0.335,-0.065));
#17728=CARTESIAN_POINT('',(0.545,0.335,-0.065));
#17729=CARTESIAN_POINT('',(0.545,0.335,-0.065));
#17730=CARTESIAN_POINT('',(0.575,0.335,-0.035));
#17731=CARTESIAN_POINT('',(0.575,0.045,-0.035));
#17732=CARTESIAN_POINT('',(0.575,0.045,-0.035));
#17733=CARTESIAN_POINT('',(0.575,0.335,-0.035));
#17734=CARTESIAN_POINT('',(0.575,0.335,-0.035));
#17735=CARTESIAN_POINT('',(0.575,0.335,-0.035));
#17736=CARTESIAN_POINT('',(0.545,0.335,-0.035));
#17737=CARTESIAN_POINT('',(0.545,0.045,-0.035));
#17738=CARTESIAN_POINT('',(0.545,0.045,-0.035));
#17739=CARTESIAN_POINT('',(0.545,0.335,-0.035));
#17740=CARTESIAN_POINT('',(0.545,0.335,-0.035));
#17741=CARTESIAN_POINT('',(0.545,0.335,-0.035));
#17742=CARTESIAN_POINT('',(0.475,0.335,0.035));
#17743=CARTESIAN_POINT('',(0.475,0.045,0.035));
#17744=CARTESIAN_POINT('',(0.475,0.045,0.035));
#17745=CARTESIAN_POINT('',(0.445,0.045,0.035));
#17746=CARTESIAN_POINT('',(0.475,0.335,0.035));
#17747=CARTESIAN_POINT('',(0.475,0.335,0.035));
#17748=CARTESIAN_POINT('',(0.475,0.335,0.035));
#17749=CARTESIAN_POINT('',(0.445,0.335,0.035));
#17750=CARTESIAN_POINT('',(0.445,0.335,0.035));
#17751=CARTESIAN_POINT('',(0.475,0.335,0.065));
#17752=CARTESIAN_POINT('',(0.475,0.045,0.065));
#17753=CARTESIAN_POINT('',(0.475,0.045,0.065));
#17754=CARTESIAN_POINT('',(0.475,0.335,0.065));
#17755=CARTESIAN_POINT('',(0.475,0.335,0.065));
#17756=CARTESIAN_POINT('',(0.475,0.335,0.065));
#17757=CARTESIAN_POINT('',(0.445,0.335,0.065));
#17758=CARTESIAN_POINT('',(0.445,0.045,0.065));
#17759=CARTESIAN_POINT('',(0.445,0.045,0.065));
#17760=CARTESIAN_POINT('',(0.445,0.335,0.065));
#17761=CARTESIAN_POINT('',(0.445,0.335,0.065));
#17762=CARTESIAN_POINT('',(0.445,0.335,0.065));
#17763=CARTESIAN_POINT('',(0.475,0.335,-0.065));
#17764=CARTESIAN_POINT('',(0.475,0.045,-0.065));
#17765=CARTESIAN_POINT('',(0.475,0.045,-0.065));
#17766=CARTESIAN_POINT('',(0.445,0.045,-0.065));
#17767=CARTESIAN_POINT('',(0.475,0.335,-0.065));
#17768=CARTESIAN_POINT('',(0.475,0.335,-0.065));
#17769=CARTESIAN_POINT('',(0.475,0.335,-0.065));
#17770=CARTESIAN_POINT('',(0.445,0.335,-0.065));
#17771=CARTESIAN_POINT('',(0.445,0.335,-0.065));
#17772=CARTESIAN_POINT('',(0.475,0.335,-0.035));
#17773=CARTESIAN_POINT('',(0.475,0.045,-0.035));
#17774=CARTESIAN_POINT('',(0.475,0.045,-0.035));
#17775=CARTESIAN_POINT('',(0.475,0.335,-0.035));
#17776=CARTESIAN_POINT('',(0.475,0.335,-0.035));
#17777=CARTESIAN_POINT('',(0.475,0.335,-0.035));
#17778=CARTESIAN_POINT('',(0.445,0.335,-0.035));
#17779=CARTESIAN_POINT('',(0.445,0.045,-0.035));
#17780=CARTESIAN_POINT('',(0.445,0.045,-0.035));
#17781=CARTESIAN_POINT('',(0.445,0.335,-0.035));
#17782=CARTESIAN_POINT('',(0.445,0.335,-0.035));
#17783=CARTESIAN_POINT('',(0.445,0.335,-0.035));
#17784=CARTESIAN_POINT('',(0.375,0.335,0.035));
#17785=CARTESIAN_POINT('',(0.375,0.045,0.035));
#17786=CARTESIAN_POINT('',(0.375,0.045,0.035));
#17787=CARTESIAN_POINT('',(0.345,0.045,0.035));
#17788=CARTESIAN_POINT('',(0.375,0.335,0.035));
#17789=CARTESIAN_POINT('',(0.375,0.335,0.035));
#17790=CARTESIAN_POINT('',(0.375,0.335,0.035));
#17791=CARTESIAN_POINT('',(0.345,0.335,0.035));
#17792=CARTESIAN_POINT('',(0.345,0.335,0.035));
#17793=CARTESIAN_POINT('',(0.375,0.335,0.065));
#17794=CARTESIAN_POINT('',(0.375,0.045,0.065));
#17795=CARTESIAN_POINT('',(0.375,0.045,0.065));
#17796=CARTESIAN_POINT('',(0.375,0.335,0.065));
#17797=CARTESIAN_POINT('',(0.375,0.335,0.065));
#17798=CARTESIAN_POINT('',(0.375,0.335,0.065));
#17799=CARTESIAN_POINT('',(0.345,0.335,0.065));
#17800=CARTESIAN_POINT('',(0.345,0.045,0.065));
#17801=CARTESIAN_POINT('',(0.345,0.045,0.065));
#17802=CARTESIAN_POINT('',(0.345,0.335,0.065));
#17803=CARTESIAN_POINT('',(0.345,0.335,0.065));
#17804=CARTESIAN_POINT('',(0.345,0.335,0.065));
#17805=CARTESIAN_POINT('',(0.375,0.335,-0.065));
#17806=CARTESIAN_POINT('',(0.375,0.045,-0.065));
#17807=CARTESIAN_POINT('',(0.375,0.045,-0.065));
#17808=CARTESIAN_POINT('',(0.345,0.045,-0.065));
#17809=CARTESIAN_POINT('',(0.375,0.335,-0.065));
#17810=CARTESIAN_POINT('',(0.375,0.335,-0.065));
#17811=CARTESIAN_POINT('',(0.375,0.335,-0.065));
#17812=CARTESIAN_POINT('',(0.345,0.335,-0.065));
#17813=CARTESIAN_POINT('',(0.345,0.335,-0.065));
#17814=CARTESIAN_POINT('',(0.375,0.335,-0.035));
#17815=CARTESIAN_POINT('',(0.375,0.045,-0.035));
#17816=CARTESIAN_POINT('',(0.375,0.045,-0.035));
#17817=CARTESIAN_POINT('',(0.375,0.335,-0.035));
#17818=CARTESIAN_POINT('',(0.375,0.335,-0.035));
#17819=CARTESIAN_POINT('',(0.375,0.335,-0.035));
#17820=CARTESIAN_POINT('',(0.345,0.335,-0.035));
#17821=CARTESIAN_POINT('',(0.345,0.045,-0.035));
#17822=CARTESIAN_POINT('',(0.345,0.045,-0.035));
#17823=CARTESIAN_POINT('',(0.345,0.335,-0.035));
#17824=CARTESIAN_POINT('',(0.345,0.335,-0.035));
#17825=CARTESIAN_POINT('',(0.345,0.335,-0.035));
#17826=CARTESIAN_POINT('',(0.275,0.335,0.035));
#17827=CARTESIAN_POINT('',(0.275,0.045,0.035));
#17828=CARTESIAN_POINT('',(0.275,0.045,0.035));
#17829=CARTESIAN_POINT('',(0.245,0.045,0.035));
#17830=CARTESIAN_POINT('',(0.275,0.335,0.035));
#17831=CARTESIAN_POINT('',(0.275,0.335,0.035));
#17832=CARTESIAN_POINT('',(0.275,0.335,0.035));
#17833=CARTESIAN_POINT('',(0.245,0.335,0.035));
#17834=CARTESIAN_POINT('',(0.245,0.335,0.035));
#17835=CARTESIAN_POINT('',(0.275,0.335,0.065));
#17836=CARTESIAN_POINT('',(0.275,0.045,0.065));
#17837=CARTESIAN_POINT('',(0.275,0.045,0.065));
#17838=CARTESIAN_POINT('',(0.275,0.335,0.065));
#17839=CARTESIAN_POINT('',(0.275,0.335,0.065));
#17840=CARTESIAN_POINT('',(0.275,0.335,0.065));
#17841=CARTESIAN_POINT('',(0.245,0.335,0.065));
#17842=CARTESIAN_POINT('',(0.245,0.045,0.065));
#17843=CARTESIAN_POINT('',(0.245,0.045,0.065));
#17844=CARTESIAN_POINT('',(0.245,0.335,0.065));
#17845=CARTESIAN_POINT('',(0.245,0.335,0.065));
#17846=CARTESIAN_POINT('',(0.245,0.335,0.065));
#17847=CARTESIAN_POINT('',(0.275,0.335,-0.065));
#17848=CARTESIAN_POINT('',(0.275,0.045,-0.065));
#17849=CARTESIAN_POINT('',(0.275,0.045,-0.065));
#17850=CARTESIAN_POINT('',(0.245,0.045,-0.065));
#17851=CARTESIAN_POINT('',(0.275,0.335,-0.065));
#17852=CARTESIAN_POINT('',(0.275,0.335,-0.065));
#17853=CARTESIAN_POINT('',(0.275,0.335,-0.065));
#17854=CARTESIAN_POINT('',(0.245,0.335,-0.065));
#17855=CARTESIAN_POINT('',(0.245,0.335,-0.065));
#17856=CARTESIAN_POINT('',(0.275,0.335,-0.035));
#17857=CARTESIAN_POINT('',(0.275,0.045,-0.035));
#17858=CARTESIAN_POINT('',(0.275,0.045,-0.035));
#17859=CARTESIAN_POINT('',(0.275,0.335,-0.035));
#17860=CARTESIAN_POINT('',(0.275,0.335,-0.035));
#17861=CARTESIAN_POINT('',(0.275,0.335,-0.035));
#17862=CARTESIAN_POINT('',(0.245,0.335,-0.035));
#17863=CARTESIAN_POINT('',(0.245,0.045,-0.035));
#17864=CARTESIAN_POINT('',(0.245,0.045,-0.035));
#17865=CARTESIAN_POINT('',(0.245,0.335,-0.035));
#17866=CARTESIAN_POINT('',(0.245,0.335,-0.035));
#17867=CARTESIAN_POINT('',(0.245,0.335,-0.035));
#17868=CARTESIAN_POINT('',(0.175,0.335,0.035));
#17869=CARTESIAN_POINT('',(0.175,0.045,0.035));
#17870=CARTESIAN_POINT('',(0.175,0.045,0.035));
#17871=CARTESIAN_POINT('',(0.145,0.045,0.035));
#17872=CARTESIAN_POINT('',(0.175,0.335,0.035));
#17873=CARTESIAN_POINT('',(0.175,0.335,0.035));
#17874=CARTESIAN_POINT('',(0.175,0.335,0.035));
#17875=CARTESIAN_POINT('',(0.145,0.335,0.035));
#17876=CARTESIAN_POINT('',(0.145,0.335,0.035));
#17877=CARTESIAN_POINT('',(0.175,0.335,0.065));
#17878=CARTESIAN_POINT('',(0.175,0.045,0.065));
#17879=CARTESIAN_POINT('',(0.175,0.045,0.065));
#17880=CARTESIAN_POINT('',(0.175,0.335,0.065));
#17881=CARTESIAN_POINT('',(0.175,0.335,0.065));
#17882=CARTESIAN_POINT('',(0.175,0.335,0.065));
#17883=CARTESIAN_POINT('',(0.145,0.335,0.065));
#17884=CARTESIAN_POINT('',(0.145,0.045,0.065));
#17885=CARTESIAN_POINT('',(0.145,0.045,0.065));
#17886=CARTESIAN_POINT('',(0.145,0.335,0.065));
#17887=CARTESIAN_POINT('',(0.145,0.335,0.065));
#17888=CARTESIAN_POINT('',(0.145,0.335,0.065));
#17889=CARTESIAN_POINT('',(0.175,0.335,-0.065));
#17890=CARTESIAN_POINT('',(0.175,0.045,-0.065));
#17891=CARTESIAN_POINT('',(0.175,0.045,-0.065));
#17892=CARTESIAN_POINT('',(0.145,0.045,-0.065));
#17893=CARTESIAN_POINT('',(0.175,0.335,-0.065));
#17894=CARTESIAN_POINT('',(0.175,0.335,-0.065));
#17895=CARTESIAN_POINT('',(0.175,0.335,-0.065));
#17896=CARTESIAN_POINT('',(0.145,0.335,-0.065));
#17897=CARTESIAN_POINT('',(0.145,0.335,-0.065));
#17898=CARTESIAN_POINT('',(0.175,0.335,-0.035));
#17899=CARTESIAN_POINT('',(0.175,0.045,-0.035));
#17900=CARTESIAN_POINT('',(0.175,0.045,-0.035));
#17901=CARTESIAN_POINT('',(0.175,0.335,-0.035));
#17902=CARTESIAN_POINT('',(0.175,0.335,-0.035));
#17903=CARTESIAN_POINT('',(0.175,0.335,-0.035));
#17904=CARTESIAN_POINT('',(0.145,0.335,-0.035));
#17905=CARTESIAN_POINT('',(0.145,0.045,-0.035));
#17906=CARTESIAN_POINT('',(0.145,0.045,-0.035));
#17907=CARTESIAN_POINT('',(0.145,0.335,-0.035));
#17908=CARTESIAN_POINT('',(0.145,0.335,-0.035));
#17909=CARTESIAN_POINT('',(0.145,0.335,-0.035));
#17910=CARTESIAN_POINT('',(0.0749999999999999,0.335,0.035));
#17911=CARTESIAN_POINT('',(0.0749999999999999,0.045,0.035));
#17912=CARTESIAN_POINT('',(0.0749999999999999,0.045,0.035));
#17913=CARTESIAN_POINT('',(0.0449999999999999,0.045,0.035));
#17914=CARTESIAN_POINT('',(0.0749999999999999,0.335,0.035));
#17915=CARTESIAN_POINT('',(0.0749999999999999,0.335,0.035));
#17916=CARTESIAN_POINT('',(0.0749999999999999,0.335,0.035));
#17917=CARTESIAN_POINT('',(0.0449999999999999,0.335,0.035));
#17918=CARTESIAN_POINT('',(0.0449999999999999,0.335,0.035));
#17919=CARTESIAN_POINT('',(0.0749999999999999,0.335,0.065));
#17920=CARTESIAN_POINT('',(0.0749999999999999,0.045,0.065));
#17921=CARTESIAN_POINT('',(0.0749999999999999,0.045,0.065));
#17922=CARTESIAN_POINT('',(0.0749999999999999,0.335,0.065));
#17923=CARTESIAN_POINT('',(0.0749999999999999,0.335,0.065));
#17924=CARTESIAN_POINT('',(0.0749999999999999,0.335,0.065));
#17925=CARTESIAN_POINT('',(0.0449999999999999,0.335,0.065));
#17926=CARTESIAN_POINT('',(0.0449999999999999,0.045,0.065));
#17927=CARTESIAN_POINT('',(0.0449999999999999,0.045,0.065));
#17928=CARTESIAN_POINT('',(0.0449999999999999,0.335,0.065));
#17929=CARTESIAN_POINT('',(0.0449999999999999,0.335,0.065));
#17930=CARTESIAN_POINT('',(0.0449999999999999,0.335,0.065));
#17931=CARTESIAN_POINT('',(0.0749999999999999,0.335,-0.065));
#17932=CARTESIAN_POINT('',(0.0749999999999999,0.045,-0.065));
#17933=CARTESIAN_POINT('',(0.0749999999999999,0.045,-0.065));
#17934=CARTESIAN_POINT('',(0.0449999999999999,0.045,-0.065));
#17935=CARTESIAN_POINT('',(0.0749999999999999,0.335,-0.065));
#17936=CARTESIAN_POINT('',(0.0749999999999999,0.335,-0.065));
#17937=CARTESIAN_POINT('',(0.0749999999999999,0.335,-0.065));
#17938=CARTESIAN_POINT('',(0.0449999999999999,0.335,-0.065));
#17939=CARTESIAN_POINT('',(0.0449999999999999,0.335,-0.065));
#17940=CARTESIAN_POINT('',(0.0749999999999999,0.335,-0.035));
#17941=CARTESIAN_POINT('',(0.0749999999999999,0.045,-0.035));
#17942=CARTESIAN_POINT('',(0.0749999999999999,0.045,-0.035));
#17943=CARTESIAN_POINT('',(0.0749999999999999,0.335,-0.035));
#17944=CARTESIAN_POINT('',(0.0749999999999999,0.335,-0.035));
#17945=CARTESIAN_POINT('',(0.0749999999999999,0.335,-0.035));
#17946=CARTESIAN_POINT('',(0.0449999999999999,0.335,-0.035));
#17947=CARTESIAN_POINT('',(0.0449999999999999,0.045,-0.035));
#17948=CARTESIAN_POINT('',(0.0449999999999999,0.045,-0.035));
#17949=CARTESIAN_POINT('',(0.0449999999999999,0.335,-0.035));
#17950=CARTESIAN_POINT('',(0.0449999999999999,0.335,-0.035));
#17951=CARTESIAN_POINT('',(0.0449999999999999,0.335,-0.035));
#17952=CARTESIAN_POINT('',(0.745,0.335,0.035));
#17953=CARTESIAN_POINT('',(0.745,0.045,0.035));
#17954=CARTESIAN_POINT('',(0.745,0.335,0.035));
#17955=CARTESIAN_POINT('',(0.745,0.335,-0.065));
#17956=CARTESIAN_POINT('',(0.745,0.045,-0.065));
#17957=CARTESIAN_POINT('',(0.745,0.335,-0.065));
#17958=CARTESIAN_POINT('',(0.645,0.335,0.035));
#17959=CARTESIAN_POINT('',(0.645,0.045,0.035));
#17960=CARTESIAN_POINT('',(0.645,0.335,0.035));
#17961=CARTESIAN_POINT('',(0.645,0.335,-0.065));
#17962=CARTESIAN_POINT('',(0.645,0.045,-0.065));
#17963=CARTESIAN_POINT('',(0.645,0.335,-0.065));
#17964=CARTESIAN_POINT('',(0.545,0.335,0.035));
#17965=CARTESIAN_POINT('',(0.545,0.045,0.035));
#17966=CARTESIAN_POINT('',(0.545,0.335,0.035));
#17967=CARTESIAN_POINT('',(0.545,0.335,-0.065));
#17968=CARTESIAN_POINT('',(0.545,0.045,-0.065));
#17969=CARTESIAN_POINT('',(0.545,0.335,-0.065));
#17970=CARTESIAN_POINT('',(0.445,0.335,0.035));
#17971=CARTESIAN_POINT('',(0.445,0.045,0.035));
#17972=CARTESIAN_POINT('',(0.445,0.335,0.035));
#17973=CARTESIAN_POINT('',(0.445,0.335,-0.065));
#17974=CARTESIAN_POINT('',(0.445,0.045,-0.065));
#17975=CARTESIAN_POINT('',(0.445,0.335,-0.065));
#17976=CARTESIAN_POINT('',(0.345,0.335,0.035));
#17977=CARTESIAN_POINT('',(0.345,0.045,0.035));
#17978=CARTESIAN_POINT('',(0.345,0.335,0.035));
#17979=CARTESIAN_POINT('',(0.345,0.335,-0.065));
#17980=CARTESIAN_POINT('',(0.345,0.045,-0.065));
#17981=CARTESIAN_POINT('',(0.345,0.335,-0.065));
#17982=CARTESIAN_POINT('',(0.245,0.335,0.035));
#17983=CARTESIAN_POINT('',(0.245,0.045,0.035));
#17984=CARTESIAN_POINT('',(0.245,0.335,0.035));
#17985=CARTESIAN_POINT('',(0.245,0.335,-0.065));
#17986=CARTESIAN_POINT('',(0.245,0.045,-0.065));
#17987=CARTESIAN_POINT('',(0.245,0.335,-0.065));
#17988=CARTESIAN_POINT('',(0.145,0.335,0.035));
#17989=CARTESIAN_POINT('',(0.145,0.045,0.035));
#17990=CARTESIAN_POINT('',(0.145,0.335,0.035));
#17991=CARTESIAN_POINT('',(0.145,0.335,-0.065));
#17992=CARTESIAN_POINT('',(0.145,0.045,-0.065));
#17993=CARTESIAN_POINT('',(0.145,0.335,-0.065));
#17994=CARTESIAN_POINT('',(0.0449999999999999,0.335,0.035));
#17995=CARTESIAN_POINT('',(0.0449999999999999,0.045,0.035));
#17996=CARTESIAN_POINT('',(0.0449999999999999,0.335,0.035));
#17997=CARTESIAN_POINT('',(0.0449999999999999,0.335,-0.065));
#17998=CARTESIAN_POINT('',(0.0449999999999999,0.045,-0.065));
#17999=CARTESIAN_POINT('',(0.0449999999999999,0.335,-0.065));
#18000=CARTESIAN_POINT('',(0.,0.335,0.));
#18001=CARTESIAN_POINT('',(0.,0.045,0.));
#18002=CARTESIAN_POINT('',(0.,0.045,0.));
#18003=CARTESIAN_POINT('',(0.,0.045,0.));
#18004=CARTESIAN_POINT('',(0.,0.045,0.));
#18005=CARTESIAN_POINT('',(0.,0.045,0.));
#18006=CARTESIAN_POINT('',(0.,0.045,0.));
#18007=CARTESIAN_POINT('',(0.,0.045,0.));
#18008=CARTESIAN_POINT('',(0.,0.045,0.));
#18009=CARTESIAN_POINT('',(0.,0.045,0.));
#18010=CARTESIAN_POINT('',(0.,0.045,0.));
#18011=CARTESIAN_POINT('',(0.,0.045,0.));
#18012=CARTESIAN_POINT('',(0.,0.045,0.));
#18013=CARTESIAN_POINT('',(0.,0.045,0.));
#18014=CARTESIAN_POINT('',(0.,0.045,0.));
#18015=CARTESIAN_POINT('',(0.,0.045,0.));
#18016=CARTESIAN_POINT('',(0.,0.045,0.));
#18017=CARTESIAN_POINT('',(0.82,0.01,-0.0775));
#18018=CARTESIAN_POINT('',(0.09,0.01,0.0975));
#18019=CARTESIAN_POINT('',(0.13,0.01,0.0975));
#18020=CARTESIAN_POINT('',(0.19,0.01,0.0975));
#18021=CARTESIAN_POINT('',(0.23,0.01,0.0975));
#18022=CARTESIAN_POINT('',(0.29,0.01,0.0975));
#18023=CARTESIAN_POINT('',(0.33,0.01,0.0975));
#18024=CARTESIAN_POINT('',(0.39,0.01,0.0975));
#18025=CARTESIAN_POINT('',(0.43,0.01,0.0975));
#18026=CARTESIAN_POINT('',(0.49,0.01,0.0975));
#18027=CARTESIAN_POINT('',(0.53,0.01,0.0975));
#18028=CARTESIAN_POINT('',(0.59,0.01,0.0975));
#18029=CARTESIAN_POINT('',(0.63,0.01,0.0975));
#18030=CARTESIAN_POINT('',(0.69,0.01,0.0975));
#18031=CARTESIAN_POINT('',(0.73,0.01,0.0975));
#18032=CARTESIAN_POINT('',(0.79,0.01,0.0975));
#18033=CARTESIAN_POINT('',(0.79,0.01,0.0975));
#18034=CARTESIAN_POINT('',(0.73,0.01,0.0975));
#18035=CARTESIAN_POINT('',(0.69,0.01,0.0975));
#18036=CARTESIAN_POINT('',(0.63,0.01,0.0975));
#18037=CARTESIAN_POINT('',(0.59,0.01,0.0975));
#18038=CARTESIAN_POINT('',(0.53,0.01,0.0975));
#18039=CARTESIAN_POINT('',(0.49,0.01,0.0975));
#18040=CARTESIAN_POINT('',(0.43,0.01,0.0975));
#18041=CARTESIAN_POINT('',(0.39,0.01,0.0975));
#18042=CARTESIAN_POINT('',(0.33,0.01,0.0975));
#18043=CARTESIAN_POINT('',(0.29,0.01,0.0975));
#18044=CARTESIAN_POINT('',(0.23,0.01,0.0975));
#18045=CARTESIAN_POINT('',(0.19,0.01,0.0975));
#18046=CARTESIAN_POINT('',(0.13,0.01,0.0975));
#18047=CARTESIAN_POINT('',(0.09,0.01,0.0975));
#18048=CARTESIAN_POINT('',(0.03,0.01,0.0975));
#18049=CARTESIAN_POINT('',(0.03,0.01,0.0975));
#18050=CARTESIAN_POINT('',(0.03,0.01,0.0975));
#18051=CARTESIAN_POINT('',(0.09,0.,0.0975));
#18052=CARTESIAN_POINT('',(0.13,0.01,0.0975));
#18053=CARTESIAN_POINT('',(0.19,0.,0.0975));
#18054=CARTESIAN_POINT('',(0.23,0.01,0.0975));
#18055=CARTESIAN_POINT('',(0.29,0.,0.0975));
#18056=CARTESIAN_POINT('',(0.33,0.01,0.0975));
#18057=CARTESIAN_POINT('',(0.39,0.,0.0975));
#18058=CARTESIAN_POINT('',(0.43,0.01,0.0975));
#18059=CARTESIAN_POINT('',(0.49,0.,0.0975));
#18060=CARTESIAN_POINT('',(0.53,0.01,0.0975));
#18061=CARTESIAN_POINT('',(0.59,0.,0.0975));
#18062=CARTESIAN_POINT('',(0.63,0.01,0.0975));
#18063=CARTESIAN_POINT('',(0.69,0.,0.0975));
#18064=CARTESIAN_POINT('',(0.73,0.01,0.0975));
#18065=CARTESIAN_POINT('',(0.79,0.,0.0975));
#18066=CARTESIAN_POINT('',(0.03,0.01,0.0975));
#18067=CARTESIAN_POINT('',(0.09,0.,0.0975));
#18068=CARTESIAN_POINT('',(0.13,0.01,0.0975));
#18069=CARTESIAN_POINT('',(0.19,0.,0.0975));
#18070=CARTESIAN_POINT('',(0.23,0.01,0.0975));
#18071=CARTESIAN_POINT('',(0.29,0.,0.0975));
#18072=CARTESIAN_POINT('',(0.33,0.01,0.0975));
#18073=CARTESIAN_POINT('',(0.39,0.,0.0975));
#18074=CARTESIAN_POINT('',(0.43,0.01,0.0975));
#18075=CARTESIAN_POINT('',(0.49,0.,0.0975));
#18076=CARTESIAN_POINT('',(0.53,0.01,0.0975));
#18077=CARTESIAN_POINT('',(0.59,0.,0.0975));
#18078=CARTESIAN_POINT('',(0.63,0.01,0.0975));
#18079=CARTESIAN_POINT('',(0.69,0.,0.0975));
#18080=CARTESIAN_POINT('',(0.79,0.,0.0975));
#18081=CARTESIAN_POINT('',(0.73,0.01,0.0975));
#18082=CARTESIAN_POINT('',(-0.41,0.,0.));
#18083=CARTESIAN_POINT('',(0.395,0.22,-0.0925));
#18084=CARTESIAN_POINT('',(0.395,0.0269999999999996,-0.0925));
#18085=CARTESIAN_POINT('',(0.395,0.0269999999999997,-0.0925));
#18086=CARTESIAN_POINT('',(-0.395,0.0269999999999996,-0.0925));
#18087=CARTESIAN_POINT('',(0.395,0.22,-0.0925));
#18088=CARTESIAN_POINT('',(0.395,0.025,-0.0925));
#18089=CARTESIAN_POINT('',(0.395,0.025,-0.0925));
#18090=CARTESIAN_POINT('',(-0.395,0.025,-0.0925));
#18091=CARTESIAN_POINT('',(-0.395,0.22,-0.0925));
#18092=CARTESIAN_POINT('',(-0.395,0.22,-0.0925));
#18093=CARTESIAN_POINT('',(-0.395,0.0269999999999996,-0.0925));
#18094=CARTESIAN_POINT('',(-0.395,0.0269999999999996,0.0925));
#18095=CARTESIAN_POINT('',(-0.395,0.025,-0.0925));
#18096=CARTESIAN_POINT('',(-0.395,0.025,0.0925));
#18097=CARTESIAN_POINT('',(-0.395,0.22,0.0925));
#18098=CARTESIAN_POINT('',(-0.395,0.22,0.0925));
#18099=CARTESIAN_POINT('',(-0.395,0.0269999999999996,0.0925));
#18100=CARTESIAN_POINT('',(0.395,0.0269999999999996,0.0925));
#18101=CARTESIAN_POINT('',(-0.395,0.025,0.0925));
#18102=CARTESIAN_POINT('',(0.395,0.025,0.0925));
#18103=CARTESIAN_POINT('',(0.395,0.22,0.0925));
#18104=CARTESIAN_POINT('',(0.395,0.22,0.0925));
#18105=CARTESIAN_POINT('',(0.395,0.0269999999999996,0.0925));
#18106=CARTESIAN_POINT('',(0.395,0.025,0.0925));
#18107=CARTESIAN_POINT('',(0.3655,-0.395,0.058));
#18108=CARTESIAN_POINT('',(0.3655,-0.395,0.058));
#18109=CARTESIAN_POINT('',(0.3655,-0.38,0.058));
#18110=CARTESIAN_POINT('',(0.3655,0.025,0.058));
#18111=CARTESIAN_POINT('',(0.3655,-0.38,0.09));
#18112=CARTESIAN_POINT('',(0.3655,-0.38,0.042));
#18113=CARTESIAN_POINT('',(0.3655,-0.395,0.042));
#18114=CARTESIAN_POINT('',(0.3655,0.025,0.042));
#18115=CARTESIAN_POINT('',(0.3655,0.025,0.058));
#18116=CARTESIAN_POINT('',(0.3655,-0.395,-0.042));
#18117=CARTESIAN_POINT('',(0.3655,-0.395,-0.042));
#18118=CARTESIAN_POINT('',(0.3655,-0.38,-0.042));
#18119=CARTESIAN_POINT('',(0.3655,0.025,-0.042));
#18120=CARTESIAN_POINT('',(0.3655,-0.38,0.09));
#18121=CARTESIAN_POINT('',(0.3655,-0.38,-0.058));
#18122=CARTESIAN_POINT('',(0.3655,-0.395,-0.058));
#18123=CARTESIAN_POINT('',(0.3655,0.025,-0.058));
#18124=CARTESIAN_POINT('',(0.3655,0.025,-0.042));
#18125=CARTESIAN_POINT('',(0.2655,-0.395,0.058));
#18126=CARTESIAN_POINT('',(0.2655,-0.395,0.058));
#18127=CARTESIAN_POINT('',(0.2655,-0.38,0.058));
#18128=CARTESIAN_POINT('',(0.2655,0.025,0.058));
#18129=CARTESIAN_POINT('',(0.2655,-0.38,0.09));
#18130=CARTESIAN_POINT('',(0.2655,-0.38,0.0419999999999999));
#18131=CARTESIAN_POINT('',(0.2655,-0.395,0.042));
#18132=CARTESIAN_POINT('',(0.2655,0.025,0.042));
#18133=CARTESIAN_POINT('',(0.2655,0.025,0.058));
#18134=CARTESIAN_POINT('',(0.2655,-0.395,-0.042));
#18135=CARTESIAN_POINT('',(0.2655,-0.395,-0.042));
#18136=CARTESIAN_POINT('',(0.2655,-0.38,-0.042));
#18137=CARTESIAN_POINT('',(0.2655,0.025,-0.042));
#18138=CARTESIAN_POINT('',(0.2655,-0.38,0.09));
#18139=CARTESIAN_POINT('',(0.2655,-0.38,-0.0580000000000001));
#18140=CARTESIAN_POINT('',(0.2655,-0.395,-0.058));
#18141=CARTESIAN_POINT('',(0.2655,0.025,-0.058));
#18142=CARTESIAN_POINT('',(0.2655,0.025,-0.042));
#18143=CARTESIAN_POINT('',(0.1655,-0.395,0.058));
#18144=CARTESIAN_POINT('',(0.1655,-0.395,0.058));
#18145=CARTESIAN_POINT('',(0.1655,-0.38,0.058));
#18146=CARTESIAN_POINT('',(0.1655,0.025,0.058));
#18147=CARTESIAN_POINT('',(0.1655,-0.38,0.09));
#18148=CARTESIAN_POINT('',(0.1655,-0.38,0.042));
#18149=CARTESIAN_POINT('',(0.1655,-0.395,0.042));
#18150=CARTESIAN_POINT('',(0.1655,0.025,0.042));
#18151=CARTESIAN_POINT('',(0.1655,0.025,0.058));
#18152=CARTESIAN_POINT('',(0.1655,-0.395,-0.042));
#18153=CARTESIAN_POINT('',(0.1655,-0.395,-0.042));
#18154=CARTESIAN_POINT('',(0.1655,-0.38,-0.042));
#18155=CARTESIAN_POINT('',(0.1655,0.025,-0.042));
#18156=CARTESIAN_POINT('',(0.1655,-0.38,0.09));
#18157=CARTESIAN_POINT('',(0.1655,-0.38,-0.058));
#18158=CARTESIAN_POINT('',(0.1655,-0.395,-0.058));
#18159=CARTESIAN_POINT('',(0.1655,0.025,-0.058));
#18160=CARTESIAN_POINT('',(0.1655,0.025,-0.042));
#18161=CARTESIAN_POINT('',(0.0655,-0.395,0.058));
#18162=CARTESIAN_POINT('',(0.0655,-0.395,0.058));
#18163=CARTESIAN_POINT('',(0.0655,-0.38,0.058));
#18164=CARTESIAN_POINT('',(0.0655,0.025,0.058));
#18165=CARTESIAN_POINT('',(0.0655,-0.38,0.09));
#18166=CARTESIAN_POINT('',(0.0655,-0.38,0.042));
#18167=CARTESIAN_POINT('',(0.0655,-0.395,0.042));
#18168=CARTESIAN_POINT('',(0.0655,0.025,0.042));
#18169=CARTESIAN_POINT('',(0.0655,0.025,0.058));
#18170=CARTESIAN_POINT('',(0.0655,-0.395,-0.042));
#18171=CARTESIAN_POINT('',(0.0655,-0.395,-0.042));
#18172=CARTESIAN_POINT('',(0.0655,-0.38,-0.042));
#18173=CARTESIAN_POINT('',(0.0655,0.025,-0.042));
#18174=CARTESIAN_POINT('',(0.0655,-0.38,0.09));
#18175=CARTESIAN_POINT('',(0.0655,-0.38,-0.0580000000000001));
#18176=CARTESIAN_POINT('',(0.0655,-0.395,-0.058));
#18177=CARTESIAN_POINT('',(0.0655,0.025,-0.058));
#18178=CARTESIAN_POINT('',(0.0655,0.025,-0.042));
#18179=CARTESIAN_POINT('',(-0.0345,-0.395,0.058));
#18180=CARTESIAN_POINT('',(-0.0345,-0.395,0.058));
#18181=CARTESIAN_POINT('',(-0.0344999999999999,-0.38,0.058));
#18182=CARTESIAN_POINT('',(-0.0345,0.025,0.058));
#18183=CARTESIAN_POINT('',(-0.0345,-0.38,0.09));
#18184=CARTESIAN_POINT('',(-0.0345,-0.38,0.042));
#18185=CARTESIAN_POINT('',(-0.0345,-0.395,0.042));
#18186=CARTESIAN_POINT('',(-0.0345,0.025,0.042));
#18187=CARTESIAN_POINT('',(-0.0345,0.025,0.058));
#18188=CARTESIAN_POINT('',(-0.0345,-0.395,-0.042));
#18189=CARTESIAN_POINT('',(-0.0345,-0.395,-0.042));
#18190=CARTESIAN_POINT('',(-0.0345,-0.38,-0.042));
#18191=CARTESIAN_POINT('',(-0.0345,0.025,-0.042));
#18192=CARTESIAN_POINT('',(-0.0345,-0.38,0.09));
#18193=CARTESIAN_POINT('',(-0.0345,-0.38,-0.058));
#18194=CARTESIAN_POINT('',(-0.0345,-0.395,-0.058));
#18195=CARTESIAN_POINT('',(-0.0345,0.025,-0.058));
#18196=CARTESIAN_POINT('',(-0.0345,0.025,-0.042));
#18197=CARTESIAN_POINT('',(-0.1345,-0.395,0.058));
#18198=CARTESIAN_POINT('',(-0.1345,-0.395,0.058));
#18199=CARTESIAN_POINT('',(-0.1345,-0.38,0.058));
#18200=CARTESIAN_POINT('',(-0.1345,0.025,0.058));
#18201=CARTESIAN_POINT('',(-0.1345,-0.38,0.09));
#18202=CARTESIAN_POINT('',(-0.1345,-0.38,0.0419999999999999));
#18203=CARTESIAN_POINT('',(-0.1345,-0.395,0.042));
#18204=CARTESIAN_POINT('',(-0.1345,0.025,0.042));
#18205=CARTESIAN_POINT('',(-0.1345,0.025,0.058));
#18206=CARTESIAN_POINT('',(-0.1345,-0.395,-0.042));
#18207=CARTESIAN_POINT('',(-0.1345,-0.395,-0.042));
#18208=CARTESIAN_POINT('',(-0.1345,-0.38,-0.042));
#18209=CARTESIAN_POINT('',(-0.1345,0.025,-0.042));
#18210=CARTESIAN_POINT('',(-0.1345,-0.38,0.09));
#18211=CARTESIAN_POINT('',(-0.1345,-0.38,-0.0580000000000001));
#18212=CARTESIAN_POINT('',(-0.1345,-0.395,-0.058));
#18213=CARTESIAN_POINT('',(-0.1345,0.025,-0.058));
#18214=CARTESIAN_POINT('',(-0.1345,0.025,-0.042));
#18215=CARTESIAN_POINT('',(-0.2345,-0.395,0.058));
#18216=CARTESIAN_POINT('',(-0.2345,-0.395,0.058));
#18217=CARTESIAN_POINT('',(-0.2345,-0.38,0.0580000000000001));
#18218=CARTESIAN_POINT('',(-0.2345,0.025,0.058));
#18219=CARTESIAN_POINT('',(-0.2345,-0.38,0.09));
#18220=CARTESIAN_POINT('',(-0.2345,-0.38,0.0419999999999999));
#18221=CARTESIAN_POINT('',(-0.2345,-0.395,0.042));
#18222=CARTESIAN_POINT('',(-0.2345,0.025,0.042));
#18223=CARTESIAN_POINT('',(-0.2345,0.025,0.058));
#18224=CARTESIAN_POINT('',(-0.2345,-0.395,-0.042));
#18225=CARTESIAN_POINT('',(-0.2345,-0.395,-0.042));
#18226=CARTESIAN_POINT('',(-0.2345,-0.38,-0.042));
#18227=CARTESIAN_POINT('',(-0.2345,0.025,-0.042));
#18228=CARTESIAN_POINT('',(-0.2345,-0.38,0.09));
#18229=CARTESIAN_POINT('',(-0.2345,-0.38,-0.0580000000000001));
#18230=CARTESIAN_POINT('',(-0.2345,-0.395,-0.058));
#18231=CARTESIAN_POINT('',(-0.2345,0.025,-0.058));
#18232=CARTESIAN_POINT('',(-0.2345,0.025,-0.042));
#18233=CARTESIAN_POINT('',(-0.3345,-0.395,0.058));
#18234=CARTESIAN_POINT('',(-0.3345,-0.395,0.058));
#18235=CARTESIAN_POINT('',(-0.3345,-0.38,0.0580000000000001));
#18236=CARTESIAN_POINT('',(-0.3345,0.025,0.058));
#18237=CARTESIAN_POINT('',(-0.3345,-0.38,0.09));
#18238=CARTESIAN_POINT('',(-0.3345,-0.38,0.0419999999999999));
#18239=CARTESIAN_POINT('',(-0.3345,-0.395,0.042));
#18240=CARTESIAN_POINT('',(-0.3345,0.025,0.042));
#18241=CARTESIAN_POINT('',(-0.3345,0.025,0.058));
#18242=CARTESIAN_POINT('',(-0.3345,-0.395,-0.042));
#18243=CARTESIAN_POINT('',(-0.3345,-0.395,-0.042));
#18244=CARTESIAN_POINT('',(-0.3345,-0.38,-0.0419999999999999));
#18245=CARTESIAN_POINT('',(-0.3345,0.025,-0.042));
#18246=CARTESIAN_POINT('',(-0.3345,-0.38,0.09));
#18247=CARTESIAN_POINT('',(-0.3345,-0.38,-0.0580000000000001));
#18248=CARTESIAN_POINT('',(-0.3345,-0.395,-0.058));
#18249=CARTESIAN_POINT('',(-0.3345,0.025,-0.058));
#18250=CARTESIAN_POINT('',(-0.3345,0.025,-0.042));
#18251=CARTESIAN_POINT('',(0.3345,-0.395,0.042));
#18252=CARTESIAN_POINT('',(0.3345,-0.395,0.042));
#18253=CARTESIAN_POINT('',(0.3345,-0.38,0.042));
#18254=CARTESIAN_POINT('',(0.3345,0.025,0.042));
#18255=CARTESIAN_POINT('',(0.3345,-0.38,0.09));
#18256=CARTESIAN_POINT('',(0.3345,-0.38,0.058));
#18257=CARTESIAN_POINT('',(0.3345,-0.395,0.058));
#18258=CARTESIAN_POINT('',(0.3345,0.025,0.058));
#18259=CARTESIAN_POINT('',(0.3345,0.025,0.042));
#18260=CARTESIAN_POINT('',(0.3345,-0.395,-0.058));
#18261=CARTESIAN_POINT('',(0.3345,-0.395,-0.058));
#18262=CARTESIAN_POINT('',(0.3345,-0.38,-0.058));
#18263=CARTESIAN_POINT('',(0.3345,0.025,-0.058));
#18264=CARTESIAN_POINT('',(0.3345,-0.38,0.09));
#18265=CARTESIAN_POINT('',(0.3345,-0.38,-0.042));
#18266=CARTESIAN_POINT('',(0.3345,-0.395,-0.042));
#18267=CARTESIAN_POINT('',(0.3345,0.025,-0.042));
#18268=CARTESIAN_POINT('',(0.3345,0.025,-0.058));
#18269=CARTESIAN_POINT('',(0.2345,-0.395,0.042));
#18270=CARTESIAN_POINT('',(0.2345,-0.395,0.042));
#18271=CARTESIAN_POINT('',(0.2345,-0.38,0.042));
#18272=CARTESIAN_POINT('',(0.2345,0.025,0.042));
#18273=CARTESIAN_POINT('',(0.2345,-0.38,0.09));
#18274=CARTESIAN_POINT('',(0.2345,-0.38,0.058));
#18275=CARTESIAN_POINT('',(0.2345,-0.395,0.058));
#18276=CARTESIAN_POINT('',(0.2345,0.025,0.058));
#18277=CARTESIAN_POINT('',(0.2345,0.025,0.042));
#18278=CARTESIAN_POINT('',(0.2345,-0.395,-0.058));
#18279=CARTESIAN_POINT('',(0.2345,-0.395,-0.058));
#18280=CARTESIAN_POINT('',(0.2345,-0.38,-0.058));
#18281=CARTESIAN_POINT('',(0.2345,0.025,-0.058));
#18282=CARTESIAN_POINT('',(0.2345,-0.38,0.09));
#18283=CARTESIAN_POINT('',(0.2345,-0.38,-0.042));
#18284=CARTESIAN_POINT('',(0.2345,-0.395,-0.042));
#18285=CARTESIAN_POINT('',(0.2345,0.025,-0.042));
#18286=CARTESIAN_POINT('',(0.2345,0.025,-0.058));
#18287=CARTESIAN_POINT('',(0.1345,-0.395,0.042));
#18288=CARTESIAN_POINT('',(0.1345,-0.395,0.042));
#18289=CARTESIAN_POINT('',(0.1345,-0.38,0.042));
#18290=CARTESIAN_POINT('',(0.1345,0.025,0.042));
#18291=CARTESIAN_POINT('',(0.1345,-0.38,0.09));
#18292=CARTESIAN_POINT('',(0.1345,-0.38,0.058));
#18293=CARTESIAN_POINT('',(0.1345,-0.395,0.058));
#18294=CARTESIAN_POINT('',(0.1345,0.025,0.058));
#18295=CARTESIAN_POINT('',(0.1345,0.025,0.042));
#18296=CARTESIAN_POINT('',(0.1345,-0.395,-0.058));
#18297=CARTESIAN_POINT('',(0.1345,-0.395,-0.058));
#18298=CARTESIAN_POINT('',(0.1345,-0.38,-0.058));
#18299=CARTESIAN_POINT('',(0.1345,0.025,-0.058));
#18300=CARTESIAN_POINT('',(0.1345,-0.38,0.09));
#18301=CARTESIAN_POINT('',(0.1345,-0.38,-0.042));
#18302=CARTESIAN_POINT('',(0.1345,-0.395,-0.042));
#18303=CARTESIAN_POINT('',(0.1345,0.025,-0.042));
#18304=CARTESIAN_POINT('',(0.1345,0.025,-0.058));
#18305=CARTESIAN_POINT('',(0.0345,-0.395,0.042));
#18306=CARTESIAN_POINT('',(0.0345,-0.395,0.042));
#18307=CARTESIAN_POINT('',(0.0345,-0.38,0.042));
#18308=CARTESIAN_POINT('',(0.0345,0.025,0.042));
#18309=CARTESIAN_POINT('',(0.0344999999999999,-0.38,0.09));
#18310=CARTESIAN_POINT('',(0.0345,-0.38,0.058));
#18311=CARTESIAN_POINT('',(0.0345,-0.395,0.058));
#18312=CARTESIAN_POINT('',(0.0345,0.025,0.058));
#18313=CARTESIAN_POINT('',(0.0345,0.025,0.042));
#18314=CARTESIAN_POINT('',(0.0345,-0.395,-0.058));
#18315=CARTESIAN_POINT('',(0.0345,-0.395,-0.058));
#18316=CARTESIAN_POINT('',(0.0345,-0.38,-0.058));
#18317=CARTESIAN_POINT('',(0.0345,0.025,-0.058));
#18318=CARTESIAN_POINT('',(0.0344999999999999,-0.38,0.09));
#18319=CARTESIAN_POINT('',(0.0345,-0.38,-0.042));
#18320=CARTESIAN_POINT('',(0.0345,-0.395,-0.042));
#18321=CARTESIAN_POINT('',(0.0345,0.025,-0.042));
#18322=CARTESIAN_POINT('',(0.0345,0.025,-0.058));
#18323=CARTESIAN_POINT('',(-0.0655,-0.395,0.042));
#18324=CARTESIAN_POINT('',(-0.0655,-0.395,0.042));
#18325=CARTESIAN_POINT('',(-0.0655,-0.38,0.042));
#18326=CARTESIAN_POINT('',(-0.0655,0.025,0.042));
#18327=CARTESIAN_POINT('',(-0.0655000000000001,-0.38,0.09));
#18328=CARTESIAN_POINT('',(-0.0655,-0.38,0.058));
#18329=CARTESIAN_POINT('',(-0.0655,-0.395,0.058));
#18330=CARTESIAN_POINT('',(-0.0655,0.025,0.058));
#18331=CARTESIAN_POINT('',(-0.0655,0.025,0.042));
#18332=CARTESIAN_POINT('',(-0.0655,-0.395,-0.058));
#18333=CARTESIAN_POINT('',(-0.0655,-0.395,-0.058));
#18334=CARTESIAN_POINT('',(-0.0655,-0.38,-0.058));
#18335=CARTESIAN_POINT('',(-0.0655,0.025,-0.058));
#18336=CARTESIAN_POINT('',(-0.0655000000000001,-0.38,0.09));
#18337=CARTESIAN_POINT('',(-0.0655,-0.38,-0.042));
#18338=CARTESIAN_POINT('',(-0.0655,-0.395,-0.042));
#18339=CARTESIAN_POINT('',(-0.0655,0.025,-0.042));
#18340=CARTESIAN_POINT('',(-0.0655,0.025,-0.058));
#18341=CARTESIAN_POINT('',(-0.1655,-0.395,0.042));
#18342=CARTESIAN_POINT('',(-0.1655,-0.395,0.042));
#18343=CARTESIAN_POINT('',(-0.1655,-0.38,0.042));
#18344=CARTESIAN_POINT('',(-0.1655,0.025,0.042));
#18345=CARTESIAN_POINT('',(-0.1655,-0.38,0.09));
#18346=CARTESIAN_POINT('',(-0.1655,-0.38,0.058));
#18347=CARTESIAN_POINT('',(-0.1655,-0.395,0.058));
#18348=CARTESIAN_POINT('',(-0.1655,0.025,0.058));
#18349=CARTESIAN_POINT('',(-0.1655,0.025,0.042));
#18350=CARTESIAN_POINT('',(-0.1655,-0.395,-0.058));
#18351=CARTESIAN_POINT('',(-0.1655,-0.395,-0.058));
#18352=CARTESIAN_POINT('',(-0.1655,-0.38,-0.058));
#18353=CARTESIAN_POINT('',(-0.1655,0.025,-0.058));
#18354=CARTESIAN_POINT('',(-0.1655,-0.38,0.09));
#18355=CARTESIAN_POINT('',(-0.1655,-0.38,-0.042));
#18356=CARTESIAN_POINT('',(-0.1655,-0.395,-0.042));
#18357=CARTESIAN_POINT('',(-0.1655,0.025,-0.042));
#18358=CARTESIAN_POINT('',(-0.1655,0.025,-0.058));
#18359=CARTESIAN_POINT('',(-0.2655,-0.395,0.042));
#18360=CARTESIAN_POINT('',(-0.2655,-0.395,0.042));
#18361=CARTESIAN_POINT('',(-0.2655,-0.38,0.042));
#18362=CARTESIAN_POINT('',(-0.2655,0.025,0.042));
#18363=CARTESIAN_POINT('',(-0.2655,-0.38,0.09));
#18364=CARTESIAN_POINT('',(-0.2655,-0.38,0.058));
#18365=CARTESIAN_POINT('',(-0.2655,-0.395,0.058));
#18366=CARTESIAN_POINT('',(-0.2655,0.025,0.058));
#18367=CARTESIAN_POINT('',(-0.2655,0.025,0.042));
#18368=CARTESIAN_POINT('',(-0.2655,-0.395,-0.058));
#18369=CARTESIAN_POINT('',(-0.2655,-0.395,-0.058));
#18370=CARTESIAN_POINT('',(-0.2655,-0.38,-0.058));
#18371=CARTESIAN_POINT('',(-0.2655,0.025,-0.058));
#18372=CARTESIAN_POINT('',(-0.2655,-0.38,0.09));
#18373=CARTESIAN_POINT('',(-0.2655,-0.38,-0.042));
#18374=CARTESIAN_POINT('',(-0.2655,-0.395,-0.042));
#18375=CARTESIAN_POINT('',(-0.2655,0.025,-0.042));
#18376=CARTESIAN_POINT('',(-0.2655,0.025,-0.058));
#18377=CARTESIAN_POINT('',(-0.3655,-0.395,0.042));
#18378=CARTESIAN_POINT('',(-0.3655,-0.395,0.042));
#18379=CARTESIAN_POINT('',(-0.3655,-0.38,0.042));
#18380=CARTESIAN_POINT('',(-0.3655,0.025,0.042));
#18381=CARTESIAN_POINT('',(-0.3655,-0.38,0.09));
#18382=CARTESIAN_POINT('',(-0.3655,-0.38,0.058));
#18383=CARTESIAN_POINT('',(-0.3655,-0.395,0.058));
#18384=CARTESIAN_POINT('',(-0.3655,0.025,0.058));
#18385=CARTESIAN_POINT('',(-0.3655,0.025,0.042));
#18386=CARTESIAN_POINT('',(-0.3655,-0.395,-0.058));
#18387=CARTESIAN_POINT('',(-0.3655,-0.395,-0.058));
#18388=CARTESIAN_POINT('',(-0.3655,-0.38,-0.058));
#18389=CARTESIAN_POINT('',(-0.3655,0.025,-0.058));
#18390=CARTESIAN_POINT('',(-0.3655,-0.38,0.09));
#18391=CARTESIAN_POINT('',(-0.3655,-0.38,-0.042));
#18392=CARTESIAN_POINT('',(-0.3655,-0.395,-0.042));
#18393=CARTESIAN_POINT('',(-0.3655,0.025,-0.042));
#18394=CARTESIAN_POINT('',(-0.3655,0.025,-0.058));
#18395=CARTESIAN_POINT('',(0.,-0.39,0.));
#18396=CARTESIAN_POINT('',(-0.340273502691896,-0.39,0.));
#18397=CARTESIAN_POINT('',(-0.340273502691896,-0.39,0.0522264973081037));
#18398=CARTESIAN_POINT('',(-0.340273502691896,-0.39,0.0477735026918963));
#18399=CARTESIAN_POINT('',(0.,-0.39,0.0522264973081037));
#18400=CARTESIAN_POINT('',(-0.359726497308104,-0.39,0.0522264973081037));
#18401=CARTESIAN_POINT('',(-0.359726497308104,-0.39,0.));
#18402=CARTESIAN_POINT('',(-0.359726497308104,-0.39,0.0477735026918962));
#18403=CARTESIAN_POINT('',(0.,-0.39,0.0477735026918963));
#18404=CARTESIAN_POINT('',(0.,-0.39,0.));
#18405=CARTESIAN_POINT('',(-0.240273502691896,-0.39,0.));
#18406=CARTESIAN_POINT('',(-0.240273502691896,-0.39,-0.0477735026918963));
#18407=CARTESIAN_POINT('',(-0.240273502691896,-0.39,-0.0522264973081037));
#18408=CARTESIAN_POINT('',(0.,-0.39,-0.0477735026918963));
#18409=CARTESIAN_POINT('',(-0.259726497308104,-0.39,-0.0477735026918963));
#18410=CARTESIAN_POINT('',(-0.259726497308104,-0.39,0.));
#18411=CARTESIAN_POINT('',(-0.259726497308104,-0.39,-0.0522264973081037));
#18412=CARTESIAN_POINT('',(0.,-0.39,-0.0522264973081037));
#18413=CARTESIAN_POINT('',(0.,-0.39,0.));
#18414=CARTESIAN_POINT('',(-0.240273502691896,-0.39,0.));
#18415=CARTESIAN_POINT('',(-0.240273502691896,-0.39,0.0522264973081037));
#18416=CARTESIAN_POINT('',(-0.240273502691896,-0.39,0.0477735026918963));
#18417=CARTESIAN_POINT('',(0.,-0.39,0.0522264973081037));
#18418=CARTESIAN_POINT('',(-0.259726497308104,-0.39,0.0522264973081037));
#18419=CARTESIAN_POINT('',(-0.259726497308104,-0.39,0.));
#18420=CARTESIAN_POINT('',(-0.259726497308104,-0.39,0.0477735026918963));
#18421=CARTESIAN_POINT('',(0.,-0.39,0.0477735026918963));
#18422=CARTESIAN_POINT('',(0.,-0.39,0.));
#18423=CARTESIAN_POINT('',(-0.140273502691896,-0.39,0.));
#18424=CARTESIAN_POINT('',(-0.140273502691896,-0.39,-0.0477735026918963));
#18425=CARTESIAN_POINT('',(-0.140273502691896,-0.39,-0.0522264973081038));
#18426=CARTESIAN_POINT('',(0.,-0.39,-0.0477735026918963));
#18427=CARTESIAN_POINT('',(-0.159726497308104,-0.39,-0.0477735026918963));
#18428=CARTESIAN_POINT('',(-0.159726497308104,-0.39,0.));
#18429=CARTESIAN_POINT('',(-0.159726497308104,-0.39,-0.0522264973081037));
#18430=CARTESIAN_POINT('',(0.,-0.39,-0.0522264973081037));
#18431=CARTESIAN_POINT('',(0.,-0.39,0.));
#18432=CARTESIAN_POINT('',(-0.140273502691896,-0.39,0.));
#18433=CARTESIAN_POINT('',(-0.140273502691896,-0.39,0.0522264973081037));
#18434=CARTESIAN_POINT('',(-0.140273502691896,-0.39,0.0477735026918963));
#18435=CARTESIAN_POINT('',(0.,-0.39,0.0522264973081037));
#18436=CARTESIAN_POINT('',(-0.159726497308104,-0.39,0.0522264973081037));
#18437=CARTESIAN_POINT('',(-0.159726497308104,-0.39,0.));
#18438=CARTESIAN_POINT('',(-0.159726497308104,-0.39,0.0477735026918963));
#18439=CARTESIAN_POINT('',(0.,-0.39,0.0477735026918963));
#18440=CARTESIAN_POINT('',(0.,-0.39,0.));
#18441=CARTESIAN_POINT('',(-0.0402735026918963,-0.39,0.));
#18442=CARTESIAN_POINT('',(-0.0402735026918963,-0.39,-0.0477735026918963));
#18443=CARTESIAN_POINT('',(-0.0402735026918962,-0.39,-0.0522264973081038));
#18444=CARTESIAN_POINT('',(0.,-0.39,-0.0477735026918963));
#18445=CARTESIAN_POINT('',(-0.0597264973081038,-0.39,-0.0477735026918963));
#18446=CARTESIAN_POINT('',(-0.0597264973081038,-0.39,0.));
#18447=CARTESIAN_POINT('',(-0.0597264973081039,-0.39,-0.0522264973081037));
#18448=CARTESIAN_POINT('',(0.,-0.39,-0.0522264973081037));
#18449=CARTESIAN_POINT('',(0.,-0.39,0.));
#18450=CARTESIAN_POINT('',(-0.0402735026918963,-0.39,0.));
#18451=CARTESIAN_POINT('',(-0.0402735026918963,-0.39,0.0522264973081037));
#18452=CARTESIAN_POINT('',(-0.0402735026918962,-0.39,0.0477735026918963));
#18453=CARTESIAN_POINT('',(0.,-0.39,0.0522264973081037));
#18454=CARTESIAN_POINT('',(-0.0597264973081038,-0.39,0.0522264973081037));
#18455=CARTESIAN_POINT('',(-0.0597264973081038,-0.39,0.));
#18456=CARTESIAN_POINT('',(-0.0597264973081039,-0.39,0.0477735026918963));
#18457=CARTESIAN_POINT('',(0.,-0.39,0.0477735026918963));
#18458=CARTESIAN_POINT('',(0.,-0.39,0.));
#18459=CARTESIAN_POINT('',(0.0597264973081037,-0.39,0.));
#18460=CARTESIAN_POINT('',(0.0597264973081037,-0.39,-0.0477735026918963));
#18461=CARTESIAN_POINT('',(0.0597264973081036,-0.39,-0.0522264973081038));
#18462=CARTESIAN_POINT('',(0.,-0.39,-0.0477735026918963));
#18463=CARTESIAN_POINT('',(0.0402735026918962,-0.39,-0.0477735026918963));
#18464=CARTESIAN_POINT('',(0.0402735026918962,-0.39,0.));
#18465=CARTESIAN_POINT('',(0.0402735026918962,-0.39,-0.0522264973081037));
#18466=CARTESIAN_POINT('',(0.,-0.39,-0.0522264973081037));
#18467=CARTESIAN_POINT('',(0.,-0.39,0.));
#18468=CARTESIAN_POINT('',(0.0597264973081037,-0.39,0.));
#18469=CARTESIAN_POINT('',(0.0597264973081037,-0.39,0.0522264973081037));
#18470=CARTESIAN_POINT('',(0.0597264973081036,-0.39,0.0477735026918963));
#18471=CARTESIAN_POINT('',(0.,-0.39,0.0522264973081037));
#18472=CARTESIAN_POINT('',(0.0402735026918962,-0.39,0.0522264973081037));
#18473=CARTESIAN_POINT('',(0.0402735026918962,-0.39,0.));
#18474=CARTESIAN_POINT('',(0.0402735026918962,-0.39,0.0477735026918963));
#18475=CARTESIAN_POINT('',(0.,-0.39,0.0477735026918963));
#18476=CARTESIAN_POINT('',(0.,-0.39,0.));
#18477=CARTESIAN_POINT('',(0.159726497308104,-0.39,0.));
#18478=CARTESIAN_POINT('',(0.159726497308104,-0.39,-0.0477735026918963));
#18479=CARTESIAN_POINT('',(0.159726497308104,-0.39,-0.0522264973081037));
#18480=CARTESIAN_POINT('',(0.,-0.39,-0.0477735026918963));
#18481=CARTESIAN_POINT('',(0.140273502691896,-0.39,-0.0477735026918963));
#18482=CARTESIAN_POINT('',(0.140273502691896,-0.39,0.));
#18483=CARTESIAN_POINT('',(0.140273502691896,-0.39,-0.0522264973081038));
#18484=CARTESIAN_POINT('',(0.,-0.39,-0.0522264973081037));
#18485=CARTESIAN_POINT('',(0.,-0.39,0.));
#18486=CARTESIAN_POINT('',(0.159726497308104,-0.39,0.));
#18487=CARTESIAN_POINT('',(0.159726497308104,-0.39,0.0522264973081037));
#18488=CARTESIAN_POINT('',(0.159726497308104,-0.39,0.0477735026918963));
#18489=CARTESIAN_POINT('',(0.,-0.39,0.0522264973081037));
#18490=CARTESIAN_POINT('',(0.140273502691896,-0.39,0.0522264973081037));
#18491=CARTESIAN_POINT('',(0.140273502691896,-0.39,0.));
#18492=CARTESIAN_POINT('',(0.140273502691896,-0.39,0.0477735026918962));
#18493=CARTESIAN_POINT('',(0.,-0.39,0.0477735026918963));
#18494=CARTESIAN_POINT('',(0.,-0.39,0.));
#18495=CARTESIAN_POINT('',(0.259726497308104,-0.39,0.));
#18496=CARTESIAN_POINT('',(0.259726497308104,-0.39,-0.0477735026918963));
#18497=CARTESIAN_POINT('',(0.259726497308104,-0.39,-0.0522264973081038));
#18498=CARTESIAN_POINT('',(0.,-0.39,-0.0477735026918963));
#18499=CARTESIAN_POINT('',(0.240273502691896,-0.39,-0.0477735026918963));
#18500=CARTESIAN_POINT('',(0.240273502691896,-0.39,0.));
#18501=CARTESIAN_POINT('',(0.240273502691896,-0.39,-0.0522264973081037));
#18502=CARTESIAN_POINT('',(0.,-0.39,-0.0522264973081037));
#18503=CARTESIAN_POINT('',(0.,-0.39,0.));
#18504=CARTESIAN_POINT('',(0.259726497308104,-0.39,0.));
#18505=CARTESIAN_POINT('',(0.259726497308104,-0.39,0.0522264973081037));
#18506=CARTESIAN_POINT('',(0.259726497308104,-0.39,0.0477735026918963));
#18507=CARTESIAN_POINT('',(0.,-0.39,0.0522264973081037));
#18508=CARTESIAN_POINT('',(0.240273502691896,-0.39,0.0522264973081037));
#18509=CARTESIAN_POINT('',(0.240273502691896,-0.39,0.));
#18510=CARTESIAN_POINT('',(0.240273502691896,-0.39,0.0477735026918963));
#18511=CARTESIAN_POINT('',(0.,-0.39,0.0477735026918963));
#18512=CARTESIAN_POINT('',(0.,-0.39,0.));
#18513=CARTESIAN_POINT('',(0.359726497308104,-0.39,0.));
#18514=CARTESIAN_POINT('',(0.359726497308104,-0.39,-0.0477735026918963));
#18515=CARTESIAN_POINT('',(0.359726497308104,-0.39,-0.0522264973081037));
#18516=CARTESIAN_POINT('',(0.,-0.39,-0.0477735026918963));
#18517=CARTESIAN_POINT('',(0.340273502691896,-0.39,-0.0477735026918963));
#18518=CARTESIAN_POINT('',(0.340273502691896,-0.39,0.));
#18519=CARTESIAN_POINT('',(0.340273502691896,-0.39,-0.0522264973081038));
#18520=CARTESIAN_POINT('',(0.,-0.39,-0.0522264973081037));
#18521=CARTESIAN_POINT('',(0.,-0.39,0.));
#18522=CARTESIAN_POINT('',(0.359726497308104,-0.39,0.));
#18523=CARTESIAN_POINT('',(0.359726497308104,-0.39,0.0522264973081037));
#18524=CARTESIAN_POINT('',(0.359726497308104,-0.39,0.0477735026918963));
#18525=CARTESIAN_POINT('',(0.,-0.39,0.0522264973081037));
#18526=CARTESIAN_POINT('',(0.340273502691896,-0.39,0.0522264973081037));
#18527=CARTESIAN_POINT('',(0.340273502691896,-0.39,0.));
#18528=CARTESIAN_POINT('',(0.340273502691896,-0.39,0.0477735026918963));
#18529=CARTESIAN_POINT('',(0.,-0.39,0.0477735026918963));
#18530=CARTESIAN_POINT('',(0.,-0.39,0.));
#18531=CARTESIAN_POINT('',(-0.340273502691896,-0.39,0.));
#18532=CARTESIAN_POINT('',(-0.340273502691896,-0.39,-0.0477735026918963));
#18533=CARTESIAN_POINT('',(-0.340273502691896,-0.39,-0.0522264973081038));
#18534=CARTESIAN_POINT('',(0.,-0.39,-0.0477735026918963));
#18535=CARTESIAN_POINT('',(-0.359726497308104,-0.39,-0.0477735026918963));
#18536=CARTESIAN_POINT('',(-0.359726497308104,-0.39,0.));
#18537=CARTESIAN_POINT('',(-0.359726497308104,-0.39,-0.0522264973081038));
#18538=CARTESIAN_POINT('',(0.,-0.39,-0.0522264973081037));
#18539=CARTESIAN_POINT('',(0.82,-0.393856406460551,-0.05));
#18540=CARTESIAN_POINT('',(-0.11,0.00884540629921323,0.1825));
#18541=CARTESIAN_POINT('',(0.82,-0.38,-0.042));
#18542=CARTESIAN_POINT('',(-0.122,-0.801754371643022,-0.2855));
#18543=CARTESIAN_POINT('',(0.82,-0.38,-0.058));
#18544=CARTESIAN_POINT('',(0.82,-0.38,-0.058));
#18545=CARTESIAN_POINT('',(-0.1036,0.019930531467654,-0.2889));
#18546=CARTESIAN_POINT('',(-0.1284,-0.790669246474581,0.1791));
#18547=CARTESIAN_POINT('',(0.82,-0.393856406460551,0.05));
#18548=CARTESIAN_POINT('',(0.450000000000001,-0.233641706760429,0.1425));
#18549=CARTESIAN_POINT('',(0.82,-0.38,0.058));
#18550=CARTESIAN_POINT('',(0.438,-0.559267258583379,-0.0455));
#18551=CARTESIAN_POINT('',(0.82,-0.38,0.042));
#18552=CARTESIAN_POINT('',(0.82,-0.38,0.042));
#18553=CARTESIAN_POINT('',(0.456400000000001,-0.222556581591989,-0.0489000000000002));
#18554=CARTESIAN_POINT('',(0.4316,-0.548182133414938,0.1391));
#18555=CARTESIAN_POINT('',(0.82,-0.393856406460551,-0.05));
#18556=CARTESIAN_POINT('',(0.450000000000001,-0.233641706760429,0.0425000000000002));
#18557=CARTESIAN_POINT('',(0.82,-0.38,-0.042));
#18558=CARTESIAN_POINT('',(0.438,-0.559267258583379,-0.1455));
#18559=CARTESIAN_POINT('',(0.82,-0.38,-0.058));
#18560=CARTESIAN_POINT('',(0.82,-0.38,-0.058));
#18561=CARTESIAN_POINT('',(0.456400000000001,-0.222556581591989,-0.1489));
#18562=CARTESIAN_POINT('',(0.4316,-0.548182133414938,0.0391));
#18563=CARTESIAN_POINT('',(0.82,-0.393856406460551,0.05));
#18564=CARTESIAN_POINT('',(0.37,-0.199000690609052,0.1625));
#18565=CARTESIAN_POINT('',(0.82,-0.38,0.058));
#18566=CARTESIAN_POINT('',(0.358,-0.593908274734757,-0.0655000000000001));
#18567=CARTESIAN_POINT('',(0.82,-0.38,0.042));
#18568=CARTESIAN_POINT('',(0.82,-0.38,0.042));
#18569=CARTESIAN_POINT('',(0.3764,-0.187915565440611,-0.0689));
#18570=CARTESIAN_POINT('',(0.3516,-0.582823149566316,0.1591));
#18571=CARTESIAN_POINT('',(0.82,-0.393856406460551,-0.05));
#18572=CARTESIAN_POINT('',(0.37,-0.199000690609052,0.0625));
#18573=CARTESIAN_POINT('',(0.82,-0.38,-0.042));
#18574=CARTESIAN_POINT('',(0.358,-0.593908274734757,-0.1655));
#18575=CARTESIAN_POINT('',(0.82,-0.38,-0.058));
#18576=CARTESIAN_POINT('',(0.82,-0.38,-0.058));
#18577=CARTESIAN_POINT('',(0.3764,-0.187915565440611,-0.1689));
#18578=CARTESIAN_POINT('',(0.3516,-0.582823149566316,0.0591000000000001));
#18579=CARTESIAN_POINT('',(0.82,-0.393856406460551,0.05));
#18580=CARTESIAN_POINT('',(0.29,-0.164359674457675,0.1825));
#18581=CARTESIAN_POINT('',(0.82,-0.38,0.058));
#18582=CARTESIAN_POINT('',(0.278000000000001,-0.628549290886134,-0.0855000000000002));
#18583=CARTESIAN_POINT('',(0.82,-0.38,0.042));
#18584=CARTESIAN_POINT('',(0.82,-0.38,0.042));
#18585=CARTESIAN_POINT('',(0.2964,-0.153274549289234,-0.0888999999999999));
#18586=CARTESIAN_POINT('',(0.271600000000001,-0.617464165717694,0.1791));
#18587=CARTESIAN_POINT('',(0.82,-0.393856406460551,-0.05));
#18588=CARTESIAN_POINT('',(0.29,-0.164359674457675,0.0824999999999999));
#18589=CARTESIAN_POINT('',(0.82,-0.38,-0.042));
#18590=CARTESIAN_POINT('',(0.278000000000001,-0.628549290886134,-0.1855));
#18591=CARTESIAN_POINT('',(0.82,-0.38,-0.058));
#18592=CARTESIAN_POINT('',(0.82,-0.38,-0.058));
#18593=CARTESIAN_POINT('',(0.2964,-0.153274549289234,-0.1889));
#18594=CARTESIAN_POINT('',(0.271600000000001,-0.617464165717694,0.0791000000000002));
#18595=CARTESIAN_POINT('',(0.82,-0.393856406460551,0.05));
#18596=CARTESIAN_POINT('',(0.21,-0.129718658306297,0.2025));
#18597=CARTESIAN_POINT('',(0.82,-0.38,0.058));
#18598=CARTESIAN_POINT('',(0.198000000000001,-0.663190307037512,-0.1055));
#18599=CARTESIAN_POINT('',(0.82,-0.38,0.042));
#18600=CARTESIAN_POINT('',(0.82,-0.38,0.042));
#18601=CARTESIAN_POINT('',(0.2164,-0.118633533137857,-0.1089));
#18602=CARTESIAN_POINT('',(0.191600000000001,-0.652105181869071,0.1991));
#18603=CARTESIAN_POINT('',(0.82,-0.393856406460551,-0.05));
#18604=CARTESIAN_POINT('',(0.21,-0.129718658306297,0.1025));
#18605=CARTESIAN_POINT('',(0.82,-0.38,-0.042));
#18606=CARTESIAN_POINT('',(0.198000000000001,-0.663190307037512,-0.2055));
#18607=CARTESIAN_POINT('',(0.82,-0.38,-0.058));
#18608=CARTESIAN_POINT('',(0.82,-0.38,-0.058));
#18609=CARTESIAN_POINT('',(0.2164,-0.118633533137857,-0.2089));
#18610=CARTESIAN_POINT('',(0.191600000000001,-0.652105181869071,0.0991000000000003));
#18611=CARTESIAN_POINT('',(0.82,-0.393856406460551,0.05));
#18612=CARTESIAN_POINT('',(0.13,-0.0950776421549199,0.2225));
#18613=CARTESIAN_POINT('',(0.82,-0.38,0.058));
#18614=CARTESIAN_POINT('',(0.118000000000001,-0.69783132318889,-0.1255));
#18615=CARTESIAN_POINT('',(0.82,-0.38,0.042));
#18616=CARTESIAN_POINT('',(0.82,-0.38,0.042));
#18617=CARTESIAN_POINT('',(0.1364,-0.0839925169864791,-0.1289));
#18618=CARTESIAN_POINT('',(0.111600000000001,-0.686746198020449,0.2191));
#18619=CARTESIAN_POINT('',(0.82,-0.393856406460551,-0.05));
#18620=CARTESIAN_POINT('',(0.13,-0.0950776421549199,0.1225));
#18621=CARTESIAN_POINT('',(0.82,-0.38,-0.042));
#18622=CARTESIAN_POINT('',(0.118000000000001,-0.69783132318889,-0.2255));
#18623=CARTESIAN_POINT('',(0.82,-0.38,-0.058));
#18624=CARTESIAN_POINT('',(0.82,-0.38,-0.058));
#18625=CARTESIAN_POINT('',(0.1364,-0.0839925169864791,-0.2289));
#18626=CARTESIAN_POINT('',(0.111600000000001,-0.686746198020449,0.1191));
#18627=CARTESIAN_POINT('',(0.82,-0.393856406460551,0.05));
#18628=CARTESIAN_POINT('',(0.0499999999999995,-0.0604366260035424,0.2425));
#18629=CARTESIAN_POINT('',(0.82,-0.38,0.058));
#18630=CARTESIAN_POINT('',(0.0380000000000011,-0.732472339340267,-0.1455));
#18631=CARTESIAN_POINT('',(0.82,-0.38,0.042));
#18632=CARTESIAN_POINT('',(0.82,-0.38,0.042));
#18633=CARTESIAN_POINT('',(0.0563999999999993,-0.0493515008351015,-0.1489));
#18634=CARTESIAN_POINT('',(0.0316000000000011,-0.721387214171826,0.2391));
#18635=CARTESIAN_POINT('',(0.82,-0.393856406460551,-0.05));
#18636=CARTESIAN_POINT('',(0.0499999999999995,-0.0604366260035424,0.1425));
#18637=CARTESIAN_POINT('',(0.82,-0.38,-0.042));
#18638=CARTESIAN_POINT('',(0.0380000000000011,-0.732472339340267,-0.2455));
#18639=CARTESIAN_POINT('',(0.82,-0.38,-0.058));
#18640=CARTESIAN_POINT('',(0.82,-0.38,-0.058));
#18641=CARTESIAN_POINT('',(0.0563999999999993,-0.0493515008351015,-0.2489));
#18642=CARTESIAN_POINT('',(0.0316000000000011,-0.721387214171826,0.1391));
#18643=CARTESIAN_POINT('',(0.82,-0.393856406460551,0.05));
#18644=CARTESIAN_POINT('',(-0.0300000000000008,-0.0257956098521648,0.2625));
#18645=CARTESIAN_POINT('',(0.82,-0.38,0.058));
#18646=CARTESIAN_POINT('',(-0.0419999999999985,-0.767113355491645,-0.165500000000001));
#18647=CARTESIAN_POINT('',(0.82,-0.38,0.042));
#18648=CARTESIAN_POINT('',(0.82,-0.38,0.042));
#18649=CARTESIAN_POINT('',(-0.0236000000000008,-0.014710484683724,-0.1689));
#18650=CARTESIAN_POINT('',(-0.0483999999999986,-0.756028230323205,0.259100000000001));
#18651=CARTESIAN_POINT('',(0.82,-0.393856406460551,-0.05));
#18652=CARTESIAN_POINT('',(-0.0300000000000008,-0.0257956098521648,0.1625));
#18653=CARTESIAN_POINT('',(0.82,-0.38,-0.042));
#18654=CARTESIAN_POINT('',(-0.0419999999999985,-0.767113355491645,-0.265500000000001));
#18655=CARTESIAN_POINT('',(0.82,-0.38,-0.058));
#18656=CARTESIAN_POINT('',(0.82,-0.38,-0.058));
#18657=CARTESIAN_POINT('',(-0.0236000000000008,-0.014710484683724,-0.2689));
#18658=CARTESIAN_POINT('',(-0.0483999999999986,-0.756028230323205,0.159100000000001));
#18659=CARTESIAN_POINT('',(0.82,-0.393856406460551,0.05));
#18660=CARTESIAN_POINT('',(-0.11,0.00884540629921323,0.2825));
#18661=CARTESIAN_POINT('',(0.82,-0.38,0.058));
#18662=CARTESIAN_POINT('',(-0.122,-0.801754371643022,-0.1855));
#18663=CARTESIAN_POINT('',(0.82,-0.38,0.042));
#18664=CARTESIAN_POINT('',(0.82,-0.38,0.042));
#18665=CARTESIAN_POINT('',(-0.1036,0.019930531467654,-0.1889));
#18666=CARTESIAN_POINT('',(-0.1284,-0.790669246474581,0.2791));
#18667=CARTESIAN_POINT('',(0.3655,-0.395,0.042));
#18668=CARTESIAN_POINT('',(0.3655,0.025,0.042));
#18669=CARTESIAN_POINT('',(0.3345,-0.395,0.058));
#18670=CARTESIAN_POINT('',(0.3345,0.025,0.058));
#18671=CARTESIAN_POINT('',(0.3655,-0.395,-0.058));
#18672=CARTESIAN_POINT('',(0.3655,0.025,-0.058));
#18673=CARTESIAN_POINT('',(0.3345,-0.395,-0.042));
#18674=CARTESIAN_POINT('',(0.3345,0.025,-0.042));
#18675=CARTESIAN_POINT('',(0.2655,-0.395,0.042));
#18676=CARTESIAN_POINT('',(0.2655,0.025,0.042));
#18677=CARTESIAN_POINT('',(0.2345,-0.395,0.058));
#18678=CARTESIAN_POINT('',(0.2345,0.025,0.058));
#18679=CARTESIAN_POINT('',(0.2655,-0.395,-0.058));
#18680=CARTESIAN_POINT('',(0.2655,0.025,-0.058));
#18681=CARTESIAN_POINT('',(0.2345,-0.395,-0.042));
#18682=CARTESIAN_POINT('',(0.2345,0.025,-0.042));
#18683=CARTESIAN_POINT('',(0.1655,-0.395,0.042));
#18684=CARTESIAN_POINT('',(0.1655,0.025,0.042));
#18685=CARTESIAN_POINT('',(0.1345,-0.395,0.058));
#18686=CARTESIAN_POINT('',(0.1345,0.025,0.058));
#18687=CARTESIAN_POINT('',(0.1655,-0.395,-0.058));
#18688=CARTESIAN_POINT('',(0.1655,0.025,-0.058));
#18689=CARTESIAN_POINT('',(0.1345,-0.395,-0.042));
#18690=CARTESIAN_POINT('',(0.1345,0.025,-0.042));
#18691=CARTESIAN_POINT('',(0.0655,-0.395,0.042));
#18692=CARTESIAN_POINT('',(0.0655,0.025,0.042));
#18693=CARTESIAN_POINT('',(0.0345,-0.395,0.058));
#18694=CARTESIAN_POINT('',(0.0345,0.025,0.058));
#18695=CARTESIAN_POINT('',(0.0655,-0.395,-0.058));
#18696=CARTESIAN_POINT('',(0.0655,0.025,-0.058));
#18697=CARTESIAN_POINT('',(0.0345,-0.395,-0.042));
#18698=CARTESIAN_POINT('',(0.0345,0.025,-0.042));
#18699=CARTESIAN_POINT('',(-0.0345,-0.395,0.042));
#18700=CARTESIAN_POINT('',(-0.0345,0.025,0.042));
#18701=CARTESIAN_POINT('',(-0.0655,-0.395,0.058));
#18702=CARTESIAN_POINT('',(-0.0655,0.025,0.058));
#18703=CARTESIAN_POINT('',(-0.0345,-0.395,-0.058));
#18704=CARTESIAN_POINT('',(-0.0345,0.025,-0.058));
#18705=CARTESIAN_POINT('',(-0.0655,-0.395,-0.042));
#18706=CARTESIAN_POINT('',(-0.0655,0.025,-0.042));
#18707=CARTESIAN_POINT('',(-0.1345,-0.395,0.042));
#18708=CARTESIAN_POINT('',(-0.1345,0.025,0.042));
#18709=CARTESIAN_POINT('',(-0.1655,-0.395,0.058));
#18710=CARTESIAN_POINT('',(-0.1655,0.025,0.058));
#18711=CARTESIAN_POINT('',(-0.1345,-0.395,-0.058));
#18712=CARTESIAN_POINT('',(-0.1345,0.025,-0.058));
#18713=CARTESIAN_POINT('',(-0.1655,-0.395,-0.042));
#18714=CARTESIAN_POINT('',(-0.1655,0.025,-0.042));
#18715=CARTESIAN_POINT('',(-0.2345,-0.395,0.042));
#18716=CARTESIAN_POINT('',(-0.2345,0.025,0.042));
#18717=CARTESIAN_POINT('',(-0.2655,-0.395,0.058));
#18718=CARTESIAN_POINT('',(-0.2655,0.025,0.058));
#18719=CARTESIAN_POINT('',(-0.2345,-0.395,-0.058));
#18720=CARTESIAN_POINT('',(-0.2345,0.025,-0.058));
#18721=CARTESIAN_POINT('',(-0.2655,-0.395,-0.042));
#18722=CARTESIAN_POINT('',(-0.2655,0.025,-0.042));
#18723=CARTESIAN_POINT('',(-0.3345,-0.395,0.042));
#18724=CARTESIAN_POINT('',(-0.3345,0.025,0.042));
#18725=CARTESIAN_POINT('',(-0.3655,-0.395,0.058));
#18726=CARTESIAN_POINT('',(-0.3655,0.025,0.058));
#18727=CARTESIAN_POINT('',(-0.3345,-0.395,-0.058));
#18728=CARTESIAN_POINT('',(-0.3345,0.025,-0.058));
#18729=CARTESIAN_POINT('',(-0.3655,-0.395,-0.042));
#18730=CARTESIAN_POINT('',(-0.3655,0.025,-0.042));
#18731=CARTESIAN_POINT('',(0.,0.025,0.));
#18732=CARTESIAN_POINT('',(-0.35,-0.406846787517318,0.09));
#18733=CARTESIAN_POINT('',(-0.3345,-0.38,0.09));
#18734=CARTESIAN_POINT('',(-0.25,-0.406846787517318,0.09));
#18735=CARTESIAN_POINT('',(-0.2345,-0.38,0.09));
#18736=CARTESIAN_POINT('',(-0.25,-0.406846787517318,0.09));
#18737=CARTESIAN_POINT('',(-0.2345,-0.38,0.09));
#18738=CARTESIAN_POINT('',(-0.15,-0.406846787517318,0.09));
#18739=CARTESIAN_POINT('',(-0.1345,-0.38,0.09));
#18740=CARTESIAN_POINT('',(-0.15,-0.406846787517318,0.09));
#18741=CARTESIAN_POINT('',(-0.1345,-0.38,0.09));
#18742=CARTESIAN_POINT('',(-0.05,-0.406846787517318,0.09));
#18743=CARTESIAN_POINT('',(-0.0345,-0.38,0.09));
#18744=CARTESIAN_POINT('',(-0.05,-0.406846787517318,0.09));
#18745=CARTESIAN_POINT('',(-0.0345,-0.38,0.09));
#18746=CARTESIAN_POINT('',(0.05,-0.406846787517318,0.09));
#18747=CARTESIAN_POINT('',(0.0655,-0.38,0.09));
#18748=CARTESIAN_POINT('',(0.05,-0.406846787517318,0.09));
#18749=CARTESIAN_POINT('',(0.0655,-0.38,0.09));
#18750=CARTESIAN_POINT('',(0.15,-0.406846787517318,0.09));
#18751=CARTESIAN_POINT('',(0.1655,-0.38,0.09));
#18752=CARTESIAN_POINT('',(0.15,-0.406846787517318,0.09));
#18753=CARTESIAN_POINT('',(0.1655,-0.38,0.09));
#18754=CARTESIAN_POINT('',(0.25,-0.406846787517318,0.09));
#18755=CARTESIAN_POINT('',(0.2655,-0.38,0.09));
#18756=CARTESIAN_POINT('',(0.25,-0.406846787517318,0.09));
#18757=CARTESIAN_POINT('',(0.2655,-0.38,0.09));
#18758=CARTESIAN_POINT('',(0.35,-0.406846787517318,0.09));
#18759=CARTESIAN_POINT('',(0.3655,-0.38,0.09));
#18760=CARTESIAN_POINT('',(0.35,-0.406846787517318,0.09));
#18761=CARTESIAN_POINT('',(0.3655,-0.38,0.09));
#18762=CARTESIAN_POINT('',(-0.35,-0.406846787517318,0.09));
#18763=CARTESIAN_POINT('',(-0.3345,-0.38,0.09));
#18764=CARTESIAN_POINT('',(0.8,0.0269999999999992,3.21));
#18765=CARTESIAN_POINT('',(0.,0.,0.));
#18766=CARTESIAN_POINT('',(0.395,0.22,-0.0925));
#18767=CARTESIAN_POINT('',(0.395,0.0269999999999996,-0.0925));
#18768=CARTESIAN_POINT('',(-0.395,0.0269999999999996,-0.0925));
#18769=CARTESIAN_POINT('',(0.395,0.0269999999999996,-0.0925));
#18770=CARTESIAN_POINT('',(-0.395,0.22,-0.0925));
#18771=CARTESIAN_POINT('',(-0.395,0.03,-0.0925));
#18772=CARTESIAN_POINT('',(0.395,0.03,-0.0925));
#18773=CARTESIAN_POINT('',(0.395,0.03,-0.0925));
#18774=CARTESIAN_POINT('',(0.395,0.22,-0.0925));
#18775=CARTESIAN_POINT('',(-0.395,0.22,-0.0925));
#18776=CARTESIAN_POINT('',(-0.395,0.0269999999999996,-0.0925));
#18777=CARTESIAN_POINT('',(-0.395,0.0269999999999996,0.0925));
#18778=CARTESIAN_POINT('',(-0.395,0.22,0.0925));
#18779=CARTESIAN_POINT('',(-0.395,0.03,0.0925));
#18780=CARTESIAN_POINT('',(-0.395,0.03,-0.0925));
#18781=CARTESIAN_POINT('',(-0.395,0.22,0.0925));
#18782=CARTESIAN_POINT('',(-0.395,0.0269999999999996,0.0925));
#18783=CARTESIAN_POINT('',(0.395,0.0269999999999996,0.0925));
#18784=CARTESIAN_POINT('',(0.395,0.22,0.0925));
#18785=CARTESIAN_POINT('',(0.395,0.03,0.0925));
#18786=CARTESIAN_POINT('',(-0.395,0.03,0.0925));
#18787=CARTESIAN_POINT('',(0.395,0.22,0.0925));
#18788=CARTESIAN_POINT('',(0.395,0.0269999999999996,0.0925));
#18789=CARTESIAN_POINT('',(0.395,0.03,0.0925));
#18790=CARTESIAN_POINT('',(0.37,0.22,0.045));
#18791=CARTESIAN_POINT('',(0.346354078088751,0.222430225991176,0.045));
#18792=CARTESIAN_POINT('',(0.3435,0.194660254037844,0.045));
#18793=CARTESIAN_POINT('',(0.33,0.0633062371847034,0.045));
#18794=CARTESIAN_POINT('',(0.339152568135665,0.202190226909317,0.045));
#18795=CARTESIAN_POINT('',(0.3485,0.186,0.045));
#18796=CARTESIAN_POINT('',(0.350070381644525,0.220896846282176,0.045));
#18797=CARTESIAN_POINT('',(0.342507582463606,0.0528371638479056,0.045));
#18798=CARTESIAN_POINT('',(0.35,0.0524999999999993,0.045));
#18799=CARTESIAN_POINT('',(0.357492417536394,0.0528371638479057,0.045));
#18800=CARTESIAN_POINT('',(0.350010457082824,0.219100457072087,0.045));
#18801=CARTESIAN_POINT('',(0.3515,0.186,0.045));
#18802=CARTESIAN_POINT('',(0.370847431864335,0.219510734985006,0.045));
#18803=CARTESIAN_POINT('',(0.3565,0.194660254037844,0.045));
#18804=CARTESIAN_POINT('',(0.354064019329854,0.218362168556387,0.045));
#18805=CARTESIAN_POINT('',(0.37,0.0633062371847027,0.045));
#18806=CARTESIAN_POINT('',(0.37,0.22,0.045));
#18807=CARTESIAN_POINT('',(0.37,0.03,0.045));
#18808=CARTESIAN_POINT('',(0.37,0.03,0.045));
#18809=CARTESIAN_POINT('',(0.33,0.03,0.045));
#18810=CARTESIAN_POINT('',(0.33,0.22,0.045));
#18811=CARTESIAN_POINT('',(0.37,0.22,0.055));
#18812=CARTESIAN_POINT('',(0.37,0.0633062371847027,0.055));
#18813=CARTESIAN_POINT('',(0.37,0.0633062371847029,0.055));
#18814=CARTESIAN_POINT('',(0.37,0.22,0.055));
#18815=CARTESIAN_POINT('',(0.37,0.03,0.055));
#18816=CARTESIAN_POINT('',(0.37,0.03,0.055));
#18817=CARTESIAN_POINT('',(0.33,0.22,0.055));
#18818=CARTESIAN_POINT('',(0.345935980670146,0.218362168556387,0.055));
#18819=CARTESIAN_POINT('',(0.33,0.0633062371847034,0.055));
#18820=CARTESIAN_POINT('',(0.3435,0.194660254037844,0.055));
#18821=CARTESIAN_POINT('',(0.33,0.22,0.055));
#18822=CARTESIAN_POINT('',(0.33,0.03,0.055));
#18823=CARTESIAN_POINT('',(0.33,0.03,0.055));
#18824=CARTESIAN_POINT('',(0.353645921911249,0.222430225991176,0.055));
#18825=CARTESIAN_POINT('',(0.3565,0.194660254037844,0.055));
#18826=CARTESIAN_POINT('',(0.360847431864335,0.202190226909317,0.055));
#18827=CARTESIAN_POINT('',(0.3515,0.186,0.055));
#18828=CARTESIAN_POINT('',(0.349929618355475,0.220896846282176,0.055));
#18829=CARTESIAN_POINT('',(0.357492417536394,0.0528371638479057,0.055));
#18830=CARTESIAN_POINT('',(0.35,0.0524999999999993,0.055));
#18831=CARTESIAN_POINT('',(0.342507582463606,0.0528371638479056,0.055));
#18832=CARTESIAN_POINT('',(0.349989542917176,0.219100457072087,0.055));
#18833=CARTESIAN_POINT('',(0.3485,0.186,0.055));
#18834=CARTESIAN_POINT('',(0.329152568135665,0.219510734985006,0.055));
#18835=CARTESIAN_POINT('',(0.37,0.22,-0.055));
#18836=CARTESIAN_POINT('',(0.346354078088751,0.222430225991176,-0.055));
#18837=CARTESIAN_POINT('',(0.3435,0.194660254037844,-0.055));
#18838=CARTESIAN_POINT('',(0.33,0.0633062371847034,-0.055));
#18839=CARTESIAN_POINT('',(0.339152568135665,0.202190226909317,-0.055));
#18840=CARTESIAN_POINT('',(0.3485,0.186,-0.055));
#18841=CARTESIAN_POINT('',(0.350070381644525,0.220896846282176,-0.055));
#18842=CARTESIAN_POINT('',(0.342507582463606,0.0528371638479056,-0.055));
#18843=CARTESIAN_POINT('',(0.35,0.0524999999999993,-0.055));
#18844=CARTESIAN_POINT('',(0.357492417536394,0.0528371638479057,-0.055));
#18845=CARTESIAN_POINT('',(0.350010457082824,0.219100457072087,-0.055));
#18846=CARTESIAN_POINT('',(0.3515,0.186,-0.055));
#18847=CARTESIAN_POINT('',(0.370847431864335,0.219510734985006,-0.055));
#18848=CARTESIAN_POINT('',(0.3565,0.194660254037844,-0.055));
#18849=CARTESIAN_POINT('',(0.354064019329854,0.218362168556387,-0.055));
#18850=CARTESIAN_POINT('',(0.37,0.0633062371847027,-0.055));
#18851=CARTESIAN_POINT('',(0.37,0.22,-0.055));
#18852=CARTESIAN_POINT('',(0.37,0.03,-0.055));
#18853=CARTESIAN_POINT('',(0.37,0.03,-0.055));
#18854=CARTESIAN_POINT('',(0.33,0.03,-0.055));
#18855=CARTESIAN_POINT('',(0.33,0.22,-0.055));
#18856=CARTESIAN_POINT('',(0.37,0.22,-0.045));
#18857=CARTESIAN_POINT('',(0.37,0.0633062371847027,-0.045));
#18858=CARTESIAN_POINT('',(0.37,0.0633062371847029,-0.045));
#18859=CARTESIAN_POINT('',(0.37,0.22,-0.045));
#18860=CARTESIAN_POINT('',(0.37,0.03,-0.045));
#18861=CARTESIAN_POINT('',(0.37,0.03,-0.045));
#18862=CARTESIAN_POINT('',(0.33,0.22,-0.045));
#18863=CARTESIAN_POINT('',(0.345935980670146,0.218362168556387,-0.045));
#18864=CARTESIAN_POINT('',(0.33,0.0633062371847034,-0.045));
#18865=CARTESIAN_POINT('',(0.3435,0.194660254037844,-0.045));
#18866=CARTESIAN_POINT('',(0.33,0.22,-0.045));
#18867=CARTESIAN_POINT('',(0.33,0.03,-0.045));
#18868=CARTESIAN_POINT('',(0.33,0.03,-0.045));
#18869=CARTESIAN_POINT('',(0.353645921911249,0.222430225991176,-0.045));
#18870=CARTESIAN_POINT('',(0.3565,0.194660254037844,-0.045));
#18871=CARTESIAN_POINT('',(0.360847431864335,0.202190226909317,-0.045));
#18872=CARTESIAN_POINT('',(0.3515,0.186,-0.045));
#18873=CARTESIAN_POINT('',(0.349929618355475,0.220896846282176,-0.045));
#18874=CARTESIAN_POINT('',(0.357492417536394,0.0528371638479057,-0.045));
#18875=CARTESIAN_POINT('',(0.35,0.0524999999999993,-0.045));
#18876=CARTESIAN_POINT('',(0.342507582463606,0.0528371638479056,-0.045));
#18877=CARTESIAN_POINT('',(0.349989542917176,0.219100457072087,-0.045));
#18878=CARTESIAN_POINT('',(0.3485,0.186,-0.045));
#18879=CARTESIAN_POINT('',(0.329152568135665,0.219510734985006,-0.045));
#18880=CARTESIAN_POINT('',(0.27,0.22,0.045));
#18881=CARTESIAN_POINT('',(0.246354078088751,0.222430225991176,0.045));
#18882=CARTESIAN_POINT('',(0.2435,0.194660254037844,0.045));
#18883=CARTESIAN_POINT('',(0.23,0.0633062371847034,0.045));
#18884=CARTESIAN_POINT('',(0.239152568135665,0.202190226909317,0.045));
#18885=CARTESIAN_POINT('',(0.2485,0.186,0.045));
#18886=CARTESIAN_POINT('',(0.250070381644525,0.220896846282176,0.045));
#18887=CARTESIAN_POINT('',(0.242507582463606,0.0528371638479056,0.045));
#18888=CARTESIAN_POINT('',(0.25,0.0524999999999996,0.045));
#18889=CARTESIAN_POINT('',(0.257492417536394,0.0528371638479057,0.045));
#18890=CARTESIAN_POINT('',(0.250010457082824,0.219100457072087,0.045));
#18891=CARTESIAN_POINT('',(0.2515,0.186,0.045));
#18892=CARTESIAN_POINT('',(0.270847431864336,0.219510734985006,0.045));
#18893=CARTESIAN_POINT('',(0.2565,0.194660254037844,0.045));
#18894=CARTESIAN_POINT('',(0.254064019329854,0.218362168556387,0.045));
#18895=CARTESIAN_POINT('',(0.27,0.0633062371847027,0.045));
#18896=CARTESIAN_POINT('',(0.27,0.22,0.045));
#18897=CARTESIAN_POINT('',(0.27,0.03,0.045));
#18898=CARTESIAN_POINT('',(0.27,0.03,0.045));
#18899=CARTESIAN_POINT('',(0.23,0.03,0.045));
#18900=CARTESIAN_POINT('',(0.23,0.22,0.045));
#18901=CARTESIAN_POINT('',(0.27,0.22,0.055));
#18902=CARTESIAN_POINT('',(0.27,0.0633062371847027,0.055));
#18903=CARTESIAN_POINT('',(0.27,0.0633062371847029,0.055));
#18904=CARTESIAN_POINT('',(0.27,0.22,0.055));
#18905=CARTESIAN_POINT('',(0.27,0.03,0.055));
#18906=CARTESIAN_POINT('',(0.27,0.03,0.055));
#18907=CARTESIAN_POINT('',(0.23,0.22,0.055));
#18908=CARTESIAN_POINT('',(0.245935980670146,0.218362168556387,0.055));
#18909=CARTESIAN_POINT('',(0.23,0.0633062371847034,0.055));
#18910=CARTESIAN_POINT('',(0.2435,0.194660254037844,0.055));
#18911=CARTESIAN_POINT('',(0.23,0.22,0.055));
#18912=CARTESIAN_POINT('',(0.23,0.03,0.055));
#18913=CARTESIAN_POINT('',(0.23,0.03,0.055));
#18914=CARTESIAN_POINT('',(0.253645921911249,0.222430225991176,0.055));
#18915=CARTESIAN_POINT('',(0.2565,0.194660254037844,0.055));
#18916=CARTESIAN_POINT('',(0.260847431864335,0.202190226909317,0.055));
#18917=CARTESIAN_POINT('',(0.2515,0.186,0.055));
#18918=CARTESIAN_POINT('',(0.249929618355475,0.220896846282176,0.055));
#18919=CARTESIAN_POINT('',(0.257492417536394,0.0528371638479057,0.055));
#18920=CARTESIAN_POINT('',(0.25,0.0524999999999996,0.055));
#18921=CARTESIAN_POINT('',(0.242507582463606,0.0528371638479056,0.055));
#18922=CARTESIAN_POINT('',(0.249989542917176,0.219100457072087,0.055));
#18923=CARTESIAN_POINT('',(0.2485,0.186,0.055));
#18924=CARTESIAN_POINT('',(0.229152568135665,0.219510734985006,0.055));
#18925=CARTESIAN_POINT('',(0.27,0.22,-0.055));
#18926=CARTESIAN_POINT('',(0.246354078088751,0.222430225991176,-0.055));
#18927=CARTESIAN_POINT('',(0.2435,0.194660254037844,-0.055));
#18928=CARTESIAN_POINT('',(0.23,0.0633062371847034,-0.055));
#18929=CARTESIAN_POINT('',(0.239152568135665,0.202190226909317,-0.055));
#18930=CARTESIAN_POINT('',(0.2485,0.186,-0.055));
#18931=CARTESIAN_POINT('',(0.250070381644525,0.220896846282176,-0.055));
#18932=CARTESIAN_POINT('',(0.242507582463606,0.0528371638479056,-0.055));
#18933=CARTESIAN_POINT('',(0.25,0.0524999999999996,-0.055));
#18934=CARTESIAN_POINT('',(0.257492417536394,0.0528371638479057,-0.055));
#18935=CARTESIAN_POINT('',(0.250010457082824,0.219100457072087,-0.055));
#18936=CARTESIAN_POINT('',(0.2515,0.186,-0.055));
#18937=CARTESIAN_POINT('',(0.270847431864336,0.219510734985006,-0.055));
#18938=CARTESIAN_POINT('',(0.2565,0.194660254037844,-0.055));
#18939=CARTESIAN_POINT('',(0.254064019329854,0.218362168556387,-0.055));
#18940=CARTESIAN_POINT('',(0.27,0.0633062371847027,-0.055));
#18941=CARTESIAN_POINT('',(0.27,0.22,-0.055));
#18942=CARTESIAN_POINT('',(0.27,0.03,-0.055));
#18943=CARTESIAN_POINT('',(0.27,0.03,-0.055));
#18944=CARTESIAN_POINT('',(0.23,0.03,-0.055));
#18945=CARTESIAN_POINT('',(0.23,0.22,-0.055));
#18946=CARTESIAN_POINT('',(0.27,0.22,-0.045));
#18947=CARTESIAN_POINT('',(0.27,0.0633062371847027,-0.045));
#18948=CARTESIAN_POINT('',(0.27,0.0633062371847029,-0.045));
#18949=CARTESIAN_POINT('',(0.27,0.22,-0.045));
#18950=CARTESIAN_POINT('',(0.27,0.03,-0.045));
#18951=CARTESIAN_POINT('',(0.27,0.03,-0.045));
#18952=CARTESIAN_POINT('',(0.23,0.22,-0.045));
#18953=CARTESIAN_POINT('',(0.245935980670146,0.218362168556387,-0.045));
#18954=CARTESIAN_POINT('',(0.23,0.0633062371847034,-0.045));
#18955=CARTESIAN_POINT('',(0.2435,0.194660254037844,-0.045));
#18956=CARTESIAN_POINT('',(0.23,0.22,-0.045));
#18957=CARTESIAN_POINT('',(0.23,0.03,-0.045));
#18958=CARTESIAN_POINT('',(0.23,0.03,-0.045));
#18959=CARTESIAN_POINT('',(0.253645921911249,0.222430225991176,-0.045));
#18960=CARTESIAN_POINT('',(0.2565,0.194660254037844,-0.045));
#18961=CARTESIAN_POINT('',(0.260847431864335,0.202190226909317,-0.045));
#18962=CARTESIAN_POINT('',(0.2515,0.186,-0.045));
#18963=CARTESIAN_POINT('',(0.249929618355475,0.220896846282176,-0.045));
#18964=CARTESIAN_POINT('',(0.257492417536394,0.0528371638479057,-0.045));
#18965=CARTESIAN_POINT('',(0.25,0.0524999999999996,-0.045));
#18966=CARTESIAN_POINT('',(0.242507582463606,0.0528371638479056,-0.045));
#18967=CARTESIAN_POINT('',(0.249989542917176,0.219100457072087,-0.045));
#18968=CARTESIAN_POINT('',(0.2485,0.186,-0.045));
#18969=CARTESIAN_POINT('',(0.229152568135665,0.219510734985006,-0.045));
#18970=CARTESIAN_POINT('',(0.17,0.22,0.045));
#18971=CARTESIAN_POINT('',(0.146354078088751,0.222430225991176,0.045));
#18972=CARTESIAN_POINT('',(0.1435,0.194660254037844,0.045));
#18973=CARTESIAN_POINT('',(0.13,0.0633062371847025,0.045));
#18974=CARTESIAN_POINT('',(0.139152568135665,0.202190226909317,0.045));
#18975=CARTESIAN_POINT('',(0.1485,0.186,0.045));
#18976=CARTESIAN_POINT('',(0.150070381644525,0.220896846282176,0.045));
#18977=CARTESIAN_POINT('',(0.142507582463606,0.0528371638479057,0.045));
#18978=CARTESIAN_POINT('',(0.15,0.0524999999999996,0.045));
#18979=CARTESIAN_POINT('',(0.157492417536394,0.0528371638479057,0.045));
#18980=CARTESIAN_POINT('',(0.150010457082824,0.219100457072087,0.045));
#18981=CARTESIAN_POINT('',(0.1515,0.186,0.045));
#18982=CARTESIAN_POINT('',(0.170847431864335,0.219510734985006,0.045));
#18983=CARTESIAN_POINT('',(0.1565,0.194660254037844,0.045));
#18984=CARTESIAN_POINT('',(0.154064019329854,0.218362168556387,0.045));
#18985=CARTESIAN_POINT('',(0.17,0.0633062371847037,0.045));
#18986=CARTESIAN_POINT('',(0.17,0.22,0.045));
#18987=CARTESIAN_POINT('',(0.17,0.03,0.045));
#18988=CARTESIAN_POINT('',(0.17,0.03,0.045));
#18989=CARTESIAN_POINT('',(0.13,0.03,0.045));
#18990=CARTESIAN_POINT('',(0.13,0.22,0.045));
#18991=CARTESIAN_POINT('',(0.17,0.22,0.055));
#18992=CARTESIAN_POINT('',(0.17,0.0633062371847037,0.055));
#18993=CARTESIAN_POINT('',(0.17,0.0633062371847039,0.055));
#18994=CARTESIAN_POINT('',(0.17,0.22,0.055));
#18995=CARTESIAN_POINT('',(0.17,0.03,0.055));
#18996=CARTESIAN_POINT('',(0.17,0.03,0.055));
#18997=CARTESIAN_POINT('',(0.13,0.22,0.055));
#18998=CARTESIAN_POINT('',(0.145935980670146,0.218362168556387,0.055));
#18999=CARTESIAN_POINT('',(0.13,0.0633062371847025,0.055));
#19000=CARTESIAN_POINT('',(0.1435,0.194660254037844,0.055));
#19001=CARTESIAN_POINT('',(0.13,0.22,0.055));
#19002=CARTESIAN_POINT('',(0.13,0.03,0.055));
#19003=CARTESIAN_POINT('',(0.13,0.03,0.055));
#19004=CARTESIAN_POINT('',(0.153645921911249,0.222430225991176,0.055));
#19005=CARTESIAN_POINT('',(0.1565,0.194660254037844,0.055));
#19006=CARTESIAN_POINT('',(0.160847431864335,0.202190226909317,0.055));
#19007=CARTESIAN_POINT('',(0.1515,0.186,0.055));
#19008=CARTESIAN_POINT('',(0.149929618355475,0.220896846282176,0.055));
#19009=CARTESIAN_POINT('',(0.157492417536394,0.0528371638479057,0.055));
#19010=CARTESIAN_POINT('',(0.15,0.0524999999999996,0.055));
#19011=CARTESIAN_POINT('',(0.142507582463606,0.0528371638479057,0.055));
#19012=CARTESIAN_POINT('',(0.149989542917176,0.219100457072087,0.055));
#19013=CARTESIAN_POINT('',(0.1485,0.186,0.055));
#19014=CARTESIAN_POINT('',(0.129152568135664,0.219510734985006,0.055));
#19015=CARTESIAN_POINT('',(0.17,0.22,-0.055));
#19016=CARTESIAN_POINT('',(0.146354078088751,0.222430225991176,-0.055));
#19017=CARTESIAN_POINT('',(0.1435,0.194660254037844,-0.055));
#19018=CARTESIAN_POINT('',(0.13,0.0633062371847025,-0.055));
#19019=CARTESIAN_POINT('',(0.139152568135665,0.202190226909317,-0.055));
#19020=CARTESIAN_POINT('',(0.1485,0.186,-0.055));
#19021=CARTESIAN_POINT('',(0.150070381644525,0.220896846282176,-0.055));
#19022=CARTESIAN_POINT('',(0.142507582463606,0.0528371638479057,-0.055));
#19023=CARTESIAN_POINT('',(0.15,0.0524999999999996,-0.055));
#19024=CARTESIAN_POINT('',(0.157492417536394,0.0528371638479057,-0.055));
#19025=CARTESIAN_POINT('',(0.150010457082824,0.219100457072087,-0.055));
#19026=CARTESIAN_POINT('',(0.1515,0.186,-0.055));
#19027=CARTESIAN_POINT('',(0.170847431864335,0.219510734985006,-0.055));
#19028=CARTESIAN_POINT('',(0.1565,0.194660254037844,-0.055));
#19029=CARTESIAN_POINT('',(0.154064019329854,0.218362168556387,-0.055));
#19030=CARTESIAN_POINT('',(0.17,0.0633062371847037,-0.055));
#19031=CARTESIAN_POINT('',(0.17,0.22,-0.055));
#19032=CARTESIAN_POINT('',(0.17,0.03,-0.055));
#19033=CARTESIAN_POINT('',(0.17,0.03,-0.055));
#19034=CARTESIAN_POINT('',(0.13,0.03,-0.055));
#19035=CARTESIAN_POINT('',(0.13,0.22,-0.055));
#19036=CARTESIAN_POINT('',(0.17,0.22,-0.045));
#19037=CARTESIAN_POINT('',(0.17,0.0633062371847037,-0.045));
#19038=CARTESIAN_POINT('',(0.17,0.0633062371847039,-0.045));
#19039=CARTESIAN_POINT('',(0.17,0.22,-0.045));
#19040=CARTESIAN_POINT('',(0.17,0.03,-0.045));
#19041=CARTESIAN_POINT('',(0.17,0.03,-0.045));
#19042=CARTESIAN_POINT('',(0.13,0.22,-0.045));
#19043=CARTESIAN_POINT('',(0.145935980670146,0.218362168556387,-0.045));
#19044=CARTESIAN_POINT('',(0.13,0.0633062371847025,-0.045));
#19045=CARTESIAN_POINT('',(0.1435,0.194660254037844,-0.045));
#19046=CARTESIAN_POINT('',(0.13,0.22,-0.045));
#19047=CARTESIAN_POINT('',(0.13,0.03,-0.045));
#19048=CARTESIAN_POINT('',(0.13,0.03,-0.045));
#19049=CARTESIAN_POINT('',(0.153645921911249,0.222430225991176,-0.045));
#19050=CARTESIAN_POINT('',(0.1565,0.194660254037844,-0.045));
#19051=CARTESIAN_POINT('',(0.160847431864335,0.202190226909317,-0.045));
#19052=CARTESIAN_POINT('',(0.1515,0.186,-0.045));
#19053=CARTESIAN_POINT('',(0.149929618355475,0.220896846282176,-0.045));
#19054=CARTESIAN_POINT('',(0.157492417536394,0.0528371638479057,-0.045));
#19055=CARTESIAN_POINT('',(0.15,0.0524999999999996,-0.045));
#19056=CARTESIAN_POINT('',(0.142507582463606,0.0528371638479057,-0.045));
#19057=CARTESIAN_POINT('',(0.149989542917176,0.219100457072087,-0.045));
#19058=CARTESIAN_POINT('',(0.1485,0.186,-0.045));
#19059=CARTESIAN_POINT('',(0.129152568135664,0.219510734985006,-0.045));
#19060=CARTESIAN_POINT('',(0.07,0.22,0.045));
#19061=CARTESIAN_POINT('',(0.0463540780887509,0.222430225991176,0.045));
#19062=CARTESIAN_POINT('',(0.0434999999999999,0.194660254037844,0.045));
#19063=CARTESIAN_POINT('',(0.03,0.0633062371847027,0.045));
#19064=CARTESIAN_POINT('',(0.0391525681356645,0.202190226909317,0.045));
#19065=CARTESIAN_POINT('',(0.0485,0.186,0.045));
#19066=CARTESIAN_POINT('',(0.0500703816445251,0.220896846282176,0.045));
#19067=CARTESIAN_POINT('',(0.0425075824636059,0.0528371638479057,0.045));
#19068=CARTESIAN_POINT('',(0.05,0.0524999999999996,0.045));
#19069=CARTESIAN_POINT('',(0.057492417536394,0.0528371638479057,0.045));
#19070=CARTESIAN_POINT('',(0.0500104570828239,0.219100457072087,0.045));
#19071=CARTESIAN_POINT('',(0.0515,0.186,0.045));
#19072=CARTESIAN_POINT('',(0.0708474318643354,0.219510734985006,0.045));
#19073=CARTESIAN_POINT('',(0.0565,0.194660254037844,0.045));
#19074=CARTESIAN_POINT('',(0.0540640193298537,0.218362168556387,0.045));
#19075=CARTESIAN_POINT('',(0.07,0.0633062371847035,0.045));
#19076=CARTESIAN_POINT('',(0.07,0.22,0.045));
#19077=CARTESIAN_POINT('',(0.07,0.03,0.045));
#19078=CARTESIAN_POINT('',(0.07,0.03,0.045));
#19079=CARTESIAN_POINT('',(0.03,0.03,0.045));
#19080=CARTESIAN_POINT('',(0.03,0.22,0.045));
#19081=CARTESIAN_POINT('',(0.07,0.22,0.055));
#19082=CARTESIAN_POINT('',(0.07,0.0633062371847035,0.055));
#19083=CARTESIAN_POINT('',(0.07,0.0633062371847035,0.055));
#19084=CARTESIAN_POINT('',(0.07,0.22,0.055));
#19085=CARTESIAN_POINT('',(0.07,0.03,0.055));
#19086=CARTESIAN_POINT('',(0.07,0.03,0.055));
#19087=CARTESIAN_POINT('',(0.03,0.22,0.055));
#19088=CARTESIAN_POINT('',(0.0459359806701462,0.218362168556387,0.055));
#19089=CARTESIAN_POINT('',(0.03,0.0633062371847027,0.055));
#19090=CARTESIAN_POINT('',(0.0434999999999999,0.194660254037844,0.055));
#19091=CARTESIAN_POINT('',(0.03,0.22,0.055));
#19092=CARTESIAN_POINT('',(0.03,0.03,0.055));
#19093=CARTESIAN_POINT('',(0.03,0.03,0.055));
#19094=CARTESIAN_POINT('',(0.053645921911249,0.222430225991176,0.055));
#19095=CARTESIAN_POINT('',(0.0565,0.194660254037844,0.055));
#19096=CARTESIAN_POINT('',(0.0608474318643354,0.202190226909317,0.055));
#19097=CARTESIAN_POINT('',(0.0515,0.186,0.055));
#19098=CARTESIAN_POINT('',(0.0499296183554748,0.220896846282176,0.055));
#19099=CARTESIAN_POINT('',(0.057492417536394,0.0528371638479057,0.055));
#19100=CARTESIAN_POINT('',(0.05,0.0524999999999996,0.055));
#19101=CARTESIAN_POINT('',(0.0425075824636059,0.0528371638479057,0.055));
#19102=CARTESIAN_POINT('',(0.0499895429171761,0.219100457072087,0.055));
#19103=CARTESIAN_POINT('',(0.0485,0.186,0.055));
#19104=CARTESIAN_POINT('',(0.0291525681356645,0.219510734985006,0.055));
#19105=CARTESIAN_POINT('',(0.07,0.22,-0.055));
#19106=CARTESIAN_POINT('',(0.0463540780887509,0.222430225991176,-0.055));
#19107=CARTESIAN_POINT('',(0.0434999999999999,0.194660254037844,-0.055));
#19108=CARTESIAN_POINT('',(0.03,0.0633062371847027,-0.055));
#19109=CARTESIAN_POINT('',(0.0391525681356645,0.202190226909317,-0.055));
#19110=CARTESIAN_POINT('',(0.0485,0.186,-0.055));
#19111=CARTESIAN_POINT('',(0.0500703816445251,0.220896846282176,-0.055));
#19112=CARTESIAN_POINT('',(0.0425075824636059,0.0528371638479057,-0.055));
#19113=CARTESIAN_POINT('',(0.05,0.0524999999999996,-0.055));
#19114=CARTESIAN_POINT('',(0.057492417536394,0.0528371638479057,-0.055));
#19115=CARTESIAN_POINT('',(0.0500104570828239,0.219100457072087,-0.055));
#19116=CARTESIAN_POINT('',(0.0515,0.186,-0.055));
#19117=CARTESIAN_POINT('',(0.0708474318643354,0.219510734985006,-0.055));
#19118=CARTESIAN_POINT('',(0.0565,0.194660254037844,-0.055));
#19119=CARTESIAN_POINT('',(0.0540640193298537,0.218362168556387,-0.055));
#19120=CARTESIAN_POINT('',(0.07,0.0633062371847035,-0.055));
#19121=CARTESIAN_POINT('',(0.07,0.22,-0.055));
#19122=CARTESIAN_POINT('',(0.07,0.03,-0.055));
#19123=CARTESIAN_POINT('',(0.07,0.03,-0.055));
#19124=CARTESIAN_POINT('',(0.03,0.03,-0.055));
#19125=CARTESIAN_POINT('',(0.03,0.22,-0.055));
#19126=CARTESIAN_POINT('',(0.07,0.22,-0.045));
#19127=CARTESIAN_POINT('',(0.07,0.0633062371847035,-0.045));
#19128=CARTESIAN_POINT('',(0.07,0.0633062371847035,-0.045));
#19129=CARTESIAN_POINT('',(0.07,0.22,-0.045));
#19130=CARTESIAN_POINT('',(0.07,0.03,-0.045));
#19131=CARTESIAN_POINT('',(0.07,0.03,-0.045));
#19132=CARTESIAN_POINT('',(0.03,0.22,-0.045));
#19133=CARTESIAN_POINT('',(0.0459359806701462,0.218362168556387,-0.045));
#19134=CARTESIAN_POINT('',(0.03,0.0633062371847027,-0.045));
#19135=CARTESIAN_POINT('',(0.0434999999999999,0.194660254037844,-0.045));
#19136=CARTESIAN_POINT('',(0.03,0.22,-0.045));
#19137=CARTESIAN_POINT('',(0.03,0.03,-0.045));
#19138=CARTESIAN_POINT('',(0.03,0.03,-0.045));
#19139=CARTESIAN_POINT('',(0.053645921911249,0.222430225991176,-0.045));
#19140=CARTESIAN_POINT('',(0.0565,0.194660254037844,-0.045));
#19141=CARTESIAN_POINT('',(0.0608474318643354,0.202190226909317,-0.045));
#19142=CARTESIAN_POINT('',(0.0515,0.186,-0.045));
#19143=CARTESIAN_POINT('',(0.0499296183554748,0.220896846282176,-0.045));
#19144=CARTESIAN_POINT('',(0.057492417536394,0.0528371638479057,-0.045));
#19145=CARTESIAN_POINT('',(0.05,0.0524999999999996,-0.045));
#19146=CARTESIAN_POINT('',(0.0425075824636059,0.0528371638479057,-0.045));
#19147=CARTESIAN_POINT('',(0.0499895429171761,0.219100457072087,-0.045));
#19148=CARTESIAN_POINT('',(0.0485,0.186,-0.045));
#19149=CARTESIAN_POINT('',(0.0291525681356645,0.219510734985006,-0.045));
#19150=CARTESIAN_POINT('',(-0.03,0.22,0.045));
#19151=CARTESIAN_POINT('',(-0.0536459219112491,0.222430225991176,0.045));
#19152=CARTESIAN_POINT('',(-0.0565000000000001,0.194660254037844,0.045));
#19153=CARTESIAN_POINT('',(-0.07,0.063306237184703,0.045));
#19154=CARTESIAN_POINT('',(-0.0608474318643355,0.202190226909317,0.045));
#19155=CARTESIAN_POINT('',(-0.0515,0.186,0.045));
#19156=CARTESIAN_POINT('',(-0.0499296183554749,0.220896846282176,0.045));
#19157=CARTESIAN_POINT('',(-0.0574924175363941,0.0528371638479057,0.045));
#19158=CARTESIAN_POINT('',(-0.05,0.0524999999999996,0.045));
#19159=CARTESIAN_POINT('',(-0.0425075824636059,0.0528371638479057,0.045));
#19160=CARTESIAN_POINT('',(-0.0499895429171761,0.219100457072087,0.045));
#19161=CARTESIAN_POINT('',(-0.0485,0.186,0.045));
#19162=CARTESIAN_POINT('',(-0.0291525681356645,0.219510734985006,0.045));
#19163=CARTESIAN_POINT('',(-0.0435,0.194660254037844,0.045));
#19164=CARTESIAN_POINT('',(-0.0459359806701463,0.218362168556387,0.045));
#19165=CARTESIAN_POINT('',(-0.03,0.0633062371847032,0.045));
#19166=CARTESIAN_POINT('',(-0.03,0.22,0.045));
#19167=CARTESIAN_POINT('',(-0.03,0.03,0.045));
#19168=CARTESIAN_POINT('',(-0.03,0.03,0.045));
#19169=CARTESIAN_POINT('',(-0.07,0.03,0.045));
#19170=CARTESIAN_POINT('',(-0.07,0.22,0.045));
#19171=CARTESIAN_POINT('',(-0.03,0.22,0.055));
#19172=CARTESIAN_POINT('',(-0.03,0.0633062371847032,0.055));
#19173=CARTESIAN_POINT('',(-0.03,0.0633062371847032,0.055));
#19174=CARTESIAN_POINT('',(-0.03,0.22,0.055));
#19175=CARTESIAN_POINT('',(-0.03,0.03,0.055));
#19176=CARTESIAN_POINT('',(-0.03,0.03,0.055));
#19177=CARTESIAN_POINT('',(-0.07,0.22,0.055));
#19178=CARTESIAN_POINT('',(-0.0540640193298538,0.218362168556387,0.055));
#19179=CARTESIAN_POINT('',(-0.07,0.063306237184703,0.055));
#19180=CARTESIAN_POINT('',(-0.0565000000000001,0.194660254037844,0.055));
#19181=CARTESIAN_POINT('',(-0.07,0.22,0.055));
#19182=CARTESIAN_POINT('',(-0.07,0.03,0.055));
#19183=CARTESIAN_POINT('',(-0.07,0.03,0.055));
#19184=CARTESIAN_POINT('',(-0.046354078088751,0.222430225991176,0.055));
#19185=CARTESIAN_POINT('',(-0.0435,0.194660254037844,0.055));
#19186=CARTESIAN_POINT('',(-0.0391525681356646,0.202190226909317,0.055));
#19187=CARTESIAN_POINT('',(-0.0485,0.186,0.055));
#19188=CARTESIAN_POINT('',(-0.0500703816445252,0.220896846282176,0.055));
#19189=CARTESIAN_POINT('',(-0.0425075824636059,0.0528371638479057,0.055));
#19190=CARTESIAN_POINT('',(-0.05,0.0524999999999996,0.055));
#19191=CARTESIAN_POINT('',(-0.0574924175363941,0.0528371638479057,0.055));
#19192=CARTESIAN_POINT('',(-0.0500104570828239,0.219100457072087,0.055));
#19193=CARTESIAN_POINT('',(-0.0515,0.186,0.055));
#19194=CARTESIAN_POINT('',(-0.0708474318643355,0.219510734985006,0.055));
#19195=CARTESIAN_POINT('',(-0.03,0.22,-0.055));
#19196=CARTESIAN_POINT('',(-0.0536459219112491,0.222430225991176,-0.055));
#19197=CARTESIAN_POINT('',(-0.0565000000000001,0.194660254037844,-0.055));
#19198=CARTESIAN_POINT('',(-0.07,0.063306237184703,-0.055));
#19199=CARTESIAN_POINT('',(-0.0608474318643355,0.202190226909317,-0.055));
#19200=CARTESIAN_POINT('',(-0.0515,0.186,-0.055));
#19201=CARTESIAN_POINT('',(-0.0499296183554749,0.220896846282176,-0.055));
#19202=CARTESIAN_POINT('',(-0.0574924175363941,0.0528371638479057,-0.055));
#19203=CARTESIAN_POINT('',(-0.05,0.0524999999999996,-0.055));
#19204=CARTESIAN_POINT('',(-0.0425075824636059,0.0528371638479057,-0.055));
#19205=CARTESIAN_POINT('',(-0.0499895429171761,0.219100457072087,-0.055));
#19206=CARTESIAN_POINT('',(-0.0485,0.186,-0.055));
#19207=CARTESIAN_POINT('',(-0.0291525681356645,0.219510734985006,-0.055));
#19208=CARTESIAN_POINT('',(-0.0435,0.194660254037844,-0.055));
#19209=CARTESIAN_POINT('',(-0.0459359806701463,0.218362168556387,-0.055));
#19210=CARTESIAN_POINT('',(-0.03,0.0633062371847032,-0.055));
#19211=CARTESIAN_POINT('',(-0.03,0.22,-0.055));
#19212=CARTESIAN_POINT('',(-0.03,0.03,-0.055));
#19213=CARTESIAN_POINT('',(-0.03,0.03,-0.055));
#19214=CARTESIAN_POINT('',(-0.07,0.03,-0.055));
#19215=CARTESIAN_POINT('',(-0.07,0.22,-0.055));
#19216=CARTESIAN_POINT('',(-0.03,0.22,-0.045));
#19217=CARTESIAN_POINT('',(-0.03,0.0633062371847032,-0.045));
#19218=CARTESIAN_POINT('',(-0.03,0.0633062371847032,-0.045));
#19219=CARTESIAN_POINT('',(-0.03,0.22,-0.045));
#19220=CARTESIAN_POINT('',(-0.03,0.03,-0.045));
#19221=CARTESIAN_POINT('',(-0.03,0.03,-0.045));
#19222=CARTESIAN_POINT('',(-0.07,0.22,-0.045));
#19223=CARTESIAN_POINT('',(-0.0540640193298538,0.218362168556387,-0.045));
#19224=CARTESIAN_POINT('',(-0.07,0.063306237184703,-0.045));
#19225=CARTESIAN_POINT('',(-0.0565000000000001,0.194660254037844,-0.045));
#19226=CARTESIAN_POINT('',(-0.07,0.22,-0.045));
#19227=CARTESIAN_POINT('',(-0.07,0.03,-0.045));
#19228=CARTESIAN_POINT('',(-0.07,0.03,-0.045));
#19229=CARTESIAN_POINT('',(-0.046354078088751,0.222430225991176,-0.045));
#19230=CARTESIAN_POINT('',(-0.0435,0.194660254037844,-0.045));
#19231=CARTESIAN_POINT('',(-0.0391525681356646,0.202190226909317,-0.045));
#19232=CARTESIAN_POINT('',(-0.0485,0.186,-0.045));
#19233=CARTESIAN_POINT('',(-0.0500703816445252,0.220896846282176,-0.045));
#19234=CARTESIAN_POINT('',(-0.0425075824636059,0.0528371638479057,-0.045));
#19235=CARTESIAN_POINT('',(-0.05,0.0524999999999996,-0.045));
#19236=CARTESIAN_POINT('',(-0.0574924175363941,0.0528371638479057,-0.045));
#19237=CARTESIAN_POINT('',(-0.0500104570828239,0.219100457072087,-0.045));
#19238=CARTESIAN_POINT('',(-0.0515,0.186,-0.045));
#19239=CARTESIAN_POINT('',(-0.0708474318643355,0.219510734985006,-0.045));
#19240=CARTESIAN_POINT('',(-0.13,0.22,0.045));
#19241=CARTESIAN_POINT('',(-0.153645921911249,0.222430225991176,0.045));
#19242=CARTESIAN_POINT('',(-0.1565,0.194660254037844,0.045));
#19243=CARTESIAN_POINT('',(-0.17,0.0633062371847028,0.045));
#19244=CARTESIAN_POINT('',(-0.160847431864335,0.202190226909317,0.045));
#19245=CARTESIAN_POINT('',(-0.1515,0.186,0.045));
#19246=CARTESIAN_POINT('',(-0.149929618355475,0.220896846282176,0.045));
#19247=CARTESIAN_POINT('',(-0.157492417536394,0.0528371638479057,0.045));
#19248=CARTESIAN_POINT('',(-0.15,0.0524999999999996,0.045));
#19249=CARTESIAN_POINT('',(-0.142507582463606,0.0528371638479057,0.045));
#19250=CARTESIAN_POINT('',(-0.149989542917176,0.219100457072087,0.045));
#19251=CARTESIAN_POINT('',(-0.1485,0.186,0.045));
#19252=CARTESIAN_POINT('',(-0.129152568135665,0.219510734985006,0.045));
#19253=CARTESIAN_POINT('',(-0.1435,0.194660254037844,0.045));
#19254=CARTESIAN_POINT('',(-0.145935980670146,0.218362168556387,0.045));
#19255=CARTESIAN_POINT('',(-0.13,0.0633062371847035,0.045));
#19256=CARTESIAN_POINT('',(-0.13,0.22,0.045));
#19257=CARTESIAN_POINT('',(-0.13,0.03,0.045));
#19258=CARTESIAN_POINT('',(-0.13,0.03,0.045));
#19259=CARTESIAN_POINT('',(-0.17,0.03,0.045));
#19260=CARTESIAN_POINT('',(-0.17,0.22,0.045));
#19261=CARTESIAN_POINT('',(-0.13,0.22,0.055));
#19262=CARTESIAN_POINT('',(-0.13,0.0633062371847035,0.055));
#19263=CARTESIAN_POINT('',(-0.13,0.0633062371847035,0.055));
#19264=CARTESIAN_POINT('',(-0.13,0.22,0.055));
#19265=CARTESIAN_POINT('',(-0.13,0.03,0.055));
#19266=CARTESIAN_POINT('',(-0.13,0.03,0.055));
#19267=CARTESIAN_POINT('',(-0.17,0.22,0.055));
#19268=CARTESIAN_POINT('',(-0.154064019329854,0.218362168556387,0.055));
#19269=CARTESIAN_POINT('',(-0.17,0.0633062371847028,0.055));
#19270=CARTESIAN_POINT('',(-0.1565,0.194660254037844,0.055));
#19271=CARTESIAN_POINT('',(-0.17,0.22,0.055));
#19272=CARTESIAN_POINT('',(-0.17,0.03,0.055));
#19273=CARTESIAN_POINT('',(-0.17,0.03,0.055));
#19274=CARTESIAN_POINT('',(-0.146354078088751,0.222430225991176,0.055));
#19275=CARTESIAN_POINT('',(-0.1435,0.194660254037844,0.055));
#19276=CARTESIAN_POINT('',(-0.139152568135665,0.202190226909317,0.055));
#19277=CARTESIAN_POINT('',(-0.1485,0.186,0.055));
#19278=CARTESIAN_POINT('',(-0.150070381644525,0.220896846282176,0.055));
#19279=CARTESIAN_POINT('',(-0.142507582463606,0.0528371638479057,0.055));
#19280=CARTESIAN_POINT('',(-0.15,0.0524999999999996,0.055));
#19281=CARTESIAN_POINT('',(-0.157492417536394,0.0528371638479057,0.055));
#19282=CARTESIAN_POINT('',(-0.150010457082824,0.219100457072087,0.055));
#19283=CARTESIAN_POINT('',(-0.1515,0.186,0.055));
#19284=CARTESIAN_POINT('',(-0.170847431864336,0.219510734985006,0.055));
#19285=CARTESIAN_POINT('',(-0.13,0.22,-0.055));
#19286=CARTESIAN_POINT('',(-0.153645921911249,0.222430225991176,-0.055));
#19287=CARTESIAN_POINT('',(-0.1565,0.194660254037844,-0.055));
#19288=CARTESIAN_POINT('',(-0.17,0.0633062371847028,-0.055));
#19289=CARTESIAN_POINT('',(-0.160847431864335,0.202190226909317,-0.055));
#19290=CARTESIAN_POINT('',(-0.1515,0.186,-0.055));
#19291=CARTESIAN_POINT('',(-0.149929618355475,0.220896846282176,-0.055));
#19292=CARTESIAN_POINT('',(-0.157492417536394,0.0528371638479057,-0.055));
#19293=CARTESIAN_POINT('',(-0.15,0.0524999999999996,-0.055));
#19294=CARTESIAN_POINT('',(-0.142507582463606,0.0528371638479057,-0.055));
#19295=CARTESIAN_POINT('',(-0.149989542917176,0.219100457072087,-0.055));
#19296=CARTESIAN_POINT('',(-0.1485,0.186,-0.055));
#19297=CARTESIAN_POINT('',(-0.129152568135665,0.219510734985006,-0.055));
#19298=CARTESIAN_POINT('',(-0.1435,0.194660254037844,-0.055));
#19299=CARTESIAN_POINT('',(-0.145935980670146,0.218362168556387,-0.055));
#19300=CARTESIAN_POINT('',(-0.13,0.0633062371847035,-0.055));
#19301=CARTESIAN_POINT('',(-0.13,0.22,-0.055));
#19302=CARTESIAN_POINT('',(-0.13,0.03,-0.055));
#19303=CARTESIAN_POINT('',(-0.13,0.03,-0.055));
#19304=CARTESIAN_POINT('',(-0.17,0.03,-0.055));
#19305=CARTESIAN_POINT('',(-0.17,0.22,-0.055));
#19306=CARTESIAN_POINT('',(-0.13,0.22,-0.045));
#19307=CARTESIAN_POINT('',(-0.13,0.0633062371847035,-0.045));
#19308=CARTESIAN_POINT('',(-0.13,0.0633062371847035,-0.045));
#19309=CARTESIAN_POINT('',(-0.13,0.22,-0.045));
#19310=CARTESIAN_POINT('',(-0.13,0.03,-0.045));
#19311=CARTESIAN_POINT('',(-0.13,0.03,-0.045));
#19312=CARTESIAN_POINT('',(-0.17,0.22,-0.045));
#19313=CARTESIAN_POINT('',(-0.154064019329854,0.218362168556387,-0.045));
#19314=CARTESIAN_POINT('',(-0.17,0.0633062371847028,-0.045));
#19315=CARTESIAN_POINT('',(-0.1565,0.194660254037844,-0.045));
#19316=CARTESIAN_POINT('',(-0.17,0.22,-0.045));
#19317=CARTESIAN_POINT('',(-0.17,0.03,-0.045));
#19318=CARTESIAN_POINT('',(-0.17,0.03,-0.045));
#19319=CARTESIAN_POINT('',(-0.146354078088751,0.222430225991176,-0.045));
#19320=CARTESIAN_POINT('',(-0.1435,0.194660254037844,-0.045));
#19321=CARTESIAN_POINT('',(-0.139152568135665,0.202190226909317,-0.045));
#19322=CARTESIAN_POINT('',(-0.1485,0.186,-0.045));
#19323=CARTESIAN_POINT('',(-0.150070381644525,0.220896846282176,-0.045));
#19324=CARTESIAN_POINT('',(-0.142507582463606,0.0528371638479057,-0.045));
#19325=CARTESIAN_POINT('',(-0.15,0.0524999999999996,-0.045));
#19326=CARTESIAN_POINT('',(-0.157492417536394,0.0528371638479057,-0.045));
#19327=CARTESIAN_POINT('',(-0.150010457082824,0.219100457072087,-0.045));
#19328=CARTESIAN_POINT('',(-0.1515,0.186,-0.045));
#19329=CARTESIAN_POINT('',(-0.170847431864336,0.219510734985006,-0.045));
#19330=CARTESIAN_POINT('',(-0.23,0.22,0.045));
#19331=CARTESIAN_POINT('',(-0.253645921911249,0.222430225991176,0.045));
#19332=CARTESIAN_POINT('',(-0.2565,0.194660254037844,0.045));
#19333=CARTESIAN_POINT('',(-0.27,0.0633062371847028,0.045));
#19334=CARTESIAN_POINT('',(-0.260847431864336,0.202190226909317,0.045));
#19335=CARTESIAN_POINT('',(-0.2515,0.186,0.045));
#19336=CARTESIAN_POINT('',(-0.249929618355475,0.220896846282176,0.045));
#19337=CARTESIAN_POINT('',(-0.257492417536394,0.0528371638479057,0.045));
#19338=CARTESIAN_POINT('',(-0.25,0.0524999999999996,0.045));
#19339=CARTESIAN_POINT('',(-0.242507582463606,0.0528371638479057,0.045));
#19340=CARTESIAN_POINT('',(-0.249989542917176,0.219100457072087,0.045));
#19341=CARTESIAN_POINT('',(-0.2485,0.186,0.045));
#19342=CARTESIAN_POINT('',(-0.229152568135665,0.219510734985006,0.045));
#19343=CARTESIAN_POINT('',(-0.2435,0.194660254037844,0.045));
#19344=CARTESIAN_POINT('',(-0.245935980670146,0.218362168556387,0.045));
#19345=CARTESIAN_POINT('',(-0.23,0.0633062371847037,0.045));
#19346=CARTESIAN_POINT('',(-0.23,0.22,0.045));
#19347=CARTESIAN_POINT('',(-0.23,0.03,0.045));
#19348=CARTESIAN_POINT('',(-0.23,0.03,0.045));
#19349=CARTESIAN_POINT('',(-0.27,0.03,0.045));
#19350=CARTESIAN_POINT('',(-0.27,0.22,0.045));
#19351=CARTESIAN_POINT('',(-0.23,0.22,0.055));
#19352=CARTESIAN_POINT('',(-0.23,0.0633062371847037,0.055));
#19353=CARTESIAN_POINT('',(-0.23,0.0633062371847039,0.055));
#19354=CARTESIAN_POINT('',(-0.23,0.22,0.055));
#19355=CARTESIAN_POINT('',(-0.23,0.03,0.055));
#19356=CARTESIAN_POINT('',(-0.23,0.03,0.055));
#19357=CARTESIAN_POINT('',(-0.27,0.22,0.055));
#19358=CARTESIAN_POINT('',(-0.254064019329854,0.218362168556387,0.055));
#19359=CARTESIAN_POINT('',(-0.27,0.0633062371847028,0.055));
#19360=CARTESIAN_POINT('',(-0.2565,0.194660254037844,0.055));
#19361=CARTESIAN_POINT('',(-0.27,0.22,0.055));
#19362=CARTESIAN_POINT('',(-0.27,0.03,0.055));
#19363=CARTESIAN_POINT('',(-0.27,0.03,0.055));
#19364=CARTESIAN_POINT('',(-0.246354078088751,0.222430225991176,0.055));
#19365=CARTESIAN_POINT('',(-0.2435,0.194660254037844,0.055));
#19366=CARTESIAN_POINT('',(-0.239152568135665,0.202190226909317,0.055));
#19367=CARTESIAN_POINT('',(-0.2485,0.186,0.055));
#19368=CARTESIAN_POINT('',(-0.250070381644525,0.220896846282176,0.055));
#19369=CARTESIAN_POINT('',(-0.242507582463606,0.0528371638479057,0.055));
#19370=CARTESIAN_POINT('',(-0.25,0.0524999999999996,0.055));
#19371=CARTESIAN_POINT('',(-0.257492417536394,0.0528371638479057,0.055));
#19372=CARTESIAN_POINT('',(-0.250010457082824,0.219100457072087,0.055));
#19373=CARTESIAN_POINT('',(-0.2515,0.186,0.055));
#19374=CARTESIAN_POINT('',(-0.270847431864335,0.219510734985006,0.055));
#19375=CARTESIAN_POINT('',(-0.23,0.22,-0.055));
#19376=CARTESIAN_POINT('',(-0.253645921911249,0.222430225991176,-0.055));
#19377=CARTESIAN_POINT('',(-0.2565,0.194660254037844,-0.055));
#19378=CARTESIAN_POINT('',(-0.27,0.0633062371847028,-0.055));
#19379=CARTESIAN_POINT('',(-0.260847431864336,0.202190226909317,-0.055));
#19380=CARTESIAN_POINT('',(-0.2515,0.186,-0.055));
#19381=CARTESIAN_POINT('',(-0.249929618355475,0.220896846282176,-0.055));
#19382=CARTESIAN_POINT('',(-0.257492417536394,0.0528371638479057,-0.055));
#19383=CARTESIAN_POINT('',(-0.25,0.0524999999999996,-0.055));
#19384=CARTESIAN_POINT('',(-0.242507582463606,0.0528371638479057,-0.055));
#19385=CARTESIAN_POINT('',(-0.249989542917176,0.219100457072087,-0.055));
#19386=CARTESIAN_POINT('',(-0.2485,0.186,-0.055));
#19387=CARTESIAN_POINT('',(-0.229152568135665,0.219510734985006,-0.055));
#19388=CARTESIAN_POINT('',(-0.2435,0.194660254037844,-0.055));
#19389=CARTESIAN_POINT('',(-0.245935980670146,0.218362168556387,-0.055));
#19390=CARTESIAN_POINT('',(-0.23,0.0633062371847037,-0.055));
#19391=CARTESIAN_POINT('',(-0.23,0.22,-0.055));
#19392=CARTESIAN_POINT('',(-0.23,0.03,-0.055));
#19393=CARTESIAN_POINT('',(-0.23,0.03,-0.055));
#19394=CARTESIAN_POINT('',(-0.27,0.03,-0.055));
#19395=CARTESIAN_POINT('',(-0.27,0.22,-0.055));
#19396=CARTESIAN_POINT('',(-0.23,0.22,-0.045));
#19397=CARTESIAN_POINT('',(-0.23,0.0633062371847037,-0.045));
#19398=CARTESIAN_POINT('',(-0.23,0.0633062371847039,-0.045));
#19399=CARTESIAN_POINT('',(-0.23,0.22,-0.045));
#19400=CARTESIAN_POINT('',(-0.23,0.03,-0.045));
#19401=CARTESIAN_POINT('',(-0.23,0.03,-0.045));
#19402=CARTESIAN_POINT('',(-0.27,0.22,-0.045));
#19403=CARTESIAN_POINT('',(-0.254064019329854,0.218362168556387,-0.045));
#19404=CARTESIAN_POINT('',(-0.27,0.0633062371847028,-0.045));
#19405=CARTESIAN_POINT('',(-0.2565,0.194660254037844,-0.045));
#19406=CARTESIAN_POINT('',(-0.27,0.22,-0.045));
#19407=CARTESIAN_POINT('',(-0.27,0.03,-0.045));
#19408=CARTESIAN_POINT('',(-0.27,0.03,-0.045));
#19409=CARTESIAN_POINT('',(-0.246354078088751,0.222430225991176,-0.045));
#19410=CARTESIAN_POINT('',(-0.2435,0.194660254037844,-0.045));
#19411=CARTESIAN_POINT('',(-0.239152568135665,0.202190226909317,-0.045));
#19412=CARTESIAN_POINT('',(-0.2485,0.186,-0.045));
#19413=CARTESIAN_POINT('',(-0.250070381644525,0.220896846282176,-0.045));
#19414=CARTESIAN_POINT('',(-0.242507582463606,0.0528371638479057,-0.045));
#19415=CARTESIAN_POINT('',(-0.25,0.0524999999999996,-0.045));
#19416=CARTESIAN_POINT('',(-0.257492417536394,0.0528371638479057,-0.045));
#19417=CARTESIAN_POINT('',(-0.250010457082824,0.219100457072087,-0.045));
#19418=CARTESIAN_POINT('',(-0.2515,0.186,-0.045));
#19419=CARTESIAN_POINT('',(-0.270847431864335,0.219510734985006,-0.045));
#19420=CARTESIAN_POINT('',(-0.33,0.22,0.045));
#19421=CARTESIAN_POINT('',(-0.353645921911249,0.222430225991176,0.045));
#19422=CARTESIAN_POINT('',(-0.3565,0.194660254037844,0.045));
#19423=CARTESIAN_POINT('',(-0.37,0.0633062371847034,0.045));
#19424=CARTESIAN_POINT('',(-0.360847431864335,0.202190226909317,0.045));
#19425=CARTESIAN_POINT('',(-0.3515,0.186,0.045));
#19426=CARTESIAN_POINT('',(-0.349929618355475,0.220896846282176,0.045));
#19427=CARTESIAN_POINT('',(-0.357492417536394,0.0528371638479057,0.045));
#19428=CARTESIAN_POINT('',(-0.35,0.0524999999999999,0.045));
#19429=CARTESIAN_POINT('',(-0.342507582463606,0.0528371638479057,0.045));
#19430=CARTESIAN_POINT('',(-0.349989542917176,0.219100457072087,0.045));
#19431=CARTESIAN_POINT('',(-0.3485,0.186,0.045));
#19432=CARTESIAN_POINT('',(-0.329152568135665,0.219510734985006,0.045));
#19433=CARTESIAN_POINT('',(-0.3435,0.194660254037844,0.045));
#19434=CARTESIAN_POINT('',(-0.345935980670146,0.218362168556387,0.045));
#19435=CARTESIAN_POINT('',(-0.33,0.063306237184704,0.045));
#19436=CARTESIAN_POINT('',(-0.33,0.22,0.045));
#19437=CARTESIAN_POINT('',(-0.33,0.03,0.045));
#19438=CARTESIAN_POINT('',(-0.33,0.03,0.045));
#19439=CARTESIAN_POINT('',(-0.37,0.03,0.045));
#19440=CARTESIAN_POINT('',(-0.37,0.22,0.045));
#19441=CARTESIAN_POINT('',(-0.33,0.22,0.055));
#19442=CARTESIAN_POINT('',(-0.33,0.063306237184704,0.055));
#19443=CARTESIAN_POINT('',(-0.33,0.0633062371847042,0.055));
#19444=CARTESIAN_POINT('',(-0.33,0.22,0.055));
#19445=CARTESIAN_POINT('',(-0.33,0.03,0.055));
#19446=CARTESIAN_POINT('',(-0.33,0.03,0.055));
#19447=CARTESIAN_POINT('',(-0.37,0.22,0.055));
#19448=CARTESIAN_POINT('',(-0.354064019329854,0.218362168556387,0.055));
#19449=CARTESIAN_POINT('',(-0.37,0.0633062371847034,0.055));
#19450=CARTESIAN_POINT('',(-0.3565,0.194660254037844,0.055));
#19451=CARTESIAN_POINT('',(-0.37,0.22,0.055));
#19452=CARTESIAN_POINT('',(-0.37,0.03,0.055));
#19453=CARTESIAN_POINT('',(-0.37,0.03,0.055));
#19454=CARTESIAN_POINT('',(-0.346354078088751,0.222430225991176,0.055));
#19455=CARTESIAN_POINT('',(-0.3435,0.194660254037844,0.055));
#19456=CARTESIAN_POINT('',(-0.339152568135665,0.202190226909317,0.055));
#19457=CARTESIAN_POINT('',(-0.3485,0.186,0.055));
#19458=CARTESIAN_POINT('',(-0.350070381644525,0.220896846282176,0.055));
#19459=CARTESIAN_POINT('',(-0.342507582463606,0.0528371638479057,0.055));
#19460=CARTESIAN_POINT('',(-0.35,0.0524999999999999,0.055));
#19461=CARTESIAN_POINT('',(-0.357492417536394,0.0528371638479057,0.055));
#19462=CARTESIAN_POINT('',(-0.350010457082824,0.219100457072087,0.055));
#19463=CARTESIAN_POINT('',(-0.3515,0.186,0.055));
#19464=CARTESIAN_POINT('',(-0.370847431864335,0.219510734985006,0.055));
#19465=CARTESIAN_POINT('',(-0.33,0.22,-0.055));
#19466=CARTESIAN_POINT('',(-0.353645921911249,0.222430225991176,-0.055));
#19467=CARTESIAN_POINT('',(-0.3565,0.194660254037844,-0.055));
#19468=CARTESIAN_POINT('',(-0.37,0.0633062371847034,-0.055));
#19469=CARTESIAN_POINT('',(-0.360847431864335,0.202190226909317,-0.055));
#19470=CARTESIAN_POINT('',(-0.3515,0.186,-0.055));
#19471=CARTESIAN_POINT('',(-0.349929618355475,0.220896846282176,-0.055));
#19472=CARTESIAN_POINT('',(-0.357492417536394,0.0528371638479057,-0.055));
#19473=CARTESIAN_POINT('',(-0.35,0.0524999999999999,-0.055));
#19474=CARTESIAN_POINT('',(-0.342507582463606,0.0528371638479057,-0.055));
#19475=CARTESIAN_POINT('',(-0.349989542917176,0.219100457072087,-0.055));
#19476=CARTESIAN_POINT('',(-0.3485,0.186,-0.055));
#19477=CARTESIAN_POINT('',(-0.329152568135665,0.219510734985006,-0.055));
#19478=CARTESIAN_POINT('',(-0.3435,0.194660254037844,-0.055));
#19479=CARTESIAN_POINT('',(-0.345935980670146,0.218362168556387,-0.055));
#19480=CARTESIAN_POINT('',(-0.33,0.063306237184704,-0.055));
#19481=CARTESIAN_POINT('',(-0.33,0.22,-0.055));
#19482=CARTESIAN_POINT('',(-0.33,0.03,-0.055));
#19483=CARTESIAN_POINT('',(-0.33,0.03,-0.055));
#19484=CARTESIAN_POINT('',(-0.37,0.03,-0.055));
#19485=CARTESIAN_POINT('',(-0.37,0.22,-0.055));
#19486=CARTESIAN_POINT('',(-0.33,0.22,-0.045));
#19487=CARTESIAN_POINT('',(-0.33,0.063306237184704,-0.045));
#19488=CARTESIAN_POINT('',(-0.33,0.0633062371847042,-0.045));
#19489=CARTESIAN_POINT('',(-0.33,0.22,-0.045));
#19490=CARTESIAN_POINT('',(-0.33,0.03,-0.045));
#19491=CARTESIAN_POINT('',(-0.33,0.03,-0.045));
#19492=CARTESIAN_POINT('',(-0.37,0.22,-0.045));
#19493=CARTESIAN_POINT('',(-0.354064019329854,0.218362168556387,-0.045));
#19494=CARTESIAN_POINT('',(-0.37,0.0633062371847034,-0.045));
#19495=CARTESIAN_POINT('',(-0.3565,0.194660254037844,-0.045));
#19496=CARTESIAN_POINT('',(-0.37,0.22,-0.045));
#19497=CARTESIAN_POINT('',(-0.37,0.03,-0.045));
#19498=CARTESIAN_POINT('',(-0.37,0.03,-0.045));
#19499=CARTESIAN_POINT('',(-0.346354078088751,0.222430225991176,-0.045));
#19500=CARTESIAN_POINT('',(-0.3435,0.194660254037844,-0.045));
#19501=CARTESIAN_POINT('',(-0.339152568135665,0.202190226909317,-0.045));
#19502=CARTESIAN_POINT('',(-0.3485,0.186,-0.045));
#19503=CARTESIAN_POINT('',(-0.350070381644525,0.220896846282176,-0.045));
#19504=CARTESIAN_POINT('',(-0.342507582463606,0.0528371638479057,-0.045));
#19505=CARTESIAN_POINT('',(-0.35,0.0524999999999999,-0.045));
#19506=CARTESIAN_POINT('',(-0.357492417536394,0.0528371638479057,-0.045));
#19507=CARTESIAN_POINT('',(-0.350010457082824,0.219100457072087,-0.045));
#19508=CARTESIAN_POINT('',(-0.3515,0.186,-0.045));
#19509=CARTESIAN_POINT('',(-0.370847431864335,0.219510734985006,-0.045));
#19510=CARTESIAN_POINT('',(0.33,0.22,0.045));
#19511=CARTESIAN_POINT('',(0.33,0.0633062371847034,0.045));
#19512=CARTESIAN_POINT('',(0.33,0.03,0.045));
#19513=CARTESIAN_POINT('',(0.33,0.22,-0.055));
#19514=CARTESIAN_POINT('',(0.33,0.0633062371847034,-0.055));
#19515=CARTESIAN_POINT('',(0.33,0.03,-0.055));
#19516=CARTESIAN_POINT('',(0.23,0.22,0.045));
#19517=CARTESIAN_POINT('',(0.23,0.0633062371847034,0.045));
#19518=CARTESIAN_POINT('',(0.23,0.03,0.045));
#19519=CARTESIAN_POINT('',(0.23,0.22,-0.055));
#19520=CARTESIAN_POINT('',(0.23,0.0633062371847034,-0.055));
#19521=CARTESIAN_POINT('',(0.23,0.03,-0.055));
#19522=CARTESIAN_POINT('',(0.13,0.22,0.045));
#19523=CARTESIAN_POINT('',(0.13,0.0633062371847025,0.045));
#19524=CARTESIAN_POINT('',(0.13,0.03,0.045));
#19525=CARTESIAN_POINT('',(0.13,0.22,-0.055));
#19526=CARTESIAN_POINT('',(0.13,0.0633062371847025,-0.055));
#19527=CARTESIAN_POINT('',(0.13,0.03,-0.055));
#19528=CARTESIAN_POINT('',(0.03,0.22,0.045));
#19529=CARTESIAN_POINT('',(0.03,0.0633062371847027,0.045));
#19530=CARTESIAN_POINT('',(0.03,0.03,0.045));
#19531=CARTESIAN_POINT('',(0.03,0.22,-0.055));
#19532=CARTESIAN_POINT('',(0.03,0.0633062371847027,-0.055));
#19533=CARTESIAN_POINT('',(0.03,0.03,-0.055));
#19534=CARTESIAN_POINT('',(-0.07,0.22,0.045));
#19535=CARTESIAN_POINT('',(-0.07,0.063306237184703,0.045));
#19536=CARTESIAN_POINT('',(-0.07,0.03,0.045));
#19537=CARTESIAN_POINT('',(-0.07,0.22,-0.055));
#19538=CARTESIAN_POINT('',(-0.07,0.063306237184703,-0.055));
#19539=CARTESIAN_POINT('',(-0.07,0.03,-0.055));
#19540=CARTESIAN_POINT('',(-0.17,0.22,0.045));
#19541=CARTESIAN_POINT('',(-0.17,0.0633062371847028,0.045));
#19542=CARTESIAN_POINT('',(-0.17,0.03,0.045));
#19543=CARTESIAN_POINT('',(-0.17,0.22,-0.055));
#19544=CARTESIAN_POINT('',(-0.17,0.0633062371847028,-0.055));
#19545=CARTESIAN_POINT('',(-0.17,0.03,-0.055));
#19546=CARTESIAN_POINT('',(-0.27,0.22,0.045));
#19547=CARTESIAN_POINT('',(-0.27,0.0633062371847028,0.045));
#19548=CARTESIAN_POINT('',(-0.27,0.03,0.045));
#19549=CARTESIAN_POINT('',(-0.27,0.22,-0.055));
#19550=CARTESIAN_POINT('',(-0.27,0.0633062371847028,-0.055));
#19551=CARTESIAN_POINT('',(-0.27,0.03,-0.055));
#19552=CARTESIAN_POINT('',(-0.37,0.22,0.045));
#19553=CARTESIAN_POINT('',(-0.37,0.0633062371847034,0.045));
#19554=CARTESIAN_POINT('',(-0.37,0.03,0.045));
#19555=CARTESIAN_POINT('',(-0.37,0.22,-0.055));
#19556=CARTESIAN_POINT('',(-0.37,0.0633062371847034,-0.055));
#19557=CARTESIAN_POINT('',(-0.37,0.03,-0.055));
#19558=CARTESIAN_POINT('',(0.,0.03,0.));
#19559=CARTESIAN_POINT('',(-0.371110618506297,0.0525,0.09));
#19560=CARTESIAN_POINT('',(-0.3565,0.194660254037844,0.09));
#19561=CARTESIAN_POINT('',(-0.3435,0.194660254037844,0.09));
#19562=CARTESIAN_POINT('',(-0.3435,0.194660254037844,0.09));
#19563=CARTESIAN_POINT('',(-0.3485,0.186,0.09));
#19564=CARTESIAN_POINT('',(-0.3485,0.186,0.09));
#19565=CARTESIAN_POINT('',(-0.342507582463606,0.0528371638479057,0.09));
#19566=CARTESIAN_POINT('',(-0.342507582463606,0.0528371638479057,0.09));
#19567=CARTESIAN_POINT('',(-0.35,0.0524999999999999,0.09));
#19568=CARTESIAN_POINT('',(-0.357492417536394,0.0528371638479057,0.09));
#19569=CARTESIAN_POINT('',(-0.3515,0.186,0.09));
#19570=CARTESIAN_POINT('',(-0.3515,0.186,0.09));
#19571=CARTESIAN_POINT('',(-0.3565,0.194660254037844,0.09));
#19572=CARTESIAN_POINT('',(-0.371110618506297,0.0525,0.09));
#19573=CARTESIAN_POINT('',(-0.3565,0.194660254037844,0.09));
#19574=CARTESIAN_POINT('',(-0.3435,0.194660254037844,0.09));
#19575=CARTESIAN_POINT('',(-0.3435,0.194660254037844,0.09));
#19576=CARTESIAN_POINT('',(-0.3485,0.186,0.09));
#19577=CARTESIAN_POINT('',(-0.3485,0.186,0.09));
#19578=CARTESIAN_POINT('',(-0.342507582463606,0.0528371638479057,0.09));
#19579=CARTESIAN_POINT('',(-0.342507582463606,0.0528371638479057,0.09));
#19580=CARTESIAN_POINT('',(-0.35,0.0524999999999999,0.09));
#19581=CARTESIAN_POINT('',(-0.357492417536394,0.0528371638479057,0.09));
#19582=CARTESIAN_POINT('',(-0.3515,0.186,0.09));
#19583=CARTESIAN_POINT('',(-0.3515,0.186,0.09));
#19584=CARTESIAN_POINT('',(-0.3565,0.194660254037844,0.09));
#19585=CARTESIAN_POINT('',(-0.271110618506297,0.0525,0.09));
#19586=CARTESIAN_POINT('',(-0.2565,0.194660254037844,0.09));
#19587=CARTESIAN_POINT('',(-0.2435,0.194660254037844,0.09));
#19588=CARTESIAN_POINT('',(-0.2435,0.194660254037844,0.09));
#19589=CARTESIAN_POINT('',(-0.2485,0.186,0.09));
#19590=CARTESIAN_POINT('',(-0.2485,0.186,0.09));
#19591=CARTESIAN_POINT('',(-0.242507582463606,0.0528371638479057,0.09));
#19592=CARTESIAN_POINT('',(-0.242507582463606,0.0528371638479057,0.09));
#19593=CARTESIAN_POINT('',(-0.25,0.0524999999999996,0.09));
#19594=CARTESIAN_POINT('',(-0.257492417536394,0.0528371638479057,0.09));
#19595=CARTESIAN_POINT('',(-0.2515,0.186,0.09));
#19596=CARTESIAN_POINT('',(-0.2515,0.186,0.09));
#19597=CARTESIAN_POINT('',(-0.2565,0.194660254037844,0.09));
#19598=CARTESIAN_POINT('',(-0.271110618506297,0.0525,0.09));
#19599=CARTESIAN_POINT('',(-0.2565,0.194660254037844,0.09));
#19600=CARTESIAN_POINT('',(-0.2435,0.194660254037844,0.09));
#19601=CARTESIAN_POINT('',(-0.2435,0.194660254037844,0.09));
#19602=CARTESIAN_POINT('',(-0.2485,0.186,0.09));
#19603=CARTESIAN_POINT('',(-0.2485,0.186,0.09));
#19604=CARTESIAN_POINT('',(-0.242507582463606,0.0528371638479057,0.09));
#19605=CARTESIAN_POINT('',(-0.242507582463606,0.0528371638479057,0.09));
#19606=CARTESIAN_POINT('',(-0.25,0.0524999999999996,0.09));
#19607=CARTESIAN_POINT('',(-0.257492417536394,0.0528371638479057,0.09));
#19608=CARTESIAN_POINT('',(-0.2515,0.186,0.09));
#19609=CARTESIAN_POINT('',(-0.2515,0.186,0.09));
#19610=CARTESIAN_POINT('',(-0.2565,0.194660254037844,0.09));
#19611=CARTESIAN_POINT('',(-0.171110618506297,0.0525,0.09));
#19612=CARTESIAN_POINT('',(-0.1565,0.194660254037844,0.09));
#19613=CARTESIAN_POINT('',(-0.1435,0.194660254037844,0.09));
#19614=CARTESIAN_POINT('',(-0.1435,0.194660254037844,0.09));
#19615=CARTESIAN_POINT('',(-0.1485,0.186,0.09));
#19616=CARTESIAN_POINT('',(-0.1485,0.186,0.09));
#19617=CARTESIAN_POINT('',(-0.142507582463606,0.0528371638479057,0.09));
#19618=CARTESIAN_POINT('',(-0.142507582463606,0.0528371638479057,0.09));
#19619=CARTESIAN_POINT('',(-0.15,0.0524999999999996,0.09));
#19620=CARTESIAN_POINT('',(-0.157492417536394,0.0528371638479057,0.09));
#19621=CARTESIAN_POINT('',(-0.1515,0.186,0.09));
#19622=CARTESIAN_POINT('',(-0.1515,0.186,0.09));
#19623=CARTESIAN_POINT('',(-0.1565,0.194660254037844,0.09));
#19624=CARTESIAN_POINT('',(-0.171110618506297,0.0525,0.09));
#19625=CARTESIAN_POINT('',(-0.1565,0.194660254037844,0.09));
#19626=CARTESIAN_POINT('',(-0.1435,0.194660254037844,0.09));
#19627=CARTESIAN_POINT('',(-0.1435,0.194660254037844,0.09));
#19628=CARTESIAN_POINT('',(-0.1485,0.186,0.09));
#19629=CARTESIAN_POINT('',(-0.1485,0.186,0.09));
#19630=CARTESIAN_POINT('',(-0.142507582463606,0.0528371638479057,0.09));
#19631=CARTESIAN_POINT('',(-0.142507582463606,0.0528371638479057,0.09));
#19632=CARTESIAN_POINT('',(-0.15,0.0524999999999996,0.09));
#19633=CARTESIAN_POINT('',(-0.157492417536394,0.0528371638479057,0.09));
#19634=CARTESIAN_POINT('',(-0.1515,0.186,0.09));
#19635=CARTESIAN_POINT('',(-0.1515,0.186,0.09));
#19636=CARTESIAN_POINT('',(-0.1565,0.194660254037844,0.09));
#19637=CARTESIAN_POINT('',(-0.0711106185062966,0.0525,0.09));
#19638=CARTESIAN_POINT('',(-0.0565000000000001,0.194660254037844,0.09));
#19639=CARTESIAN_POINT('',(-0.0435,0.194660254037844,0.09));
#19640=CARTESIAN_POINT('',(-0.0435,0.194660254037844,0.09));
#19641=CARTESIAN_POINT('',(-0.0485,0.186,0.09));
#19642=CARTESIAN_POINT('',(-0.0485,0.186,0.09));
#19643=CARTESIAN_POINT('',(-0.0425075824636059,0.0528371638479057,0.09));
#19644=CARTESIAN_POINT('',(-0.0425075824636059,0.0528371638479057,0.09));
#19645=CARTESIAN_POINT('',(-0.05,0.0524999999999996,0.09));
#19646=CARTESIAN_POINT('',(-0.0574924175363941,0.0528371638479057,0.09));
#19647=CARTESIAN_POINT('',(-0.0515,0.186,0.09));
#19648=CARTESIAN_POINT('',(-0.0515,0.186,0.09));
#19649=CARTESIAN_POINT('',(-0.0565000000000001,0.194660254037844,0.09));
#19650=CARTESIAN_POINT('',(-0.0711106185062966,0.0525,0.09));
#19651=CARTESIAN_POINT('',(-0.0565000000000001,0.194660254037844,0.09));
#19652=CARTESIAN_POINT('',(-0.0435,0.194660254037844,0.09));
#19653=CARTESIAN_POINT('',(-0.0435,0.194660254037844,0.09));
#19654=CARTESIAN_POINT('',(-0.0485,0.186,0.09));
#19655=CARTESIAN_POINT('',(-0.0485,0.186,0.09));
#19656=CARTESIAN_POINT('',(-0.0425075824636059,0.0528371638479057,0.09));
#19657=CARTESIAN_POINT('',(-0.0425075824636059,0.0528371638479057,0.09));
#19658=CARTESIAN_POINT('',(-0.05,0.0524999999999996,0.09));
#19659=CARTESIAN_POINT('',(-0.0574924175363941,0.0528371638479057,0.09));
#19660=CARTESIAN_POINT('',(-0.0515,0.186,0.09));
#19661=CARTESIAN_POINT('',(-0.0515,0.186,0.09));
#19662=CARTESIAN_POINT('',(-0.0565000000000001,0.194660254037844,0.09));
#19663=CARTESIAN_POINT('',(0.0288893814937034,0.0525,0.09));
#19664=CARTESIAN_POINT('',(0.0434999999999999,0.194660254037844,0.09));
#19665=CARTESIAN_POINT('',(0.0565,0.194660254037844,0.09));
#19666=CARTESIAN_POINT('',(0.0565,0.194660254037844,0.09));
#19667=CARTESIAN_POINT('',(0.0515,0.186,0.09));
#19668=CARTESIAN_POINT('',(0.0515,0.186,0.09));
#19669=CARTESIAN_POINT('',(0.0574924175363941,0.0528371638479057,0.09));
#19670=CARTESIAN_POINT('',(0.057492417536394,0.0528371638479057,0.09));
#19671=CARTESIAN_POINT('',(0.05,0.0524999999999996,0.09));
#19672=CARTESIAN_POINT('',(0.0425075824636059,0.0528371638479057,0.09));
#19673=CARTESIAN_POINT('',(0.0485,0.186,0.09));
#19674=CARTESIAN_POINT('',(0.0485,0.186,0.09));
#19675=CARTESIAN_POINT('',(0.0434999999999999,0.194660254037844,0.09));
#19676=CARTESIAN_POINT('',(0.0288893814937034,0.0525,0.09));
#19677=CARTESIAN_POINT('',(0.0434999999999999,0.194660254037844,0.09));
#19678=CARTESIAN_POINT('',(0.0565,0.194660254037844,0.09));
#19679=CARTESIAN_POINT('',(0.0565,0.194660254037844,0.09));
#19680=CARTESIAN_POINT('',(0.0515,0.186,0.09));
#19681=CARTESIAN_POINT('',(0.0515,0.186,0.09));
#19682=CARTESIAN_POINT('',(0.0574924175363941,0.0528371638479057,0.09));
#19683=CARTESIAN_POINT('',(0.057492417536394,0.0528371638479057,0.09));
#19684=CARTESIAN_POINT('',(0.05,0.0524999999999996,0.09));
#19685=CARTESIAN_POINT('',(0.0425075824636059,0.0528371638479057,0.09));
#19686=CARTESIAN_POINT('',(0.0485,0.186,0.09));
#19687=CARTESIAN_POINT('',(0.0485,0.186,0.09));
#19688=CARTESIAN_POINT('',(0.0434999999999999,0.194660254037844,0.09));
#19689=CARTESIAN_POINT('',(0.128889381493703,0.0525,0.09));
#19690=CARTESIAN_POINT('',(0.1435,0.194660254037844,0.09));
#19691=CARTESIAN_POINT('',(0.1565,0.194660254037844,0.09));
#19692=CARTESIAN_POINT('',(0.1565,0.194660254037844,0.09));
#19693=CARTESIAN_POINT('',(0.1515,0.186,0.09));
#19694=CARTESIAN_POINT('',(0.1515,0.186,0.09));
#19695=CARTESIAN_POINT('',(0.157492417536394,0.0528371638479057,0.09));
#19696=CARTESIAN_POINT('',(0.157492417536394,0.0528371638479057,0.09));
#19697=CARTESIAN_POINT('',(0.15,0.0524999999999996,0.09));
#19698=CARTESIAN_POINT('',(0.142507582463606,0.0528371638479057,0.09));
#19699=CARTESIAN_POINT('',(0.1485,0.186,0.09));
#19700=CARTESIAN_POINT('',(0.1485,0.186,0.09));
#19701=CARTESIAN_POINT('',(0.1435,0.194660254037844,0.09));
#19702=CARTESIAN_POINT('',(0.128889381493703,0.0525,0.09));
#19703=CARTESIAN_POINT('',(0.1435,0.194660254037844,0.09));
#19704=CARTESIAN_POINT('',(0.1565,0.194660254037844,0.09));
#19705=CARTESIAN_POINT('',(0.1565,0.194660254037844,0.09));
#19706=CARTESIAN_POINT('',(0.1515,0.186,0.09));
#19707=CARTESIAN_POINT('',(0.1515,0.186,0.09));
#19708=CARTESIAN_POINT('',(0.157492417536394,0.0528371638479057,0.09));
#19709=CARTESIAN_POINT('',(0.157492417536394,0.0528371638479057,0.09));
#19710=CARTESIAN_POINT('',(0.15,0.0524999999999996,0.09));
#19711=CARTESIAN_POINT('',(0.142507582463606,0.0528371638479057,0.09));
#19712=CARTESIAN_POINT('',(0.1485,0.186,0.09));
#19713=CARTESIAN_POINT('',(0.1485,0.186,0.09));
#19714=CARTESIAN_POINT('',(0.1435,0.194660254037844,0.09));
#19715=CARTESIAN_POINT('',(0.228889381493703,0.0525,0.09));
#19716=CARTESIAN_POINT('',(0.2435,0.194660254037844,0.09));
#19717=CARTESIAN_POINT('',(0.2565,0.194660254037844,0.09));
#19718=CARTESIAN_POINT('',(0.2565,0.194660254037844,0.09));
#19719=CARTESIAN_POINT('',(0.2515,0.186,0.09));
#19720=CARTESIAN_POINT('',(0.2515,0.186,0.09));
#19721=CARTESIAN_POINT('',(0.257492417536394,0.0528371638479057,0.09));
#19722=CARTESIAN_POINT('',(0.257492417536394,0.0528371638479057,0.09));
#19723=CARTESIAN_POINT('',(0.25,0.0524999999999996,0.09));
#19724=CARTESIAN_POINT('',(0.242507582463606,0.0528371638479056,0.09));
#19725=CARTESIAN_POINT('',(0.2485,0.186,0.09));
#19726=CARTESIAN_POINT('',(0.2485,0.186,0.09));
#19727=CARTESIAN_POINT('',(0.2435,0.194660254037844,0.09));
#19728=CARTESIAN_POINT('',(0.228889381493703,0.0525,0.09));
#19729=CARTESIAN_POINT('',(0.2435,0.194660254037844,0.09));
#19730=CARTESIAN_POINT('',(0.2565,0.194660254037844,0.09));
#19731=CARTESIAN_POINT('',(0.2565,0.194660254037844,0.09));
#19732=CARTESIAN_POINT('',(0.2515,0.186,0.09));
#19733=CARTESIAN_POINT('',(0.2515,0.186,0.09));
#19734=CARTESIAN_POINT('',(0.257492417536394,0.0528371638479057,0.09));
#19735=CARTESIAN_POINT('',(0.257492417536394,0.0528371638479057,0.09));
#19736=CARTESIAN_POINT('',(0.25,0.0524999999999996,0.09));
#19737=CARTESIAN_POINT('',(0.242507582463606,0.0528371638479056,0.09));
#19738=CARTESIAN_POINT('',(0.2485,0.186,0.09));
#19739=CARTESIAN_POINT('',(0.2485,0.186,0.09));
#19740=CARTESIAN_POINT('',(0.2435,0.194660254037844,0.09));
#19741=CARTESIAN_POINT('',(0.328889381493703,0.0525,0.09));
#19742=CARTESIAN_POINT('',(0.3435,0.194660254037844,0.09));
#19743=CARTESIAN_POINT('',(0.3565,0.194660254037844,0.09));
#19744=CARTESIAN_POINT('',(0.3565,0.194660254037844,0.09));
#19745=CARTESIAN_POINT('',(0.3515,0.186,0.09));
#19746=CARTESIAN_POINT('',(0.3515,0.186,0.09));
#19747=CARTESIAN_POINT('',(0.357492417536394,0.0528371638479057,0.09));
#19748=CARTESIAN_POINT('',(0.357492417536394,0.0528371638479057,0.09));
#19749=CARTESIAN_POINT('',(0.35,0.0524999999999993,0.09));
#19750=CARTESIAN_POINT('',(0.342507582463606,0.0528371638479056,0.09));
#19751=CARTESIAN_POINT('',(0.3485,0.186,0.09));
#19752=CARTESIAN_POINT('',(0.3485,0.186,0.09));
#19753=CARTESIAN_POINT('',(0.3435,0.194660254037844,0.09));
#19754=CARTESIAN_POINT('',(0.3435,0.194660254037844,0.09));
#19755=CARTESIAN_POINT('',(0.3435,0.194660254037844,0.09));
#19756=CARTESIAN_POINT('',(0.3485,0.186,0.09));
#19757=CARTESIAN_POINT('',(0.3485,0.186,0.09));
#19758=CARTESIAN_POINT('',(0.342507582463606,0.0528371638479056,0.09));
#19759=CARTESIAN_POINT('',(0.35,0.0524999999999993,0.09));
#19760=CARTESIAN_POINT('',(0.357492417536394,0.0528371638479057,0.09));
#19761=CARTESIAN_POINT('',(0.357492417536394,0.0528371638479057,0.09));
#19762=CARTESIAN_POINT('',(0.3515,0.186,0.09));
#19763=CARTESIAN_POINT('',(0.3515,0.186,0.09));
#19764=CARTESIAN_POINT('',(0.3565,0.194660254037844,0.09));
#19765=CARTESIAN_POINT('',(0.3565,0.194660254037844,0.09));
#19766=CARTESIAN_POINT('',(0.328889381493703,0.0525,0.09));
#19767=CARTESIAN_POINT('',(0.8,0.0269999999999992,-3.21));
#19768=CARTESIAN_POINT('',(0.,0.,0.));
#19769=CARTESIAN_POINT('',(0.,0.01,0.));
#19770=CARTESIAN_POINT('',(0.,0.01,-0.02));
#19771=CARTESIAN_POINT('',(0.115,0.01,-0.02));
#19772=CARTESIAN_POINT('',(0.13,0.01,-0.02));
#19773=CARTESIAN_POINT('',(0.115,0.01,0.));
#19774=CARTESIAN_POINT('',(0.115,0.01,0.02));
#19775=CARTESIAN_POINT('',(0.,0.01,0.02));
#19776=CARTESIAN_POINT('',(0.13,0.01,0.02));
#19777=CARTESIAN_POINT('',(0.13,0.01,0.));
#19778=CARTESIAN_POINT('',(0.,0.01,-0.02));
#19779=CARTESIAN_POINT('',(0.215,0.01,-0.02));
#19780=CARTESIAN_POINT('',(0.23,0.01,-0.02));
#19781=CARTESIAN_POINT('',(0.215,0.01,0.));
#19782=CARTESIAN_POINT('',(0.215,0.01,0.02));
#19783=CARTESIAN_POINT('',(0.,0.01,0.02));
#19784=CARTESIAN_POINT('',(0.23,0.01,0.02));
#19785=CARTESIAN_POINT('',(0.23,0.01,0.));
#19786=CARTESIAN_POINT('',(0.,0.01,-0.02));
#19787=CARTESIAN_POINT('',(0.315,0.01,-0.02));
#19788=CARTESIAN_POINT('',(0.33,0.01,-0.02));
#19789=CARTESIAN_POINT('',(0.315,0.01,0.));
#19790=CARTESIAN_POINT('',(0.315,0.01,0.02));
#19791=CARTESIAN_POINT('',(0.,0.01,0.02));
#19792=CARTESIAN_POINT('',(0.33,0.01,0.02));
#19793=CARTESIAN_POINT('',(0.33,0.01,0.));
#19794=CARTESIAN_POINT('',(0.,0.01,-0.02));
#19795=CARTESIAN_POINT('',(0.415,0.01,-0.02));
#19796=CARTESIAN_POINT('',(0.43,0.01,-0.02));
#19797=CARTESIAN_POINT('',(0.415,0.01,0.));
#19798=CARTESIAN_POINT('',(0.415,0.01,0.02));
#19799=CARTESIAN_POINT('',(0.,0.01,0.02));
#19800=CARTESIAN_POINT('',(0.43,0.01,0.02));
#19801=CARTESIAN_POINT('',(0.43,0.01,0.));
#19802=CARTESIAN_POINT('',(0.,0.01,-0.02));
#19803=CARTESIAN_POINT('',(0.515,0.01,-0.02));
#19804=CARTESIAN_POINT('',(0.53,0.01,-0.02));
#19805=CARTESIAN_POINT('',(0.515,0.01,0.));
#19806=CARTESIAN_POINT('',(0.515,0.01,0.02));
#19807=CARTESIAN_POINT('',(0.,0.01,0.02));
#19808=CARTESIAN_POINT('',(0.53,0.01,0.02));
#19809=CARTESIAN_POINT('',(0.53,0.01,0.));
#19810=CARTESIAN_POINT('',(0.,0.01,-0.02));
#19811=CARTESIAN_POINT('',(0.615,0.01,-0.02));
#19812=CARTESIAN_POINT('',(0.63,0.01,-0.02));
#19813=CARTESIAN_POINT('',(0.615,0.01,0.));
#19814=CARTESIAN_POINT('',(0.615,0.01,0.02));
#19815=CARTESIAN_POINT('',(0.,0.01,0.02));
#19816=CARTESIAN_POINT('',(0.63,0.01,0.02));
#19817=CARTESIAN_POINT('',(0.63,0.01,0.));
#19818=CARTESIAN_POINT('',(0.,0.01,-0.02));
#19819=CARTESIAN_POINT('',(0.715,0.01,-0.02));
#19820=CARTESIAN_POINT('',(0.73,0.01,-0.02));
#19821=CARTESIAN_POINT('',(0.715,0.01,0.));
#19822=CARTESIAN_POINT('',(0.715,0.01,0.02));
#19823=CARTESIAN_POINT('',(0.,0.01,0.02));
#19824=CARTESIAN_POINT('',(0.73,0.01,0.02));
#19825=CARTESIAN_POINT('',(0.73,0.01,0.));
#19826=CARTESIAN_POINT('',(0.,0.01,-0.02));
#19827=CARTESIAN_POINT('',(0.015,0.01,-0.02));
#19828=CARTESIAN_POINT('',(0.03,0.01,-0.02));
#19829=CARTESIAN_POINT('',(0.015,0.01,0.));
#19830=CARTESIAN_POINT('',(0.015,0.01,0.02));
#19831=CARTESIAN_POINT('',(0.,0.01,0.02));
#19832=CARTESIAN_POINT('',(0.03,0.01,0.02));
#19833=CARTESIAN_POINT('',(0.03,0.01,0.));
#19834=CARTESIAN_POINT('',(0.515,0.01,0.08));
#19835=CARTESIAN_POINT('',(0.515,0.01,0.08));
#19836=CARTESIAN_POINT('',(0.515,0.01,0.1));
#19837=CARTESIAN_POINT('',(0.,0.01,0.1));
#19838=CARTESIAN_POINT('',(0.494,0.01,0.1));
#19839=CARTESIAN_POINT('',(0.494,0.01,0.1));
#19840=CARTESIAN_POINT('',(0.494,0.01,0.08));
#19841=CARTESIAN_POINT('',(0.494,0.01,0.08));
#19842=CARTESIAN_POINT('',(0.479,0.01,0.08));
#19843=CARTESIAN_POINT('',(0.479,0.01,0.08));
#19844=CARTESIAN_POINT('',(0.479,0.01,0.1));
#19845=CARTESIAN_POINT('',(0.,0.01,0.1));
#19846=CARTESIAN_POINT('',(0.43,0.01,0.1));
#19847=CARTESIAN_POINT('',(0.43,0.01,0.1));
#19848=CARTESIAN_POINT('',(0.43,0.01,0.08));
#19849=CARTESIAN_POINT('',(0.43,0.01,0.08));
#19850=CARTESIAN_POINT('',(0.415,0.01,0.08));
#19851=CARTESIAN_POINT('',(0.415,0.01,0.08));
#19852=CARTESIAN_POINT('',(0.415,0.01,0.1));
#19853=CARTESIAN_POINT('',(0.,0.01,0.1));
#19854=CARTESIAN_POINT('',(0.394,0.01,0.1));
#19855=CARTESIAN_POINT('',(0.394,0.01,0.1));
#19856=CARTESIAN_POINT('',(0.394,0.01,0.08));
#19857=CARTESIAN_POINT('',(0.394,0.01,0.08));
#19858=CARTESIAN_POINT('',(0.379,0.01,0.08));
#19859=CARTESIAN_POINT('',(0.379,0.01,0.08));
#19860=CARTESIAN_POINT('',(0.379,0.01,0.1));
#19861=CARTESIAN_POINT('',(0.,0.01,0.1));
#19862=CARTESIAN_POINT('',(0.33,0.01,0.1));
#19863=CARTESIAN_POINT('',(0.33,0.01,0.1));
#19864=CARTESIAN_POINT('',(0.33,0.01,0.08));
#19865=CARTESIAN_POINT('',(0.33,0.01,0.08));
#19866=CARTESIAN_POINT('',(0.315,0.01,0.08));
#19867=CARTESIAN_POINT('',(0.315,0.01,0.08));
#19868=CARTESIAN_POINT('',(0.315,0.01,0.1));
#19869=CARTESIAN_POINT('',(0.,0.01,0.1));
#19870=CARTESIAN_POINT('',(0.294,0.01,0.1));
#19871=CARTESIAN_POINT('',(0.294,0.01,0.1));
#19872=CARTESIAN_POINT('',(0.294,0.01,0.08));
#19873=CARTESIAN_POINT('',(0.294,0.01,0.08));
#19874=CARTESIAN_POINT('',(0.279,0.01,0.08));
#19875=CARTESIAN_POINT('',(0.279,0.01,0.08));
#19876=CARTESIAN_POINT('',(0.279,0.01,0.1));
#19877=CARTESIAN_POINT('',(0.,0.01,0.1));
#19878=CARTESIAN_POINT('',(0.23,0.01,0.1));
#19879=CARTESIAN_POINT('',(0.23,0.01,0.1));
#19880=CARTESIAN_POINT('',(0.23,0.01,0.08));
#19881=CARTESIAN_POINT('',(0.23,0.01,0.08));
#19882=CARTESIAN_POINT('',(0.215,0.01,0.08));
#19883=CARTESIAN_POINT('',(0.215,0.01,0.08));
#19884=CARTESIAN_POINT('',(0.215,0.01,0.1));
#19885=CARTESIAN_POINT('',(0.,0.01,0.1));
#19886=CARTESIAN_POINT('',(0.194,0.01,0.1));
#19887=CARTESIAN_POINT('',(0.194,0.01,0.1));
#19888=CARTESIAN_POINT('',(0.194,0.01,0.08));
#19889=CARTESIAN_POINT('',(0.194,0.01,0.08));
#19890=CARTESIAN_POINT('',(0.179,0.01,0.08));
#19891=CARTESIAN_POINT('',(0.179,0.01,0.08));
#19892=CARTESIAN_POINT('',(0.179,0.01,0.1));
#19893=CARTESIAN_POINT('',(0.,0.01,0.1));
#19894=CARTESIAN_POINT('',(0.13,0.01,0.1));
#19895=CARTESIAN_POINT('',(0.13,0.01,0.1));
#19896=CARTESIAN_POINT('',(0.13,0.01,0.08));
#19897=CARTESIAN_POINT('',(0.13,0.01,0.08));
#19898=CARTESIAN_POINT('',(0.115,0.01,0.08));
#19899=CARTESIAN_POINT('',(0.115,0.01,0.08));
#19900=CARTESIAN_POINT('',(0.115,0.01,0.1));
#19901=CARTESIAN_POINT('',(0.,0.01,0.1));
#19902=CARTESIAN_POINT('',(0.094,0.01,0.1));
#19903=CARTESIAN_POINT('',(0.094,0.01,0.1));
#19904=CARTESIAN_POINT('',(0.094,0.01,0.08));
#19905=CARTESIAN_POINT('',(0.094,0.01,0.08));
#19906=CARTESIAN_POINT('',(0.079,0.01,0.08));
#19907=CARTESIAN_POINT('',(0.079,0.01,0.08));
#19908=CARTESIAN_POINT('',(0.079,0.01,0.1));
#19909=CARTESIAN_POINT('',(0.,0.01,0.1));
#19910=CARTESIAN_POINT('',(0.03,0.01,0.1));
#19911=CARTESIAN_POINT('',(0.03,0.01,0.1));
#19912=CARTESIAN_POINT('',(0.03,0.01,0.08));
#19913=CARTESIAN_POINT('',(0.03,0.01,0.08));
#19914=CARTESIAN_POINT('',(0.015,0.01,0.08));
#19915=CARTESIAN_POINT('',(0.015,0.01,0.08));
#19916=CARTESIAN_POINT('',(0.015,0.01,0.1));
#19917=CARTESIAN_POINT('',(0.,0.01,0.1));
#19918=CARTESIAN_POINT('',(0.,0.01,0.1));
#19919=CARTESIAN_POINT('',(0.,0.01,-0.1));
#19920=CARTESIAN_POINT('',(0.,0.01,-0.1));
#19921=CARTESIAN_POINT('',(0.809,0.01,-0.1));
#19922=CARTESIAN_POINT('',(0.015,0.01,-0.1));
#19923=CARTESIAN_POINT('',(0.015,0.01,-0.1));
#19924=CARTESIAN_POINT('',(0.015,0.01,-0.08));
#19925=CARTESIAN_POINT('',(0.015,0.01,-0.08));
#19926=CARTESIAN_POINT('',(0.03,0.01,-0.08));
#19927=CARTESIAN_POINT('',(0.03,0.01,-0.08));
#19928=CARTESIAN_POINT('',(0.03,0.01,-0.1));
#19929=CARTESIAN_POINT('',(0.809,0.01,-0.1));
#19930=CARTESIAN_POINT('',(0.079,0.01,-0.1));
#19931=CARTESIAN_POINT('',(0.079,0.01,-0.1));
#19932=CARTESIAN_POINT('',(0.079,0.01,-0.08));
#19933=CARTESIAN_POINT('',(0.079,0.01,-0.08));
#19934=CARTESIAN_POINT('',(0.094,0.01,-0.08));
#19935=CARTESIAN_POINT('',(0.094,0.01,-0.08));
#19936=CARTESIAN_POINT('',(0.094,0.01,-0.1));
#19937=CARTESIAN_POINT('',(0.809,0.01,-0.1));
#19938=CARTESIAN_POINT('',(0.115,0.01,-0.1));
#19939=CARTESIAN_POINT('',(0.115,0.01,-0.1));
#19940=CARTESIAN_POINT('',(0.115,0.01,-0.08));
#19941=CARTESIAN_POINT('',(0.115,0.01,-0.08));
#19942=CARTESIAN_POINT('',(0.13,0.01,-0.08));
#19943=CARTESIAN_POINT('',(0.13,0.01,-0.08));
#19944=CARTESIAN_POINT('',(0.13,0.01,-0.1));
#19945=CARTESIAN_POINT('',(0.809,0.01,-0.1));
#19946=CARTESIAN_POINT('',(0.179,0.01,-0.1));
#19947=CARTESIAN_POINT('',(0.179,0.01,-0.1));
#19948=CARTESIAN_POINT('',(0.179,0.01,-0.08));
#19949=CARTESIAN_POINT('',(0.179,0.01,-0.08));
#19950=CARTESIAN_POINT('',(0.194,0.01,-0.08));
#19951=CARTESIAN_POINT('',(0.194,0.01,-0.08));
#19952=CARTESIAN_POINT('',(0.194,0.01,-0.1));
#19953=CARTESIAN_POINT('',(0.809,0.01,-0.1));
#19954=CARTESIAN_POINT('',(0.215,0.01,-0.1));
#19955=CARTESIAN_POINT('',(0.215,0.01,-0.1));
#19956=CARTESIAN_POINT('',(0.215,0.01,-0.08));
#19957=CARTESIAN_POINT('',(0.215,0.01,-0.08));
#19958=CARTESIAN_POINT('',(0.23,0.01,-0.08));
#19959=CARTESIAN_POINT('',(0.23,0.01,-0.08));
#19960=CARTESIAN_POINT('',(0.23,0.01,-0.1));
#19961=CARTESIAN_POINT('',(0.809,0.01,-0.1));
#19962=CARTESIAN_POINT('',(0.279,0.01,-0.1));
#19963=CARTESIAN_POINT('',(0.279,0.01,-0.1));
#19964=CARTESIAN_POINT('',(0.279,0.01,-0.08));
#19965=CARTESIAN_POINT('',(0.279,0.01,-0.08));
#19966=CARTESIAN_POINT('',(0.294,0.01,-0.08));
#19967=CARTESIAN_POINT('',(0.294,0.01,-0.08));
#19968=CARTESIAN_POINT('',(0.294,0.01,-0.1));
#19969=CARTESIAN_POINT('',(0.809,0.01,-0.1));
#19970=CARTESIAN_POINT('',(0.315,0.01,-0.1));
#19971=CARTESIAN_POINT('',(0.315,0.01,-0.1));
#19972=CARTESIAN_POINT('',(0.315,0.01,-0.08));
#19973=CARTESIAN_POINT('',(0.315,0.01,-0.08));
#19974=CARTESIAN_POINT('',(0.33,0.01,-0.08));
#19975=CARTESIAN_POINT('',(0.33,0.01,-0.08));
#19976=CARTESIAN_POINT('',(0.33,0.01,-0.1));
#19977=CARTESIAN_POINT('',(0.809,0.01,-0.1));
#19978=CARTESIAN_POINT('',(0.379,0.01,-0.1));
#19979=CARTESIAN_POINT('',(0.379,0.01,-0.1));
#19980=CARTESIAN_POINT('',(0.379,0.01,-0.08));
#19981=CARTESIAN_POINT('',(0.379,0.01,-0.08));
#19982=CARTESIAN_POINT('',(0.394,0.01,-0.08));
#19983=CARTESIAN_POINT('',(0.394,0.01,-0.08));
#19984=CARTESIAN_POINT('',(0.394,0.01,-0.1));
#19985=CARTESIAN_POINT('',(0.809,0.01,-0.1));
#19986=CARTESIAN_POINT('',(0.415,0.01,-0.1));
#19987=CARTESIAN_POINT('',(0.415,0.01,-0.1));
#19988=CARTESIAN_POINT('',(0.415,0.01,-0.08));
#19989=CARTESIAN_POINT('',(0.415,0.01,-0.08));
#19990=CARTESIAN_POINT('',(0.43,0.01,-0.08));
#19991=CARTESIAN_POINT('',(0.43,0.01,-0.08));
#19992=CARTESIAN_POINT('',(0.43,0.01,-0.1));
#19993=CARTESIAN_POINT('',(0.809,0.01,-0.1));
#19994=CARTESIAN_POINT('',(0.479,0.01,-0.1));
#19995=CARTESIAN_POINT('',(0.479,0.01,-0.1));
#19996=CARTESIAN_POINT('',(0.479,0.01,-0.08));
#19997=CARTESIAN_POINT('',(0.479,0.01,-0.08));
#19998=CARTESIAN_POINT('',(0.494,0.01,-0.08));
#19999=CARTESIAN_POINT('',(0.494,0.01,-0.08));
#20000=CARTESIAN_POINT('',(0.494,0.01,-0.1));
#20001=CARTESIAN_POINT('',(0.809,0.01,-0.1));
#20002=CARTESIAN_POINT('',(0.515,0.01,-0.1));
#20003=CARTESIAN_POINT('',(0.515,0.01,-0.1));
#20004=CARTESIAN_POINT('',(0.515,0.01,-0.08));
#20005=CARTESIAN_POINT('',(0.515,0.01,-0.08));
#20006=CARTESIAN_POINT('',(0.53,0.01,-0.08));
#20007=CARTESIAN_POINT('',(0.53,0.01,-0.08));
#20008=CARTESIAN_POINT('',(0.53,0.01,-0.1));
#20009=CARTESIAN_POINT('',(0.809,0.01,-0.1));
#20010=CARTESIAN_POINT('',(0.579,0.01,-0.1));
#20011=CARTESIAN_POINT('',(0.579,0.01,-0.1));
#20012=CARTESIAN_POINT('',(0.579,0.01,-0.08));
#20013=CARTESIAN_POINT('',(0.579,0.01,-0.08));
#20014=CARTESIAN_POINT('',(0.594,0.01,-0.08));
#20015=CARTESIAN_POINT('',(0.594,0.01,-0.08));
#20016=CARTESIAN_POINT('',(0.594,0.01,-0.1));
#20017=CARTESIAN_POINT('',(0.809,0.01,-0.1));
#20018=CARTESIAN_POINT('',(0.615,0.01,-0.1));
#20019=CARTESIAN_POINT('',(0.615,0.01,-0.1));
#20020=CARTESIAN_POINT('',(0.615,0.01,-0.08));
#20021=CARTESIAN_POINT('',(0.615,0.01,-0.08));
#20022=CARTESIAN_POINT('',(0.63,0.01,-0.08));
#20023=CARTESIAN_POINT('',(0.63,0.01,-0.08));
#20024=CARTESIAN_POINT('',(0.63,0.01,-0.1));
#20025=CARTESIAN_POINT('',(0.809,0.01,-0.1));
#20026=CARTESIAN_POINT('',(0.679,0.01,-0.1));
#20027=CARTESIAN_POINT('',(0.679,0.01,-0.1));
#20028=CARTESIAN_POINT('',(0.679,0.01,-0.08));
#20029=CARTESIAN_POINT('',(0.679,0.01,-0.08));
#20030=CARTESIAN_POINT('',(0.694,0.01,-0.08));
#20031=CARTESIAN_POINT('',(0.694,0.01,-0.08));
#20032=CARTESIAN_POINT('',(0.694,0.01,-0.1));
#20033=CARTESIAN_POINT('',(0.809,0.01,-0.1));
#20034=CARTESIAN_POINT('',(0.715,0.01,-0.1));
#20035=CARTESIAN_POINT('',(0.715,0.01,-0.1));
#20036=CARTESIAN_POINT('',(0.715,0.01,-0.08));
#20037=CARTESIAN_POINT('',(0.715,0.01,-0.08));
#20038=CARTESIAN_POINT('',(0.73,0.01,-0.08));
#20039=CARTESIAN_POINT('',(0.73,0.01,-0.08));
#20040=CARTESIAN_POINT('',(0.73,0.01,-0.1));
#20041=CARTESIAN_POINT('',(0.809,0.01,-0.1));
#20042=CARTESIAN_POINT('',(0.779,0.01,-0.1));
#20043=CARTESIAN_POINT('',(0.779,0.01,-0.1));
#20044=CARTESIAN_POINT('',(0.779,0.01,-0.08));
#20045=CARTESIAN_POINT('',(0.779,0.01,-0.08));
#20046=CARTESIAN_POINT('',(0.794,0.01,-0.08));
#20047=CARTESIAN_POINT('',(0.794,0.01,-0.08));
#20048=CARTESIAN_POINT('',(0.794,0.01,-0.1));
#20049=CARTESIAN_POINT('',(0.809,0.01,-0.1));
#20050=CARTESIAN_POINT('',(0.809,0.01,-0.1));
#20051=CARTESIAN_POINT('',(0.809,0.01,0.1));
#20052=CARTESIAN_POINT('',(0.809,0.01,0.1));
#20053=CARTESIAN_POINT('',(0.,0.01,0.1));
#20054=CARTESIAN_POINT('',(0.794,0.01,0.1));
#20055=CARTESIAN_POINT('',(0.794,0.01,0.1));
#20056=CARTESIAN_POINT('',(0.794,0.01,0.08));
#20057=CARTESIAN_POINT('',(0.794,0.01,0.08));
#20058=CARTESIAN_POINT('',(0.779,0.01,0.08));
#20059=CARTESIAN_POINT('',(0.779,0.01,0.08));
#20060=CARTESIAN_POINT('',(0.779,0.01,0.1));
#20061=CARTESIAN_POINT('',(0.,0.01,0.1));
#20062=CARTESIAN_POINT('',(0.73,0.01,0.1));
#20063=CARTESIAN_POINT('',(0.73,0.01,0.1));
#20064=CARTESIAN_POINT('',(0.73,0.01,0.08));
#20065=CARTESIAN_POINT('',(0.73,0.01,0.08));
#20066=CARTESIAN_POINT('',(0.715,0.01,0.08));
#20067=CARTESIAN_POINT('',(0.715,0.01,0.08));
#20068=CARTESIAN_POINT('',(0.715,0.01,0.1));
#20069=CARTESIAN_POINT('',(0.,0.01,0.1));
#20070=CARTESIAN_POINT('',(0.694,0.01,0.1));
#20071=CARTESIAN_POINT('',(0.694,0.01,0.1));
#20072=CARTESIAN_POINT('',(0.694,0.01,0.08));
#20073=CARTESIAN_POINT('',(0.694,0.01,0.08));
#20074=CARTESIAN_POINT('',(0.679,0.01,0.08));
#20075=CARTESIAN_POINT('',(0.679,0.01,0.08));
#20076=CARTESIAN_POINT('',(0.679,0.01,0.1));
#20077=CARTESIAN_POINT('',(0.,0.01,0.1));
#20078=CARTESIAN_POINT('',(0.63,0.01,0.1));
#20079=CARTESIAN_POINT('',(0.63,0.01,0.1));
#20080=CARTESIAN_POINT('',(0.63,0.01,0.08));
#20081=CARTESIAN_POINT('',(0.63,0.01,0.08));
#20082=CARTESIAN_POINT('',(0.615,0.01,0.08));
#20083=CARTESIAN_POINT('',(0.615,0.01,0.08));
#20084=CARTESIAN_POINT('',(0.615,0.01,0.1));
#20085=CARTESIAN_POINT('',(0.,0.01,0.1));
#20086=CARTESIAN_POINT('',(0.594,0.01,0.1));
#20087=CARTESIAN_POINT('',(0.594,0.01,0.1));
#20088=CARTESIAN_POINT('',(0.594,0.01,0.08));
#20089=CARTESIAN_POINT('',(0.594,0.01,0.08));
#20090=CARTESIAN_POINT('',(0.579,0.01,0.08));
#20091=CARTESIAN_POINT('',(0.579,0.01,0.08));
#20092=CARTESIAN_POINT('',(0.579,0.01,0.1));
#20093=CARTESIAN_POINT('',(0.,0.01,0.1));
#20094=CARTESIAN_POINT('',(0.53,0.01,0.1));
#20095=CARTESIAN_POINT('',(0.53,0.01,0.1));
#20096=CARTESIAN_POINT('',(0.53,0.01,0.08));
#20097=CARTESIAN_POINT('',(0.53,0.01,0.08));
#20098=CARTESIAN_POINT('',(0.,0.01,-0.02));
#20099=CARTESIAN_POINT('',(0.779,0.01,-0.02));
#20100=CARTESIAN_POINT('',(0.794,0.01,-0.02));
#20101=CARTESIAN_POINT('',(0.779,0.01,0.));
#20102=CARTESIAN_POINT('',(0.779,0.01,0.02));
#20103=CARTESIAN_POINT('',(0.,0.01,0.02));
#20104=CARTESIAN_POINT('',(0.794,0.01,0.02));
#20105=CARTESIAN_POINT('',(0.794,0.01,0.));
#20106=CARTESIAN_POINT('',(0.,0.01,-0.02));
#20107=CARTESIAN_POINT('',(0.679,0.01,-0.02));
#20108=CARTESIAN_POINT('',(0.694,0.01,-0.02));
#20109=CARTESIAN_POINT('',(0.679,0.01,0.));
#20110=CARTESIAN_POINT('',(0.679,0.01,0.02));
#20111=CARTESIAN_POINT('',(0.,0.01,0.02));
#20112=CARTESIAN_POINT('',(0.694,0.01,0.02));
#20113=CARTESIAN_POINT('',(0.694,0.01,0.));
#20114=CARTESIAN_POINT('',(0.,0.01,-0.02));
#20115=CARTESIAN_POINT('',(0.579,0.01,-0.02));
#20116=CARTESIAN_POINT('',(0.594,0.01,-0.02));
#20117=CARTESIAN_POINT('',(0.579,0.01,0.));
#20118=CARTESIAN_POINT('',(0.579,0.01,0.02));
#20119=CARTESIAN_POINT('',(0.,0.01,0.02));
#20120=CARTESIAN_POINT('',(0.594,0.01,0.02));
#20121=CARTESIAN_POINT('',(0.594,0.01,0.));
#20122=CARTESIAN_POINT('',(0.,0.01,-0.02));
#20123=CARTESIAN_POINT('',(0.479,0.01,-0.02));
#20124=CARTESIAN_POINT('',(0.494,0.01,-0.02));
#20125=CARTESIAN_POINT('',(0.479,0.01,0.));
#20126=CARTESIAN_POINT('',(0.479,0.01,0.02));
#20127=CARTESIAN_POINT('',(0.,0.01,0.02));
#20128=CARTESIAN_POINT('',(0.494,0.01,0.02));
#20129=CARTESIAN_POINT('',(0.494,0.01,0.));
#20130=CARTESIAN_POINT('',(0.,0.01,-0.02));
#20131=CARTESIAN_POINT('',(0.379,0.01,-0.02));
#20132=CARTESIAN_POINT('',(0.394,0.01,-0.02));
#20133=CARTESIAN_POINT('',(0.379,0.01,0.));
#20134=CARTESIAN_POINT('',(0.379,0.01,0.02));
#20135=CARTESIAN_POINT('',(0.,0.01,0.02));
#20136=CARTESIAN_POINT('',(0.394,0.01,0.02));
#20137=CARTESIAN_POINT('',(0.394,0.01,0.));
#20138=CARTESIAN_POINT('',(0.,0.01,-0.02));
#20139=CARTESIAN_POINT('',(0.279,0.01,-0.02));
#20140=CARTESIAN_POINT('',(0.294,0.01,-0.02));
#20141=CARTESIAN_POINT('',(0.279,0.01,0.));
#20142=CARTESIAN_POINT('',(0.279,0.01,0.02));
#20143=CARTESIAN_POINT('',(0.,0.01,0.02));
#20144=CARTESIAN_POINT('',(0.294,0.01,0.02));
#20145=CARTESIAN_POINT('',(0.294,0.01,0.));
#20146=CARTESIAN_POINT('',(0.,0.01,-0.02));
#20147=CARTESIAN_POINT('',(0.179,0.01,-0.02));
#20148=CARTESIAN_POINT('',(0.194,0.01,-0.02));
#20149=CARTESIAN_POINT('',(0.179,0.01,0.));
#20150=CARTESIAN_POINT('',(0.179,0.01,0.02));
#20151=CARTESIAN_POINT('',(0.,0.01,0.02));
#20152=CARTESIAN_POINT('',(0.194,0.01,0.02));
#20153=CARTESIAN_POINT('',(0.194,0.01,0.));
#20154=CARTESIAN_POINT('',(0.,0.01,-0.02));
#20155=CARTESIAN_POINT('',(0.079,0.01,-0.02));
#20156=CARTESIAN_POINT('',(0.094,0.01,-0.02));
#20157=CARTESIAN_POINT('',(0.079,0.01,0.));
#20158=CARTESIAN_POINT('',(0.079,0.01,0.02));
#20159=CARTESIAN_POINT('',(0.,0.01,0.02));
#20160=CARTESIAN_POINT('',(0.094,0.01,0.02));
#20161=CARTESIAN_POINT('',(0.094,0.01,0.));
#20162=CARTESIAN_POINT('',(0.809,0.3,-0.1));
#20163=CARTESIAN_POINT('',(0.794,0.01,-0.1));
#20164=CARTESIAN_POINT('',(0.794,0.,-0.1));
#20165=CARTESIAN_POINT('',(0.794,0.,-0.1));
#20166=CARTESIAN_POINT('',(0.779,0.,-0.1));
#20167=CARTESIAN_POINT('',(0.779,0.01,-0.1));
#20168=CARTESIAN_POINT('',(0.73,0.01,-0.1));
#20169=CARTESIAN_POINT('',(0.73,0.,-0.1));
#20170=CARTESIAN_POINT('',(0.73,0.,-0.1));
#20171=CARTESIAN_POINT('',(0.715,0.,-0.1));
#20172=CARTESIAN_POINT('',(0.715,0.01,-0.1));
#20173=CARTESIAN_POINT('',(0.694,0.01,-0.1));
#20174=CARTESIAN_POINT('',(0.694,0.,-0.1));
#20175=CARTESIAN_POINT('',(0.694,0.,-0.1));
#20176=CARTESIAN_POINT('',(0.679,0.,-0.1));
#20177=CARTESIAN_POINT('',(0.679,0.01,-0.1));
#20178=CARTESIAN_POINT('',(0.63,0.01,-0.1));
#20179=CARTESIAN_POINT('',(0.63,0.,-0.1));
#20180=CARTESIAN_POINT('',(0.63,0.,-0.1));
#20181=CARTESIAN_POINT('',(0.615,0.,-0.1));
#20182=CARTESIAN_POINT('',(0.615,0.01,-0.1));
#20183=CARTESIAN_POINT('',(0.594,0.01,-0.1));
#20184=CARTESIAN_POINT('',(0.594,0.,-0.1));
#20185=CARTESIAN_POINT('',(0.594,0.,-0.1));
#20186=CARTESIAN_POINT('',(0.579,0.,-0.1));
#20187=CARTESIAN_POINT('',(0.579,0.01,-0.1));
#20188=CARTESIAN_POINT('',(0.53,0.01,-0.1));
#20189=CARTESIAN_POINT('',(0.53,0.,-0.1));
#20190=CARTESIAN_POINT('',(0.53,0.,-0.1));
#20191=CARTESIAN_POINT('',(0.515,0.,-0.1));
#20192=CARTESIAN_POINT('',(0.515,0.01,-0.1));
#20193=CARTESIAN_POINT('',(0.494,0.01,-0.1));
#20194=CARTESIAN_POINT('',(0.494,0.,-0.1));
#20195=CARTESIAN_POINT('',(0.494,0.,-0.1));
#20196=CARTESIAN_POINT('',(0.479,0.,-0.1));
#20197=CARTESIAN_POINT('',(0.479,0.01,-0.1));
#20198=CARTESIAN_POINT('',(0.43,0.01,-0.1));
#20199=CARTESIAN_POINT('',(0.43,0.,-0.1));
#20200=CARTESIAN_POINT('',(0.43,0.,-0.1));
#20201=CARTESIAN_POINT('',(0.415,0.,-0.1));
#20202=CARTESIAN_POINT('',(0.415,0.01,-0.1));
#20203=CARTESIAN_POINT('',(0.394,0.01,-0.1));
#20204=CARTESIAN_POINT('',(0.394,0.,-0.1));
#20205=CARTESIAN_POINT('',(0.394,0.,-0.1));
#20206=CARTESIAN_POINT('',(0.379,0.,-0.1));
#20207=CARTESIAN_POINT('',(0.379,0.01,-0.1));
#20208=CARTESIAN_POINT('',(0.33,0.01,-0.1));
#20209=CARTESIAN_POINT('',(0.33,0.,-0.1));
#20210=CARTESIAN_POINT('',(0.33,0.,-0.1));
#20211=CARTESIAN_POINT('',(0.315,0.,-0.1));
#20212=CARTESIAN_POINT('',(0.315,0.01,-0.1));
#20213=CARTESIAN_POINT('',(0.294,0.01,-0.1));
#20214=CARTESIAN_POINT('',(0.294,0.,-0.1));
#20215=CARTESIAN_POINT('',(0.294,0.,-0.1));
#20216=CARTESIAN_POINT('',(0.279,0.,-0.1));
#20217=CARTESIAN_POINT('',(0.279,0.01,-0.1));
#20218=CARTESIAN_POINT('',(0.23,0.01,-0.1));
#20219=CARTESIAN_POINT('',(0.23,0.,-0.1));
#20220=CARTESIAN_POINT('',(0.23,0.,-0.1));
#20221=CARTESIAN_POINT('',(0.215,0.,-0.1));
#20222=CARTESIAN_POINT('',(0.215,0.01,-0.1));
#20223=CARTESIAN_POINT('',(0.194,0.01,-0.1));
#20224=CARTESIAN_POINT('',(0.194,0.,-0.1));
#20225=CARTESIAN_POINT('',(0.194,0.,-0.1));
#20226=CARTESIAN_POINT('',(0.179,0.,-0.1));
#20227=CARTESIAN_POINT('',(0.179,0.01,-0.1));
#20228=CARTESIAN_POINT('',(0.13,0.01,-0.1));
#20229=CARTESIAN_POINT('',(0.13,0.,-0.1));
#20230=CARTESIAN_POINT('',(0.13,0.,-0.1));
#20231=CARTESIAN_POINT('',(0.115,0.,-0.1));
#20232=CARTESIAN_POINT('',(0.115,0.01,-0.1));
#20233=CARTESIAN_POINT('',(0.094,0.01,-0.1));
#20234=CARTESIAN_POINT('',(0.094,0.,-0.1));
#20235=CARTESIAN_POINT('',(0.094,0.,-0.1));
#20236=CARTESIAN_POINT('',(0.079,0.,-0.1));
#20237=CARTESIAN_POINT('',(0.079,0.01,-0.1));
#20238=CARTESIAN_POINT('',(0.03,0.01,-0.1));
#20239=CARTESIAN_POINT('',(0.03,0.,-0.1));
#20240=CARTESIAN_POINT('',(0.03,0.,-0.1));
#20241=CARTESIAN_POINT('',(0.015,0.,-0.1));
#20242=CARTESIAN_POINT('',(0.015,0.01,-0.1));
#20243=CARTESIAN_POINT('',(0.,0.3,-0.1));
#20244=CARTESIAN_POINT('',(0.,0.3,-0.1));
#20245=CARTESIAN_POINT('',(0.809,0.3,-0.1));
#20246=CARTESIAN_POINT('',(0.809,0.3,-0.1));
#20247=CARTESIAN_POINT('',(0.809,0.3,-0.1));
#20248=CARTESIAN_POINT('',(0.,0.3,-0.1));
#20249=CARTESIAN_POINT('',(0.,0.3,0.1));
#20250=CARTESIAN_POINT('',(0.,0.3,0.1));
#20251=CARTESIAN_POINT('',(0.,0.3,-0.1));
#20252=CARTESIAN_POINT('',(0.,0.3,0.1));
#20253=CARTESIAN_POINT('',(0.015,0.01,0.1));
#20254=CARTESIAN_POINT('',(0.015,0.,0.1));
#20255=CARTESIAN_POINT('',(0.015,0.,0.1));
#20256=CARTESIAN_POINT('',(0.03,0.,0.1));
#20257=CARTESIAN_POINT('',(0.03,0.01,0.1));
#20258=CARTESIAN_POINT('',(0.079,0.01,0.1));
#20259=CARTESIAN_POINT('',(0.079,0.,0.1));
#20260=CARTESIAN_POINT('',(0.079,0.,0.1));
#20261=CARTESIAN_POINT('',(0.094,0.,0.1));
#20262=CARTESIAN_POINT('',(0.094,0.01,0.1));
#20263=CARTESIAN_POINT('',(0.115,0.01,0.1));
#20264=CARTESIAN_POINT('',(0.115,0.,0.1));
#20265=CARTESIAN_POINT('',(0.115,0.,0.1));
#20266=CARTESIAN_POINT('',(0.13,0.,0.1));
#20267=CARTESIAN_POINT('',(0.13,0.01,0.1));
#20268=CARTESIAN_POINT('',(0.179,0.01,0.1));
#20269=CARTESIAN_POINT('',(0.179,0.,0.1));
#20270=CARTESIAN_POINT('',(0.179,0.,0.1));
#20271=CARTESIAN_POINT('',(0.194,0.,0.1));
#20272=CARTESIAN_POINT('',(0.194,0.01,0.1));
#20273=CARTESIAN_POINT('',(0.215,0.01,0.1));
#20274=CARTESIAN_POINT('',(0.215,0.,0.1));
#20275=CARTESIAN_POINT('',(0.215,0.,0.1));
#20276=CARTESIAN_POINT('',(0.23,0.,0.1));
#20277=CARTESIAN_POINT('',(0.23,0.01,0.1));
#20278=CARTESIAN_POINT('',(0.279,0.01,0.1));
#20279=CARTESIAN_POINT('',(0.279,0.,0.1));
#20280=CARTESIAN_POINT('',(0.279,0.,0.1));
#20281=CARTESIAN_POINT('',(0.294,0.,0.1));
#20282=CARTESIAN_POINT('',(0.294,0.01,0.1));
#20283=CARTESIAN_POINT('',(0.315,0.01,0.1));
#20284=CARTESIAN_POINT('',(0.315,0.,0.1));
#20285=CARTESIAN_POINT('',(0.315,0.,0.1));
#20286=CARTESIAN_POINT('',(0.33,0.,0.1));
#20287=CARTESIAN_POINT('',(0.33,0.01,0.1));
#20288=CARTESIAN_POINT('',(0.379,0.01,0.1));
#20289=CARTESIAN_POINT('',(0.379,0.,0.1));
#20290=CARTESIAN_POINT('',(0.379,0.,0.1));
#20291=CARTESIAN_POINT('',(0.394,0.,0.1));
#20292=CARTESIAN_POINT('',(0.394,0.01,0.1));
#20293=CARTESIAN_POINT('',(0.415,0.01,0.1));
#20294=CARTESIAN_POINT('',(0.415,0.,0.1));
#20295=CARTESIAN_POINT('',(0.415,0.,0.1));
#20296=CARTESIAN_POINT('',(0.43,0.,0.1));
#20297=CARTESIAN_POINT('',(0.43,0.01,0.1));
#20298=CARTESIAN_POINT('',(0.479,0.01,0.1));
#20299=CARTESIAN_POINT('',(0.479,0.,0.1));
#20300=CARTESIAN_POINT('',(0.479,0.,0.1));
#20301=CARTESIAN_POINT('',(0.494,0.,0.1));
#20302=CARTESIAN_POINT('',(0.494,0.01,0.1));
#20303=CARTESIAN_POINT('',(0.515,0.01,0.1));
#20304=CARTESIAN_POINT('',(0.515,0.,0.1));
#20305=CARTESIAN_POINT('',(0.515,0.,0.1));
#20306=CARTESIAN_POINT('',(0.53,0.,0.1));
#20307=CARTESIAN_POINT('',(0.53,0.01,0.1));
#20308=CARTESIAN_POINT('',(0.579,0.01,0.1));
#20309=CARTESIAN_POINT('',(0.579,0.,0.1));
#20310=CARTESIAN_POINT('',(0.579,0.,0.1));
#20311=CARTESIAN_POINT('',(0.594,0.,0.1));
#20312=CARTESIAN_POINT('',(0.594,0.01,0.1));
#20313=CARTESIAN_POINT('',(0.615,0.01,0.1));
#20314=CARTESIAN_POINT('',(0.615,0.,0.1));
#20315=CARTESIAN_POINT('',(0.615,0.,0.1));
#20316=CARTESIAN_POINT('',(0.63,0.,0.1));
#20317=CARTESIAN_POINT('',(0.63,0.01,0.1));
#20318=CARTESIAN_POINT('',(0.679,0.01,0.1));
#20319=CARTESIAN_POINT('',(0.679,0.,0.1));
#20320=CARTESIAN_POINT('',(0.679,0.,0.1));
#20321=CARTESIAN_POINT('',(0.694,0.,0.1));
#20322=CARTESIAN_POINT('',(0.694,0.01,0.1));
#20323=CARTESIAN_POINT('',(0.715,0.01,0.1));
#20324=CARTESIAN_POINT('',(0.715,0.,0.1));
#20325=CARTESIAN_POINT('',(0.715,0.,0.1));
#20326=CARTESIAN_POINT('',(0.73,0.,0.1));
#20327=CARTESIAN_POINT('',(0.73,0.01,0.1));
#20328=CARTESIAN_POINT('',(0.779,0.01,0.1));
#20329=CARTESIAN_POINT('',(0.779,0.,0.1));
#20330=CARTESIAN_POINT('',(0.779,0.,0.1));
#20331=CARTESIAN_POINT('',(0.794,0.,0.1));
#20332=CARTESIAN_POINT('',(0.794,0.01,0.1));
#20333=CARTESIAN_POINT('',(0.809,0.3,0.1));
#20334=CARTESIAN_POINT('',(0.809,0.3,0.1));
#20335=CARTESIAN_POINT('',(0.,0.3,0.1));
#20336=CARTESIAN_POINT('',(0.809,0.3,0.1));
#20337=CARTESIAN_POINT('',(0.809,0.3,0.1));
#20338=CARTESIAN_POINT('',(0.,0.3,0.));
#20339=CARTESIAN_POINT('',(0.03,0.01,0.08));
#20340=CARTESIAN_POINT('',(0.03,0.,0.08));
#20341=CARTESIAN_POINT('',(0.03,0.,0.08));
#20342=CARTESIAN_POINT('',(0.015,0.,0.08));
#20343=CARTESIAN_POINT('',(0.015,0.01,0.08));
#20344=CARTESIAN_POINT('',(0.03,0.01,0.08));
#20345=CARTESIAN_POINT('',(0.015,0.01,0.08));
#20346=CARTESIAN_POINT('',(0.015,0.,0.08));
#20347=CARTESIAN_POINT('',(0.03,0.01,0.1));
#20348=CARTESIAN_POINT('',(0.03,0.,0.1));
#20349=CARTESIAN_POINT('',(0.,0.,0.));
#20350=CARTESIAN_POINT('',(0.094,0.01,0.08));
#20351=CARTESIAN_POINT('',(0.094,0.,0.08));
#20352=CARTESIAN_POINT('',(0.094,0.,0.08));
#20353=CARTESIAN_POINT('',(0.079,0.,0.08));
#20354=CARTESIAN_POINT('',(0.079,0.01,0.08));
#20355=CARTESIAN_POINT('',(0.094,0.01,0.08));
#20356=CARTESIAN_POINT('',(0.079,0.01,0.08));
#20357=CARTESIAN_POINT('',(0.079,0.,0.08));
#20358=CARTESIAN_POINT('',(0.094,0.01,0.1));
#20359=CARTESIAN_POINT('',(0.094,0.,0.1));
#20360=CARTESIAN_POINT('',(0.064,0.,0.));
#20361=CARTESIAN_POINT('',(0.779,0.01,-0.1));
#20362=CARTESIAN_POINT('',(0.779,0.,-0.1));
#20363=CARTESIAN_POINT('',(0.779,0.,-0.08));
#20364=CARTESIAN_POINT('',(0.779,0.01,-0.08));
#20365=CARTESIAN_POINT('',(0.779,0.01,-0.08));
#20366=CARTESIAN_POINT('',(0.779,0.,-0.08));
#20367=CARTESIAN_POINT('',(0.794,0.,-0.08));
#20368=CARTESIAN_POINT('',(0.794,0.01,-0.08));
#20369=CARTESIAN_POINT('',(0.794,0.01,-0.08));
#20370=CARTESIAN_POINT('',(0.794,0.,-0.08));
#20371=CARTESIAN_POINT('',(0.764,0.,-0.18));
#20372=CARTESIAN_POINT('',(0.715,0.01,-0.1));
#20373=CARTESIAN_POINT('',(0.715,0.,-0.1));
#20374=CARTESIAN_POINT('',(0.715,0.,-0.08));
#20375=CARTESIAN_POINT('',(0.715,0.01,-0.08));
#20376=CARTESIAN_POINT('',(0.715,0.01,-0.08));
#20377=CARTESIAN_POINT('',(0.715,0.,-0.08));
#20378=CARTESIAN_POINT('',(0.73,0.,-0.08));
#20379=CARTESIAN_POINT('',(0.73,0.01,-0.08));
#20380=CARTESIAN_POINT('',(0.73,0.01,-0.08));
#20381=CARTESIAN_POINT('',(0.73,0.,-0.08));
#20382=CARTESIAN_POINT('',(0.7,0.,-0.18));
#20383=CARTESIAN_POINT('',(0.679,0.01,-0.1));
#20384=CARTESIAN_POINT('',(0.679,0.,-0.1));
#20385=CARTESIAN_POINT('',(0.679,0.,-0.08));
#20386=CARTESIAN_POINT('',(0.679,0.01,-0.08));
#20387=CARTESIAN_POINT('',(0.679,0.01,-0.08));
#20388=CARTESIAN_POINT('',(0.679,0.,-0.08));
#20389=CARTESIAN_POINT('',(0.694,0.,-0.08));
#20390=CARTESIAN_POINT('',(0.694,0.01,-0.08));
#20391=CARTESIAN_POINT('',(0.694,0.01,-0.08));
#20392=CARTESIAN_POINT('',(0.694,0.,-0.08));
#20393=CARTESIAN_POINT('',(0.664,0.,-0.18));
#20394=CARTESIAN_POINT('',(0.615,0.01,-0.1));
#20395=CARTESIAN_POINT('',(0.615,0.,-0.1));
#20396=CARTESIAN_POINT('',(0.615,0.,-0.08));
#20397=CARTESIAN_POINT('',(0.615,0.01,-0.08));
#20398=CARTESIAN_POINT('',(0.615,0.01,-0.08));
#20399=CARTESIAN_POINT('',(0.615,0.,-0.08));
#20400=CARTESIAN_POINT('',(0.63,0.,-0.08));
#20401=CARTESIAN_POINT('',(0.63,0.01,-0.08));
#20402=CARTESIAN_POINT('',(0.63,0.01,-0.08));
#20403=CARTESIAN_POINT('',(0.63,0.,-0.08));
#20404=CARTESIAN_POINT('',(0.6,0.,-0.18));
#20405=CARTESIAN_POINT('',(0.579,0.01,-0.1));
#20406=CARTESIAN_POINT('',(0.579,0.,-0.1));
#20407=CARTESIAN_POINT('',(0.579,0.,-0.08));
#20408=CARTESIAN_POINT('',(0.579,0.01,-0.08));
#20409=CARTESIAN_POINT('',(0.579,0.01,-0.08));
#20410=CARTESIAN_POINT('',(0.579,0.,-0.08));
#20411=CARTESIAN_POINT('',(0.594,0.,-0.08));
#20412=CARTESIAN_POINT('',(0.594,0.01,-0.08));
#20413=CARTESIAN_POINT('',(0.594,0.01,-0.08));
#20414=CARTESIAN_POINT('',(0.594,0.,-0.08));
#20415=CARTESIAN_POINT('',(0.564,0.,-0.18));
#20416=CARTESIAN_POINT('',(0.515,0.01,-0.1));
#20417=CARTESIAN_POINT('',(0.515,0.,-0.1));
#20418=CARTESIAN_POINT('',(0.515,0.,-0.08));
#20419=CARTESIAN_POINT('',(0.515,0.01,-0.08));
#20420=CARTESIAN_POINT('',(0.515,0.01,-0.08));
#20421=CARTESIAN_POINT('',(0.515,0.,-0.08));
#20422=CARTESIAN_POINT('',(0.53,0.,-0.08));
#20423=CARTESIAN_POINT('',(0.53,0.01,-0.08));
#20424=CARTESIAN_POINT('',(0.53,0.01,-0.08));
#20425=CARTESIAN_POINT('',(0.53,0.,-0.08));
#20426=CARTESIAN_POINT('',(0.5,0.,-0.18));
#20427=CARTESIAN_POINT('',(0.479,0.01,-0.1));
#20428=CARTESIAN_POINT('',(0.479,0.,-0.1));
#20429=CARTESIAN_POINT('',(0.479,0.,-0.08));
#20430=CARTESIAN_POINT('',(0.479,0.01,-0.08));
#20431=CARTESIAN_POINT('',(0.479,0.01,-0.08));
#20432=CARTESIAN_POINT('',(0.479,0.,-0.08));
#20433=CARTESIAN_POINT('',(0.494,0.,-0.08));
#20434=CARTESIAN_POINT('',(0.494,0.01,-0.08));
#20435=CARTESIAN_POINT('',(0.494,0.01,-0.08));
#20436=CARTESIAN_POINT('',(0.494,0.,-0.08));
#20437=CARTESIAN_POINT('',(0.464,0.,-0.18));
#20438=CARTESIAN_POINT('',(0.415,0.01,-0.1));
#20439=CARTESIAN_POINT('',(0.415,0.,-0.1));
#20440=CARTESIAN_POINT('',(0.415,0.,-0.08));
#20441=CARTESIAN_POINT('',(0.415,0.01,-0.08));
#20442=CARTESIAN_POINT('',(0.415,0.01,-0.08));
#20443=CARTESIAN_POINT('',(0.415,0.,-0.08));
#20444=CARTESIAN_POINT('',(0.43,0.,-0.08));
#20445=CARTESIAN_POINT('',(0.43,0.01,-0.08));
#20446=CARTESIAN_POINT('',(0.43,0.01,-0.08));
#20447=CARTESIAN_POINT('',(0.43,0.,-0.08));
#20448=CARTESIAN_POINT('',(0.4,0.,-0.18));
#20449=CARTESIAN_POINT('',(0.379,0.01,-0.1));
#20450=CARTESIAN_POINT('',(0.379,0.,-0.1));
#20451=CARTESIAN_POINT('',(0.379,0.,-0.08));
#20452=CARTESIAN_POINT('',(0.379,0.01,-0.08));
#20453=CARTESIAN_POINT('',(0.379,0.01,-0.08));
#20454=CARTESIAN_POINT('',(0.379,0.,-0.08));
#20455=CARTESIAN_POINT('',(0.394,0.,-0.08));
#20456=CARTESIAN_POINT('',(0.394,0.01,-0.08));
#20457=CARTESIAN_POINT('',(0.394,0.01,-0.08));
#20458=CARTESIAN_POINT('',(0.394,0.,-0.08));
#20459=CARTESIAN_POINT('',(0.364,0.,-0.18));
#20460=CARTESIAN_POINT('',(0.315,0.01,-0.1));
#20461=CARTESIAN_POINT('',(0.315,0.,-0.1));
#20462=CARTESIAN_POINT('',(0.315,0.,-0.08));
#20463=CARTESIAN_POINT('',(0.315,0.01,-0.08));
#20464=CARTESIAN_POINT('',(0.315,0.01,-0.08));
#20465=CARTESIAN_POINT('',(0.315,0.,-0.08));
#20466=CARTESIAN_POINT('',(0.33,0.,-0.08));
#20467=CARTESIAN_POINT('',(0.33,0.01,-0.08));
#20468=CARTESIAN_POINT('',(0.33,0.01,-0.08));
#20469=CARTESIAN_POINT('',(0.33,0.,-0.08));
#20470=CARTESIAN_POINT('',(0.3,0.,-0.18));
#20471=CARTESIAN_POINT('',(0.279,0.01,-0.1));
#20472=CARTESIAN_POINT('',(0.279,0.,-0.1));
#20473=CARTESIAN_POINT('',(0.279,0.,-0.08));
#20474=CARTESIAN_POINT('',(0.279,0.01,-0.08));
#20475=CARTESIAN_POINT('',(0.279,0.01,-0.08));
#20476=CARTESIAN_POINT('',(0.279,0.,-0.08));
#20477=CARTESIAN_POINT('',(0.294,0.,-0.08));
#20478=CARTESIAN_POINT('',(0.294,0.01,-0.08));
#20479=CARTESIAN_POINT('',(0.294,0.01,-0.08));
#20480=CARTESIAN_POINT('',(0.294,0.,-0.08));
#20481=CARTESIAN_POINT('',(0.264,0.,-0.18));
#20482=CARTESIAN_POINT('',(0.215,0.01,-0.1));
#20483=CARTESIAN_POINT('',(0.215,0.,-0.1));
#20484=CARTESIAN_POINT('',(0.215,0.,-0.08));
#20485=CARTESIAN_POINT('',(0.215,0.01,-0.08));
#20486=CARTESIAN_POINT('',(0.215,0.01,-0.08));
#20487=CARTESIAN_POINT('',(0.215,0.,-0.08));
#20488=CARTESIAN_POINT('',(0.23,0.,-0.08));
#20489=CARTESIAN_POINT('',(0.23,0.01,-0.08));
#20490=CARTESIAN_POINT('',(0.23,0.01,-0.08));
#20491=CARTESIAN_POINT('',(0.23,0.,-0.08));
#20492=CARTESIAN_POINT('',(0.2,0.,-0.18));
#20493=CARTESIAN_POINT('',(0.179,0.01,-0.1));
#20494=CARTESIAN_POINT('',(0.179,0.,-0.1));
#20495=CARTESIAN_POINT('',(0.179,0.,-0.08));
#20496=CARTESIAN_POINT('',(0.179,0.01,-0.08));
#20497=CARTESIAN_POINT('',(0.179,0.01,-0.08));
#20498=CARTESIAN_POINT('',(0.179,0.,-0.08));
#20499=CARTESIAN_POINT('',(0.194,0.,-0.08));
#20500=CARTESIAN_POINT('',(0.194,0.01,-0.08));
#20501=CARTESIAN_POINT('',(0.194,0.01,-0.08));
#20502=CARTESIAN_POINT('',(0.194,0.,-0.08));
#20503=CARTESIAN_POINT('',(0.164,0.,-0.18));
#20504=CARTESIAN_POINT('',(0.115,0.01,-0.1));
#20505=CARTESIAN_POINT('',(0.115,0.,-0.1));
#20506=CARTESIAN_POINT('',(0.115,0.,-0.08));
#20507=CARTESIAN_POINT('',(0.115,0.01,-0.08));
#20508=CARTESIAN_POINT('',(0.115,0.01,-0.08));
#20509=CARTESIAN_POINT('',(0.115,0.,-0.08));
#20510=CARTESIAN_POINT('',(0.13,0.,-0.08));
#20511=CARTESIAN_POINT('',(0.13,0.01,-0.08));
#20512=CARTESIAN_POINT('',(0.13,0.01,-0.08));
#20513=CARTESIAN_POINT('',(0.13,0.,-0.08));
#20514=CARTESIAN_POINT('',(0.1,0.,-0.18));
#20515=CARTESIAN_POINT('',(0.13,0.01,0.08));
#20516=CARTESIAN_POINT('',(0.13,0.,0.08));
#20517=CARTESIAN_POINT('',(0.13,0.,0.08));
#20518=CARTESIAN_POINT('',(0.115,0.,0.08));
#20519=CARTESIAN_POINT('',(0.115,0.01,0.08));
#20520=CARTESIAN_POINT('',(0.13,0.01,0.08));
#20521=CARTESIAN_POINT('',(0.115,0.01,0.08));
#20522=CARTESIAN_POINT('',(0.115,0.,0.08));
#20523=CARTESIAN_POINT('',(0.13,0.01,0.1));
#20524=CARTESIAN_POINT('',(0.13,0.,0.1));
#20525=CARTESIAN_POINT('',(0.1,0.,0.));
#20526=CARTESIAN_POINT('',(0.194,0.01,0.08));
#20527=CARTESIAN_POINT('',(0.194,0.,0.08));
#20528=CARTESIAN_POINT('',(0.194,0.,0.08));
#20529=CARTESIAN_POINT('',(0.179,0.,0.08));
#20530=CARTESIAN_POINT('',(0.179,0.01,0.08));
#20531=CARTESIAN_POINT('',(0.194,0.01,0.08));
#20532=CARTESIAN_POINT('',(0.179,0.01,0.08));
#20533=CARTESIAN_POINT('',(0.179,0.,0.08));
#20534=CARTESIAN_POINT('',(0.194,0.01,0.1));
#20535=CARTESIAN_POINT('',(0.194,0.,0.1));
#20536=CARTESIAN_POINT('',(0.164,0.,0.));
#20537=CARTESIAN_POINT('',(0.23,0.01,0.08));
#20538=CARTESIAN_POINT('',(0.23,0.,0.08));
#20539=CARTESIAN_POINT('',(0.23,0.,0.08));
#20540=CARTESIAN_POINT('',(0.215,0.,0.08));
#20541=CARTESIAN_POINT('',(0.215,0.01,0.08));
#20542=CARTESIAN_POINT('',(0.23,0.01,0.08));
#20543=CARTESIAN_POINT('',(0.215,0.01,0.08));
#20544=CARTESIAN_POINT('',(0.215,0.,0.08));
#20545=CARTESIAN_POINT('',(0.23,0.01,0.1));
#20546=CARTESIAN_POINT('',(0.23,0.,0.1));
#20547=CARTESIAN_POINT('',(0.2,0.,0.));
#20548=CARTESIAN_POINT('',(0.294,0.01,0.08));
#20549=CARTESIAN_POINT('',(0.294,0.,0.08));
#20550=CARTESIAN_POINT('',(0.294,0.,0.08));
#20551=CARTESIAN_POINT('',(0.279,0.,0.08));
#20552=CARTESIAN_POINT('',(0.279,0.01,0.08));
#20553=CARTESIAN_POINT('',(0.294,0.01,0.08));
#20554=CARTESIAN_POINT('',(0.279,0.01,0.08));
#20555=CARTESIAN_POINT('',(0.279,0.,0.08));
#20556=CARTESIAN_POINT('',(0.294,0.01,0.1));
#20557=CARTESIAN_POINT('',(0.294,0.,0.1));
#20558=CARTESIAN_POINT('',(0.264,0.,0.));
#20559=CARTESIAN_POINT('',(0.33,0.01,0.08));
#20560=CARTESIAN_POINT('',(0.33,0.,0.08));
#20561=CARTESIAN_POINT('',(0.33,0.,0.08));
#20562=CARTESIAN_POINT('',(0.315,0.,0.08));
#20563=CARTESIAN_POINT('',(0.315,0.01,0.08));
#20564=CARTESIAN_POINT('',(0.33,0.01,0.08));
#20565=CARTESIAN_POINT('',(0.315,0.01,0.08));
#20566=CARTESIAN_POINT('',(0.315,0.,0.08));
#20567=CARTESIAN_POINT('',(0.33,0.01,0.1));
#20568=CARTESIAN_POINT('',(0.33,0.,0.1));
#20569=CARTESIAN_POINT('',(0.3,0.,0.));
#20570=CARTESIAN_POINT('',(0.394,0.01,0.08));
#20571=CARTESIAN_POINT('',(0.394,0.,0.08));
#20572=CARTESIAN_POINT('',(0.394,0.,0.08));
#20573=CARTESIAN_POINT('',(0.379,0.,0.08));
#20574=CARTESIAN_POINT('',(0.379,0.01,0.08));
#20575=CARTESIAN_POINT('',(0.394,0.01,0.08));
#20576=CARTESIAN_POINT('',(0.379,0.01,0.08));
#20577=CARTESIAN_POINT('',(0.379,0.,0.08));
#20578=CARTESIAN_POINT('',(0.394,0.01,0.1));
#20579=CARTESIAN_POINT('',(0.394,0.,0.1));
#20580=CARTESIAN_POINT('',(0.364,0.,0.));
#20581=CARTESIAN_POINT('',(0.43,0.01,0.08));
#20582=CARTESIAN_POINT('',(0.43,0.,0.08));
#20583=CARTESIAN_POINT('',(0.43,0.,0.08));
#20584=CARTESIAN_POINT('',(0.415,0.,0.08));
#20585=CARTESIAN_POINT('',(0.415,0.01,0.08));
#20586=CARTESIAN_POINT('',(0.43,0.01,0.08));
#20587=CARTESIAN_POINT('',(0.415,0.01,0.08));
#20588=CARTESIAN_POINT('',(0.415,0.,0.08));
#20589=CARTESIAN_POINT('',(0.43,0.01,0.1));
#20590=CARTESIAN_POINT('',(0.43,0.,0.1));
#20591=CARTESIAN_POINT('',(0.4,0.,0.));
#20592=CARTESIAN_POINT('',(0.494,0.01,0.08));
#20593=CARTESIAN_POINT('',(0.494,0.,0.08));
#20594=CARTESIAN_POINT('',(0.494,0.,0.08));
#20595=CARTESIAN_POINT('',(0.479,0.,0.08));
#20596=CARTESIAN_POINT('',(0.479,0.01,0.08));
#20597=CARTESIAN_POINT('',(0.494,0.01,0.08));
#20598=CARTESIAN_POINT('',(0.479,0.01,0.08));
#20599=CARTESIAN_POINT('',(0.479,0.,0.08));
#20600=CARTESIAN_POINT('',(0.494,0.01,0.1));
#20601=CARTESIAN_POINT('',(0.494,0.,0.1));
#20602=CARTESIAN_POINT('',(0.464,0.,0.));
#20603=CARTESIAN_POINT('',(0.079,0.01,-0.1));
#20604=CARTESIAN_POINT('',(0.079,0.,-0.1));
#20605=CARTESIAN_POINT('',(0.079,0.,-0.08));
#20606=CARTESIAN_POINT('',(0.079,0.01,-0.08));
#20607=CARTESIAN_POINT('',(0.079,0.01,-0.08));
#20608=CARTESIAN_POINT('',(0.079,0.,-0.08));
#20609=CARTESIAN_POINT('',(0.094,0.,-0.08));
#20610=CARTESIAN_POINT('',(0.094,0.01,-0.08));
#20611=CARTESIAN_POINT('',(0.094,0.01,-0.08));
#20612=CARTESIAN_POINT('',(0.094,0.,-0.08));
#20613=CARTESIAN_POINT('',(0.064,0.,-0.18));
#20614=CARTESIAN_POINT('',(0.015,0.01,-0.1));
#20615=CARTESIAN_POINT('',(0.015,0.,-0.1));
#20616=CARTESIAN_POINT('',(0.015,0.,-0.08));
#20617=CARTESIAN_POINT('',(0.015,0.01,-0.08));
#20618=CARTESIAN_POINT('',(0.015,0.01,-0.08));
#20619=CARTESIAN_POINT('',(0.015,0.,-0.08));
#20620=CARTESIAN_POINT('',(0.03,0.,-0.08));
#20621=CARTESIAN_POINT('',(0.03,0.01,-0.08));
#20622=CARTESIAN_POINT('',(0.03,0.01,-0.08));
#20623=CARTESIAN_POINT('',(0.03,0.,-0.08));
#20624=CARTESIAN_POINT('',(0.,0.,-0.18));
#20625=CARTESIAN_POINT('',(0.794,0.01,0.08));
#20626=CARTESIAN_POINT('',(0.794,0.,0.08));
#20627=CARTESIAN_POINT('',(0.794,0.,0.08));
#20628=CARTESIAN_POINT('',(0.779,0.,0.08));
#20629=CARTESIAN_POINT('',(0.779,0.01,0.08));
#20630=CARTESIAN_POINT('',(0.794,0.01,0.08));
#20631=CARTESIAN_POINT('',(0.779,0.01,0.08));
#20632=CARTESIAN_POINT('',(0.779,0.,0.08));
#20633=CARTESIAN_POINT('',(0.794,0.01,0.1));
#20634=CARTESIAN_POINT('',(0.794,0.,0.1));
#20635=CARTESIAN_POINT('',(0.764,0.,0.));
#20636=CARTESIAN_POINT('',(0.73,0.01,0.08));
#20637=CARTESIAN_POINT('',(0.73,0.,0.08));
#20638=CARTESIAN_POINT('',(0.73,0.,0.08));
#20639=CARTESIAN_POINT('',(0.715,0.,0.08));
#20640=CARTESIAN_POINT('',(0.715,0.01,0.08));
#20641=CARTESIAN_POINT('',(0.73,0.01,0.08));
#20642=CARTESIAN_POINT('',(0.715,0.01,0.08));
#20643=CARTESIAN_POINT('',(0.715,0.,0.08));
#20644=CARTESIAN_POINT('',(0.73,0.01,0.1));
#20645=CARTESIAN_POINT('',(0.73,0.,0.1));
#20646=CARTESIAN_POINT('',(0.7,0.,0.));
#20647=CARTESIAN_POINT('',(0.694,0.01,0.08));
#20648=CARTESIAN_POINT('',(0.694,0.,0.08));
#20649=CARTESIAN_POINT('',(0.694,0.,0.08));
#20650=CARTESIAN_POINT('',(0.679,0.,0.08));
#20651=CARTESIAN_POINT('',(0.679,0.01,0.08));
#20652=CARTESIAN_POINT('',(0.694,0.01,0.08));
#20653=CARTESIAN_POINT('',(0.679,0.01,0.08));
#20654=CARTESIAN_POINT('',(0.679,0.,0.08));
#20655=CARTESIAN_POINT('',(0.694,0.01,0.1));
#20656=CARTESIAN_POINT('',(0.694,0.,0.1));
#20657=CARTESIAN_POINT('',(0.664,0.,0.));
#20658=CARTESIAN_POINT('',(0.63,0.01,0.08));
#20659=CARTESIAN_POINT('',(0.63,0.,0.08));
#20660=CARTESIAN_POINT('',(0.63,0.,0.08));
#20661=CARTESIAN_POINT('',(0.615,0.,0.08));
#20662=CARTESIAN_POINT('',(0.615,0.01,0.08));
#20663=CARTESIAN_POINT('',(0.63,0.01,0.08));
#20664=CARTESIAN_POINT('',(0.615,0.01,0.08));
#20665=CARTESIAN_POINT('',(0.615,0.,0.08));
#20666=CARTESIAN_POINT('',(0.63,0.01,0.1));
#20667=CARTESIAN_POINT('',(0.63,0.,0.1));
#20668=CARTESIAN_POINT('',(0.6,0.,0.));
#20669=CARTESIAN_POINT('',(0.594,0.01,0.08));
#20670=CARTESIAN_POINT('',(0.594,0.,0.08));
#20671=CARTESIAN_POINT('',(0.594,0.,0.08));
#20672=CARTESIAN_POINT('',(0.579,0.,0.08));
#20673=CARTESIAN_POINT('',(0.579,0.01,0.08));
#20674=CARTESIAN_POINT('',(0.594,0.01,0.08));
#20675=CARTESIAN_POINT('',(0.579,0.01,0.08));
#20676=CARTESIAN_POINT('',(0.579,0.,0.08));
#20677=CARTESIAN_POINT('',(0.594,0.01,0.1));
#20678=CARTESIAN_POINT('',(0.594,0.,0.1));
#20679=CARTESIAN_POINT('',(0.564,0.,0.));
#20680=CARTESIAN_POINT('',(0.53,0.01,0.08));
#20681=CARTESIAN_POINT('',(0.53,0.,0.08));
#20682=CARTESIAN_POINT('',(0.53,0.,0.08));
#20683=CARTESIAN_POINT('',(0.515,0.,0.08));
#20684=CARTESIAN_POINT('',(0.515,0.01,0.08));
#20685=CARTESIAN_POINT('',(0.53,0.01,0.08));
#20686=CARTESIAN_POINT('',(0.515,0.01,0.08));
#20687=CARTESIAN_POINT('',(0.515,0.,0.08));
#20688=CARTESIAN_POINT('',(0.53,0.01,0.1));
#20689=CARTESIAN_POINT('',(0.53,0.,0.1));
#20690=CARTESIAN_POINT('',(0.5,0.,0.));
#20691=CARTESIAN_POINT('',(0.03,0.29,-0.02));
#20692=CARTESIAN_POINT('',(0.015,0.29,-0.02));
#20693=CARTESIAN_POINT('',(0.015,0.,-0.02));
#20694=CARTESIAN_POINT('',(0.03,0.29,-0.02));
#20695=CARTESIAN_POINT('',(0.03,0.,-0.02));
#20696=CARTESIAN_POINT('',(0.03,0.,-0.02));
#20697=CARTESIAN_POINT('',(0.015,0.29,-0.02));
#20698=CARTESIAN_POINT('',(0.015,0.29,0.02));
#20699=CARTESIAN_POINT('',(0.015,0.,0.02));
#20700=CARTESIAN_POINT('',(0.015,0.,-0.02));
#20701=CARTESIAN_POINT('',(0.015,0.29,0.02));
#20702=CARTESIAN_POINT('',(0.03,0.29,0.02));
#20703=CARTESIAN_POINT('',(0.03,0.,0.02));
#20704=CARTESIAN_POINT('',(0.015,0.,0.02));
#20705=CARTESIAN_POINT('',(0.03,0.29,0.02));
#20706=CARTESIAN_POINT('',(0.03,0.,0.02));
#20707=CARTESIAN_POINT('',(0.,0.,0.));
#20708=CARTESIAN_POINT('',(0.794,0.29,-0.02));
#20709=CARTESIAN_POINT('',(0.779,0.29,-0.02));
#20710=CARTESIAN_POINT('',(0.779,0.,-0.02));
#20711=CARTESIAN_POINT('',(0.794,0.29,-0.02));
#20712=CARTESIAN_POINT('',(0.794,0.,-0.02));
#20713=CARTESIAN_POINT('',(0.794,0.,-0.02));
#20714=CARTESIAN_POINT('',(0.779,0.29,-0.02));
#20715=CARTESIAN_POINT('',(0.779,0.29,0.02));
#20716=CARTESIAN_POINT('',(0.779,0.,0.02));
#20717=CARTESIAN_POINT('',(0.779,0.,-0.02));
#20718=CARTESIAN_POINT('',(0.779,0.29,0.02));
#20719=CARTESIAN_POINT('',(0.794,0.29,0.02));
#20720=CARTESIAN_POINT('',(0.794,0.,0.02));
#20721=CARTESIAN_POINT('',(0.779,0.,0.02));
#20722=CARTESIAN_POINT('',(0.794,0.29,0.02));
#20723=CARTESIAN_POINT('',(0.794,0.,0.02));
#20724=CARTESIAN_POINT('',(0.764,0.,0.));
#20725=CARTESIAN_POINT('',(0.73,0.29,-0.02));
#20726=CARTESIAN_POINT('',(0.715,0.29,-0.02));
#20727=CARTESIAN_POINT('',(0.715,0.,-0.02));
#20728=CARTESIAN_POINT('',(0.73,0.29,-0.02));
#20729=CARTESIAN_POINT('',(0.73,0.,-0.02));
#20730=CARTESIAN_POINT('',(0.73,0.,-0.02));
#20731=CARTESIAN_POINT('',(0.715,0.29,-0.02));
#20732=CARTESIAN_POINT('',(0.715,0.29,0.02));
#20733=CARTESIAN_POINT('',(0.715,0.,0.02));
#20734=CARTESIAN_POINT('',(0.715,0.,-0.02));
#20735=CARTESIAN_POINT('',(0.715,0.29,0.02));
#20736=CARTESIAN_POINT('',(0.73,0.29,0.02));
#20737=CARTESIAN_POINT('',(0.73,0.,0.02));
#20738=CARTESIAN_POINT('',(0.715,0.,0.02));
#20739=CARTESIAN_POINT('',(0.73,0.29,0.02));
#20740=CARTESIAN_POINT('',(0.73,0.,0.02));
#20741=CARTESIAN_POINT('',(0.7,0.,0.));
#20742=CARTESIAN_POINT('',(0.694,0.29,-0.02));
#20743=CARTESIAN_POINT('',(0.679,0.29,-0.02));
#20744=CARTESIAN_POINT('',(0.679,0.,-0.02));
#20745=CARTESIAN_POINT('',(0.694,0.29,-0.02));
#20746=CARTESIAN_POINT('',(0.694,0.,-0.02));
#20747=CARTESIAN_POINT('',(0.694,0.,-0.02));
#20748=CARTESIAN_POINT('',(0.679,0.29,-0.02));
#20749=CARTESIAN_POINT('',(0.679,0.29,0.02));
#20750=CARTESIAN_POINT('',(0.679,0.,0.02));
#20751=CARTESIAN_POINT('',(0.679,0.,-0.02));
#20752=CARTESIAN_POINT('',(0.679,0.29,0.02));
#20753=CARTESIAN_POINT('',(0.694,0.29,0.02));
#20754=CARTESIAN_POINT('',(0.694,0.,0.02));
#20755=CARTESIAN_POINT('',(0.679,0.,0.02));
#20756=CARTESIAN_POINT('',(0.694,0.29,0.02));
#20757=CARTESIAN_POINT('',(0.694,0.,0.02));
#20758=CARTESIAN_POINT('',(0.664,0.,0.));
#20759=CARTESIAN_POINT('',(0.63,0.29,-0.02));
#20760=CARTESIAN_POINT('',(0.615,0.29,-0.02));
#20761=CARTESIAN_POINT('',(0.615,0.,-0.02));
#20762=CARTESIAN_POINT('',(0.63,0.29,-0.02));
#20763=CARTESIAN_POINT('',(0.63,0.,-0.02));
#20764=CARTESIAN_POINT('',(0.63,0.,-0.02));
#20765=CARTESIAN_POINT('',(0.615,0.29,-0.02));
#20766=CARTESIAN_POINT('',(0.615,0.29,0.02));
#20767=CARTESIAN_POINT('',(0.615,0.,0.02));
#20768=CARTESIAN_POINT('',(0.615,0.,-0.02));
#20769=CARTESIAN_POINT('',(0.615,0.29,0.02));
#20770=CARTESIAN_POINT('',(0.63,0.29,0.02));
#20771=CARTESIAN_POINT('',(0.63,0.,0.02));
#20772=CARTESIAN_POINT('',(0.615,0.,0.02));
#20773=CARTESIAN_POINT('',(0.63,0.29,0.02));
#20774=CARTESIAN_POINT('',(0.63,0.,0.02));
#20775=CARTESIAN_POINT('',(0.6,0.,0.));
#20776=CARTESIAN_POINT('',(0.594,0.29,-0.02));
#20777=CARTESIAN_POINT('',(0.579,0.29,-0.02));
#20778=CARTESIAN_POINT('',(0.579,0.,-0.02));
#20779=CARTESIAN_POINT('',(0.594,0.29,-0.02));
#20780=CARTESIAN_POINT('',(0.594,0.,-0.02));
#20781=CARTESIAN_POINT('',(0.594,0.,-0.02));
#20782=CARTESIAN_POINT('',(0.579,0.29,-0.02));
#20783=CARTESIAN_POINT('',(0.579,0.29,0.02));
#20784=CARTESIAN_POINT('',(0.579,0.,0.02));
#20785=CARTESIAN_POINT('',(0.579,0.,-0.02));
#20786=CARTESIAN_POINT('',(0.579,0.29,0.02));
#20787=CARTESIAN_POINT('',(0.594,0.29,0.02));
#20788=CARTESIAN_POINT('',(0.594,0.,0.02));
#20789=CARTESIAN_POINT('',(0.579,0.,0.02));
#20790=CARTESIAN_POINT('',(0.594,0.29,0.02));
#20791=CARTESIAN_POINT('',(0.594,0.,0.02));
#20792=CARTESIAN_POINT('',(0.564,0.,0.));
#20793=CARTESIAN_POINT('',(0.53,0.29,-0.02));
#20794=CARTESIAN_POINT('',(0.515,0.29,-0.02));
#20795=CARTESIAN_POINT('',(0.515,0.,-0.02));
#20796=CARTESIAN_POINT('',(0.53,0.29,-0.02));
#20797=CARTESIAN_POINT('',(0.53,0.,-0.02));
#20798=CARTESIAN_POINT('',(0.53,0.,-0.02));
#20799=CARTESIAN_POINT('',(0.515,0.29,-0.02));
#20800=CARTESIAN_POINT('',(0.515,0.29,0.02));
#20801=CARTESIAN_POINT('',(0.515,0.,0.02));
#20802=CARTESIAN_POINT('',(0.515,0.,-0.02));
#20803=CARTESIAN_POINT('',(0.515,0.29,0.02));
#20804=CARTESIAN_POINT('',(0.53,0.29,0.02));
#20805=CARTESIAN_POINT('',(0.53,0.,0.02));
#20806=CARTESIAN_POINT('',(0.515,0.,0.02));
#20807=CARTESIAN_POINT('',(0.53,0.29,0.02));
#20808=CARTESIAN_POINT('',(0.53,0.,0.02));
#20809=CARTESIAN_POINT('',(0.5,0.,0.));
#20810=CARTESIAN_POINT('',(0.494,0.29,-0.02));
#20811=CARTESIAN_POINT('',(0.479,0.29,-0.02));
#20812=CARTESIAN_POINT('',(0.479,0.,-0.02));
#20813=CARTESIAN_POINT('',(0.494,0.29,-0.02));
#20814=CARTESIAN_POINT('',(0.494,0.,-0.02));
#20815=CARTESIAN_POINT('',(0.494,0.,-0.02));
#20816=CARTESIAN_POINT('',(0.479,0.29,-0.02));
#20817=CARTESIAN_POINT('',(0.479,0.29,0.02));
#20818=CARTESIAN_POINT('',(0.479,0.,0.02));
#20819=CARTESIAN_POINT('',(0.479,0.,-0.02));
#20820=CARTESIAN_POINT('',(0.479,0.29,0.02));
#20821=CARTESIAN_POINT('',(0.494,0.29,0.02));
#20822=CARTESIAN_POINT('',(0.494,0.,0.02));
#20823=CARTESIAN_POINT('',(0.479,0.,0.02));
#20824=CARTESIAN_POINT('',(0.494,0.29,0.02));
#20825=CARTESIAN_POINT('',(0.494,0.,0.02));
#20826=CARTESIAN_POINT('',(0.464,0.,0.));
#20827=CARTESIAN_POINT('',(0.43,0.29,-0.02));
#20828=CARTESIAN_POINT('',(0.415,0.29,-0.02));
#20829=CARTESIAN_POINT('',(0.415,0.,-0.02));
#20830=CARTESIAN_POINT('',(0.43,0.29,-0.02));
#20831=CARTESIAN_POINT('',(0.43,0.,-0.02));
#20832=CARTESIAN_POINT('',(0.43,0.,-0.02));
#20833=CARTESIAN_POINT('',(0.415,0.29,-0.02));
#20834=CARTESIAN_POINT('',(0.415,0.29,0.02));
#20835=CARTESIAN_POINT('',(0.415,0.,0.02));
#20836=CARTESIAN_POINT('',(0.415,0.,-0.02));
#20837=CARTESIAN_POINT('',(0.415,0.29,0.02));
#20838=CARTESIAN_POINT('',(0.43,0.29,0.02));
#20839=CARTESIAN_POINT('',(0.43,0.,0.02));
#20840=CARTESIAN_POINT('',(0.415,0.,0.02));
#20841=CARTESIAN_POINT('',(0.43,0.29,0.02));
#20842=CARTESIAN_POINT('',(0.43,0.,0.02));
#20843=CARTESIAN_POINT('',(0.4,0.,0.));
#20844=CARTESIAN_POINT('',(0.394,0.29,-0.02));
#20845=CARTESIAN_POINT('',(0.379,0.29,-0.02));
#20846=CARTESIAN_POINT('',(0.379,0.,-0.02));
#20847=CARTESIAN_POINT('',(0.394,0.29,-0.02));
#20848=CARTESIAN_POINT('',(0.394,0.,-0.02));
#20849=CARTESIAN_POINT('',(0.394,0.,-0.02));
#20850=CARTESIAN_POINT('',(0.379,0.29,-0.02));
#20851=CARTESIAN_POINT('',(0.379,0.29,0.02));
#20852=CARTESIAN_POINT('',(0.379,0.,0.02));
#20853=CARTESIAN_POINT('',(0.379,0.,-0.02));
#20854=CARTESIAN_POINT('',(0.379,0.29,0.02));
#20855=CARTESIAN_POINT('',(0.394,0.29,0.02));
#20856=CARTESIAN_POINT('',(0.394,0.,0.02));
#20857=CARTESIAN_POINT('',(0.379,0.,0.02));
#20858=CARTESIAN_POINT('',(0.394,0.29,0.02));
#20859=CARTESIAN_POINT('',(0.394,0.,0.02));
#20860=CARTESIAN_POINT('',(0.364,0.,0.));
#20861=CARTESIAN_POINT('',(0.33,0.29,-0.02));
#20862=CARTESIAN_POINT('',(0.315,0.29,-0.02));
#20863=CARTESIAN_POINT('',(0.315,0.,-0.02));
#20864=CARTESIAN_POINT('',(0.33,0.29,-0.02));
#20865=CARTESIAN_POINT('',(0.33,0.,-0.02));
#20866=CARTESIAN_POINT('',(0.33,0.,-0.02));
#20867=CARTESIAN_POINT('',(0.315,0.29,-0.02));
#20868=CARTESIAN_POINT('',(0.315,0.29,0.02));
#20869=CARTESIAN_POINT('',(0.315,0.,0.02));
#20870=CARTESIAN_POINT('',(0.315,0.,-0.02));
#20871=CARTESIAN_POINT('',(0.315,0.29,0.02));
#20872=CARTESIAN_POINT('',(0.33,0.29,0.02));
#20873=CARTESIAN_POINT('',(0.33,0.,0.02));
#20874=CARTESIAN_POINT('',(0.315,0.,0.02));
#20875=CARTESIAN_POINT('',(0.33,0.29,0.02));
#20876=CARTESIAN_POINT('',(0.33,0.,0.02));
#20877=CARTESIAN_POINT('',(0.3,0.,0.));
#20878=CARTESIAN_POINT('',(0.294,0.29,-0.02));
#20879=CARTESIAN_POINT('',(0.279,0.29,-0.02));
#20880=CARTESIAN_POINT('',(0.279,0.,-0.02));
#20881=CARTESIAN_POINT('',(0.294,0.29,-0.02));
#20882=CARTESIAN_POINT('',(0.294,0.,-0.02));
#20883=CARTESIAN_POINT('',(0.294,0.,-0.02));
#20884=CARTESIAN_POINT('',(0.279,0.29,-0.02));
#20885=CARTESIAN_POINT('',(0.279,0.29,0.02));
#20886=CARTESIAN_POINT('',(0.279,0.,0.02));
#20887=CARTESIAN_POINT('',(0.279,0.,-0.02));
#20888=CARTESIAN_POINT('',(0.279,0.29,0.02));
#20889=CARTESIAN_POINT('',(0.294,0.29,0.02));
#20890=CARTESIAN_POINT('',(0.294,0.,0.02));
#20891=CARTESIAN_POINT('',(0.279,0.,0.02));
#20892=CARTESIAN_POINT('',(0.294,0.29,0.02));
#20893=CARTESIAN_POINT('',(0.294,0.,0.02));
#20894=CARTESIAN_POINT('',(0.264,0.,0.));
#20895=CARTESIAN_POINT('',(0.23,0.29,-0.02));
#20896=CARTESIAN_POINT('',(0.215,0.29,-0.02));
#20897=CARTESIAN_POINT('',(0.215,0.,-0.02));
#20898=CARTESIAN_POINT('',(0.23,0.29,-0.02));
#20899=CARTESIAN_POINT('',(0.23,0.,-0.02));
#20900=CARTESIAN_POINT('',(0.23,0.,-0.02));
#20901=CARTESIAN_POINT('',(0.215,0.29,-0.02));
#20902=CARTESIAN_POINT('',(0.215,0.29,0.02));
#20903=CARTESIAN_POINT('',(0.215,0.,0.02));
#20904=CARTESIAN_POINT('',(0.215,0.,-0.02));
#20905=CARTESIAN_POINT('',(0.215,0.29,0.02));
#20906=CARTESIAN_POINT('',(0.23,0.29,0.02));
#20907=CARTESIAN_POINT('',(0.23,0.,0.02));
#20908=CARTESIAN_POINT('',(0.215,0.,0.02));
#20909=CARTESIAN_POINT('',(0.23,0.29,0.02));
#20910=CARTESIAN_POINT('',(0.23,0.,0.02));
#20911=CARTESIAN_POINT('',(0.2,0.,0.));
#20912=CARTESIAN_POINT('',(0.194,0.29,-0.02));
#20913=CARTESIAN_POINT('',(0.179,0.29,-0.02));
#20914=CARTESIAN_POINT('',(0.179,0.,-0.02));
#20915=CARTESIAN_POINT('',(0.194,0.29,-0.02));
#20916=CARTESIAN_POINT('',(0.194,0.,-0.02));
#20917=CARTESIAN_POINT('',(0.194,0.,-0.02));
#20918=CARTESIAN_POINT('',(0.179,0.29,-0.02));
#20919=CARTESIAN_POINT('',(0.179,0.29,0.02));
#20920=CARTESIAN_POINT('',(0.179,0.,0.02));
#20921=CARTESIAN_POINT('',(0.179,0.,-0.02));
#20922=CARTESIAN_POINT('',(0.179,0.29,0.02));
#20923=CARTESIAN_POINT('',(0.194,0.29,0.02));
#20924=CARTESIAN_POINT('',(0.194,0.,0.02));
#20925=CARTESIAN_POINT('',(0.179,0.,0.02));
#20926=CARTESIAN_POINT('',(0.194,0.29,0.02));
#20927=CARTESIAN_POINT('',(0.194,0.,0.02));
#20928=CARTESIAN_POINT('',(0.164,0.,0.));
#20929=CARTESIAN_POINT('',(0.13,0.29,-0.02));
#20930=CARTESIAN_POINT('',(0.115,0.29,-0.02));
#20931=CARTESIAN_POINT('',(0.115,0.,-0.02));
#20932=CARTESIAN_POINT('',(0.13,0.29,-0.02));
#20933=CARTESIAN_POINT('',(0.13,0.,-0.02));
#20934=CARTESIAN_POINT('',(0.13,0.,-0.02));
#20935=CARTESIAN_POINT('',(0.115,0.29,-0.02));
#20936=CARTESIAN_POINT('',(0.115,0.29,0.02));
#20937=CARTESIAN_POINT('',(0.115,0.,0.02));
#20938=CARTESIAN_POINT('',(0.115,0.,-0.02));
#20939=CARTESIAN_POINT('',(0.115,0.29,0.02));
#20940=CARTESIAN_POINT('',(0.13,0.29,0.02));
#20941=CARTESIAN_POINT('',(0.13,0.,0.02));
#20942=CARTESIAN_POINT('',(0.115,0.,0.02));
#20943=CARTESIAN_POINT('',(0.13,0.29,0.02));
#20944=CARTESIAN_POINT('',(0.13,0.,0.02));
#20945=CARTESIAN_POINT('',(0.1,0.,0.));
#20946=CARTESIAN_POINT('',(0.094,0.29,-0.02));
#20947=CARTESIAN_POINT('',(0.079,0.29,-0.02));
#20948=CARTESIAN_POINT('',(0.079,0.,-0.02));
#20949=CARTESIAN_POINT('',(0.094,0.29,-0.02));
#20950=CARTESIAN_POINT('',(0.094,0.,-0.02));
#20951=CARTESIAN_POINT('',(0.094,0.,-0.02));
#20952=CARTESIAN_POINT('',(0.079,0.29,-0.02));
#20953=CARTESIAN_POINT('',(0.079,0.29,0.02));
#20954=CARTESIAN_POINT('',(0.079,0.,0.02));
#20955=CARTESIAN_POINT('',(0.079,0.,-0.02));
#20956=CARTESIAN_POINT('',(0.079,0.29,0.02));
#20957=CARTESIAN_POINT('',(0.094,0.29,0.02));
#20958=CARTESIAN_POINT('',(0.094,0.,0.02));
#20959=CARTESIAN_POINT('',(0.079,0.,0.02));
#20960=CARTESIAN_POINT('',(0.094,0.29,0.02));
#20961=CARTESIAN_POINT('',(0.094,0.,0.02));
#20962=CARTESIAN_POINT('',(0.064,0.,0.));
#20963=CARTESIAN_POINT('',(-0.4045,-0.3,0.));
#20964=(
GEOMETRIC_REPRESENTATION_CONTEXT(3)
GLOBAL_UNCERTAINTY_ASSIGNED_CONTEXT((#20969))
GLOBAL_UNIT_ASSIGNED_CONTEXT((#20976,#20975,#20974))
REPRESENTATION_CONTEXT('ESW-108-58-G-D','TOP_LEVEL_ASSEMBLY_PART')
);
#20965=(
GEOMETRIC_REPRESENTATION_CONTEXT(3)
GLOBAL_UNCERTAINTY_ASSIGNED_CONTEXT((#20970))
GLOBAL_UNIT_ASSIGNED_CONTEXT((#20976,#20975,#20974))
REPRESENTATION_CONTEXT('ESW-108-58-G-D_socket','COMPONENT_PART')
);
#20966=(
GEOMETRIC_REPRESENTATION_CONTEXT(3)
GLOBAL_UNCERTAINTY_ASSIGNED_CONTEXT((#20971))
GLOBAL_UNIT_ASSIGNED_CONTEXT((#20976,#20975,#20974))
REPRESENTATION_CONTEXT('ESW-108-58-G-D_pins','COMPONENT_PART')
);
#20967=(
GEOMETRIC_REPRESENTATION_CONTEXT(3)
GLOBAL_UNCERTAINTY_ASSIGNED_CONTEXT((#20972))
GLOBAL_UNIT_ASSIGNED_CONTEXT((#20976,#20975,#20974))
REPRESENTATION_CONTEXT('ESW-108-58-G-D2_PINS','COMPONENT_PART')
);
#20968=(
GEOMETRIC_REPRESENTATION_CONTEXT(3)
GLOBAL_UNCERTAINTY_ASSIGNED_CONTEXT((#20973))
GLOBAL_UNIT_ASSIGNED_CONTEXT((#20976,#20975,#20974))
REPRESENTATION_CONTEXT('ESW-108-58-G-D_bsocket','COMPONENT_PART')
);
#20969=UNCERTAINTY_MEASURE_WITH_UNIT(LENGTH_MEASURE(3.93700787401575E-7),
#20976,'DISTANCE_ACCURACY_VALUE','Maximum Tolerance applied to model');
#20970=UNCERTAINTY_MEASURE_WITH_UNIT(LENGTH_MEASURE(3.93700787401575E-7),
#20976,'DISTANCE_ACCURACY_VALUE','Maximum Tolerance applied to model');
#20971=UNCERTAINTY_MEASURE_WITH_UNIT(LENGTH_MEASURE(3.93700787401575E-7),
#20976,'DISTANCE_ACCURACY_VALUE','Maximum Tolerance applied to model');
#20972=UNCERTAINTY_MEASURE_WITH_UNIT(LENGTH_MEASURE(3.93700787401575E-7),
#20976,'DISTANCE_ACCURACY_VALUE','Maximum Tolerance applied to model');
#20973=UNCERTAINTY_MEASURE_WITH_UNIT(LENGTH_MEASURE(3.93700787401575E-7),
#20976,'DISTANCE_ACCURACY_VALUE','Maximum Tolerance applied to model');
#20974=(
NAMED_UNIT(*)
SI_UNIT($,.STERADIAN.)
SOLID_ANGLE_UNIT()
);
#20975=(
NAMED_UNIT(*)
PLANE_ANGLE_UNIT()
SI_UNIT($,.RADIAN.)
);
#20976=(
CONVERSION_BASED_UNIT('INCH',#20978)
LENGTH_UNIT()
NAMED_UNIT(#20977)
);
#20977=DIMENSIONAL_EXPONENTS(1.,0.,0.,0.,0.,0.,0.);
#20978=LENGTH_MEASURE_WITH_UNIT(LENGTH_MEASURE(25.4),#20979);
#20979=(
LENGTH_UNIT()
NAMED_UNIT(*)
SI_UNIT(.MILLI.,.METRE.)
);
#20980=PRODUCT_DEFINITION_SHAPE('','',#20989);
#20981=PRODUCT_DEFINITION_SHAPE('','',#20990);
#20982=PRODUCT_DEFINITION_SHAPE(' ','NAUO PRDDFN',#70);
#20983=PRODUCT_DEFINITION_SHAPE('','',#20991);
#20984=PRODUCT_DEFINITION_SHAPE(' ','NAUO PRDDFN',#71);
#20985=PRODUCT_DEFINITION_SHAPE('','',#20992);
#20986=PRODUCT_DEFINITION_SHAPE(' ','NAUO PRDDFN',#72);
#20987=PRODUCT_DEFINITION_SHAPE('','',#20993);
#20988=PRODUCT_DEFINITION_SHAPE(' ','NAUO PRDDFN',#73);
#20989=PRODUCT_DEFINITION('','',#20999,#20994);
#20990=PRODUCT_DEFINITION('','',#21000,#20995);
#20991=PRODUCT_DEFINITION('','',#21001,#20996);
#20992=PRODUCT_DEFINITION('','',#21002,#20997);
#20993=PRODUCT_DEFINITION('','',#21003,#20998);
#20994=DESIGN_CONTEXT('',#21025,'design');
#20995=DESIGN_CONTEXT('',#21025,'design');
#20996=DESIGN_CONTEXT('',#21025,'design');
#20997=DESIGN_CONTEXT('',#21025,'design');
#20998=DESIGN_CONTEXT('',#21025,'design');
#20999=PRODUCT_DEFINITION_FORMATION_WITH_SPECIFIED_SOURCE('','',#21009,
 .NOT_KNOWN.);
#21000=PRODUCT_DEFINITION_FORMATION_WITH_SPECIFIED_SOURCE('','',#21010,
 .NOT_KNOWN.);
#21001=PRODUCT_DEFINITION_FORMATION_WITH_SPECIFIED_SOURCE('','',#21011,
 .NOT_KNOWN.);
#21002=PRODUCT_DEFINITION_FORMATION_WITH_SPECIFIED_SOURCE('','',#21012,
 .NOT_KNOWN.);
#21003=PRODUCT_DEFINITION_FORMATION_WITH_SPECIFIED_SOURCE('','',#21013,
 .NOT_KNOWN.);
#21004=PRODUCT_RELATED_PRODUCT_CATEGORY('','',(#21009));
#21005=PRODUCT_RELATED_PRODUCT_CATEGORY('','',(#21010));
#21006=PRODUCT_RELATED_PRODUCT_CATEGORY('','',(#21011));
#21007=PRODUCT_RELATED_PRODUCT_CATEGORY('','',(#21012));
#21008=PRODUCT_RELATED_PRODUCT_CATEGORY('','',(#21013));
#21009=PRODUCT('ESW-108-58-G-D','ESW-108-58-G-D','ESW-108-58-G-D',(#21019));
#21010=PRODUCT('ESW-108-58-G-D_socket','ESW-108-58-G-D_socket',
'ESW-108-58-G-D_socket',(#21020));
#21011=PRODUCT('ESW-108-58-G-D_pins','ESW-108-58-G-D_pins',
'ESW-108-58-G-D_pins',(#21021));
#21012=PRODUCT('ESW-108-58-G-D2_PINS','ESW-108-58-G-D2_PINS',
'ESW-108-58-G-D2_PINS',(#21022));
#21013=PRODUCT('ESW-108-58-G-D_bsocket','ESW-108-58-G-D_bsocket',
'ESW-108-58-G-D_bsocket',(#21023));
#21014=PRODUCT_CATEGORY('','');
#21015=PRODUCT_CATEGORY('','');
#21016=PRODUCT_CATEGORY('','');
#21017=PRODUCT_CATEGORY('','');
#21018=PRODUCT_CATEGORY('','');
#21019=MECHANICAL_CONTEXT('',#21025,'mechanical');
#21020=MECHANICAL_CONTEXT('',#21025,'mechanical');
#21021=MECHANICAL_CONTEXT('',#21025,'mechanical');
#21022=MECHANICAL_CONTEXT('',#21025,'mechanical');
#21023=MECHANICAL_CONTEXT('',#21025,'mechanical');
#21024=APPLICATION_PROTOCOL_DEFINITION('international standard',
'config_control_design',2010,#21025);
#21025=APPLICATION_CONTEXT(
'configuration controlled 3D designs of mechanical parts and assemblie
s');
ENDSEC;
END-ISO-10303-21;
