ISO-10303-21;
HEADER;
/* Generated by software containing ST-Developer
 * from STEP Tools, Inc. (www.steptools.com) 
 */

FILE_DESCRIPTION(
/* description */ ('STEP AP214'),
/* implementation_level */ '2;1');

FILE_NAME(
/* name */ 'SAM-M10Q-00B_v1.step',
/* time_stamp */ '2025-10-30T23:31:13+01:00',
/* author */ (''),
/* organization */ (''),
/* preprocessor_version */ 'ST-DEVELOPER v20.1',
/* originating_system */ 'Autodesk Translation Framework v14.17.0.0',
/* authorisation */ '');

FILE_SCHEMA (('AUTOMOTIVE_DESIGN { 1 0 10303 214 3 1 1 }'));
ENDSEC;

DATA;
#10=MECHANICAL_DESIGN_GEOMETRIC_PRESENTATION_REPRESENTATION('',(#114,#115,
#116,#117,#118,#119,#120,#121,#122,#123,#124,#125,#126,#127,#128,#129,#130,
#131,#132,#133,#134,#135,#136,#137,#138,#139,#140,#141,#142),#8301);
#11=SHAPE_REPRESENTATION_RELATIONSHIP('SRR','None',#8308,#12);
#12=ADVANCED_BREP_SHAPE_REPRESENTATION('',(#143,#144,#145,#146,#147,#148,
#149,#150,#151,#152,#153,#154,#155,#156,#157,#158,#159,#160,#161,#162,#163,
#164,#165,#166,#167,#168,#169,#170,#171),#8300);
#13=ELLIPSE('',#5488,0.140710986037932,0.129999999999935);
#14=ELLIPSE('',#5492,0.140710986037858,0.12999999999985);
#15=ELLIPSE('',#5506,0.140710986037898,0.129999999999884);
#16=ELLIPSE('',#5510,0.140710986037901,0.129999999999892);
#17=TOROIDAL_SURFACE('',#5483,1.47,0.13);
#18=TOROIDAL_SURFACE('',#5485,1.47,0.13);
#19=TOROIDAL_SURFACE('',#5493,1.47,0.13);
#20=TOROIDAL_SURFACE('',#5499,1.47,0.13);
#21=TOROIDAL_SURFACE('',#5501,1.47,0.13);
#22=TOROIDAL_SURFACE('',#5507,1.47,0.13);
#23=FACE_BOUND('',#521,.T.);
#24=FACE_BOUND('',#522,.T.);
#25=FACE_BOUND('',#523,.T.);
#26=FACE_BOUND('',#524,.T.);
#27=FACE_BOUND('',#525,.T.);
#28=FACE_BOUND('',#526,.T.);
#29=FACE_BOUND('',#527,.T.);
#30=FACE_BOUND('',#528,.T.);
#31=FACE_BOUND('',#529,.T.);
#32=FACE_BOUND('',#530,.T.);
#33=FACE_BOUND('',#531,.T.);
#34=FACE_BOUND('',#532,.T.);
#35=FACE_BOUND('',#533,.T.);
#36=FACE_BOUND('',#534,.T.);
#37=FACE_BOUND('',#535,.T.);
#38=FACE_BOUND('',#536,.T.);
#39=FACE_BOUND('',#537,.T.);
#40=FACE_BOUND('',#538,.T.);
#41=FACE_BOUND('',#539,.T.);
#42=FACE_BOUND('',#540,.T.);
#43=FACE_BOUND('',#541,.T.);
#44=FACE_BOUND('',#547,.T.);
#45=FACE_BOUND('',#782,.T.);
#46=FACE_BOUND('',#783,.T.);
#47=CIRCLE('',#5175,0.250000000000002);
#48=CIRCLE('',#5176,0.250000000000002);
#49=CIRCLE('',#5182,0.250000000000002);
#50=CIRCLE('',#5183,0.250000000000002);
#51=CIRCLE('',#5190,0.250000000000002);
#52=CIRCLE('',#5191,0.250000000000002);
#53=CIRCLE('',#5198,0.250000000000002);
#54=CIRCLE('',#5199,0.250000000000002);
#55=CIRCLE('',#5214,1.);
#56=CIRCLE('',#5215,1.);
#57=CIRCLE('',#5216,1.);
#58=CIRCLE('',#5217,1.);
#59=CIRCLE('',#5223,1.);
#60=CIRCLE('',#5224,1.);
#61=CIRCLE('',#5225,1.);
#62=CIRCLE('',#5226,1.);
#63=CIRCLE('',#5456,0.35);
#64=CIRCLE('',#5457,0.35);
#65=CIRCLE('',#5463,1.47);
#66=CIRCLE('',#5464,1.47);
#67=CIRCLE('',#5465,1.47);
#68=CIRCLE('',#5467,1.47);
#69=CIRCLE('',#5468,1.47);
#70=CIRCLE('',#5469,1.47);
#71=CIRCLE('',#5471,1.6);
#72=CIRCLE('',#5472,1.6);
#73=CIRCLE('',#5474,1.6);
#74=CIRCLE('',#5475,1.6);
#75=CIRCLE('',#5477,1.6);
#76=CIRCLE('',#5478,1.6);
#77=CIRCLE('',#5481,0.13);
#78=CIRCLE('',#5482,0.13);
#79=CIRCLE('',#5484,0.13);
#80=CIRCLE('',#5486,0.13);
#81=CIRCLE('',#5490,0.13);
#82=CIRCLE('',#5494,0.13);
#83=CIRCLE('',#5497,0.13);
#84=CIRCLE('',#5498,0.13);
#85=CIRCLE('',#5500,0.13);
#86=CIRCLE('',#5502,0.13);
#87=CIRCLE('',#5504,0.13);
#88=CIRCLE('',#5508,0.13);
#89=CIRCLE('',#5521,0.35);
#90=CIRCLE('',#5522,0.35);
#91=CYLINDRICAL_SURFACE('',#5174,0.250000000000002);
#92=CYLINDRICAL_SURFACE('',#5181,0.250000000000002);
#93=CYLINDRICAL_SURFACE('',#5189,0.250000000000002);
#94=CYLINDRICAL_SURFACE('',#5197,0.250000000000002);
#95=CYLINDRICAL_SURFACE('',#5228,1.);
#96=CYLINDRICAL_SURFACE('',#5230,1.);
#97=CYLINDRICAL_SURFACE('',#5232,1.);
#98=CYLINDRICAL_SURFACE('',#5234,1.);
#99=CYLINDRICAL_SURFACE('',#5455,0.35);
#100=CYLINDRICAL_SURFACE('',#5470,1.6);
#101=CYLINDRICAL_SURFACE('',#5473,1.6);
#102=CYLINDRICAL_SURFACE('',#5476,1.6);
#103=CYLINDRICAL_SURFACE('',#5480,0.13);
#104=CYLINDRICAL_SURFACE('',#5487,0.13);
#105=CYLINDRICAL_SURFACE('',#5489,0.13);
#106=CYLINDRICAL_SURFACE('',#5491,0.13);
#107=CYLINDRICAL_SURFACE('',#5495,0.13);
#108=CYLINDRICAL_SURFACE('',#5496,0.13);
#109=CYLINDRICAL_SURFACE('',#5503,0.13);
#110=CYLINDRICAL_SURFACE('',#5505,0.13);
#111=CYLINDRICAL_SURFACE('',#5509,0.13);
#112=CYLINDRICAL_SURFACE('',#5511,0.13);
#113=CYLINDRICAL_SURFACE('',#5520,0.35);
#114=STYLED_ITEM('',(#8318),#143);
#115=STYLED_ITEM('',(#8319),#144);
#116=STYLED_ITEM('',(#8319),#145);
#117=STYLED_ITEM('',(#8319),#146);
#118=STYLED_ITEM('',(#8319),#147);
#119=STYLED_ITEM('',(#8320),#148);
#120=STYLED_ITEM('',(#8321),#149);
#121=STYLED_ITEM('',(#8322),#150);
#122=STYLED_ITEM('',(#8322),#151);
#123=STYLED_ITEM('',(#8322),#152);
#124=STYLED_ITEM('',(#8322),#153);
#125=STYLED_ITEM('',(#8322),#154);
#126=STYLED_ITEM('',(#8322),#155);
#127=STYLED_ITEM('',(#8322),#156);
#128=STYLED_ITEM('',(#8322),#157);
#129=STYLED_ITEM('',(#8322),#158);
#130=STYLED_ITEM('',(#8322),#159);
#131=STYLED_ITEM('',(#8322),#160);
#132=STYLED_ITEM('',(#8322),#161);
#133=STYLED_ITEM('',(#8322),#162);
#134=STYLED_ITEM('',(#8322),#163);
#135=STYLED_ITEM('',(#8322),#164);
#136=STYLED_ITEM('',(#8322),#165);
#137=STYLED_ITEM('',(#8322),#166);
#138=STYLED_ITEM('',(#8322),#167);
#139=STYLED_ITEM('',(#8322),#168);
#140=STYLED_ITEM('',(#8322),#169);
#141=STYLED_ITEM('',(#8319),#170);
#142=STYLED_ITEM('',(#8320),#171);
#143=MANIFOLD_SOLID_BREP('Body1',#5125);
#144=MANIFOLD_SOLID_BREP('Body2',#5126);
#145=MANIFOLD_SOLID_BREP('Body3',#5127);
#146=MANIFOLD_SOLID_BREP('Body4',#5128);
#147=MANIFOLD_SOLID_BREP('Body5',#5129);
#148=MANIFOLD_SOLID_BREP('Body6',#5130);
#149=MANIFOLD_SOLID_BREP('Body7',#5131);
#150=MANIFOLD_SOLID_BREP('Body8',#5132);
#151=MANIFOLD_SOLID_BREP('Body9',#5133);
#152=MANIFOLD_SOLID_BREP('Body10',#5134);
#153=MANIFOLD_SOLID_BREP('Body11',#5135);
#154=MANIFOLD_SOLID_BREP('Body12',#5136);
#155=MANIFOLD_SOLID_BREP('Body13',#5137);
#156=MANIFOLD_SOLID_BREP('Body14',#5138);
#157=MANIFOLD_SOLID_BREP('Body15',#5139);
#158=MANIFOLD_SOLID_BREP('Body16',#5140);
#159=MANIFOLD_SOLID_BREP('Body17',#5141);
#160=MANIFOLD_SOLID_BREP('Body18',#5142);
#161=MANIFOLD_SOLID_BREP('Body19',#5143);
#162=MANIFOLD_SOLID_BREP('Body20',#5144);
#163=MANIFOLD_SOLID_BREP('Body21',#5145);
#164=MANIFOLD_SOLID_BREP('Body22',#5146);
#165=MANIFOLD_SOLID_BREP('Body23',#5147);
#166=MANIFOLD_SOLID_BREP('Body24',#5148);
#167=MANIFOLD_SOLID_BREP('Body25',#5149);
#168=MANIFOLD_SOLID_BREP('Body26',#5150);
#169=MANIFOLD_SOLID_BREP('Body27',#5151);
#170=MANIFOLD_SOLID_BREP('Body28',#5152);
#171=MANIFOLD_SOLID_BREP('Body29',#5153);
#172=FACE_OUTER_BOUND('',#482,.T.);
#173=FACE_OUTER_BOUND('',#483,.T.);
#174=FACE_OUTER_BOUND('',#484,.T.);
#175=FACE_OUTER_BOUND('',#485,.T.);
#176=FACE_OUTER_BOUND('',#486,.T.);
#177=FACE_OUTER_BOUND('',#487,.T.);
#178=FACE_OUTER_BOUND('',#488,.T.);
#179=FACE_OUTER_BOUND('',#489,.T.);
#180=FACE_OUTER_BOUND('',#490,.T.);
#181=FACE_OUTER_BOUND('',#491,.T.);
#182=FACE_OUTER_BOUND('',#492,.T.);
#183=FACE_OUTER_BOUND('',#493,.T.);
#184=FACE_OUTER_BOUND('',#494,.T.);
#185=FACE_OUTER_BOUND('',#495,.T.);
#186=FACE_OUTER_BOUND('',#496,.T.);
#187=FACE_OUTER_BOUND('',#497,.T.);
#188=FACE_OUTER_BOUND('',#498,.T.);
#189=FACE_OUTER_BOUND('',#499,.T.);
#190=FACE_OUTER_BOUND('',#500,.T.);
#191=FACE_OUTER_BOUND('',#501,.T.);
#192=FACE_OUTER_BOUND('',#502,.T.);
#193=FACE_OUTER_BOUND('',#503,.T.);
#194=FACE_OUTER_BOUND('',#504,.T.);
#195=FACE_OUTER_BOUND('',#505,.T.);
#196=FACE_OUTER_BOUND('',#506,.T.);
#197=FACE_OUTER_BOUND('',#507,.T.);
#198=FACE_OUTER_BOUND('',#508,.T.);
#199=FACE_OUTER_BOUND('',#509,.T.);
#200=FACE_OUTER_BOUND('',#510,.T.);
#201=FACE_OUTER_BOUND('',#511,.T.);
#202=FACE_OUTER_BOUND('',#512,.T.);
#203=FACE_OUTER_BOUND('',#513,.T.);
#204=FACE_OUTER_BOUND('',#514,.T.);
#205=FACE_OUTER_BOUND('',#515,.T.);
#206=FACE_OUTER_BOUND('',#516,.T.);
#207=FACE_OUTER_BOUND('',#517,.T.);
#208=FACE_OUTER_BOUND('',#518,.T.);
#209=FACE_OUTER_BOUND('',#519,.T.);
#210=FACE_OUTER_BOUND('',#520,.T.);
#211=FACE_OUTER_BOUND('',#542,.T.);
#212=FACE_OUTER_BOUND('',#543,.T.);
#213=FACE_OUTER_BOUND('',#544,.T.);
#214=FACE_OUTER_BOUND('',#545,.T.);
#215=FACE_OUTER_BOUND('',#546,.T.);
#216=FACE_OUTER_BOUND('',#548,.T.);
#217=FACE_OUTER_BOUND('',#549,.T.);
#218=FACE_OUTER_BOUND('',#550,.T.);
#219=FACE_OUTER_BOUND('',#551,.T.);
#220=FACE_OUTER_BOUND('',#552,.T.);
#221=FACE_OUTER_BOUND('',#553,.T.);
#222=FACE_OUTER_BOUND('',#554,.T.);
#223=FACE_OUTER_BOUND('',#555,.T.);
#224=FACE_OUTER_BOUND('',#556,.T.);
#225=FACE_OUTER_BOUND('',#557,.T.);
#226=FACE_OUTER_BOUND('',#558,.T.);
#227=FACE_OUTER_BOUND('',#559,.T.);
#228=FACE_OUTER_BOUND('',#560,.T.);
#229=FACE_OUTER_BOUND('',#561,.T.);
#230=FACE_OUTER_BOUND('',#562,.T.);
#231=FACE_OUTER_BOUND('',#563,.T.);
#232=FACE_OUTER_BOUND('',#564,.T.);
#233=FACE_OUTER_BOUND('',#565,.T.);
#234=FACE_OUTER_BOUND('',#566,.T.);
#235=FACE_OUTER_BOUND('',#567,.T.);
#236=FACE_OUTER_BOUND('',#568,.T.);
#237=FACE_OUTER_BOUND('',#569,.T.);
#238=FACE_OUTER_BOUND('',#570,.T.);
#239=FACE_OUTER_BOUND('',#571,.T.);
#240=FACE_OUTER_BOUND('',#572,.T.);
#241=FACE_OUTER_BOUND('',#573,.T.);
#242=FACE_OUTER_BOUND('',#574,.T.);
#243=FACE_OUTER_BOUND('',#575,.T.);
#244=FACE_OUTER_BOUND('',#576,.T.);
#245=FACE_OUTER_BOUND('',#577,.T.);
#246=FACE_OUTER_BOUND('',#578,.T.);
#247=FACE_OUTER_BOUND('',#579,.T.);
#248=FACE_OUTER_BOUND('',#580,.T.);
#249=FACE_OUTER_BOUND('',#581,.T.);
#250=FACE_OUTER_BOUND('',#582,.T.);
#251=FACE_OUTER_BOUND('',#583,.T.);
#252=FACE_OUTER_BOUND('',#584,.T.);
#253=FACE_OUTER_BOUND('',#585,.T.);
#254=FACE_OUTER_BOUND('',#586,.T.);
#255=FACE_OUTER_BOUND('',#587,.T.);
#256=FACE_OUTER_BOUND('',#588,.T.);
#257=FACE_OUTER_BOUND('',#589,.T.);
#258=FACE_OUTER_BOUND('',#590,.T.);
#259=FACE_OUTER_BOUND('',#591,.T.);
#260=FACE_OUTER_BOUND('',#592,.T.);
#261=FACE_OUTER_BOUND('',#593,.T.);
#262=FACE_OUTER_BOUND('',#594,.T.);
#263=FACE_OUTER_BOUND('',#595,.T.);
#264=FACE_OUTER_BOUND('',#596,.T.);
#265=FACE_OUTER_BOUND('',#597,.T.);
#266=FACE_OUTER_BOUND('',#598,.T.);
#267=FACE_OUTER_BOUND('',#599,.T.);
#268=FACE_OUTER_BOUND('',#600,.T.);
#269=FACE_OUTER_BOUND('',#601,.T.);
#270=FACE_OUTER_BOUND('',#602,.T.);
#271=FACE_OUTER_BOUND('',#603,.T.);
#272=FACE_OUTER_BOUND('',#604,.T.);
#273=FACE_OUTER_BOUND('',#605,.T.);
#274=FACE_OUTER_BOUND('',#606,.T.);
#275=FACE_OUTER_BOUND('',#607,.T.);
#276=FACE_OUTER_BOUND('',#608,.T.);
#277=FACE_OUTER_BOUND('',#609,.T.);
#278=FACE_OUTER_BOUND('',#610,.T.);
#279=FACE_OUTER_BOUND('',#611,.T.);
#280=FACE_OUTER_BOUND('',#612,.T.);
#281=FACE_OUTER_BOUND('',#613,.T.);
#282=FACE_OUTER_BOUND('',#614,.T.);
#283=FACE_OUTER_BOUND('',#615,.T.);
#284=FACE_OUTER_BOUND('',#616,.T.);
#285=FACE_OUTER_BOUND('',#617,.T.);
#286=FACE_OUTER_BOUND('',#618,.T.);
#287=FACE_OUTER_BOUND('',#619,.T.);
#288=FACE_OUTER_BOUND('',#620,.T.);
#289=FACE_OUTER_BOUND('',#621,.T.);
#290=FACE_OUTER_BOUND('',#622,.T.);
#291=FACE_OUTER_BOUND('',#623,.T.);
#292=FACE_OUTER_BOUND('',#624,.T.);
#293=FACE_OUTER_BOUND('',#625,.T.);
#294=FACE_OUTER_BOUND('',#626,.T.);
#295=FACE_OUTER_BOUND('',#627,.T.);
#296=FACE_OUTER_BOUND('',#628,.T.);
#297=FACE_OUTER_BOUND('',#629,.T.);
#298=FACE_OUTER_BOUND('',#630,.T.);
#299=FACE_OUTER_BOUND('',#631,.T.);
#300=FACE_OUTER_BOUND('',#632,.T.);
#301=FACE_OUTER_BOUND('',#633,.T.);
#302=FACE_OUTER_BOUND('',#634,.T.);
#303=FACE_OUTER_BOUND('',#635,.T.);
#304=FACE_OUTER_BOUND('',#636,.T.);
#305=FACE_OUTER_BOUND('',#637,.T.);
#306=FACE_OUTER_BOUND('',#638,.T.);
#307=FACE_OUTER_BOUND('',#639,.T.);
#308=FACE_OUTER_BOUND('',#640,.T.);
#309=FACE_OUTER_BOUND('',#641,.T.);
#310=FACE_OUTER_BOUND('',#642,.T.);
#311=FACE_OUTER_BOUND('',#643,.T.);
#312=FACE_OUTER_BOUND('',#644,.T.);
#313=FACE_OUTER_BOUND('',#645,.T.);
#314=FACE_OUTER_BOUND('',#646,.T.);
#315=FACE_OUTER_BOUND('',#647,.T.);
#316=FACE_OUTER_BOUND('',#648,.T.);
#317=FACE_OUTER_BOUND('',#649,.T.);
#318=FACE_OUTER_BOUND('',#650,.T.);
#319=FACE_OUTER_BOUND('',#651,.T.);
#320=FACE_OUTER_BOUND('',#652,.T.);
#321=FACE_OUTER_BOUND('',#653,.T.);
#322=FACE_OUTER_BOUND('',#654,.T.);
#323=FACE_OUTER_BOUND('',#655,.T.);
#324=FACE_OUTER_BOUND('',#656,.T.);
#325=FACE_OUTER_BOUND('',#657,.T.);
#326=FACE_OUTER_BOUND('',#658,.T.);
#327=FACE_OUTER_BOUND('',#659,.T.);
#328=FACE_OUTER_BOUND('',#660,.T.);
#329=FACE_OUTER_BOUND('',#661,.T.);
#330=FACE_OUTER_BOUND('',#662,.T.);
#331=FACE_OUTER_BOUND('',#663,.T.);
#332=FACE_OUTER_BOUND('',#664,.T.);
#333=FACE_OUTER_BOUND('',#665,.T.);
#334=FACE_OUTER_BOUND('',#666,.T.);
#335=FACE_OUTER_BOUND('',#667,.T.);
#336=FACE_OUTER_BOUND('',#668,.T.);
#337=FACE_OUTER_BOUND('',#669,.T.);
#338=FACE_OUTER_BOUND('',#670,.T.);
#339=FACE_OUTER_BOUND('',#671,.T.);
#340=FACE_OUTER_BOUND('',#672,.T.);
#341=FACE_OUTER_BOUND('',#673,.T.);
#342=FACE_OUTER_BOUND('',#674,.T.);
#343=FACE_OUTER_BOUND('',#675,.T.);
#344=FACE_OUTER_BOUND('',#676,.T.);
#345=FACE_OUTER_BOUND('',#677,.T.);
#346=FACE_OUTER_BOUND('',#678,.T.);
#347=FACE_OUTER_BOUND('',#679,.T.);
#348=FACE_OUTER_BOUND('',#680,.T.);
#349=FACE_OUTER_BOUND('',#681,.T.);
#350=FACE_OUTER_BOUND('',#682,.T.);
#351=FACE_OUTER_BOUND('',#683,.T.);
#352=FACE_OUTER_BOUND('',#684,.T.);
#353=FACE_OUTER_BOUND('',#685,.T.);
#354=FACE_OUTER_BOUND('',#686,.T.);
#355=FACE_OUTER_BOUND('',#687,.T.);
#356=FACE_OUTER_BOUND('',#688,.T.);
#357=FACE_OUTER_BOUND('',#689,.T.);
#358=FACE_OUTER_BOUND('',#690,.T.);
#359=FACE_OUTER_BOUND('',#691,.T.);
#360=FACE_OUTER_BOUND('',#692,.T.);
#361=FACE_OUTER_BOUND('',#693,.T.);
#362=FACE_OUTER_BOUND('',#694,.T.);
#363=FACE_OUTER_BOUND('',#695,.T.);
#364=FACE_OUTER_BOUND('',#696,.T.);
#365=FACE_OUTER_BOUND('',#697,.T.);
#366=FACE_OUTER_BOUND('',#698,.T.);
#367=FACE_OUTER_BOUND('',#699,.T.);
#368=FACE_OUTER_BOUND('',#700,.T.);
#369=FACE_OUTER_BOUND('',#701,.T.);
#370=FACE_OUTER_BOUND('',#702,.T.);
#371=FACE_OUTER_BOUND('',#703,.T.);
#372=FACE_OUTER_BOUND('',#704,.T.);
#373=FACE_OUTER_BOUND('',#705,.T.);
#374=FACE_OUTER_BOUND('',#706,.T.);
#375=FACE_OUTER_BOUND('',#707,.T.);
#376=FACE_OUTER_BOUND('',#708,.T.);
#377=FACE_OUTER_BOUND('',#709,.T.);
#378=FACE_OUTER_BOUND('',#710,.T.);
#379=FACE_OUTER_BOUND('',#711,.T.);
#380=FACE_OUTER_BOUND('',#712,.T.);
#381=FACE_OUTER_BOUND('',#713,.T.);
#382=FACE_OUTER_BOUND('',#714,.T.);
#383=FACE_OUTER_BOUND('',#715,.T.);
#384=FACE_OUTER_BOUND('',#716,.T.);
#385=FACE_OUTER_BOUND('',#717,.T.);
#386=FACE_OUTER_BOUND('',#718,.T.);
#387=FACE_OUTER_BOUND('',#719,.T.);
#388=FACE_OUTER_BOUND('',#720,.T.);
#389=FACE_OUTER_BOUND('',#721,.T.);
#390=FACE_OUTER_BOUND('',#722,.T.);
#391=FACE_OUTER_BOUND('',#723,.T.);
#392=FACE_OUTER_BOUND('',#724,.T.);
#393=FACE_OUTER_BOUND('',#725,.T.);
#394=FACE_OUTER_BOUND('',#726,.T.);
#395=FACE_OUTER_BOUND('',#727,.T.);
#396=FACE_OUTER_BOUND('',#728,.T.);
#397=FACE_OUTER_BOUND('',#729,.T.);
#398=FACE_OUTER_BOUND('',#730,.T.);
#399=FACE_OUTER_BOUND('',#731,.T.);
#400=FACE_OUTER_BOUND('',#732,.T.);
#401=FACE_OUTER_BOUND('',#733,.T.);
#402=FACE_OUTER_BOUND('',#734,.T.);
#403=FACE_OUTER_BOUND('',#735,.T.);
#404=FACE_OUTER_BOUND('',#736,.T.);
#405=FACE_OUTER_BOUND('',#737,.T.);
#406=FACE_OUTER_BOUND('',#738,.T.);
#407=FACE_OUTER_BOUND('',#739,.T.);
#408=FACE_OUTER_BOUND('',#740,.T.);
#409=FACE_OUTER_BOUND('',#741,.T.);
#410=FACE_OUTER_BOUND('',#742,.T.);
#411=FACE_OUTER_BOUND('',#743,.T.);
#412=FACE_OUTER_BOUND('',#744,.T.);
#413=FACE_OUTER_BOUND('',#745,.T.);
#414=FACE_OUTER_BOUND('',#746,.T.);
#415=FACE_OUTER_BOUND('',#747,.T.);
#416=FACE_OUTER_BOUND('',#748,.T.);
#417=FACE_OUTER_BOUND('',#749,.T.);
#418=FACE_OUTER_BOUND('',#750,.T.);
#419=FACE_OUTER_BOUND('',#751,.T.);
#420=FACE_OUTER_BOUND('',#752,.T.);
#421=FACE_OUTER_BOUND('',#753,.T.);
#422=FACE_OUTER_BOUND('',#754,.T.);
#423=FACE_OUTER_BOUND('',#755,.T.);
#424=FACE_OUTER_BOUND('',#756,.T.);
#425=FACE_OUTER_BOUND('',#757,.T.);
#426=FACE_OUTER_BOUND('',#758,.T.);
#427=FACE_OUTER_BOUND('',#759,.T.);
#428=FACE_OUTER_BOUND('',#760,.T.);
#429=FACE_OUTER_BOUND('',#761,.T.);
#430=FACE_OUTER_BOUND('',#762,.T.);
#431=FACE_OUTER_BOUND('',#763,.T.);
#432=FACE_OUTER_BOUND('',#764,.T.);
#433=FACE_OUTER_BOUND('',#765,.T.);
#434=FACE_OUTER_BOUND('',#766,.T.);
#435=FACE_OUTER_BOUND('',#767,.T.);
#436=FACE_OUTER_BOUND('',#768,.T.);
#437=FACE_OUTER_BOUND('',#769,.T.);
#438=FACE_OUTER_BOUND('',#770,.T.);
#439=FACE_OUTER_BOUND('',#771,.T.);
#440=FACE_OUTER_BOUND('',#772,.T.);
#441=FACE_OUTER_BOUND('',#773,.T.);
#442=FACE_OUTER_BOUND('',#774,.T.);
#443=FACE_OUTER_BOUND('',#775,.T.);
#444=FACE_OUTER_BOUND('',#776,.T.);
#445=FACE_OUTER_BOUND('',#777,.T.);
#446=FACE_OUTER_BOUND('',#778,.T.);
#447=FACE_OUTER_BOUND('',#779,.T.);
#448=FACE_OUTER_BOUND('',#780,.T.);
#449=FACE_OUTER_BOUND('',#781,.T.);
#450=FACE_OUTER_BOUND('',#784,.T.);
#451=FACE_OUTER_BOUND('',#785,.T.);
#452=FACE_OUTER_BOUND('',#786,.T.);
#453=FACE_OUTER_BOUND('',#787,.T.);
#454=FACE_OUTER_BOUND('',#788,.T.);
#455=FACE_OUTER_BOUND('',#789,.T.);
#456=FACE_OUTER_BOUND('',#790,.T.);
#457=FACE_OUTER_BOUND('',#791,.T.);
#458=FACE_OUTER_BOUND('',#792,.T.);
#459=FACE_OUTER_BOUND('',#793,.T.);
#460=FACE_OUTER_BOUND('',#794,.T.);
#461=FACE_OUTER_BOUND('',#795,.T.);
#462=FACE_OUTER_BOUND('',#796,.T.);
#463=FACE_OUTER_BOUND('',#797,.T.);
#464=FACE_OUTER_BOUND('',#798,.T.);
#465=FACE_OUTER_BOUND('',#799,.T.);
#466=FACE_OUTER_BOUND('',#800,.T.);
#467=FACE_OUTER_BOUND('',#801,.T.);
#468=FACE_OUTER_BOUND('',#802,.T.);
#469=FACE_OUTER_BOUND('',#803,.T.);
#470=FACE_OUTER_BOUND('',#804,.T.);
#471=FACE_OUTER_BOUND('',#805,.T.);
#472=FACE_OUTER_BOUND('',#806,.T.);
#473=FACE_OUTER_BOUND('',#807,.T.);
#474=FACE_OUTER_BOUND('',#808,.T.);
#475=FACE_OUTER_BOUND('',#809,.T.);
#476=FACE_OUTER_BOUND('',#810,.T.);
#477=FACE_OUTER_BOUND('',#811,.T.);
#478=FACE_OUTER_BOUND('',#812,.T.);
#479=FACE_OUTER_BOUND('',#813,.T.);
#480=FACE_OUTER_BOUND('',#814,.T.);
#481=FACE_OUTER_BOUND('',#815,.T.);
#482=EDGE_LOOP('',(#3186,#3187,#3188,#3189));
#483=EDGE_LOOP('',(#3190,#3191,#3192,#3193));
#484=EDGE_LOOP('',(#3194,#3195,#3196,#3197));
#485=EDGE_LOOP('',(#3198,#3199,#3200,#3201));
#486=EDGE_LOOP('',(#3202,#3203,#3204,#3205));
#487=EDGE_LOOP('',(#3206,#3207,#3208,#3209));
#488=EDGE_LOOP('',(#3210,#3211,#3212,#3213));
#489=EDGE_LOOP('',(#3214,#3215,#3216,#3217));
#490=EDGE_LOOP('',(#3218,#3219,#3220,#3221));
#491=EDGE_LOOP('',(#3222,#3223,#3224,#3225));
#492=EDGE_LOOP('',(#3226,#3227,#3228,#3229));
#493=EDGE_LOOP('',(#3230,#3231,#3232,#3233));
#494=EDGE_LOOP('',(#3234,#3235,#3236,#3237));
#495=EDGE_LOOP('',(#3238,#3239,#3240,#3241));
#496=EDGE_LOOP('',(#3242,#3243,#3244,#3245));
#497=EDGE_LOOP('',(#3246,#3247,#3248,#3249));
#498=EDGE_LOOP('',(#3250,#3251,#3252,#3253));
#499=EDGE_LOOP('',(#3254,#3255,#3256,#3257));
#500=EDGE_LOOP('',(#3258,#3259,#3260,#3261));
#501=EDGE_LOOP('',(#3262,#3263,#3264,#3265));
#502=EDGE_LOOP('',(#3266,#3267,#3268,#3269));
#503=EDGE_LOOP('',(#3270,#3271,#3272,#3273));
#504=EDGE_LOOP('',(#3274,#3275,#3276,#3277));
#505=EDGE_LOOP('',(#3278,#3279,#3280,#3281));
#506=EDGE_LOOP('',(#3282,#3283,#3284,#3285));
#507=EDGE_LOOP('',(#3286,#3287,#3288,#3289));
#508=EDGE_LOOP('',(#3290,#3291,#3292,#3293));
#509=EDGE_LOOP('',(#3294,#3295,#3296,#3297));
#510=EDGE_LOOP('',(#3298,#3299,#3300,#3301));
#511=EDGE_LOOP('',(#3302,#3303,#3304,#3305));
#512=EDGE_LOOP('',(#3306,#3307,#3308,#3309));
#513=EDGE_LOOP('',(#3310,#3311,#3312,#3313));
#514=EDGE_LOOP('',(#3314,#3315,#3316,#3317));
#515=EDGE_LOOP('',(#3318,#3319,#3320,#3321));
#516=EDGE_LOOP('',(#3322,#3323,#3324,#3325,#3326,#3327));
#517=EDGE_LOOP('',(#3328,#3329,#3330,#3331,#3332,#3333));
#518=EDGE_LOOP('',(#3334,#3335,#3336,#3337));
#519=EDGE_LOOP('',(#3338,#3339,#3340,#3341));
#520=EDGE_LOOP('',(#3342,#3343,#3344,#3345));
#521=EDGE_LOOP('',(#3346,#3347,#3348,#3349));
#522=EDGE_LOOP('',(#3350,#3351,#3352,#3353));
#523=EDGE_LOOP('',(#3354,#3355,#3356,#3357));
#524=EDGE_LOOP('',(#3358,#3359,#3360,#3361));
#525=EDGE_LOOP('',(#3362,#3363,#3364,#3365));
#526=EDGE_LOOP('',(#3366,#3367,#3368,#3369));
#527=EDGE_LOOP('',(#3370,#3371,#3372,#3373));
#528=EDGE_LOOP('',(#3374,#3375,#3376,#3377));
#529=EDGE_LOOP('',(#3378,#3379,#3380,#3381));
#530=EDGE_LOOP('',(#3382,#3383,#3384,#3385));
#531=EDGE_LOOP('',(#3386,#3387,#3388,#3389));
#532=EDGE_LOOP('',(#3390,#3391,#3392,#3393));
#533=EDGE_LOOP('',(#3394,#3395,#3396,#3397));
#534=EDGE_LOOP('',(#3398,#3399,#3400,#3401));
#535=EDGE_LOOP('',(#3402,#3403,#3404,#3405));
#536=EDGE_LOOP('',(#3406,#3407,#3408,#3409));
#537=EDGE_LOOP('',(#3410,#3411,#3412,#3413));
#538=EDGE_LOOP('',(#3414,#3415,#3416,#3417));
#539=EDGE_LOOP('',(#3418,#3419,#3420,#3421));
#540=EDGE_LOOP('',(#3422,#3423,#3424,#3425));
#541=EDGE_LOOP('',(#3426,#3427,#3428,#3429,#3430,#3431,#3432,#3433));
#542=EDGE_LOOP('',(#3434,#3435,#3436,#3437));
#543=EDGE_LOOP('',(#3438,#3439,#3440,#3441));
#544=EDGE_LOOP('',(#3442,#3443,#3444,#3445));
#545=EDGE_LOOP('',(#3446,#3447,#3448,#3449));
#546=EDGE_LOOP('',(#3450,#3451,#3452,#3453));
#547=EDGE_LOOP('',(#3454,#3455,#3456,#3457,#3458,#3459,#3460,#3461));
#548=EDGE_LOOP('',(#3462,#3463,#3464,#3465));
#549=EDGE_LOOP('',(#3466,#3467,#3468,#3469));
#550=EDGE_LOOP('',(#3470,#3471,#3472,#3473));
#551=EDGE_LOOP('',(#3474,#3475,#3476,#3477));
#552=EDGE_LOOP('',(#3478,#3479,#3480,#3481));
#553=EDGE_LOOP('',(#3482,#3483,#3484,#3485));
#554=EDGE_LOOP('',(#3486,#3487,#3488,#3489));
#555=EDGE_LOOP('',(#3490,#3491,#3492,#3493));
#556=EDGE_LOOP('',(#3494,#3495,#3496,#3497));
#557=EDGE_LOOP('',(#3498,#3499,#3500,#3501));
#558=EDGE_LOOP('',(#3502,#3503,#3504,#3505));
#559=EDGE_LOOP('',(#3506,#3507,#3508,#3509));
#560=EDGE_LOOP('',(#3510,#3511,#3512,#3513));
#561=EDGE_LOOP('',(#3514,#3515,#3516,#3517));
#562=EDGE_LOOP('',(#3518,#3519,#3520,#3521));
#563=EDGE_LOOP('',(#3522,#3523,#3524,#3525));
#564=EDGE_LOOP('',(#3526,#3527,#3528,#3529));
#565=EDGE_LOOP('',(#3530,#3531,#3532,#3533));
#566=EDGE_LOOP('',(#3534,#3535,#3536,#3537));
#567=EDGE_LOOP('',(#3538,#3539,#3540,#3541));
#568=EDGE_LOOP('',(#3542,#3543,#3544,#3545));
#569=EDGE_LOOP('',(#3546,#3547,#3548,#3549));
#570=EDGE_LOOP('',(#3550,#3551,#3552,#3553));
#571=EDGE_LOOP('',(#3554,#3555,#3556,#3557));
#572=EDGE_LOOP('',(#3558,#3559,#3560,#3561));
#573=EDGE_LOOP('',(#3562,#3563,#3564,#3565));
#574=EDGE_LOOP('',(#3566,#3567,#3568,#3569));
#575=EDGE_LOOP('',(#3570,#3571,#3572,#3573));
#576=EDGE_LOOP('',(#3574,#3575,#3576,#3577));
#577=EDGE_LOOP('',(#3578,#3579,#3580,#3581));
#578=EDGE_LOOP('',(#3582,#3583,#3584,#3585));
#579=EDGE_LOOP('',(#3586,#3587,#3588,#3589));
#580=EDGE_LOOP('',(#3590,#3591,#3592,#3593));
#581=EDGE_LOOP('',(#3594,#3595,#3596,#3597));
#582=EDGE_LOOP('',(#3598,#3599,#3600,#3601));
#583=EDGE_LOOP('',(#3602,#3603,#3604,#3605));
#584=EDGE_LOOP('',(#3606,#3607,#3608,#3609));
#585=EDGE_LOOP('',(#3610,#3611,#3612,#3613));
#586=EDGE_LOOP('',(#3614,#3615,#3616,#3617));
#587=EDGE_LOOP('',(#3618,#3619,#3620,#3621));
#588=EDGE_LOOP('',(#3622,#3623,#3624,#3625));
#589=EDGE_LOOP('',(#3626,#3627,#3628,#3629));
#590=EDGE_LOOP('',(#3630,#3631,#3632,#3633));
#591=EDGE_LOOP('',(#3634,#3635,#3636,#3637));
#592=EDGE_LOOP('',(#3638,#3639,#3640,#3641));
#593=EDGE_LOOP('',(#3642,#3643,#3644,#3645));
#594=EDGE_LOOP('',(#3646,#3647,#3648,#3649));
#595=EDGE_LOOP('',(#3650,#3651,#3652,#3653));
#596=EDGE_LOOP('',(#3654,#3655,#3656,#3657));
#597=EDGE_LOOP('',(#3658,#3659,#3660,#3661));
#598=EDGE_LOOP('',(#3662,#3663,#3664,#3665));
#599=EDGE_LOOP('',(#3666,#3667,#3668,#3669));
#600=EDGE_LOOP('',(#3670,#3671,#3672,#3673));
#601=EDGE_LOOP('',(#3674,#3675,#3676,#3677));
#602=EDGE_LOOP('',(#3678,#3679,#3680,#3681));
#603=EDGE_LOOP('',(#3682,#3683,#3684,#3685));
#604=EDGE_LOOP('',(#3686,#3687,#3688,#3689));
#605=EDGE_LOOP('',(#3690,#3691,#3692,#3693));
#606=EDGE_LOOP('',(#3694,#3695,#3696,#3697));
#607=EDGE_LOOP('',(#3698,#3699,#3700,#3701));
#608=EDGE_LOOP('',(#3702,#3703,#3704,#3705));
#609=EDGE_LOOP('',(#3706,#3707,#3708,#3709));
#610=EDGE_LOOP('',(#3710,#3711,#3712,#3713));
#611=EDGE_LOOP('',(#3714,#3715,#3716,#3717));
#612=EDGE_LOOP('',(#3718,#3719,#3720,#3721));
#613=EDGE_LOOP('',(#3722,#3723,#3724,#3725));
#614=EDGE_LOOP('',(#3726,#3727,#3728,#3729));
#615=EDGE_LOOP('',(#3730,#3731,#3732,#3733));
#616=EDGE_LOOP('',(#3734,#3735,#3736,#3737));
#617=EDGE_LOOP('',(#3738,#3739,#3740,#3741));
#618=EDGE_LOOP('',(#3742,#3743,#3744,#3745));
#619=EDGE_LOOP('',(#3746,#3747,#3748,#3749));
#620=EDGE_LOOP('',(#3750,#3751,#3752,#3753));
#621=EDGE_LOOP('',(#3754,#3755,#3756,#3757));
#622=EDGE_LOOP('',(#3758,#3759,#3760,#3761));
#623=EDGE_LOOP('',(#3762,#3763,#3764,#3765));
#624=EDGE_LOOP('',(#3766,#3767,#3768,#3769));
#625=EDGE_LOOP('',(#3770,#3771,#3772,#3773));
#626=EDGE_LOOP('',(#3774,#3775,#3776,#3777));
#627=EDGE_LOOP('',(#3778,#3779,#3780,#3781));
#628=EDGE_LOOP('',(#3782,#3783,#3784,#3785));
#629=EDGE_LOOP('',(#3786,#3787,#3788,#3789));
#630=EDGE_LOOP('',(#3790,#3791,#3792,#3793));
#631=EDGE_LOOP('',(#3794,#3795,#3796,#3797));
#632=EDGE_LOOP('',(#3798,#3799,#3800,#3801));
#633=EDGE_LOOP('',(#3802,#3803,#3804,#3805));
#634=EDGE_LOOP('',(#3806,#3807,#3808,#3809));
#635=EDGE_LOOP('',(#3810,#3811,#3812,#3813));
#636=EDGE_LOOP('',(#3814,#3815,#3816,#3817));
#637=EDGE_LOOP('',(#3818,#3819,#3820,#3821));
#638=EDGE_LOOP('',(#3822,#3823,#3824,#3825));
#639=EDGE_LOOP('',(#3826,#3827,#3828,#3829));
#640=EDGE_LOOP('',(#3830,#3831,#3832,#3833));
#641=EDGE_LOOP('',(#3834,#3835,#3836,#3837));
#642=EDGE_LOOP('',(#3838,#3839,#3840,#3841));
#643=EDGE_LOOP('',(#3842,#3843,#3844,#3845));
#644=EDGE_LOOP('',(#3846,#3847,#3848,#3849));
#645=EDGE_LOOP('',(#3850,#3851,#3852,#3853));
#646=EDGE_LOOP('',(#3854,#3855,#3856,#3857));
#647=EDGE_LOOP('',(#3858,#3859,#3860,#3861));
#648=EDGE_LOOP('',(#3862,#3863,#3864,#3865));
#649=EDGE_LOOP('',(#3866,#3867,#3868,#3869));
#650=EDGE_LOOP('',(#3870,#3871,#3872,#3873));
#651=EDGE_LOOP('',(#3874,#3875,#3876,#3877));
#652=EDGE_LOOP('',(#3878,#3879,#3880,#3881));
#653=EDGE_LOOP('',(#3882,#3883,#3884,#3885));
#654=EDGE_LOOP('',(#3886,#3887,#3888,#3889));
#655=EDGE_LOOP('',(#3890,#3891,#3892,#3893));
#656=EDGE_LOOP('',(#3894,#3895,#3896,#3897));
#657=EDGE_LOOP('',(#3898,#3899,#3900,#3901));
#658=EDGE_LOOP('',(#3902,#3903,#3904,#3905));
#659=EDGE_LOOP('',(#3906,#3907,#3908,#3909));
#660=EDGE_LOOP('',(#3910,#3911,#3912,#3913));
#661=EDGE_LOOP('',(#3914,#3915,#3916,#3917));
#662=EDGE_LOOP('',(#3918,#3919,#3920,#3921));
#663=EDGE_LOOP('',(#3922,#3923,#3924,#3925));
#664=EDGE_LOOP('',(#3926,#3927,#3928,#3929));
#665=EDGE_LOOP('',(#3930,#3931,#3932,#3933));
#666=EDGE_LOOP('',(#3934,#3935,#3936,#3937));
#667=EDGE_LOOP('',(#3938,#3939,#3940,#3941));
#668=EDGE_LOOP('',(#3942,#3943,#3944,#3945));
#669=EDGE_LOOP('',(#3946,#3947,#3948,#3949));
#670=EDGE_LOOP('',(#3950,#3951,#3952,#3953));
#671=EDGE_LOOP('',(#3954,#3955,#3956,#3957));
#672=EDGE_LOOP('',(#3958,#3959,#3960,#3961));
#673=EDGE_LOOP('',(#3962,#3963,#3964,#3965));
#674=EDGE_LOOP('',(#3966,#3967,#3968,#3969));
#675=EDGE_LOOP('',(#3970,#3971,#3972,#3973));
#676=EDGE_LOOP('',(#3974,#3975,#3976,#3977));
#677=EDGE_LOOP('',(#3978,#3979,#3980,#3981));
#678=EDGE_LOOP('',(#3982,#3983,#3984,#3985));
#679=EDGE_LOOP('',(#3986,#3987,#3988,#3989));
#680=EDGE_LOOP('',(#3990,#3991,#3992,#3993));
#681=EDGE_LOOP('',(#3994,#3995,#3996,#3997));
#682=EDGE_LOOP('',(#3998,#3999,#4000,#4001));
#683=EDGE_LOOP('',(#4002,#4003,#4004,#4005));
#684=EDGE_LOOP('',(#4006,#4007,#4008,#4009));
#685=EDGE_LOOP('',(#4010,#4011,#4012,#4013));
#686=EDGE_LOOP('',(#4014,#4015,#4016,#4017));
#687=EDGE_LOOP('',(#4018,#4019,#4020,#4021));
#688=EDGE_LOOP('',(#4022,#4023,#4024,#4025));
#689=EDGE_LOOP('',(#4026,#4027,#4028,#4029));
#690=EDGE_LOOP('',(#4030,#4031,#4032,#4033));
#691=EDGE_LOOP('',(#4034,#4035,#4036,#4037));
#692=EDGE_LOOP('',(#4038,#4039,#4040,#4041));
#693=EDGE_LOOP('',(#4042,#4043,#4044,#4045));
#694=EDGE_LOOP('',(#4046,#4047,#4048,#4049));
#695=EDGE_LOOP('',(#4050,#4051,#4052,#4053));
#696=EDGE_LOOP('',(#4054,#4055,#4056,#4057));
#697=EDGE_LOOP('',(#4058,#4059,#4060,#4061));
#698=EDGE_LOOP('',(#4062,#4063,#4064,#4065));
#699=EDGE_LOOP('',(#4066,#4067,#4068,#4069));
#700=EDGE_LOOP('',(#4070,#4071,#4072,#4073));
#701=EDGE_LOOP('',(#4074,#4075,#4076,#4077));
#702=EDGE_LOOP('',(#4078,#4079,#4080,#4081));
#703=EDGE_LOOP('',(#4082,#4083,#4084,#4085));
#704=EDGE_LOOP('',(#4086,#4087,#4088,#4089));
#705=EDGE_LOOP('',(#4090,#4091,#4092,#4093));
#706=EDGE_LOOP('',(#4094,#4095,#4096,#4097));
#707=EDGE_LOOP('',(#4098,#4099,#4100,#4101));
#708=EDGE_LOOP('',(#4102,#4103,#4104,#4105));
#709=EDGE_LOOP('',(#4106,#4107,#4108,#4109));
#710=EDGE_LOOP('',(#4110,#4111,#4112,#4113));
#711=EDGE_LOOP('',(#4114,#4115,#4116,#4117));
#712=EDGE_LOOP('',(#4118,#4119,#4120,#4121));
#713=EDGE_LOOP('',(#4122,#4123,#4124,#4125));
#714=EDGE_LOOP('',(#4126,#4127,#4128,#4129));
#715=EDGE_LOOP('',(#4130,#4131,#4132,#4133));
#716=EDGE_LOOP('',(#4134,#4135,#4136,#4137));
#717=EDGE_LOOP('',(#4138,#4139,#4140,#4141));
#718=EDGE_LOOP('',(#4142,#4143,#4144,#4145));
#719=EDGE_LOOP('',(#4146,#4147,#4148,#4149));
#720=EDGE_LOOP('',(#4150,#4151,#4152,#4153));
#721=EDGE_LOOP('',(#4154,#4155,#4156,#4157));
#722=EDGE_LOOP('',(#4158,#4159,#4160,#4161));
#723=EDGE_LOOP('',(#4162,#4163,#4164,#4165));
#724=EDGE_LOOP('',(#4166,#4167,#4168,#4169));
#725=EDGE_LOOP('',(#4170,#4171,#4172,#4173));
#726=EDGE_LOOP('',(#4174,#4175,#4176,#4177));
#727=EDGE_LOOP('',(#4178,#4179,#4180,#4181));
#728=EDGE_LOOP('',(#4182,#4183,#4184,#4185));
#729=EDGE_LOOP('',(#4186,#4187,#4188,#4189));
#730=EDGE_LOOP('',(#4190,#4191,#4192,#4193));
#731=EDGE_LOOP('',(#4194,#4195,#4196,#4197));
#732=EDGE_LOOP('',(#4198,#4199,#4200,#4201));
#733=EDGE_LOOP('',(#4202,#4203,#4204,#4205));
#734=EDGE_LOOP('',(#4206,#4207,#4208,#4209));
#735=EDGE_LOOP('',(#4210,#4211,#4212,#4213));
#736=EDGE_LOOP('',(#4214,#4215,#4216,#4217));
#737=EDGE_LOOP('',(#4218,#4219,#4220,#4221));
#738=EDGE_LOOP('',(#4222,#4223,#4224,#4225));
#739=EDGE_LOOP('',(#4226,#4227,#4228,#4229));
#740=EDGE_LOOP('',(#4230,#4231,#4232,#4233));
#741=EDGE_LOOP('',(#4234,#4235,#4236,#4237));
#742=EDGE_LOOP('',(#4238,#4239,#4240,#4241));
#743=EDGE_LOOP('',(#4242,#4243,#4244,#4245));
#744=EDGE_LOOP('',(#4246,#4247,#4248,#4249));
#745=EDGE_LOOP('',(#4250,#4251,#4252,#4253));
#746=EDGE_LOOP('',(#4254,#4255,#4256,#4257));
#747=EDGE_LOOP('',(#4258,#4259,#4260,#4261));
#748=EDGE_LOOP('',(#4262,#4263,#4264,#4265));
#749=EDGE_LOOP('',(#4266,#4267,#4268,#4269));
#750=EDGE_LOOP('',(#4270,#4271,#4272,#4273));
#751=EDGE_LOOP('',(#4274,#4275,#4276,#4277));
#752=EDGE_LOOP('',(#4278,#4279,#4280,#4281));
#753=EDGE_LOOP('',(#4282,#4283,#4284,#4285));
#754=EDGE_LOOP('',(#4286,#4287,#4288,#4289));
#755=EDGE_LOOP('',(#4290,#4291,#4292,#4293));
#756=EDGE_LOOP('',(#4294,#4295,#4296,#4297));
#757=EDGE_LOOP('',(#4298,#4299,#4300,#4301));
#758=EDGE_LOOP('',(#4302,#4303,#4304,#4305));
#759=EDGE_LOOP('',(#4306,#4307,#4308,#4309));
#760=EDGE_LOOP('',(#4310,#4311,#4312,#4313));
#761=EDGE_LOOP('',(#4314,#4315,#4316,#4317));
#762=EDGE_LOOP('',(#4318,#4319,#4320,#4321));
#763=EDGE_LOOP('',(#4322,#4323,#4324,#4325));
#764=EDGE_LOOP('',(#4326,#4327,#4328,#4329));
#765=EDGE_LOOP('',(#4330,#4331,#4332,#4333));
#766=EDGE_LOOP('',(#4334,#4335,#4336,#4337));
#767=EDGE_LOOP('',(#4338,#4339,#4340,#4341));
#768=EDGE_LOOP('',(#4342,#4343,#4344,#4345));
#769=EDGE_LOOP('',(#4346,#4347,#4348,#4349));
#770=EDGE_LOOP('',(#4350,#4351,#4352,#4353));
#771=EDGE_LOOP('',(#4354,#4355,#4356,#4357));
#772=EDGE_LOOP('',(#4358,#4359,#4360,#4361));
#773=EDGE_LOOP('',(#4362,#4363,#4364,#4365));
#774=EDGE_LOOP('',(#4366,#4367,#4368,#4369));
#775=EDGE_LOOP('',(#4370,#4371,#4372,#4373));
#776=EDGE_LOOP('',(#4374,#4375,#4376,#4377));
#777=EDGE_LOOP('',(#4378,#4379,#4380,#4381));
#778=EDGE_LOOP('',(#4382,#4383,#4384,#4385));
#779=EDGE_LOOP('',(#4386,#4387,#4388,#4389));
#780=EDGE_LOOP('',(#4390,#4391,#4392,#4393));
#781=EDGE_LOOP('',(#4394,#4395,#4396,#4397,#4398,#4399,#4400,#4401));
#782=EDGE_LOOP('',(#4402,#4403,#4404,#4405,#4406,#4407));
#783=EDGE_LOOP('',(#4408));
#784=EDGE_LOOP('',(#4409,#4410,#4411,#4412,#4413,#4414,#4415,#4416));
#785=EDGE_LOOP('',(#4417,#4418,#4419,#4420));
#786=EDGE_LOOP('',(#4421,#4422,#4423,#4424));
#787=EDGE_LOOP('',(#4425,#4426,#4427,#4428));
#788=EDGE_LOOP('',(#4429,#4430,#4431,#4432));
#789=EDGE_LOOP('',(#4433,#4434,#4435,#4436));
#790=EDGE_LOOP('',(#4437,#4438,#4439,#4440));
#791=EDGE_LOOP('',(#4441,#4442,#4443,#4444));
#792=EDGE_LOOP('',(#4445,#4446,#4447,#4448));
#793=EDGE_LOOP('',(#4449,#4450,#4451,#4452));
#794=EDGE_LOOP('',(#4453,#4454,#4455,#4456));
#795=EDGE_LOOP('',(#4457,#4458,#4459,#4460));
#796=EDGE_LOOP('',(#4461,#4462,#4463,#4464));
#797=EDGE_LOOP('',(#4465,#4466,#4467,#4468));
#798=EDGE_LOOP('',(#4469,#4470,#4471,#4472));
#799=EDGE_LOOP('',(#4473,#4474,#4475,#4476));
#800=EDGE_LOOP('',(#4477,#4478,#4479,#4480));
#801=EDGE_LOOP('',(#4481,#4482,#4483,#4484));
#802=EDGE_LOOP('',(#4485,#4486,#4487,#4488));
#803=EDGE_LOOP('',(#4489,#4490,#4491,#4492));
#804=EDGE_LOOP('',(#4493,#4494,#4495,#4496));
#805=EDGE_LOOP('',(#4497,#4498,#4499,#4500));
#806=EDGE_LOOP('',(#4501,#4502,#4503,#4504));
#807=EDGE_LOOP('',(#4505,#4506,#4507,#4508));
#808=EDGE_LOOP('',(#4509,#4510,#4511,#4512));
#809=EDGE_LOOP('',(#4513,#4514,#4515,#4516));
#810=EDGE_LOOP('',(#4517,#4518,#4519,#4520));
#811=EDGE_LOOP('',(#4521,#4522,#4523,#4524,#4525,#4526));
#812=EDGE_LOOP('',(#4527));
#813=EDGE_LOOP('',(#4528,#4529,#4530,#4531));
#814=EDGE_LOOP('',(#4532));
#815=EDGE_LOOP('',(#4533));
#816=LINE('',#6873,#1442);
#817=LINE('',#6875,#1443);
#818=LINE('',#6877,#1444);
#819=LINE('',#6878,#1445);
#820=LINE('',#6881,#1446);
#821=LINE('',#6883,#1447);
#822=LINE('',#6884,#1448);
#823=LINE('',#6887,#1449);
#824=LINE('',#6889,#1450);
#825=LINE('',#6890,#1451);
#826=LINE('',#6892,#1452);
#827=LINE('',#6893,#1453);
#828=LINE('',#6899,#1454);
#829=LINE('',#6901,#1455);
#830=LINE('',#6903,#1456);
#831=LINE('',#6904,#1457);
#832=LINE('',#6910,#1458);
#833=LINE('',#6913,#1459);
#834=LINE('',#6915,#1460);
#835=LINE('',#6916,#1461);
#836=LINE('',#6918,#1462);
#837=LINE('',#6919,#1463);
#838=LINE('',#6927,#1464);
#839=LINE('',#6930,#1465);
#840=LINE('',#6933,#1466);
#841=LINE('',#6935,#1467);
#842=LINE('',#6936,#1468);
#843=LINE('',#6939,#1469);
#844=LINE('',#6941,#1470);
#845=LINE('',#6942,#1471);
#846=LINE('',#6944,#1472);
#847=LINE('',#6945,#1473);
#848=LINE('',#6953,#1474);
#849=LINE('',#6956,#1475);
#850=LINE('',#6959,#1476);
#851=LINE('',#6961,#1477);
#852=LINE('',#6962,#1478);
#853=LINE('',#6965,#1479);
#854=LINE('',#6967,#1480);
#855=LINE('',#6968,#1481);
#856=LINE('',#6970,#1482);
#857=LINE('',#6971,#1483);
#858=LINE('',#6979,#1484);
#859=LINE('',#6982,#1485);
#860=LINE('',#6985,#1486);
#861=LINE('',#6987,#1487);
#862=LINE('',#6988,#1488);
#863=LINE('',#6991,#1489);
#864=LINE('',#6993,#1490);
#865=LINE('',#6994,#1491);
#866=LINE('',#6996,#1492);
#867=LINE('',#6997,#1493);
#868=LINE('',#7003,#1494);
#869=LINE('',#7005,#1495);
#870=LINE('',#7007,#1496);
#871=LINE('',#7008,#1497);
#872=LINE('',#7012,#1498);
#873=LINE('',#7014,#1499);
#874=LINE('',#7016,#1500);
#875=LINE('',#7017,#1501);
#876=LINE('',#7020,#1502);
#877=LINE('',#7022,#1503);
#878=LINE('',#7023,#1504);
#879=LINE('',#7026,#1505);
#880=LINE('',#7028,#1506);
#881=LINE('',#7029,#1507);
#882=LINE('',#7031,#1508);
#883=LINE('',#7032,#1509);
#884=LINE('',#7034,#1510);
#885=LINE('',#7035,#1511);
#886=LINE('',#7041,#1512);
#887=LINE('',#7043,#1513);
#888=LINE('',#7045,#1514);
#889=LINE('',#7046,#1515);
#890=LINE('',#7049,#1516);
#891=LINE('',#7051,#1517);
#892=LINE('',#7053,#1518);
#893=LINE('',#7054,#1519);
#894=LINE('',#7057,#1520);
#895=LINE('',#7059,#1521);
#896=LINE('',#7061,#1522);
#897=LINE('',#7062,#1523);
#898=LINE('',#7065,#1524);
#899=LINE('',#7067,#1525);
#900=LINE('',#7069,#1526);
#901=LINE('',#7070,#1527);
#902=LINE('',#7073,#1528);
#903=LINE('',#7075,#1529);
#904=LINE('',#7077,#1530);
#905=LINE('',#7078,#1531);
#906=LINE('',#7081,#1532);
#907=LINE('',#7083,#1533);
#908=LINE('',#7085,#1534);
#909=LINE('',#7086,#1535);
#910=LINE('',#7089,#1536);
#911=LINE('',#7091,#1537);
#912=LINE('',#7093,#1538);
#913=LINE('',#7094,#1539);
#914=LINE('',#7097,#1540);
#915=LINE('',#7099,#1541);
#916=LINE('',#7101,#1542);
#917=LINE('',#7102,#1543);
#918=LINE('',#7105,#1544);
#919=LINE('',#7107,#1545);
#920=LINE('',#7109,#1546);
#921=LINE('',#7110,#1547);
#922=LINE('',#7113,#1548);
#923=LINE('',#7115,#1549);
#924=LINE('',#7117,#1550);
#925=LINE('',#7118,#1551);
#926=LINE('',#7121,#1552);
#927=LINE('',#7123,#1553);
#928=LINE('',#7125,#1554);
#929=LINE('',#7126,#1555);
#930=LINE('',#7129,#1556);
#931=LINE('',#7131,#1557);
#932=LINE('',#7133,#1558);
#933=LINE('',#7134,#1559);
#934=LINE('',#7137,#1560);
#935=LINE('',#7139,#1561);
#936=LINE('',#7141,#1562);
#937=LINE('',#7142,#1563);
#938=LINE('',#7145,#1564);
#939=LINE('',#7147,#1565);
#940=LINE('',#7149,#1566);
#941=LINE('',#7150,#1567);
#942=LINE('',#7153,#1568);
#943=LINE('',#7155,#1569);
#944=LINE('',#7157,#1570);
#945=LINE('',#7158,#1571);
#946=LINE('',#7161,#1572);
#947=LINE('',#7163,#1573);
#948=LINE('',#7165,#1574);
#949=LINE('',#7166,#1575);
#950=LINE('',#7169,#1576);
#951=LINE('',#7171,#1577);
#952=LINE('',#7173,#1578);
#953=LINE('',#7174,#1579);
#954=LINE('',#7177,#1580);
#955=LINE('',#7179,#1581);
#956=LINE('',#7181,#1582);
#957=LINE('',#7182,#1583);
#958=LINE('',#7185,#1584);
#959=LINE('',#7187,#1585);
#960=LINE('',#7189,#1586);
#961=LINE('',#7190,#1587);
#962=LINE('',#7193,#1588);
#963=LINE('',#7195,#1589);
#964=LINE('',#7197,#1590);
#965=LINE('',#7198,#1591);
#966=LINE('',#7201,#1592);
#967=LINE('',#7203,#1593);
#968=LINE('',#7205,#1594);
#969=LINE('',#7206,#1595);
#970=LINE('',#7211,#1596);
#971=LINE('',#7215,#1597);
#972=LINE('',#7219,#1598);
#973=LINE('',#7222,#1599);
#974=LINE('',#7225,#1600);
#975=LINE('',#7227,#1601);
#976=LINE('',#7228,#1602);
#977=LINE('',#7231,#1603);
#978=LINE('',#7232,#1604);
#979=LINE('',#7235,#1605);
#980=LINE('',#7236,#1606);
#981=LINE('',#7238,#1607);
#982=LINE('',#7242,#1608);
#983=LINE('',#7246,#1609);
#984=LINE('',#7250,#1610);
#985=LINE('',#7254,#1611);
#986=LINE('',#7257,#1612);
#987=LINE('',#7258,#1613);
#988=LINE('',#7260,#1614);
#989=LINE('',#7262,#1615);
#990=LINE('',#7264,#1616);
#991=LINE('',#7266,#1617);
#992=LINE('',#7268,#1618);
#993=LINE('',#7270,#1619);
#994=LINE('',#7274,#1620);
#995=LINE('',#7276,#1621);
#996=LINE('',#7277,#1622);
#997=LINE('',#7280,#1623);
#998=LINE('',#7281,#1624);
#999=LINE('',#7284,#1625);
#1000=LINE('',#7285,#1626);
#1001=LINE('',#7287,#1627);
#1002=LINE('',#7291,#1628);
#1003=LINE('',#7293,#1629);
#1004=LINE('',#7294,#1630);
#1005=LINE('',#7297,#1631);
#1006=LINE('',#7298,#1632);
#1007=LINE('',#7301,#1633);
#1008=LINE('',#7302,#1634);
#1009=LINE('',#7304,#1635);
#1010=LINE('',#7308,#1636);
#1011=LINE('',#7310,#1637);
#1012=LINE('',#7311,#1638);
#1013=LINE('',#7314,#1639);
#1014=LINE('',#7315,#1640);
#1015=LINE('',#7318,#1641);
#1016=LINE('',#7319,#1642);
#1017=LINE('',#7321,#1643);
#1018=LINE('',#7325,#1644);
#1019=LINE('',#7327,#1645);
#1020=LINE('',#7328,#1646);
#1021=LINE('',#7331,#1647);
#1022=LINE('',#7332,#1648);
#1023=LINE('',#7335,#1649);
#1024=LINE('',#7336,#1650);
#1025=LINE('',#7338,#1651);
#1026=LINE('',#7342,#1652);
#1027=LINE('',#7344,#1653);
#1028=LINE('',#7345,#1654);
#1029=LINE('',#7348,#1655);
#1030=LINE('',#7349,#1656);
#1031=LINE('',#7352,#1657);
#1032=LINE('',#7353,#1658);
#1033=LINE('',#7355,#1659);
#1034=LINE('',#7359,#1660);
#1035=LINE('',#7361,#1661);
#1036=LINE('',#7362,#1662);
#1037=LINE('',#7365,#1663);
#1038=LINE('',#7366,#1664);
#1039=LINE('',#7369,#1665);
#1040=LINE('',#7370,#1666);
#1041=LINE('',#7372,#1667);
#1042=LINE('',#7376,#1668);
#1043=LINE('',#7378,#1669);
#1044=LINE('',#7379,#1670);
#1045=LINE('',#7382,#1671);
#1046=LINE('',#7383,#1672);
#1047=LINE('',#7386,#1673);
#1048=LINE('',#7387,#1674);
#1049=LINE('',#7389,#1675);
#1050=LINE('',#7393,#1676);
#1051=LINE('',#7395,#1677);
#1052=LINE('',#7396,#1678);
#1053=LINE('',#7399,#1679);
#1054=LINE('',#7400,#1680);
#1055=LINE('',#7403,#1681);
#1056=LINE('',#7404,#1682);
#1057=LINE('',#7406,#1683);
#1058=LINE('',#7410,#1684);
#1059=LINE('',#7412,#1685);
#1060=LINE('',#7413,#1686);
#1061=LINE('',#7416,#1687);
#1062=LINE('',#7417,#1688);
#1063=LINE('',#7420,#1689);
#1064=LINE('',#7421,#1690);
#1065=LINE('',#7423,#1691);
#1066=LINE('',#7427,#1692);
#1067=LINE('',#7429,#1693);
#1068=LINE('',#7430,#1694);
#1069=LINE('',#7433,#1695);
#1070=LINE('',#7434,#1696);
#1071=LINE('',#7437,#1697);
#1072=LINE('',#7438,#1698);
#1073=LINE('',#7440,#1699);
#1074=LINE('',#7444,#1700);
#1075=LINE('',#7446,#1701);
#1076=LINE('',#7447,#1702);
#1077=LINE('',#7450,#1703);
#1078=LINE('',#7451,#1704);
#1079=LINE('',#7454,#1705);
#1080=LINE('',#7455,#1706);
#1081=LINE('',#7457,#1707);
#1082=LINE('',#7461,#1708);
#1083=LINE('',#7463,#1709);
#1084=LINE('',#7464,#1710);
#1085=LINE('',#7467,#1711);
#1086=LINE('',#7468,#1712);
#1087=LINE('',#7471,#1713);
#1088=LINE('',#7472,#1714);
#1089=LINE('',#7474,#1715);
#1090=LINE('',#7478,#1716);
#1091=LINE('',#7480,#1717);
#1092=LINE('',#7481,#1718);
#1093=LINE('',#7484,#1719);
#1094=LINE('',#7485,#1720);
#1095=LINE('',#7488,#1721);
#1096=LINE('',#7489,#1722);
#1097=LINE('',#7491,#1723);
#1098=LINE('',#7495,#1724);
#1099=LINE('',#7497,#1725);
#1100=LINE('',#7498,#1726);
#1101=LINE('',#7501,#1727);
#1102=LINE('',#7502,#1728);
#1103=LINE('',#7505,#1729);
#1104=LINE('',#7506,#1730);
#1105=LINE('',#7508,#1731);
#1106=LINE('',#7512,#1732);
#1107=LINE('',#7514,#1733);
#1108=LINE('',#7515,#1734);
#1109=LINE('',#7518,#1735);
#1110=LINE('',#7519,#1736);
#1111=LINE('',#7522,#1737);
#1112=LINE('',#7523,#1738);
#1113=LINE('',#7525,#1739);
#1114=LINE('',#7529,#1740);
#1115=LINE('',#7531,#1741);
#1116=LINE('',#7532,#1742);
#1117=LINE('',#7535,#1743);
#1118=LINE('',#7536,#1744);
#1119=LINE('',#7539,#1745);
#1120=LINE('',#7540,#1746);
#1121=LINE('',#7542,#1747);
#1122=LINE('',#7546,#1748);
#1123=LINE('',#7548,#1749);
#1124=LINE('',#7549,#1750);
#1125=LINE('',#7552,#1751);
#1126=LINE('',#7553,#1752);
#1127=LINE('',#7556,#1753);
#1128=LINE('',#7557,#1754);
#1129=LINE('',#7559,#1755);
#1130=LINE('',#7563,#1756);
#1131=LINE('',#7565,#1757);
#1132=LINE('',#7566,#1758);
#1133=LINE('',#7569,#1759);
#1134=LINE('',#7570,#1760);
#1135=LINE('',#7573,#1761);
#1136=LINE('',#7574,#1762);
#1137=LINE('',#7576,#1763);
#1138=LINE('',#7580,#1764);
#1139=LINE('',#7582,#1765);
#1140=LINE('',#7583,#1766);
#1141=LINE('',#7586,#1767);
#1142=LINE('',#7587,#1768);
#1143=LINE('',#7590,#1769);
#1144=LINE('',#7591,#1770);
#1145=LINE('',#7593,#1771);
#1146=LINE('',#7597,#1772);
#1147=LINE('',#7599,#1773);
#1148=LINE('',#7600,#1774);
#1149=LINE('',#7603,#1775);
#1150=LINE('',#7604,#1776);
#1151=LINE('',#7607,#1777);
#1152=LINE('',#7608,#1778);
#1153=LINE('',#7610,#1779);
#1154=LINE('',#7615,#1780);
#1155=LINE('',#7617,#1781);
#1156=LINE('',#7619,#1782);
#1157=LINE('',#7620,#1783);
#1158=LINE('',#7623,#1784);
#1159=LINE('',#7625,#1785);
#1160=LINE('',#7626,#1786);
#1161=LINE('',#7629,#1787);
#1162=LINE('',#7630,#1788);
#1163=LINE('',#7633,#1789);
#1164=LINE('',#7634,#1790);
#1165=LINE('',#7636,#1791);
#1166=LINE('',#7641,#1792);
#1167=LINE('',#7643,#1793);
#1168=LINE('',#7645,#1794);
#1169=LINE('',#7646,#1795);
#1170=LINE('',#7649,#1796);
#1171=LINE('',#7651,#1797);
#1172=LINE('',#7652,#1798);
#1173=LINE('',#7655,#1799);
#1174=LINE('',#7656,#1800);
#1175=LINE('',#7659,#1801);
#1176=LINE('',#7660,#1802);
#1177=LINE('',#7662,#1803);
#1178=LINE('',#7667,#1804);
#1179=LINE('',#7669,#1805);
#1180=LINE('',#7671,#1806);
#1181=LINE('',#7672,#1807);
#1182=LINE('',#7675,#1808);
#1183=LINE('',#7677,#1809);
#1184=LINE('',#7678,#1810);
#1185=LINE('',#7681,#1811);
#1186=LINE('',#7682,#1812);
#1187=LINE('',#7685,#1813);
#1188=LINE('',#7686,#1814);
#1189=LINE('',#7688,#1815);
#1190=LINE('',#7693,#1816);
#1191=LINE('',#7695,#1817);
#1192=LINE('',#7697,#1818);
#1193=LINE('',#7698,#1819);
#1194=LINE('',#7701,#1820);
#1195=LINE('',#7703,#1821);
#1196=LINE('',#7704,#1822);
#1197=LINE('',#7707,#1823);
#1198=LINE('',#7708,#1824);
#1199=LINE('',#7711,#1825);
#1200=LINE('',#7712,#1826);
#1201=LINE('',#7714,#1827);
#1202=LINE('',#7719,#1828);
#1203=LINE('',#7721,#1829);
#1204=LINE('',#7723,#1830);
#1205=LINE('',#7724,#1831);
#1206=LINE('',#7727,#1832);
#1207=LINE('',#7729,#1833);
#1208=LINE('',#7730,#1834);
#1209=LINE('',#7733,#1835);
#1210=LINE('',#7734,#1836);
#1211=LINE('',#7737,#1837);
#1212=LINE('',#7738,#1838);
#1213=LINE('',#7740,#1839);
#1214=LINE('',#7745,#1840);
#1215=LINE('',#7747,#1841);
#1216=LINE('',#7749,#1842);
#1217=LINE('',#7750,#1843);
#1218=LINE('',#7753,#1844);
#1219=LINE('',#7755,#1845);
#1220=LINE('',#7756,#1846);
#1221=LINE('',#7759,#1847);
#1222=LINE('',#7760,#1848);
#1223=LINE('',#7763,#1849);
#1224=LINE('',#7764,#1850);
#1225=LINE('',#7766,#1851);
#1226=LINE('',#7771,#1852);
#1227=LINE('',#7773,#1853);
#1228=LINE('',#7775,#1854);
#1229=LINE('',#7776,#1855);
#1230=LINE('',#7779,#1856);
#1231=LINE('',#7781,#1857);
#1232=LINE('',#7782,#1858);
#1233=LINE('',#7785,#1859);
#1234=LINE('',#7786,#1860);
#1235=LINE('',#7789,#1861);
#1236=LINE('',#7790,#1862);
#1237=LINE('',#7792,#1863);
#1238=LINE('',#7797,#1864);
#1239=LINE('',#7799,#1865);
#1240=LINE('',#7801,#1866);
#1241=LINE('',#7802,#1867);
#1242=LINE('',#7805,#1868);
#1243=LINE('',#7807,#1869);
#1244=LINE('',#7808,#1870);
#1245=LINE('',#7811,#1871);
#1246=LINE('',#7812,#1872);
#1247=LINE('',#7815,#1873);
#1248=LINE('',#7816,#1874);
#1249=LINE('',#7818,#1875);
#1250=LINE('',#7823,#1876);
#1251=LINE('',#7825,#1877);
#1252=LINE('',#7827,#1878);
#1253=LINE('',#7828,#1879);
#1254=LINE('',#7831,#1880);
#1255=LINE('',#7833,#1881);
#1256=LINE('',#7834,#1882);
#1257=LINE('',#7837,#1883);
#1258=LINE('',#7838,#1884);
#1259=LINE('',#7841,#1885);
#1260=LINE('',#7842,#1886);
#1261=LINE('',#7844,#1887);
#1262=LINE('',#7849,#1888);
#1263=LINE('',#7851,#1889);
#1264=LINE('',#7853,#1890);
#1265=LINE('',#7854,#1891);
#1266=LINE('',#7857,#1892);
#1267=LINE('',#7859,#1893);
#1268=LINE('',#7860,#1894);
#1269=LINE('',#7863,#1895);
#1270=LINE('',#7864,#1896);
#1271=LINE('',#7867,#1897);
#1272=LINE('',#7868,#1898);
#1273=LINE('',#7870,#1899);
#1274=LINE('',#7875,#1900);
#1275=LINE('',#7877,#1901);
#1276=LINE('',#7879,#1902);
#1277=LINE('',#7880,#1903);
#1278=LINE('',#7883,#1904);
#1279=LINE('',#7885,#1905);
#1280=LINE('',#7886,#1906);
#1281=LINE('',#7889,#1907);
#1282=LINE('',#7890,#1908);
#1283=LINE('',#7893,#1909);
#1284=LINE('',#7894,#1910);
#1285=LINE('',#7896,#1911);
#1286=LINE('',#7901,#1912);
#1287=LINE('',#7903,#1913);
#1288=LINE('',#7905,#1914);
#1289=LINE('',#7906,#1915);
#1290=LINE('',#7909,#1916);
#1291=LINE('',#7911,#1917);
#1292=LINE('',#7912,#1918);
#1293=LINE('',#7915,#1919);
#1294=LINE('',#7916,#1920);
#1295=LINE('',#7919,#1921);
#1296=LINE('',#7920,#1922);
#1297=LINE('',#7922,#1923);
#1298=LINE('',#7927,#1924);
#1299=LINE('',#7929,#1925);
#1300=LINE('',#7931,#1926);
#1301=LINE('',#7932,#1927);
#1302=LINE('',#7935,#1928);
#1303=LINE('',#7937,#1929);
#1304=LINE('',#7938,#1930);
#1305=LINE('',#7941,#1931);
#1306=LINE('',#7942,#1932);
#1307=LINE('',#7945,#1933);
#1308=LINE('',#7946,#1934);
#1309=LINE('',#7948,#1935);
#1310=LINE('',#7953,#1936);
#1311=LINE('',#7955,#1937);
#1312=LINE('',#7957,#1938);
#1313=LINE('',#7958,#1939);
#1314=LINE('',#7961,#1940);
#1315=LINE('',#7963,#1941);
#1316=LINE('',#7964,#1942);
#1317=LINE('',#7967,#1943);
#1318=LINE('',#7968,#1944);
#1319=LINE('',#7971,#1945);
#1320=LINE('',#7972,#1946);
#1321=LINE('',#7974,#1947);
#1322=LINE('',#7979,#1948);
#1323=LINE('',#7981,#1949);
#1324=LINE('',#7983,#1950);
#1325=LINE('',#7984,#1951);
#1326=LINE('',#7987,#1952);
#1327=LINE('',#7989,#1953);
#1328=LINE('',#7990,#1954);
#1329=LINE('',#7993,#1955);
#1330=LINE('',#7994,#1956);
#1331=LINE('',#7997,#1957);
#1332=LINE('',#7998,#1958);
#1333=LINE('',#8000,#1959);
#1334=LINE('',#8005,#1960);
#1335=LINE('',#8007,#1961);
#1336=LINE('',#8009,#1962);
#1337=LINE('',#8010,#1963);
#1338=LINE('',#8013,#1964);
#1339=LINE('',#8015,#1965);
#1340=LINE('',#8016,#1966);
#1341=LINE('',#8019,#1967);
#1342=LINE('',#8020,#1968);
#1343=LINE('',#8023,#1969);
#1344=LINE('',#8024,#1970);
#1345=LINE('',#8026,#1971);
#1346=LINE('',#8031,#1972);
#1347=LINE('',#8033,#1973);
#1348=LINE('',#8035,#1974);
#1349=LINE('',#8036,#1975);
#1350=LINE('',#8039,#1976);
#1351=LINE('',#8041,#1977);
#1352=LINE('',#8042,#1978);
#1353=LINE('',#8045,#1979);
#1354=LINE('',#8046,#1980);
#1355=LINE('',#8049,#1981);
#1356=LINE('',#8050,#1982);
#1357=LINE('',#8052,#1983);
#1358=LINE('',#8057,#1984);
#1359=LINE('',#8059,#1985);
#1360=LINE('',#8061,#1986);
#1361=LINE('',#8062,#1987);
#1362=LINE('',#8065,#1988);
#1363=LINE('',#8067,#1989);
#1364=LINE('',#8068,#1990);
#1365=LINE('',#8071,#1991);
#1366=LINE('',#8072,#1992);
#1367=LINE('',#8075,#1993);
#1368=LINE('',#8076,#1994);
#1369=LINE('',#8078,#1995);
#1370=LINE('',#8083,#1996);
#1371=LINE('',#8085,#1997);
#1372=LINE('',#8087,#1998);
#1373=LINE('',#8088,#1999);
#1374=LINE('',#8091,#2000);
#1375=LINE('',#8093,#2001);
#1376=LINE('',#8094,#2002);
#1377=LINE('',#8097,#2003);
#1378=LINE('',#8098,#2004);
#1379=LINE('',#8101,#2005);
#1380=LINE('',#8102,#2006);
#1381=LINE('',#8104,#2007);
#1382=LINE('',#8109,#2008);
#1383=LINE('',#8111,#2009);
#1384=LINE('',#8113,#2010);
#1385=LINE('',#8114,#2011);
#1386=LINE('',#8117,#2012);
#1387=LINE('',#8119,#2013);
#1388=LINE('',#8120,#2014);
#1389=LINE('',#8123,#2015);
#1390=LINE('',#8124,#2016);
#1391=LINE('',#8127,#2017);
#1392=LINE('',#8128,#2018);
#1393=LINE('',#8130,#2019);
#1394=LINE('',#8136,#2020);
#1395=LINE('',#8141,#2021);
#1396=LINE('',#8143,#2022);
#1397=LINE('',#8145,#2023);
#1398=LINE('',#8146,#2024);
#1399=LINE('',#8150,#2025);
#1400=LINE('',#8152,#2026);
#1401=LINE('',#8154,#2027);
#1402=LINE('',#8155,#2028);
#1403=LINE('',#8159,#2029);
#1404=LINE('',#8161,#2030);
#1405=LINE('',#8163,#2031);
#1406=LINE('',#8164,#2032);
#1407=LINE('',#8168,#2033);
#1408=LINE('',#8170,#2034);
#1409=LINE('',#8172,#2035);
#1410=LINE('',#8173,#2036);
#1411=LINE('',#8177,#2037);
#1412=LINE('',#8179,#2038);
#1413=LINE('',#8181,#2039);
#1414=LINE('',#8185,#2040);
#1415=LINE('',#8189,#2041);
#1416=LINE('',#8193,#2042);
#1417=LINE('',#8195,#2043);
#1418=LINE('',#8197,#2044);
#1419=LINE('',#8199,#2045);
#1420=LINE('',#8201,#2046);
#1421=LINE('',#8202,#2047);
#1422=LINE('',#8206,#2048);
#1423=LINE('',#8208,#2049);
#1424=LINE('',#8210,#2050);
#1425=LINE('',#8214,#2051);
#1426=LINE('',#8218,#2052);
#1427=LINE('',#8230,#2053);
#1428=LINE('',#8231,#2054);
#1429=LINE('',#8266,#2055);
#1430=LINE('',#8268,#2056);
#1431=LINE('',#8269,#2057);
#1432=LINE('',#8272,#2058);
#1433=LINE('',#8273,#2059);
#1434=LINE('',#8276,#2060);
#1435=LINE('',#8277,#2061);
#1436=LINE('',#8280,#2062);
#1437=LINE('',#8281,#2063);
#1438=LINE('',#8284,#2064);
#1439=LINE('',#8285,#2065);
#1440=LINE('',#8287,#2066);
#1441=LINE('',#8294,#2067);
#1442=VECTOR('',#5529,1000.);
#1443=VECTOR('',#5530,1000.);
#1444=VECTOR('',#5531,1000.);
#1445=VECTOR('',#5532,1000.);
#1446=VECTOR('',#5535,1000.);
#1447=VECTOR('',#5536,1000.);
#1448=VECTOR('',#5537,1000.);
#1449=VECTOR('',#5540,1000.);
#1450=VECTOR('',#5541,1000.);
#1451=VECTOR('',#5542,1000.);
#1452=VECTOR('',#5545,1000.);
#1453=VECTOR('',#5546,1000.);
#1454=VECTOR('',#5553,1000.);
#1455=VECTOR('',#5554,1000.);
#1456=VECTOR('',#5555,1000.);
#1457=VECTOR('',#5556,1000.);
#1458=VECTOR('',#5563,1000.);
#1459=VECTOR('',#5566,1000.);
#1460=VECTOR('',#5567,1000.);
#1461=VECTOR('',#5568,1000.);
#1462=VECTOR('',#5571,1000.);
#1463=VECTOR('',#5572,1000.);
#1464=VECTOR('',#5581,1000.);
#1465=VECTOR('',#5584,1000.);
#1466=VECTOR('',#5587,1000.);
#1467=VECTOR('',#5588,1000.);
#1468=VECTOR('',#5589,1000.);
#1469=VECTOR('',#5592,1000.);
#1470=VECTOR('',#5593,1000.);
#1471=VECTOR('',#5594,1000.);
#1472=VECTOR('',#5597,1000.);
#1473=VECTOR('',#5598,1000.);
#1474=VECTOR('',#5607,1000.);
#1475=VECTOR('',#5610,1000.);
#1476=VECTOR('',#5613,1000.);
#1477=VECTOR('',#5614,1000.);
#1478=VECTOR('',#5615,1000.);
#1479=VECTOR('',#5618,1000.);
#1480=VECTOR('',#5619,1000.);
#1481=VECTOR('',#5620,1000.);
#1482=VECTOR('',#5623,1000.);
#1483=VECTOR('',#5624,1000.);
#1484=VECTOR('',#5633,1000.);
#1485=VECTOR('',#5636,1000.);
#1486=VECTOR('',#5639,1000.);
#1487=VECTOR('',#5640,1000.);
#1488=VECTOR('',#5641,1000.);
#1489=VECTOR('',#5644,1000.);
#1490=VECTOR('',#5645,1000.);
#1491=VECTOR('',#5646,1000.);
#1492=VECTOR('',#5649,1000.);
#1493=VECTOR('',#5650,1000.);
#1494=VECTOR('',#5657,1000.);
#1495=VECTOR('',#5658,1000.);
#1496=VECTOR('',#5659,1000.);
#1497=VECTOR('',#5660,1000.);
#1498=VECTOR('',#5663,1000.);
#1499=VECTOR('',#5664,1000.);
#1500=VECTOR('',#5665,1000.);
#1501=VECTOR('',#5666,1000.);
#1502=VECTOR('',#5669,1000.);
#1503=VECTOR('',#5670,1000.);
#1504=VECTOR('',#5671,1000.);
#1505=VECTOR('',#5674,1000.);
#1506=VECTOR('',#5675,1000.);
#1507=VECTOR('',#5676,1000.);
#1508=VECTOR('',#5679,1000.);
#1509=VECTOR('',#5680,1000.);
#1510=VECTOR('',#5683,1000.);
#1511=VECTOR('',#5684,1000.);
#1512=VECTOR('',#5691,1000.);
#1513=VECTOR('',#5692,1000.);
#1514=VECTOR('',#5693,1000.);
#1515=VECTOR('',#5694,1000.);
#1516=VECTOR('',#5695,1000.);
#1517=VECTOR('',#5696,1000.);
#1518=VECTOR('',#5697,1000.);
#1519=VECTOR('',#5698,1000.);
#1520=VECTOR('',#5699,1000.);
#1521=VECTOR('',#5700,1000.);
#1522=VECTOR('',#5701,1000.);
#1523=VECTOR('',#5702,1000.);
#1524=VECTOR('',#5703,1000.);
#1525=VECTOR('',#5704,1000.);
#1526=VECTOR('',#5705,1000.);
#1527=VECTOR('',#5706,1000.);
#1528=VECTOR('',#5707,1000.);
#1529=VECTOR('',#5708,1000.);
#1530=VECTOR('',#5709,1000.);
#1531=VECTOR('',#5710,1000.);
#1532=VECTOR('',#5711,1000.);
#1533=VECTOR('',#5712,1000.);
#1534=VECTOR('',#5713,1000.);
#1535=VECTOR('',#5714,1000.);
#1536=VECTOR('',#5715,1000.);
#1537=VECTOR('',#5716,1000.);
#1538=VECTOR('',#5717,1000.);
#1539=VECTOR('',#5718,1000.);
#1540=VECTOR('',#5719,1000.);
#1541=VECTOR('',#5720,1000.);
#1542=VECTOR('',#5721,1000.);
#1543=VECTOR('',#5722,1000.);
#1544=VECTOR('',#5723,1000.);
#1545=VECTOR('',#5724,1000.);
#1546=VECTOR('',#5725,1000.);
#1547=VECTOR('',#5726,1000.);
#1548=VECTOR('',#5727,1000.);
#1549=VECTOR('',#5728,1000.);
#1550=VECTOR('',#5729,1000.);
#1551=VECTOR('',#5730,1000.);
#1552=VECTOR('',#5731,1000.);
#1553=VECTOR('',#5732,1000.);
#1554=VECTOR('',#5733,1000.);
#1555=VECTOR('',#5734,1000.);
#1556=VECTOR('',#5735,1000.);
#1557=VECTOR('',#5736,1000.);
#1558=VECTOR('',#5737,1000.);
#1559=VECTOR('',#5738,1000.);
#1560=VECTOR('',#5739,1000.);
#1561=VECTOR('',#5740,1000.);
#1562=VECTOR('',#5741,1000.);
#1563=VECTOR('',#5742,1000.);
#1564=VECTOR('',#5743,1000.);
#1565=VECTOR('',#5744,1000.);
#1566=VECTOR('',#5745,1000.);
#1567=VECTOR('',#5746,1000.);
#1568=VECTOR('',#5747,1000.);
#1569=VECTOR('',#5748,1000.);
#1570=VECTOR('',#5749,1000.);
#1571=VECTOR('',#5750,1000.);
#1572=VECTOR('',#5751,1000.);
#1573=VECTOR('',#5752,1000.);
#1574=VECTOR('',#5753,1000.);
#1575=VECTOR('',#5754,1000.);
#1576=VECTOR('',#5755,1000.);
#1577=VECTOR('',#5756,1000.);
#1578=VECTOR('',#5757,1000.);
#1579=VECTOR('',#5758,1000.);
#1580=VECTOR('',#5759,1000.);
#1581=VECTOR('',#5760,1000.);
#1582=VECTOR('',#5761,1000.);
#1583=VECTOR('',#5762,1000.);
#1584=VECTOR('',#5763,1000.);
#1585=VECTOR('',#5764,1000.);
#1586=VECTOR('',#5765,1000.);
#1587=VECTOR('',#5766,1000.);
#1588=VECTOR('',#5767,1000.);
#1589=VECTOR('',#5768,1000.);
#1590=VECTOR('',#5769,1000.);
#1591=VECTOR('',#5770,1000.);
#1592=VECTOR('',#5771,1000.);
#1593=VECTOR('',#5772,1000.);
#1594=VECTOR('',#5773,1000.);
#1595=VECTOR('',#5774,1000.);
#1596=VECTOR('',#5777,1000.);
#1597=VECTOR('',#5780,1000.);
#1598=VECTOR('',#5783,1000.);
#1599=VECTOR('',#5786,1000.);
#1600=VECTOR('',#5789,1000.);
#1601=VECTOR('',#5790,1000.);
#1602=VECTOR('',#5791,1000.);
#1603=VECTOR('',#5794,1000.);
#1604=VECTOR('',#5795,1000.);
#1605=VECTOR('',#5798,1000.);
#1606=VECTOR('',#5799,1000.);
#1607=VECTOR('',#5802,1000.);
#1608=VECTOR('',#5805,1000.);
#1609=VECTOR('',#5808,1000.);
#1610=VECTOR('',#5811,1000.);
#1611=VECTOR('',#5814,1000.);
#1612=VECTOR('',#5819,1000.);
#1613=VECTOR('',#5820,1000.);
#1614=VECTOR('',#5823,1000.);
#1615=VECTOR('',#5826,1000.);
#1616=VECTOR('',#5829,1000.);
#1617=VECTOR('',#5832,1000.);
#1618=VECTOR('',#5835,1000.);
#1619=VECTOR('',#5838,1000.);
#1620=VECTOR('',#5843,1000.);
#1621=VECTOR('',#5844,1000.);
#1622=VECTOR('',#5845,1000.);
#1623=VECTOR('',#5848,1000.);
#1624=VECTOR('',#5849,1000.);
#1625=VECTOR('',#5852,1000.);
#1626=VECTOR('',#5853,1000.);
#1627=VECTOR('',#5856,1000.);
#1628=VECTOR('',#5861,1000.);
#1629=VECTOR('',#5862,1000.);
#1630=VECTOR('',#5863,1000.);
#1631=VECTOR('',#5866,1000.);
#1632=VECTOR('',#5867,1000.);
#1633=VECTOR('',#5870,1000.);
#1634=VECTOR('',#5871,1000.);
#1635=VECTOR('',#5874,1000.);
#1636=VECTOR('',#5879,1000.);
#1637=VECTOR('',#5880,1000.);
#1638=VECTOR('',#5881,1000.);
#1639=VECTOR('',#5884,1000.);
#1640=VECTOR('',#5885,1000.);
#1641=VECTOR('',#5888,1000.);
#1642=VECTOR('',#5889,1000.);
#1643=VECTOR('',#5892,1000.);
#1644=VECTOR('',#5897,1000.);
#1645=VECTOR('',#5898,1000.);
#1646=VECTOR('',#5899,1000.);
#1647=VECTOR('',#5902,1000.);
#1648=VECTOR('',#5903,1000.);
#1649=VECTOR('',#5906,1000.);
#1650=VECTOR('',#5907,1000.);
#1651=VECTOR('',#5910,1000.);
#1652=VECTOR('',#5915,1000.);
#1653=VECTOR('',#5916,1000.);
#1654=VECTOR('',#5917,1000.);
#1655=VECTOR('',#5920,1000.);
#1656=VECTOR('',#5921,1000.);
#1657=VECTOR('',#5924,1000.);
#1658=VECTOR('',#5925,1000.);
#1659=VECTOR('',#5928,1000.);
#1660=VECTOR('',#5933,1000.);
#1661=VECTOR('',#5934,1000.);
#1662=VECTOR('',#5935,1000.);
#1663=VECTOR('',#5938,1000.);
#1664=VECTOR('',#5939,1000.);
#1665=VECTOR('',#5942,1000.);
#1666=VECTOR('',#5943,1000.);
#1667=VECTOR('',#5946,1000.);
#1668=VECTOR('',#5951,1000.);
#1669=VECTOR('',#5952,1000.);
#1670=VECTOR('',#5953,1000.);
#1671=VECTOR('',#5956,1000.);
#1672=VECTOR('',#5957,1000.);
#1673=VECTOR('',#5960,1000.);
#1674=VECTOR('',#5961,1000.);
#1675=VECTOR('',#5964,1000.);
#1676=VECTOR('',#5969,1000.);
#1677=VECTOR('',#5970,1000.);
#1678=VECTOR('',#5971,1000.);
#1679=VECTOR('',#5974,1000.);
#1680=VECTOR('',#5975,1000.);
#1681=VECTOR('',#5978,1000.);
#1682=VECTOR('',#5979,1000.);
#1683=VECTOR('',#5982,1000.);
#1684=VECTOR('',#5987,1000.);
#1685=VECTOR('',#5988,1000.);
#1686=VECTOR('',#5989,1000.);
#1687=VECTOR('',#5992,1000.);
#1688=VECTOR('',#5993,1000.);
#1689=VECTOR('',#5996,1000.);
#1690=VECTOR('',#5997,1000.);
#1691=VECTOR('',#6000,1000.);
#1692=VECTOR('',#6005,1000.);
#1693=VECTOR('',#6006,1000.);
#1694=VECTOR('',#6007,1000.);
#1695=VECTOR('',#6010,1000.);
#1696=VECTOR('',#6011,1000.);
#1697=VECTOR('',#6014,1000.);
#1698=VECTOR('',#6015,1000.);
#1699=VECTOR('',#6018,1000.);
#1700=VECTOR('',#6023,1000.);
#1701=VECTOR('',#6024,1000.);
#1702=VECTOR('',#6025,1000.);
#1703=VECTOR('',#6028,1000.);
#1704=VECTOR('',#6029,1000.);
#1705=VECTOR('',#6032,1000.);
#1706=VECTOR('',#6033,1000.);
#1707=VECTOR('',#6036,1000.);
#1708=VECTOR('',#6041,1000.);
#1709=VECTOR('',#6042,1000.);
#1710=VECTOR('',#6043,1000.);
#1711=VECTOR('',#6046,1000.);
#1712=VECTOR('',#6047,1000.);
#1713=VECTOR('',#6050,1000.);
#1714=VECTOR('',#6051,1000.);
#1715=VECTOR('',#6054,1000.);
#1716=VECTOR('',#6059,1000.);
#1717=VECTOR('',#6060,1000.);
#1718=VECTOR('',#6061,1000.);
#1719=VECTOR('',#6064,1000.);
#1720=VECTOR('',#6065,1000.);
#1721=VECTOR('',#6068,1000.);
#1722=VECTOR('',#6069,1000.);
#1723=VECTOR('',#6072,1000.);
#1724=VECTOR('',#6077,1000.);
#1725=VECTOR('',#6078,1000.);
#1726=VECTOR('',#6079,1000.);
#1727=VECTOR('',#6082,1000.);
#1728=VECTOR('',#6083,1000.);
#1729=VECTOR('',#6086,1000.);
#1730=VECTOR('',#6087,1000.);
#1731=VECTOR('',#6090,1000.);
#1732=VECTOR('',#6095,1000.);
#1733=VECTOR('',#6096,1000.);
#1734=VECTOR('',#6097,1000.);
#1735=VECTOR('',#6100,1000.);
#1736=VECTOR('',#6101,1000.);
#1737=VECTOR('',#6104,1000.);
#1738=VECTOR('',#6105,1000.);
#1739=VECTOR('',#6108,1000.);
#1740=VECTOR('',#6113,1000.);
#1741=VECTOR('',#6114,1000.);
#1742=VECTOR('',#6115,1000.);
#1743=VECTOR('',#6118,1000.);
#1744=VECTOR('',#6119,1000.);
#1745=VECTOR('',#6122,1000.);
#1746=VECTOR('',#6123,1000.);
#1747=VECTOR('',#6126,1000.);
#1748=VECTOR('',#6131,1000.);
#1749=VECTOR('',#6132,1000.);
#1750=VECTOR('',#6133,1000.);
#1751=VECTOR('',#6136,1000.);
#1752=VECTOR('',#6137,1000.);
#1753=VECTOR('',#6140,1000.);
#1754=VECTOR('',#6141,1000.);
#1755=VECTOR('',#6144,1000.);
#1756=VECTOR('',#6149,1000.);
#1757=VECTOR('',#6150,1000.);
#1758=VECTOR('',#6151,1000.);
#1759=VECTOR('',#6154,1000.);
#1760=VECTOR('',#6155,1000.);
#1761=VECTOR('',#6158,1000.);
#1762=VECTOR('',#6159,1000.);
#1763=VECTOR('',#6162,1000.);
#1764=VECTOR('',#6167,1000.);
#1765=VECTOR('',#6168,1000.);
#1766=VECTOR('',#6169,1000.);
#1767=VECTOR('',#6172,1000.);
#1768=VECTOR('',#6173,1000.);
#1769=VECTOR('',#6176,1000.);
#1770=VECTOR('',#6177,1000.);
#1771=VECTOR('',#6180,1000.);
#1772=VECTOR('',#6185,1000.);
#1773=VECTOR('',#6186,1000.);
#1774=VECTOR('',#6187,1000.);
#1775=VECTOR('',#6190,1000.);
#1776=VECTOR('',#6191,1000.);
#1777=VECTOR('',#6194,1000.);
#1778=VECTOR('',#6195,1000.);
#1779=VECTOR('',#6198,1000.);
#1780=VECTOR('',#6203,1000.);
#1781=VECTOR('',#6204,1000.);
#1782=VECTOR('',#6205,1000.);
#1783=VECTOR('',#6206,1000.);
#1784=VECTOR('',#6209,1000.);
#1785=VECTOR('',#6210,1000.);
#1786=VECTOR('',#6211,1000.);
#1787=VECTOR('',#6214,1000.);
#1788=VECTOR('',#6215,1000.);
#1789=VECTOR('',#6218,1000.);
#1790=VECTOR('',#6219,1000.);
#1791=VECTOR('',#6222,1000.);
#1792=VECTOR('',#6227,1000.);
#1793=VECTOR('',#6228,1000.);
#1794=VECTOR('',#6229,1000.);
#1795=VECTOR('',#6230,1000.);
#1796=VECTOR('',#6233,1000.);
#1797=VECTOR('',#6234,1000.);
#1798=VECTOR('',#6235,1000.);
#1799=VECTOR('',#6238,1000.);
#1800=VECTOR('',#6239,1000.);
#1801=VECTOR('',#6242,1000.);
#1802=VECTOR('',#6243,1000.);
#1803=VECTOR('',#6246,1000.);
#1804=VECTOR('',#6251,1000.);
#1805=VECTOR('',#6252,1000.);
#1806=VECTOR('',#6253,1000.);
#1807=VECTOR('',#6254,1000.);
#1808=VECTOR('',#6257,1000.);
#1809=VECTOR('',#6258,1000.);
#1810=VECTOR('',#6259,1000.);
#1811=VECTOR('',#6262,1000.);
#1812=VECTOR('',#6263,1000.);
#1813=VECTOR('',#6266,1000.);
#1814=VECTOR('',#6267,1000.);
#1815=VECTOR('',#6270,1000.);
#1816=VECTOR('',#6275,1000.);
#1817=VECTOR('',#6276,1000.);
#1818=VECTOR('',#6277,1000.);
#1819=VECTOR('',#6278,1000.);
#1820=VECTOR('',#6281,1000.);
#1821=VECTOR('',#6282,1000.);
#1822=VECTOR('',#6283,1000.);
#1823=VECTOR('',#6286,1000.);
#1824=VECTOR('',#6287,1000.);
#1825=VECTOR('',#6290,1000.);
#1826=VECTOR('',#6291,1000.);
#1827=VECTOR('',#6294,1000.);
#1828=VECTOR('',#6299,1000.);
#1829=VECTOR('',#6300,1000.);
#1830=VECTOR('',#6301,1000.);
#1831=VECTOR('',#6302,1000.);
#1832=VECTOR('',#6305,1000.);
#1833=VECTOR('',#6306,1000.);
#1834=VECTOR('',#6307,1000.);
#1835=VECTOR('',#6310,1000.);
#1836=VECTOR('',#6311,1000.);
#1837=VECTOR('',#6314,1000.);
#1838=VECTOR('',#6315,1000.);
#1839=VECTOR('',#6318,1000.);
#1840=VECTOR('',#6323,1000.);
#1841=VECTOR('',#6324,1000.);
#1842=VECTOR('',#6325,1000.);
#1843=VECTOR('',#6326,1000.);
#1844=VECTOR('',#6329,1000.);
#1845=VECTOR('',#6330,1000.);
#1846=VECTOR('',#6331,1000.);
#1847=VECTOR('',#6334,1000.);
#1848=VECTOR('',#6335,1000.);
#1849=VECTOR('',#6338,1000.);
#1850=VECTOR('',#6339,1000.);
#1851=VECTOR('',#6342,1000.);
#1852=VECTOR('',#6347,1000.);
#1853=VECTOR('',#6348,1000.);
#1854=VECTOR('',#6349,1000.);
#1855=VECTOR('',#6350,1000.);
#1856=VECTOR('',#6353,1000.);
#1857=VECTOR('',#6354,1000.);
#1858=VECTOR('',#6355,1000.);
#1859=VECTOR('',#6358,1000.);
#1860=VECTOR('',#6359,1000.);
#1861=VECTOR('',#6362,1000.);
#1862=VECTOR('',#6363,1000.);
#1863=VECTOR('',#6366,1000.);
#1864=VECTOR('',#6371,1000.);
#1865=VECTOR('',#6372,1000.);
#1866=VECTOR('',#6373,1000.);
#1867=VECTOR('',#6374,1000.);
#1868=VECTOR('',#6377,1000.);
#1869=VECTOR('',#6378,1000.);
#1870=VECTOR('',#6379,1000.);
#1871=VECTOR('',#6382,1000.);
#1872=VECTOR('',#6383,1000.);
#1873=VECTOR('',#6386,1000.);
#1874=VECTOR('',#6387,1000.);
#1875=VECTOR('',#6390,1000.);
#1876=VECTOR('',#6395,1000.);
#1877=VECTOR('',#6396,1000.);
#1878=VECTOR('',#6397,1000.);
#1879=VECTOR('',#6398,1000.);
#1880=VECTOR('',#6401,1000.);
#1881=VECTOR('',#6402,1000.);
#1882=VECTOR('',#6403,1000.);
#1883=VECTOR('',#6406,1000.);
#1884=VECTOR('',#6407,1000.);
#1885=VECTOR('',#6410,1000.);
#1886=VECTOR('',#6411,1000.);
#1887=VECTOR('',#6414,1000.);
#1888=VECTOR('',#6419,1000.);
#1889=VECTOR('',#6420,1000.);
#1890=VECTOR('',#6421,1000.);
#1891=VECTOR('',#6422,1000.);
#1892=VECTOR('',#6425,1000.);
#1893=VECTOR('',#6426,1000.);
#1894=VECTOR('',#6427,1000.);
#1895=VECTOR('',#6430,1000.);
#1896=VECTOR('',#6431,1000.);
#1897=VECTOR('',#6434,1000.);
#1898=VECTOR('',#6435,1000.);
#1899=VECTOR('',#6438,1000.);
#1900=VECTOR('',#6443,1000.);
#1901=VECTOR('',#6444,1000.);
#1902=VECTOR('',#6445,1000.);
#1903=VECTOR('',#6446,1000.);
#1904=VECTOR('',#6449,1000.);
#1905=VECTOR('',#6450,1000.);
#1906=VECTOR('',#6451,1000.);
#1907=VECTOR('',#6454,1000.);
#1908=VECTOR('',#6455,1000.);
#1909=VECTOR('',#6458,1000.);
#1910=VECTOR('',#6459,1000.);
#1911=VECTOR('',#6462,1000.);
#1912=VECTOR('',#6467,1000.);
#1913=VECTOR('',#6468,1000.);
#1914=VECTOR('',#6469,1000.);
#1915=VECTOR('',#6470,1000.);
#1916=VECTOR('',#6473,1000.);
#1917=VECTOR('',#6474,1000.);
#1918=VECTOR('',#6475,1000.);
#1919=VECTOR('',#6478,1000.);
#1920=VECTOR('',#6479,1000.);
#1921=VECTOR('',#6482,1000.);
#1922=VECTOR('',#6483,1000.);
#1923=VECTOR('',#6486,1000.);
#1924=VECTOR('',#6491,1000.);
#1925=VECTOR('',#6492,1000.);
#1926=VECTOR('',#6493,1000.);
#1927=VECTOR('',#6494,1000.);
#1928=VECTOR('',#6497,1000.);
#1929=VECTOR('',#6498,1000.);
#1930=VECTOR('',#6499,1000.);
#1931=VECTOR('',#6502,1000.);
#1932=VECTOR('',#6503,1000.);
#1933=VECTOR('',#6506,1000.);
#1934=VECTOR('',#6507,1000.);
#1935=VECTOR('',#6510,1000.);
#1936=VECTOR('',#6515,1000.);
#1937=VECTOR('',#6516,1000.);
#1938=VECTOR('',#6517,1000.);
#1939=VECTOR('',#6518,1000.);
#1940=VECTOR('',#6521,1000.);
#1941=VECTOR('',#6522,1000.);
#1942=VECTOR('',#6523,1000.);
#1943=VECTOR('',#6526,1000.);
#1944=VECTOR('',#6527,1000.);
#1945=VECTOR('',#6530,1000.);
#1946=VECTOR('',#6531,1000.);
#1947=VECTOR('',#6534,1000.);
#1948=VECTOR('',#6539,1000.);
#1949=VECTOR('',#6540,1000.);
#1950=VECTOR('',#6541,1000.);
#1951=VECTOR('',#6542,1000.);
#1952=VECTOR('',#6545,1000.);
#1953=VECTOR('',#6546,1000.);
#1954=VECTOR('',#6547,1000.);
#1955=VECTOR('',#6550,1000.);
#1956=VECTOR('',#6551,1000.);
#1957=VECTOR('',#6554,1000.);
#1958=VECTOR('',#6555,1000.);
#1959=VECTOR('',#6558,1000.);
#1960=VECTOR('',#6563,1000.);
#1961=VECTOR('',#6564,1000.);
#1962=VECTOR('',#6565,1000.);
#1963=VECTOR('',#6566,1000.);
#1964=VECTOR('',#6569,1000.);
#1965=VECTOR('',#6570,1000.);
#1966=VECTOR('',#6571,1000.);
#1967=VECTOR('',#6574,1000.);
#1968=VECTOR('',#6575,1000.);
#1969=VECTOR('',#6578,1000.);
#1970=VECTOR('',#6579,1000.);
#1971=VECTOR('',#6582,1000.);
#1972=VECTOR('',#6587,1000.);
#1973=VECTOR('',#6588,1000.);
#1974=VECTOR('',#6589,1000.);
#1975=VECTOR('',#6590,1000.);
#1976=VECTOR('',#6593,1000.);
#1977=VECTOR('',#6594,1000.);
#1978=VECTOR('',#6595,1000.);
#1979=VECTOR('',#6598,1000.);
#1980=VECTOR('',#6599,1000.);
#1981=VECTOR('',#6602,1000.);
#1982=VECTOR('',#6603,1000.);
#1983=VECTOR('',#6606,1000.);
#1984=VECTOR('',#6611,1000.);
#1985=VECTOR('',#6612,1000.);
#1986=VECTOR('',#6613,1000.);
#1987=VECTOR('',#6614,1000.);
#1988=VECTOR('',#6617,1000.);
#1989=VECTOR('',#6618,1000.);
#1990=VECTOR('',#6619,1000.);
#1991=VECTOR('',#6622,1000.);
#1992=VECTOR('',#6623,1000.);
#1993=VECTOR('',#6626,1000.);
#1994=VECTOR('',#6627,1000.);
#1995=VECTOR('',#6630,1000.);
#1996=VECTOR('',#6635,1000.);
#1997=VECTOR('',#6636,1000.);
#1998=VECTOR('',#6637,1000.);
#1999=VECTOR('',#6638,1000.);
#2000=VECTOR('',#6641,1000.);
#2001=VECTOR('',#6642,1000.);
#2002=VECTOR('',#6643,1000.);
#2003=VECTOR('',#6646,1000.);
#2004=VECTOR('',#6647,1000.);
#2005=VECTOR('',#6650,1000.);
#2006=VECTOR('',#6651,1000.);
#2007=VECTOR('',#6654,1000.);
#2008=VECTOR('',#6659,1000.);
#2009=VECTOR('',#6660,1000.);
#2010=VECTOR('',#6661,1000.);
#2011=VECTOR('',#6662,1000.);
#2012=VECTOR('',#6665,1000.);
#2013=VECTOR('',#6666,1000.);
#2014=VECTOR('',#6667,1000.);
#2015=VECTOR('',#6670,1000.);
#2016=VECTOR('',#6671,1000.);
#2017=VECTOR('',#6674,1000.);
#2018=VECTOR('',#6675,1000.);
#2019=VECTOR('',#6678,1000.);
#2020=VECTOR('',#6685,0.35);
#2021=VECTOR('',#6690,1000.);
#2022=VECTOR('',#6691,1000.);
#2023=VECTOR('',#6692,1000.);
#2024=VECTOR('',#6693,1000.);
#2025=VECTOR('',#6696,1000.);
#2026=VECTOR('',#6697,1000.);
#2027=VECTOR('',#6698,1000.);
#2028=VECTOR('',#6699,1000.);
#2029=VECTOR('',#6702,1000.);
#2030=VECTOR('',#6703,1000.);
#2031=VECTOR('',#6704,1000.);
#2032=VECTOR('',#6705,1000.);
#2033=VECTOR('',#6708,1000.);
#2034=VECTOR('',#6709,1000.);
#2035=VECTOR('',#6710,1000.);
#2036=VECTOR('',#6711,1000.);
#2037=VECTOR('',#6714,1000.);
#2038=VECTOR('',#6715,1000.);
#2039=VECTOR('',#6716,1000.);
#2040=VECTOR('',#6719,1000.);
#2041=VECTOR('',#6722,1000.);
#2042=VECTOR('',#6725,1000.);
#2043=VECTOR('',#6726,1000.);
#2044=VECTOR('',#6727,1000.);
#2045=VECTOR('',#6728,1000.);
#2046=VECTOR('',#6729,1000.);
#2047=VECTOR('',#6730,1000.);
#2048=VECTOR('',#6733,1000.);
#2049=VECTOR('',#6734,1000.);
#2050=VECTOR('',#6735,1000.);
#2051=VECTOR('',#6738,1000.);
#2052=VECTOR('',#6741,1000.);
#2053=VECTOR('',#6764,1000.);
#2054=VECTOR('',#6765,1000.);
#2055=VECTOR('',#6832,1000.);
#2056=VECTOR('',#6833,1000.);
#2057=VECTOR('',#6834,1000.);
#2058=VECTOR('',#6837,1000.);
#2059=VECTOR('',#6838,1000.);
#2060=VECTOR('',#6841,1000.);
#2061=VECTOR('',#6842,1000.);
#2062=VECTOR('',#6845,1000.);
#2063=VECTOR('',#6846,1000.);
#2064=VECTOR('',#6849,1000.);
#2065=VECTOR('',#6850,1000.);
#2066=VECTOR('',#6853,1000.);
#2067=VECTOR('',#6862,0.35);
#2068=VERTEX_POINT('',#6871);
#2069=VERTEX_POINT('',#6872);
#2070=VERTEX_POINT('',#6874);
#2071=VERTEX_POINT('',#6876);
#2072=VERTEX_POINT('',#6880);
#2073=VERTEX_POINT('',#6882);
#2074=VERTEX_POINT('',#6886);
#2075=VERTEX_POINT('',#6888);
#2076=VERTEX_POINT('',#6897);
#2077=VERTEX_POINT('',#6898);
#2078=VERTEX_POINT('',#6900);
#2079=VERTEX_POINT('',#6902);
#2080=VERTEX_POINT('',#6906);
#2081=VERTEX_POINT('',#6908);
#2082=VERTEX_POINT('',#6912);
#2083=VERTEX_POINT('',#6914);
#2084=VERTEX_POINT('',#6923);
#2085=VERTEX_POINT('',#6924);
#2086=VERTEX_POINT('',#6926);
#2087=VERTEX_POINT('',#6928);
#2088=VERTEX_POINT('',#6932);
#2089=VERTEX_POINT('',#6934);
#2090=VERTEX_POINT('',#6938);
#2091=VERTEX_POINT('',#6940);
#2092=VERTEX_POINT('',#6949);
#2093=VERTEX_POINT('',#6950);
#2094=VERTEX_POINT('',#6952);
#2095=VERTEX_POINT('',#6954);
#2096=VERTEX_POINT('',#6958);
#2097=VERTEX_POINT('',#6960);
#2098=VERTEX_POINT('',#6964);
#2099=VERTEX_POINT('',#6966);
#2100=VERTEX_POINT('',#6975);
#2101=VERTEX_POINT('',#6976);
#2102=VERTEX_POINT('',#6978);
#2103=VERTEX_POINT('',#6980);
#2104=VERTEX_POINT('',#6984);
#2105=VERTEX_POINT('',#6986);
#2106=VERTEX_POINT('',#6990);
#2107=VERTEX_POINT('',#6992);
#2108=VERTEX_POINT('',#7001);
#2109=VERTEX_POINT('',#7002);
#2110=VERTEX_POINT('',#7004);
#2111=VERTEX_POINT('',#7006);
#2112=VERTEX_POINT('',#7010);
#2113=VERTEX_POINT('',#7011);
#2114=VERTEX_POINT('',#7013);
#2115=VERTEX_POINT('',#7015);
#2116=VERTEX_POINT('',#7019);
#2117=VERTEX_POINT('',#7021);
#2118=VERTEX_POINT('',#7025);
#2119=VERTEX_POINT('',#7027);
#2120=VERTEX_POINT('',#7039);
#2121=VERTEX_POINT('',#7040);
#2122=VERTEX_POINT('',#7042);
#2123=VERTEX_POINT('',#7044);
#2124=VERTEX_POINT('',#7047);
#2125=VERTEX_POINT('',#7048);
#2126=VERTEX_POINT('',#7050);
#2127=VERTEX_POINT('',#7052);
#2128=VERTEX_POINT('',#7055);
#2129=VERTEX_POINT('',#7056);
#2130=VERTEX_POINT('',#7058);
#2131=VERTEX_POINT('',#7060);
#2132=VERTEX_POINT('',#7063);
#2133=VERTEX_POINT('',#7064);
#2134=VERTEX_POINT('',#7066);
#2135=VERTEX_POINT('',#7068);
#2136=VERTEX_POINT('',#7071);
#2137=VERTEX_POINT('',#7072);
#2138=VERTEX_POINT('',#7074);
#2139=VERTEX_POINT('',#7076);
#2140=VERTEX_POINT('',#7079);
#2141=VERTEX_POINT('',#7080);
#2142=VERTEX_POINT('',#7082);
#2143=VERTEX_POINT('',#7084);
#2144=VERTEX_POINT('',#7087);
#2145=VERTEX_POINT('',#7088);
#2146=VERTEX_POINT('',#7090);
#2147=VERTEX_POINT('',#7092);
#2148=VERTEX_POINT('',#7095);
#2149=VERTEX_POINT('',#7096);
#2150=VERTEX_POINT('',#7098);
#2151=VERTEX_POINT('',#7100);
#2152=VERTEX_POINT('',#7103);
#2153=VERTEX_POINT('',#7104);
#2154=VERTEX_POINT('',#7106);
#2155=VERTEX_POINT('',#7108);
#2156=VERTEX_POINT('',#7111);
#2157=VERTEX_POINT('',#7112);
#2158=VERTEX_POINT('',#7114);
#2159=VERTEX_POINT('',#7116);
#2160=VERTEX_POINT('',#7119);
#2161=VERTEX_POINT('',#7120);
#2162=VERTEX_POINT('',#7122);
#2163=VERTEX_POINT('',#7124);
#2164=VERTEX_POINT('',#7127);
#2165=VERTEX_POINT('',#7128);
#2166=VERTEX_POINT('',#7130);
#2167=VERTEX_POINT('',#7132);
#2168=VERTEX_POINT('',#7135);
#2169=VERTEX_POINT('',#7136);
#2170=VERTEX_POINT('',#7138);
#2171=VERTEX_POINT('',#7140);
#2172=VERTEX_POINT('',#7143);
#2173=VERTEX_POINT('',#7144);
#2174=VERTEX_POINT('',#7146);
#2175=VERTEX_POINT('',#7148);
#2176=VERTEX_POINT('',#7151);
#2177=VERTEX_POINT('',#7152);
#2178=VERTEX_POINT('',#7154);
#2179=VERTEX_POINT('',#7156);
#2180=VERTEX_POINT('',#7159);
#2181=VERTEX_POINT('',#7160);
#2182=VERTEX_POINT('',#7162);
#2183=VERTEX_POINT('',#7164);
#2184=VERTEX_POINT('',#7167);
#2185=VERTEX_POINT('',#7168);
#2186=VERTEX_POINT('',#7170);
#2187=VERTEX_POINT('',#7172);
#2188=VERTEX_POINT('',#7175);
#2189=VERTEX_POINT('',#7176);
#2190=VERTEX_POINT('',#7178);
#2191=VERTEX_POINT('',#7180);
#2192=VERTEX_POINT('',#7183);
#2193=VERTEX_POINT('',#7184);
#2194=VERTEX_POINT('',#7186);
#2195=VERTEX_POINT('',#7188);
#2196=VERTEX_POINT('',#7191);
#2197=VERTEX_POINT('',#7192);
#2198=VERTEX_POINT('',#7194);
#2199=VERTEX_POINT('',#7196);
#2200=VERTEX_POINT('',#7199);
#2201=VERTEX_POINT('',#7200);
#2202=VERTEX_POINT('',#7202);
#2203=VERTEX_POINT('',#7204);
#2204=VERTEX_POINT('',#7207);
#2205=VERTEX_POINT('',#7208);
#2206=VERTEX_POINT('',#7210);
#2207=VERTEX_POINT('',#7212);
#2208=VERTEX_POINT('',#7214);
#2209=VERTEX_POINT('',#7216);
#2210=VERTEX_POINT('',#7218);
#2211=VERTEX_POINT('',#7220);
#2212=VERTEX_POINT('',#7224);
#2213=VERTEX_POINT('',#7226);
#2214=VERTEX_POINT('',#7230);
#2215=VERTEX_POINT('',#7234);
#2216=VERTEX_POINT('',#7240);
#2217=VERTEX_POINT('',#7241);
#2218=VERTEX_POINT('',#7243);
#2219=VERTEX_POINT('',#7245);
#2220=VERTEX_POINT('',#7247);
#2221=VERTEX_POINT('',#7249);
#2222=VERTEX_POINT('',#7251);
#2223=VERTEX_POINT('',#7253);
#2224=VERTEX_POINT('',#7273);
#2225=VERTEX_POINT('',#7275);
#2226=VERTEX_POINT('',#7279);
#2227=VERTEX_POINT('',#7283);
#2228=VERTEX_POINT('',#7290);
#2229=VERTEX_POINT('',#7292);
#2230=VERTEX_POINT('',#7296);
#2231=VERTEX_POINT('',#7300);
#2232=VERTEX_POINT('',#7307);
#2233=VERTEX_POINT('',#7309);
#2234=VERTEX_POINT('',#7313);
#2235=VERTEX_POINT('',#7317);
#2236=VERTEX_POINT('',#7324);
#2237=VERTEX_POINT('',#7326);
#2238=VERTEX_POINT('',#7330);
#2239=VERTEX_POINT('',#7334);
#2240=VERTEX_POINT('',#7341);
#2241=VERTEX_POINT('',#7343);
#2242=VERTEX_POINT('',#7347);
#2243=VERTEX_POINT('',#7351);
#2244=VERTEX_POINT('',#7358);
#2245=VERTEX_POINT('',#7360);
#2246=VERTEX_POINT('',#7364);
#2247=VERTEX_POINT('',#7368);
#2248=VERTEX_POINT('',#7375);
#2249=VERTEX_POINT('',#7377);
#2250=VERTEX_POINT('',#7381);
#2251=VERTEX_POINT('',#7385);
#2252=VERTEX_POINT('',#7392);
#2253=VERTEX_POINT('',#7394);
#2254=VERTEX_POINT('',#7398);
#2255=VERTEX_POINT('',#7402);
#2256=VERTEX_POINT('',#7409);
#2257=VERTEX_POINT('',#7411);
#2258=VERTEX_POINT('',#7415);
#2259=VERTEX_POINT('',#7419);
#2260=VERTEX_POINT('',#7426);
#2261=VERTEX_POINT('',#7428);
#2262=VERTEX_POINT('',#7432);
#2263=VERTEX_POINT('',#7436);
#2264=VERTEX_POINT('',#7443);
#2265=VERTEX_POINT('',#7445);
#2266=VERTEX_POINT('',#7449);
#2267=VERTEX_POINT('',#7453);
#2268=VERTEX_POINT('',#7460);
#2269=VERTEX_POINT('',#7462);
#2270=VERTEX_POINT('',#7466);
#2271=VERTEX_POINT('',#7470);
#2272=VERTEX_POINT('',#7477);
#2273=VERTEX_POINT('',#7479);
#2274=VERTEX_POINT('',#7483);
#2275=VERTEX_POINT('',#7487);
#2276=VERTEX_POINT('',#7494);
#2277=VERTEX_POINT('',#7496);
#2278=VERTEX_POINT('',#7500);
#2279=VERTEX_POINT('',#7504);
#2280=VERTEX_POINT('',#7511);
#2281=VERTEX_POINT('',#7513);
#2282=VERTEX_POINT('',#7517);
#2283=VERTEX_POINT('',#7521);
#2284=VERTEX_POINT('',#7528);
#2285=VERTEX_POINT('',#7530);
#2286=VERTEX_POINT('',#7534);
#2287=VERTEX_POINT('',#7538);
#2288=VERTEX_POINT('',#7545);
#2289=VERTEX_POINT('',#7547);
#2290=VERTEX_POINT('',#7551);
#2291=VERTEX_POINT('',#7555);
#2292=VERTEX_POINT('',#7562);
#2293=VERTEX_POINT('',#7564);
#2294=VERTEX_POINT('',#7568);
#2295=VERTEX_POINT('',#7572);
#2296=VERTEX_POINT('',#7579);
#2297=VERTEX_POINT('',#7581);
#2298=VERTEX_POINT('',#7585);
#2299=VERTEX_POINT('',#7589);
#2300=VERTEX_POINT('',#7596);
#2301=VERTEX_POINT('',#7598);
#2302=VERTEX_POINT('',#7602);
#2303=VERTEX_POINT('',#7606);
#2304=VERTEX_POINT('',#7613);
#2305=VERTEX_POINT('',#7614);
#2306=VERTEX_POINT('',#7616);
#2307=VERTEX_POINT('',#7618);
#2308=VERTEX_POINT('',#7622);
#2309=VERTEX_POINT('',#7624);
#2310=VERTEX_POINT('',#7628);
#2311=VERTEX_POINT('',#7632);
#2312=VERTEX_POINT('',#7639);
#2313=VERTEX_POINT('',#7640);
#2314=VERTEX_POINT('',#7642);
#2315=VERTEX_POINT('',#7644);
#2316=VERTEX_POINT('',#7648);
#2317=VERTEX_POINT('',#7650);
#2318=VERTEX_POINT('',#7654);
#2319=VERTEX_POINT('',#7658);
#2320=VERTEX_POINT('',#7665);
#2321=VERTEX_POINT('',#7666);
#2322=VERTEX_POINT('',#7668);
#2323=VERTEX_POINT('',#7670);
#2324=VERTEX_POINT('',#7674);
#2325=VERTEX_POINT('',#7676);
#2326=VERTEX_POINT('',#7680);
#2327=VERTEX_POINT('',#7684);
#2328=VERTEX_POINT('',#7691);
#2329=VERTEX_POINT('',#7692);
#2330=VERTEX_POINT('',#7694);
#2331=VERTEX_POINT('',#7696);
#2332=VERTEX_POINT('',#7700);
#2333=VERTEX_POINT('',#7702);
#2334=VERTEX_POINT('',#7706);
#2335=VERTEX_POINT('',#7710);
#2336=VERTEX_POINT('',#7717);
#2337=VERTEX_POINT('',#7718);
#2338=VERTEX_POINT('',#7720);
#2339=VERTEX_POINT('',#7722);
#2340=VERTEX_POINT('',#7726);
#2341=VERTEX_POINT('',#7728);
#2342=VERTEX_POINT('',#7732);
#2343=VERTEX_POINT('',#7736);
#2344=VERTEX_POINT('',#7743);
#2345=VERTEX_POINT('',#7744);
#2346=VERTEX_POINT('',#7746);
#2347=VERTEX_POINT('',#7748);
#2348=VERTEX_POINT('',#7752);
#2349=VERTEX_POINT('',#7754);
#2350=VERTEX_POINT('',#7758);
#2351=VERTEX_POINT('',#7762);
#2352=VERTEX_POINT('',#7769);
#2353=VERTEX_POINT('',#7770);
#2354=VERTEX_POINT('',#7772);
#2355=VERTEX_POINT('',#7774);
#2356=VERTEX_POINT('',#7778);
#2357=VERTEX_POINT('',#7780);
#2358=VERTEX_POINT('',#7784);
#2359=VERTEX_POINT('',#7788);
#2360=VERTEX_POINT('',#7795);
#2361=VERTEX_POINT('',#7796);
#2362=VERTEX_POINT('',#7798);
#2363=VERTEX_POINT('',#7800);
#2364=VERTEX_POINT('',#7804);
#2365=VERTEX_POINT('',#7806);
#2366=VERTEX_POINT('',#7810);
#2367=VERTEX_POINT('',#7814);
#2368=VERTEX_POINT('',#7821);
#2369=VERTEX_POINT('',#7822);
#2370=VERTEX_POINT('',#7824);
#2371=VERTEX_POINT('',#7826);
#2372=VERTEX_POINT('',#7830);
#2373=VERTEX_POINT('',#7832);
#2374=VERTEX_POINT('',#7836);
#2375=VERTEX_POINT('',#7840);
#2376=VERTEX_POINT('',#7847);
#2377=VERTEX_POINT('',#7848);
#2378=VERTEX_POINT('',#7850);
#2379=VERTEX_POINT('',#7852);
#2380=VERTEX_POINT('',#7856);
#2381=VERTEX_POINT('',#7858);
#2382=VERTEX_POINT('',#7862);
#2383=VERTEX_POINT('',#7866);
#2384=VERTEX_POINT('',#7873);
#2385=VERTEX_POINT('',#7874);
#2386=VERTEX_POINT('',#7876);
#2387=VERTEX_POINT('',#7878);
#2388=VERTEX_POINT('',#7882);
#2389=VERTEX_POINT('',#7884);
#2390=VERTEX_POINT('',#7888);
#2391=VERTEX_POINT('',#7892);
#2392=VERTEX_POINT('',#7899);
#2393=VERTEX_POINT('',#7900);
#2394=VERTEX_POINT('',#7902);
#2395=VERTEX_POINT('',#7904);
#2396=VERTEX_POINT('',#7908);
#2397=VERTEX_POINT('',#7910);
#2398=VERTEX_POINT('',#7914);
#2399=VERTEX_POINT('',#7918);
#2400=VERTEX_POINT('',#7925);
#2401=VERTEX_POINT('',#7926);
#2402=VERTEX_POINT('',#7928);
#2403=VERTEX_POINT('',#7930);
#2404=VERTEX_POINT('',#7934);
#2405=VERTEX_POINT('',#7936);
#2406=VERTEX_POINT('',#7940);
#2407=VERTEX_POINT('',#7944);
#2408=VERTEX_POINT('',#7951);
#2409=VERTEX_POINT('',#7952);
#2410=VERTEX_POINT('',#7954);
#2411=VERTEX_POINT('',#7956);
#2412=VERTEX_POINT('',#7960);
#2413=VERTEX_POINT('',#7962);
#2414=VERTEX_POINT('',#7966);
#2415=VERTEX_POINT('',#7970);
#2416=VERTEX_POINT('',#7977);
#2417=VERTEX_POINT('',#7978);
#2418=VERTEX_POINT('',#7980);
#2419=VERTEX_POINT('',#7982);
#2420=VERTEX_POINT('',#7986);
#2421=VERTEX_POINT('',#7988);
#2422=VERTEX_POINT('',#7992);
#2423=VERTEX_POINT('',#7996);
#2424=VERTEX_POINT('',#8003);
#2425=VERTEX_POINT('',#8004);
#2426=VERTEX_POINT('',#8006);
#2427=VERTEX_POINT('',#8008);
#2428=VERTEX_POINT('',#8012);
#2429=VERTEX_POINT('',#8014);
#2430=VERTEX_POINT('',#8018);
#2431=VERTEX_POINT('',#8022);
#2432=VERTEX_POINT('',#8029);
#2433=VERTEX_POINT('',#8030);
#2434=VERTEX_POINT('',#8032);
#2435=VERTEX_POINT('',#8034);
#2436=VERTEX_POINT('',#8038);
#2437=VERTEX_POINT('',#8040);
#2438=VERTEX_POINT('',#8044);
#2439=VERTEX_POINT('',#8048);
#2440=VERTEX_POINT('',#8055);
#2441=VERTEX_POINT('',#8056);
#2442=VERTEX_POINT('',#8058);
#2443=VERTEX_POINT('',#8060);
#2444=VERTEX_POINT('',#8064);
#2445=VERTEX_POINT('',#8066);
#2446=VERTEX_POINT('',#8070);
#2447=VERTEX_POINT('',#8074);
#2448=VERTEX_POINT('',#8081);
#2449=VERTEX_POINT('',#8082);
#2450=VERTEX_POINT('',#8084);
#2451=VERTEX_POINT('',#8086);
#2452=VERTEX_POINT('',#8090);
#2453=VERTEX_POINT('',#8092);
#2454=VERTEX_POINT('',#8096);
#2455=VERTEX_POINT('',#8100);
#2456=VERTEX_POINT('',#8107);
#2457=VERTEX_POINT('',#8108);
#2458=VERTEX_POINT('',#8110);
#2459=VERTEX_POINT('',#8112);
#2460=VERTEX_POINT('',#8116);
#2461=VERTEX_POINT('',#8118);
#2462=VERTEX_POINT('',#8122);
#2463=VERTEX_POINT('',#8126);
#2464=VERTEX_POINT('',#8133);
#2465=VERTEX_POINT('',#8135);
#2466=VERTEX_POINT('',#8139);
#2467=VERTEX_POINT('',#8140);
#2468=VERTEX_POINT('',#8142);
#2469=VERTEX_POINT('',#8144);
#2470=VERTEX_POINT('',#8148);
#2471=VERTEX_POINT('',#8149);
#2472=VERTEX_POINT('',#8151);
#2473=VERTEX_POINT('',#8153);
#2474=VERTEX_POINT('',#8157);
#2475=VERTEX_POINT('',#8158);
#2476=VERTEX_POINT('',#8160);
#2477=VERTEX_POINT('',#8162);
#2478=VERTEX_POINT('',#8166);
#2479=VERTEX_POINT('',#8167);
#2480=VERTEX_POINT('',#8169);
#2481=VERTEX_POINT('',#8171);
#2482=VERTEX_POINT('',#8175);
#2483=VERTEX_POINT('',#8176);
#2484=VERTEX_POINT('',#8178);
#2485=VERTEX_POINT('',#8180);
#2486=VERTEX_POINT('',#8182);
#2487=VERTEX_POINT('',#8184);
#2488=VERTEX_POINT('',#8186);
#2489=VERTEX_POINT('',#8188);
#2490=VERTEX_POINT('',#8191);
#2491=VERTEX_POINT('',#8192);
#2492=VERTEX_POINT('',#8194);
#2493=VERTEX_POINT('',#8196);
#2494=VERTEX_POINT('',#8198);
#2495=VERTEX_POINT('',#8200);
#2496=VERTEX_POINT('',#8204);
#2497=VERTEX_POINT('',#8205);
#2498=VERTEX_POINT('',#8207);
#2499=VERTEX_POINT('',#8209);
#2500=VERTEX_POINT('',#8211);
#2501=VERTEX_POINT('',#8213);
#2502=VERTEX_POINT('',#8215);
#2503=VERTEX_POINT('',#8217);
#2504=VERTEX_POINT('',#8265);
#2505=VERTEX_POINT('',#8267);
#2506=VERTEX_POINT('',#8271);
#2507=VERTEX_POINT('',#8275);
#2508=VERTEX_POINT('',#8279);
#2509=VERTEX_POINT('',#8283);
#2510=VERTEX_POINT('',#8291);
#2511=VERTEX_POINT('',#8293);
#2512=EDGE_CURVE('',#2068,#2069,#816,.T.);
#2513=EDGE_CURVE('',#2070,#2069,#817,.T.);
#2514=EDGE_CURVE('',#2071,#2070,#818,.T.);
#2515=EDGE_CURVE('',#2071,#2068,#819,.T.);
#2516=EDGE_CURVE('',#2069,#2072,#820,.T.);
#2517=EDGE_CURVE('',#2073,#2072,#821,.T.);
#2518=EDGE_CURVE('',#2070,#2073,#822,.T.);
#2519=EDGE_CURVE('',#2072,#2074,#823,.T.);
#2520=EDGE_CURVE('',#2075,#2074,#824,.T.);
#2521=EDGE_CURVE('',#2073,#2075,#825,.T.);
#2522=EDGE_CURVE('',#2074,#2068,#826,.T.);
#2523=EDGE_CURVE('',#2075,#2071,#827,.T.);
#2524=EDGE_CURVE('',#2076,#2077,#828,.T.);
#2525=EDGE_CURVE('',#2076,#2078,#829,.T.);
#2526=EDGE_CURVE('',#2079,#2078,#830,.T.);
#2527=EDGE_CURVE('',#2077,#2079,#831,.T.);
#2528=EDGE_CURVE('',#2077,#2080,#47,.T.);
#2529=EDGE_CURVE('',#2081,#2079,#48,.T.);
#2530=EDGE_CURVE('',#2080,#2081,#832,.T.);
#2531=EDGE_CURVE('',#2080,#2082,#833,.T.);
#2532=EDGE_CURVE('',#2083,#2081,#834,.T.);
#2533=EDGE_CURVE('',#2082,#2083,#835,.T.);
#2534=EDGE_CURVE('',#2082,#2076,#836,.T.);
#2535=EDGE_CURVE('',#2078,#2083,#837,.T.);
#2536=EDGE_CURVE('',#2084,#2085,#49,.T.);
#2537=EDGE_CURVE('',#2084,#2086,#838,.T.);
#2538=EDGE_CURVE('',#2087,#2086,#50,.T.);
#2539=EDGE_CURVE('',#2085,#2087,#839,.T.);
#2540=EDGE_CURVE('',#2085,#2088,#840,.T.);
#2541=EDGE_CURVE('',#2089,#2087,#841,.T.);
#2542=EDGE_CURVE('',#2088,#2089,#842,.T.);
#2543=EDGE_CURVE('',#2088,#2090,#843,.T.);
#2544=EDGE_CURVE('',#2091,#2089,#844,.T.);
#2545=EDGE_CURVE('',#2090,#2091,#845,.T.);
#2546=EDGE_CURVE('',#2090,#2084,#846,.T.);
#2547=EDGE_CURVE('',#2086,#2091,#847,.T.);
#2548=EDGE_CURVE('',#2092,#2093,#51,.T.);
#2549=EDGE_CURVE('',#2092,#2094,#848,.T.);
#2550=EDGE_CURVE('',#2095,#2094,#52,.T.);
#2551=EDGE_CURVE('',#2093,#2095,#849,.T.);
#2552=EDGE_CURVE('',#2093,#2096,#850,.T.);
#2553=EDGE_CURVE('',#2097,#2095,#851,.T.);
#2554=EDGE_CURVE('',#2096,#2097,#852,.T.);
#2555=EDGE_CURVE('',#2096,#2098,#853,.T.);
#2556=EDGE_CURVE('',#2099,#2097,#854,.T.);
#2557=EDGE_CURVE('',#2098,#2099,#855,.T.);
#2558=EDGE_CURVE('',#2098,#2092,#856,.T.);
#2559=EDGE_CURVE('',#2094,#2099,#857,.T.);
#2560=EDGE_CURVE('',#2100,#2101,#53,.T.);
#2561=EDGE_CURVE('',#2100,#2102,#858,.T.);
#2562=EDGE_CURVE('',#2103,#2102,#54,.T.);
#2563=EDGE_CURVE('',#2101,#2103,#859,.T.);
#2564=EDGE_CURVE('',#2101,#2104,#860,.T.);
#2565=EDGE_CURVE('',#2105,#2103,#861,.T.);
#2566=EDGE_CURVE('',#2104,#2105,#862,.T.);
#2567=EDGE_CURVE('',#2104,#2106,#863,.T.);
#2568=EDGE_CURVE('',#2107,#2105,#864,.T.);
#2569=EDGE_CURVE('',#2106,#2107,#865,.T.);
#2570=EDGE_CURVE('',#2106,#2100,#866,.T.);
#2571=EDGE_CURVE('',#2102,#2107,#867,.T.);
#2572=EDGE_CURVE('',#2108,#2109,#868,.T.);
#2573=EDGE_CURVE('',#2109,#2110,#869,.T.);
#2574=EDGE_CURVE('',#2111,#2110,#870,.T.);
#2575=EDGE_CURVE('',#2111,#2108,#871,.T.);
#2576=EDGE_CURVE('',#2112,#2113,#872,.T.);
#2577=EDGE_CURVE('',#2112,#2114,#873,.T.);
#2578=EDGE_CURVE('',#2114,#2115,#874,.T.);
#2579=EDGE_CURVE('',#2113,#2115,#875,.T.);
#2580=EDGE_CURVE('',#2115,#2116,#876,.T.);
#2581=EDGE_CURVE('',#2116,#2117,#877,.T.);
#2582=EDGE_CURVE('',#2113,#2117,#878,.T.);
#2583=EDGE_CURVE('',#2118,#2111,#879,.T.);
#2584=EDGE_CURVE('',#2118,#2119,#880,.T.);
#2585=EDGE_CURVE('',#2119,#2108,#881,.T.);
#2586=EDGE_CURVE('',#2119,#2116,#882,.T.);
#2587=EDGE_CURVE('',#2114,#2109,#883,.T.);
#2588=EDGE_CURVE('',#2117,#2118,#884,.T.);
#2589=EDGE_CURVE('',#2110,#2112,#885,.T.);
#2590=EDGE_CURVE('',#2120,#2121,#886,.T.);
#2591=EDGE_CURVE('',#2122,#2120,#887,.T.);
#2592=EDGE_CURVE('',#2123,#2122,#888,.T.);
#2593=EDGE_CURVE('',#2121,#2123,#889,.T.);
#2594=EDGE_CURVE('',#2124,#2125,#890,.T.);
#2595=EDGE_CURVE('',#2125,#2126,#891,.T.);
#2596=EDGE_CURVE('',#2126,#2127,#892,.T.);
#2597=EDGE_CURVE('',#2127,#2124,#893,.T.);
#2598=EDGE_CURVE('',#2128,#2129,#894,.T.);
#2599=EDGE_CURVE('',#2129,#2130,#895,.T.);
#2600=EDGE_CURVE('',#2130,#2131,#896,.T.);
#2601=EDGE_CURVE('',#2131,#2128,#897,.T.);
#2602=EDGE_CURVE('',#2132,#2133,#898,.T.);
#2603=EDGE_CURVE('',#2133,#2134,#899,.T.);
#2604=EDGE_CURVE('',#2134,#2135,#900,.T.);
#2605=EDGE_CURVE('',#2135,#2132,#901,.T.);
#2606=EDGE_CURVE('',#2136,#2137,#902,.T.);
#2607=EDGE_CURVE('',#2137,#2138,#903,.T.);
#2608=EDGE_CURVE('',#2138,#2139,#904,.T.);
#2609=EDGE_CURVE('',#2139,#2136,#905,.T.);
#2610=EDGE_CURVE('',#2140,#2141,#906,.T.);
#2611=EDGE_CURVE('',#2141,#2142,#907,.T.);
#2612=EDGE_CURVE('',#2142,#2143,#908,.T.);
#2613=EDGE_CURVE('',#2143,#2140,#909,.T.);
#2614=EDGE_CURVE('',#2144,#2145,#910,.T.);
#2615=EDGE_CURVE('',#2145,#2146,#911,.T.);
#2616=EDGE_CURVE('',#2146,#2147,#912,.T.);
#2617=EDGE_CURVE('',#2147,#2144,#913,.T.);
#2618=EDGE_CURVE('',#2148,#2149,#914,.T.);
#2619=EDGE_CURVE('',#2149,#2150,#915,.T.);
#2620=EDGE_CURVE('',#2150,#2151,#916,.T.);
#2621=EDGE_CURVE('',#2151,#2148,#917,.T.);
#2622=EDGE_CURVE('',#2152,#2153,#918,.T.);
#2623=EDGE_CURVE('',#2153,#2154,#919,.T.);
#2624=EDGE_CURVE('',#2154,#2155,#920,.T.);
#2625=EDGE_CURVE('',#2155,#2152,#921,.T.);
#2626=EDGE_CURVE('',#2156,#2157,#922,.T.);
#2627=EDGE_CURVE('',#2157,#2158,#923,.T.);
#2628=EDGE_CURVE('',#2158,#2159,#924,.T.);
#2629=EDGE_CURVE('',#2159,#2156,#925,.T.);
#2630=EDGE_CURVE('',#2160,#2161,#926,.T.);
#2631=EDGE_CURVE('',#2161,#2162,#927,.T.);
#2632=EDGE_CURVE('',#2162,#2163,#928,.T.);
#2633=EDGE_CURVE('',#2163,#2160,#929,.T.);
#2634=EDGE_CURVE('',#2164,#2165,#930,.T.);
#2635=EDGE_CURVE('',#2165,#2166,#931,.T.);
#2636=EDGE_CURVE('',#2166,#2167,#932,.T.);
#2637=EDGE_CURVE('',#2167,#2164,#933,.T.);
#2638=EDGE_CURVE('',#2168,#2169,#934,.T.);
#2639=EDGE_CURVE('',#2169,#2170,#935,.T.);
#2640=EDGE_CURVE('',#2170,#2171,#936,.T.);
#2641=EDGE_CURVE('',#2171,#2168,#937,.T.);
#2642=EDGE_CURVE('',#2172,#2173,#938,.T.);
#2643=EDGE_CURVE('',#2173,#2174,#939,.T.);
#2644=EDGE_CURVE('',#2174,#2175,#940,.T.);
#2645=EDGE_CURVE('',#2175,#2172,#941,.T.);
#2646=EDGE_CURVE('',#2176,#2177,#942,.T.);
#2647=EDGE_CURVE('',#2177,#2178,#943,.T.);
#2648=EDGE_CURVE('',#2178,#2179,#944,.T.);
#2649=EDGE_CURVE('',#2179,#2176,#945,.T.);
#2650=EDGE_CURVE('',#2180,#2181,#946,.T.);
#2651=EDGE_CURVE('',#2181,#2182,#947,.T.);
#2652=EDGE_CURVE('',#2182,#2183,#948,.T.);
#2653=EDGE_CURVE('',#2183,#2180,#949,.T.);
#2654=EDGE_CURVE('',#2184,#2185,#950,.T.);
#2655=EDGE_CURVE('',#2185,#2186,#951,.T.);
#2656=EDGE_CURVE('',#2186,#2187,#952,.T.);
#2657=EDGE_CURVE('',#2187,#2184,#953,.T.);
#2658=EDGE_CURVE('',#2188,#2189,#954,.T.);
#2659=EDGE_CURVE('',#2189,#2190,#955,.T.);
#2660=EDGE_CURVE('',#2190,#2191,#956,.T.);
#2661=EDGE_CURVE('',#2191,#2188,#957,.T.);
#2662=EDGE_CURVE('',#2192,#2193,#958,.T.);
#2663=EDGE_CURVE('',#2193,#2194,#959,.T.);
#2664=EDGE_CURVE('',#2194,#2195,#960,.T.);
#2665=EDGE_CURVE('',#2195,#2192,#961,.T.);
#2666=EDGE_CURVE('',#2196,#2197,#962,.T.);
#2667=EDGE_CURVE('',#2197,#2198,#963,.T.);
#2668=EDGE_CURVE('',#2198,#2199,#964,.T.);
#2669=EDGE_CURVE('',#2199,#2196,#965,.T.);
#2670=EDGE_CURVE('',#2200,#2201,#966,.T.);
#2671=EDGE_CURVE('',#2201,#2202,#967,.T.);
#2672=EDGE_CURVE('',#2202,#2203,#968,.T.);
#2673=EDGE_CURVE('',#2203,#2200,#969,.T.);
#2674=EDGE_CURVE('',#2204,#2205,#55,.T.);
#2675=EDGE_CURVE('',#2206,#2204,#970,.T.);
#2676=EDGE_CURVE('',#2207,#2206,#56,.T.);
#2677=EDGE_CURVE('',#2208,#2207,#971,.T.);
#2678=EDGE_CURVE('',#2209,#2208,#57,.T.);
#2679=EDGE_CURVE('',#2210,#2209,#972,.T.);
#2680=EDGE_CURVE('',#2211,#2210,#58,.T.);
#2681=EDGE_CURVE('',#2205,#2211,#973,.T.);
#2682=EDGE_CURVE('',#2212,#2121,#974,.T.);
#2683=EDGE_CURVE('',#2213,#2212,#975,.T.);
#2684=EDGE_CURVE('',#2213,#2120,#976,.T.);
#2685=EDGE_CURVE('',#2214,#2123,#977,.T.);
#2686=EDGE_CURVE('',#2212,#2214,#978,.T.);
#2687=EDGE_CURVE('',#2215,#2122,#979,.T.);
#2688=EDGE_CURVE('',#2214,#2215,#980,.T.);
#2689=EDGE_CURVE('',#2215,#2213,#981,.T.);
#2690=EDGE_CURVE('',#2216,#2217,#982,.T.);
#2691=EDGE_CURVE('',#2217,#2218,#59,.T.);
#2692=EDGE_CURVE('',#2218,#2219,#983,.T.);
#2693=EDGE_CURVE('',#2219,#2220,#60,.T.);
#2694=EDGE_CURVE('',#2220,#2221,#984,.T.);
#2695=EDGE_CURVE('',#2221,#2222,#61,.T.);
#2696=EDGE_CURVE('',#2222,#2223,#985,.T.);
#2697=EDGE_CURVE('',#2223,#2216,#62,.T.);
#2698=EDGE_CURVE('',#2216,#2206,#986,.T.);
#2699=EDGE_CURVE('',#2217,#2204,#987,.T.);
#2700=EDGE_CURVE('',#2218,#2205,#988,.T.);
#2701=EDGE_CURVE('',#2219,#2211,#989,.T.);
#2702=EDGE_CURVE('',#2220,#2210,#990,.T.);
#2703=EDGE_CURVE('',#2221,#2209,#991,.T.);
#2704=EDGE_CURVE('',#2222,#2208,#992,.T.);
#2705=EDGE_CURVE('',#2223,#2207,#993,.T.);
#2706=EDGE_CURVE('',#2224,#2200,#994,.T.);
#2707=EDGE_CURVE('',#2224,#2225,#995,.T.);
#2708=EDGE_CURVE('',#2225,#2201,#996,.T.);
#2709=EDGE_CURVE('',#2225,#2226,#997,.T.);
#2710=EDGE_CURVE('',#2226,#2202,#998,.T.);
#2711=EDGE_CURVE('',#2226,#2227,#999,.T.);
#2712=EDGE_CURVE('',#2227,#2203,#1000,.T.);
#2713=EDGE_CURVE('',#2227,#2224,#1001,.T.);
#2714=EDGE_CURVE('',#2228,#2124,#1002,.T.);
#2715=EDGE_CURVE('',#2228,#2229,#1003,.T.);
#2716=EDGE_CURVE('',#2229,#2125,#1004,.T.);
#2717=EDGE_CURVE('',#2229,#2230,#1005,.T.);
#2718=EDGE_CURVE('',#2230,#2126,#1006,.T.);
#2719=EDGE_CURVE('',#2230,#2231,#1007,.T.);
#2720=EDGE_CURVE('',#2231,#2127,#1008,.T.);
#2721=EDGE_CURVE('',#2231,#2228,#1009,.T.);
#2722=EDGE_CURVE('',#2232,#2196,#1010,.T.);
#2723=EDGE_CURVE('',#2232,#2233,#1011,.T.);
#2724=EDGE_CURVE('',#2233,#2197,#1012,.T.);
#2725=EDGE_CURVE('',#2233,#2234,#1013,.T.);
#2726=EDGE_CURVE('',#2234,#2198,#1014,.T.);
#2727=EDGE_CURVE('',#2234,#2235,#1015,.T.);
#2728=EDGE_CURVE('',#2235,#2199,#1016,.T.);
#2729=EDGE_CURVE('',#2235,#2232,#1017,.T.);
#2730=EDGE_CURVE('',#2236,#2128,#1018,.T.);
#2731=EDGE_CURVE('',#2236,#2237,#1019,.T.);
#2732=EDGE_CURVE('',#2237,#2129,#1020,.T.);
#2733=EDGE_CURVE('',#2237,#2238,#1021,.T.);
#2734=EDGE_CURVE('',#2238,#2130,#1022,.T.);
#2735=EDGE_CURVE('',#2238,#2239,#1023,.T.);
#2736=EDGE_CURVE('',#2239,#2131,#1024,.T.);
#2737=EDGE_CURVE('',#2239,#2236,#1025,.T.);
#2738=EDGE_CURVE('',#2240,#2192,#1026,.T.);
#2739=EDGE_CURVE('',#2240,#2241,#1027,.T.);
#2740=EDGE_CURVE('',#2241,#2193,#1028,.T.);
#2741=EDGE_CURVE('',#2241,#2242,#1029,.T.);
#2742=EDGE_CURVE('',#2242,#2194,#1030,.T.);
#2743=EDGE_CURVE('',#2242,#2243,#1031,.T.);
#2744=EDGE_CURVE('',#2243,#2195,#1032,.T.);
#2745=EDGE_CURVE('',#2243,#2240,#1033,.T.);
#2746=EDGE_CURVE('',#2244,#2132,#1034,.T.);
#2747=EDGE_CURVE('',#2244,#2245,#1035,.T.);
#2748=EDGE_CURVE('',#2245,#2133,#1036,.T.);
#2749=EDGE_CURVE('',#2245,#2246,#1037,.T.);
#2750=EDGE_CURVE('',#2246,#2134,#1038,.T.);
#2751=EDGE_CURVE('',#2246,#2247,#1039,.T.);
#2752=EDGE_CURVE('',#2247,#2135,#1040,.T.);
#2753=EDGE_CURVE('',#2247,#2244,#1041,.T.);
#2754=EDGE_CURVE('',#2248,#2188,#1042,.T.);
#2755=EDGE_CURVE('',#2248,#2249,#1043,.T.);
#2756=EDGE_CURVE('',#2249,#2189,#1044,.T.);
#2757=EDGE_CURVE('',#2249,#2250,#1045,.T.);
#2758=EDGE_CURVE('',#2250,#2190,#1046,.T.);
#2759=EDGE_CURVE('',#2250,#2251,#1047,.T.);
#2760=EDGE_CURVE('',#2251,#2191,#1048,.T.);
#2761=EDGE_CURVE('',#2251,#2248,#1049,.T.);
#2762=EDGE_CURVE('',#2252,#2136,#1050,.T.);
#2763=EDGE_CURVE('',#2252,#2253,#1051,.T.);
#2764=EDGE_CURVE('',#2253,#2137,#1052,.T.);
#2765=EDGE_CURVE('',#2253,#2254,#1053,.T.);
#2766=EDGE_CURVE('',#2254,#2138,#1054,.T.);
#2767=EDGE_CURVE('',#2254,#2255,#1055,.T.);
#2768=EDGE_CURVE('',#2255,#2139,#1056,.T.);
#2769=EDGE_CURVE('',#2255,#2252,#1057,.T.);
#2770=EDGE_CURVE('',#2256,#2184,#1058,.T.);
#2771=EDGE_CURVE('',#2256,#2257,#1059,.T.);
#2772=EDGE_CURVE('',#2257,#2185,#1060,.T.);
#2773=EDGE_CURVE('',#2257,#2258,#1061,.T.);
#2774=EDGE_CURVE('',#2258,#2186,#1062,.T.);
#2775=EDGE_CURVE('',#2258,#2259,#1063,.T.);
#2776=EDGE_CURVE('',#2259,#2187,#1064,.T.);
#2777=EDGE_CURVE('',#2259,#2256,#1065,.T.);
#2778=EDGE_CURVE('',#2260,#2140,#1066,.T.);
#2779=EDGE_CURVE('',#2260,#2261,#1067,.T.);
#2780=EDGE_CURVE('',#2261,#2141,#1068,.T.);
#2781=EDGE_CURVE('',#2261,#2262,#1069,.T.);
#2782=EDGE_CURVE('',#2262,#2142,#1070,.T.);
#2783=EDGE_CURVE('',#2262,#2263,#1071,.T.);
#2784=EDGE_CURVE('',#2263,#2143,#1072,.T.);
#2785=EDGE_CURVE('',#2263,#2260,#1073,.T.);
#2786=EDGE_CURVE('',#2264,#2180,#1074,.T.);
#2787=EDGE_CURVE('',#2264,#2265,#1075,.T.);
#2788=EDGE_CURVE('',#2265,#2181,#1076,.T.);
#2789=EDGE_CURVE('',#2265,#2266,#1077,.T.);
#2790=EDGE_CURVE('',#2266,#2182,#1078,.T.);
#2791=EDGE_CURVE('',#2266,#2267,#1079,.T.);
#2792=EDGE_CURVE('',#2267,#2183,#1080,.T.);
#2793=EDGE_CURVE('',#2267,#2264,#1081,.T.);
#2794=EDGE_CURVE('',#2268,#2144,#1082,.T.);
#2795=EDGE_CURVE('',#2268,#2269,#1083,.T.);
#2796=EDGE_CURVE('',#2269,#2145,#1084,.T.);
#2797=EDGE_CURVE('',#2269,#2270,#1085,.T.);
#2798=EDGE_CURVE('',#2270,#2146,#1086,.T.);
#2799=EDGE_CURVE('',#2270,#2271,#1087,.T.);
#2800=EDGE_CURVE('',#2271,#2147,#1088,.T.);
#2801=EDGE_CURVE('',#2271,#2268,#1089,.T.);
#2802=EDGE_CURVE('',#2272,#2176,#1090,.T.);
#2803=EDGE_CURVE('',#2272,#2273,#1091,.T.);
#2804=EDGE_CURVE('',#2273,#2177,#1092,.T.);
#2805=EDGE_CURVE('',#2273,#2274,#1093,.T.);
#2806=EDGE_CURVE('',#2274,#2178,#1094,.T.);
#2807=EDGE_CURVE('',#2274,#2275,#1095,.T.);
#2808=EDGE_CURVE('',#2275,#2179,#1096,.T.);
#2809=EDGE_CURVE('',#2275,#2272,#1097,.T.);
#2810=EDGE_CURVE('',#2276,#2148,#1098,.T.);
#2811=EDGE_CURVE('',#2276,#2277,#1099,.T.);
#2812=EDGE_CURVE('',#2277,#2149,#1100,.T.);
#2813=EDGE_CURVE('',#2277,#2278,#1101,.T.);
#2814=EDGE_CURVE('',#2278,#2150,#1102,.T.);
#2815=EDGE_CURVE('',#2278,#2279,#1103,.T.);
#2816=EDGE_CURVE('',#2279,#2151,#1104,.T.);
#2817=EDGE_CURVE('',#2279,#2276,#1105,.T.);
#2818=EDGE_CURVE('',#2280,#2172,#1106,.T.);
#2819=EDGE_CURVE('',#2280,#2281,#1107,.T.);
#2820=EDGE_CURVE('',#2281,#2173,#1108,.T.);
#2821=EDGE_CURVE('',#2281,#2282,#1109,.T.);
#2822=EDGE_CURVE('',#2282,#2174,#1110,.T.);
#2823=EDGE_CURVE('',#2282,#2283,#1111,.T.);
#2824=EDGE_CURVE('',#2283,#2175,#1112,.T.);
#2825=EDGE_CURVE('',#2283,#2280,#1113,.T.);
#2826=EDGE_CURVE('',#2284,#2152,#1114,.T.);
#2827=EDGE_CURVE('',#2284,#2285,#1115,.T.);
#2828=EDGE_CURVE('',#2285,#2153,#1116,.T.);
#2829=EDGE_CURVE('',#2285,#2286,#1117,.T.);
#2830=EDGE_CURVE('',#2286,#2154,#1118,.T.);
#2831=EDGE_CURVE('',#2286,#2287,#1119,.T.);
#2832=EDGE_CURVE('',#2287,#2155,#1120,.T.);
#2833=EDGE_CURVE('',#2287,#2284,#1121,.T.);
#2834=EDGE_CURVE('',#2288,#2168,#1122,.T.);
#2835=EDGE_CURVE('',#2288,#2289,#1123,.T.);
#2836=EDGE_CURVE('',#2289,#2169,#1124,.T.);
#2837=EDGE_CURVE('',#2289,#2290,#1125,.T.);
#2838=EDGE_CURVE('',#2290,#2170,#1126,.T.);
#2839=EDGE_CURVE('',#2290,#2291,#1127,.T.);
#2840=EDGE_CURVE('',#2291,#2171,#1128,.T.);
#2841=EDGE_CURVE('',#2291,#2288,#1129,.T.);
#2842=EDGE_CURVE('',#2292,#2156,#1130,.T.);
#2843=EDGE_CURVE('',#2292,#2293,#1131,.T.);
#2844=EDGE_CURVE('',#2293,#2157,#1132,.T.);
#2845=EDGE_CURVE('',#2293,#2294,#1133,.T.);
#2846=EDGE_CURVE('',#2294,#2158,#1134,.T.);
#2847=EDGE_CURVE('',#2294,#2295,#1135,.T.);
#2848=EDGE_CURVE('',#2295,#2159,#1136,.T.);
#2849=EDGE_CURVE('',#2295,#2292,#1137,.T.);
#2850=EDGE_CURVE('',#2296,#2164,#1138,.T.);
#2851=EDGE_CURVE('',#2296,#2297,#1139,.T.);
#2852=EDGE_CURVE('',#2297,#2165,#1140,.T.);
#2853=EDGE_CURVE('',#2297,#2298,#1141,.T.);
#2854=EDGE_CURVE('',#2298,#2166,#1142,.T.);
#2855=EDGE_CURVE('',#2298,#2299,#1143,.T.);
#2856=EDGE_CURVE('',#2299,#2167,#1144,.T.);
#2857=EDGE_CURVE('',#2299,#2296,#1145,.T.);
#2858=EDGE_CURVE('',#2300,#2160,#1146,.T.);
#2859=EDGE_CURVE('',#2300,#2301,#1147,.T.);
#2860=EDGE_CURVE('',#2301,#2161,#1148,.T.);
#2861=EDGE_CURVE('',#2301,#2302,#1149,.T.);
#2862=EDGE_CURVE('',#2302,#2162,#1150,.T.);
#2863=EDGE_CURVE('',#2302,#2303,#1151,.T.);
#2864=EDGE_CURVE('',#2303,#2163,#1152,.T.);
#2865=EDGE_CURVE('',#2303,#2300,#1153,.T.);
#2866=EDGE_CURVE('',#2304,#2305,#1154,.T.);
#2867=EDGE_CURVE('',#2306,#2304,#1155,.T.);
#2868=EDGE_CURVE('',#2307,#2306,#1156,.T.);
#2869=EDGE_CURVE('',#2305,#2307,#1157,.T.);
#2870=EDGE_CURVE('',#2308,#2304,#1158,.T.);
#2871=EDGE_CURVE('',#2308,#2309,#1159,.T.);
#2872=EDGE_CURVE('',#2309,#2306,#1160,.T.);
#2873=EDGE_CURVE('',#2309,#2310,#1161,.T.);
#2874=EDGE_CURVE('',#2310,#2307,#1162,.T.);
#2875=EDGE_CURVE('',#2310,#2311,#1163,.T.);
#2876=EDGE_CURVE('',#2311,#2305,#1164,.T.);
#2877=EDGE_CURVE('',#2311,#2308,#1165,.T.);
#2878=EDGE_CURVE('',#2312,#2313,#1166,.T.);
#2879=EDGE_CURVE('',#2314,#2312,#1167,.T.);
#2880=EDGE_CURVE('',#2315,#2314,#1168,.T.);
#2881=EDGE_CURVE('',#2313,#2315,#1169,.T.);
#2882=EDGE_CURVE('',#2316,#2312,#1170,.T.);
#2883=EDGE_CURVE('',#2316,#2317,#1171,.T.);
#2884=EDGE_CURVE('',#2317,#2314,#1172,.T.);
#2885=EDGE_CURVE('',#2317,#2318,#1173,.T.);
#2886=EDGE_CURVE('',#2318,#2315,#1174,.T.);
#2887=EDGE_CURVE('',#2318,#2319,#1175,.T.);
#2888=EDGE_CURVE('',#2319,#2313,#1176,.T.);
#2889=EDGE_CURVE('',#2319,#2316,#1177,.T.);
#2890=EDGE_CURVE('',#2320,#2321,#1178,.T.);
#2891=EDGE_CURVE('',#2322,#2320,#1179,.T.);
#2892=EDGE_CURVE('',#2323,#2322,#1180,.T.);
#2893=EDGE_CURVE('',#2321,#2323,#1181,.T.);
#2894=EDGE_CURVE('',#2324,#2320,#1182,.T.);
#2895=EDGE_CURVE('',#2324,#2325,#1183,.T.);
#2896=EDGE_CURVE('',#2325,#2322,#1184,.T.);
#2897=EDGE_CURVE('',#2325,#2326,#1185,.T.);
#2898=EDGE_CURVE('',#2326,#2323,#1186,.T.);
#2899=EDGE_CURVE('',#2326,#2327,#1187,.T.);
#2900=EDGE_CURVE('',#2327,#2321,#1188,.T.);
#2901=EDGE_CURVE('',#2327,#2324,#1189,.T.);
#2902=EDGE_CURVE('',#2328,#2329,#1190,.T.);
#2903=EDGE_CURVE('',#2330,#2328,#1191,.T.);
#2904=EDGE_CURVE('',#2331,#2330,#1192,.T.);
#2905=EDGE_CURVE('',#2329,#2331,#1193,.T.);
#2906=EDGE_CURVE('',#2332,#2328,#1194,.T.);
#2907=EDGE_CURVE('',#2332,#2333,#1195,.T.);
#2908=EDGE_CURVE('',#2333,#2330,#1196,.T.);
#2909=EDGE_CURVE('',#2333,#2334,#1197,.T.);
#2910=EDGE_CURVE('',#2334,#2331,#1198,.T.);
#2911=EDGE_CURVE('',#2334,#2335,#1199,.T.);
#2912=EDGE_CURVE('',#2335,#2329,#1200,.T.);
#2913=EDGE_CURVE('',#2335,#2332,#1201,.T.);
#2914=EDGE_CURVE('',#2336,#2337,#1202,.T.);
#2915=EDGE_CURVE('',#2338,#2336,#1203,.T.);
#2916=EDGE_CURVE('',#2339,#2338,#1204,.T.);
#2917=EDGE_CURVE('',#2337,#2339,#1205,.T.);
#2918=EDGE_CURVE('',#2340,#2336,#1206,.T.);
#2919=EDGE_CURVE('',#2340,#2341,#1207,.T.);
#2920=EDGE_CURVE('',#2341,#2338,#1208,.T.);
#2921=EDGE_CURVE('',#2341,#2342,#1209,.T.);
#2922=EDGE_CURVE('',#2342,#2339,#1210,.T.);
#2923=EDGE_CURVE('',#2342,#2343,#1211,.T.);
#2924=EDGE_CURVE('',#2343,#2337,#1212,.T.);
#2925=EDGE_CURVE('',#2343,#2340,#1213,.T.);
#2926=EDGE_CURVE('',#2344,#2345,#1214,.T.);
#2927=EDGE_CURVE('',#2346,#2344,#1215,.T.);
#2928=EDGE_CURVE('',#2347,#2346,#1216,.T.);
#2929=EDGE_CURVE('',#2345,#2347,#1217,.T.);
#2930=EDGE_CURVE('',#2348,#2344,#1218,.T.);
#2931=EDGE_CURVE('',#2348,#2349,#1219,.T.);
#2932=EDGE_CURVE('',#2349,#2346,#1220,.T.);
#2933=EDGE_CURVE('',#2349,#2350,#1221,.T.);
#2934=EDGE_CURVE('',#2350,#2347,#1222,.T.);
#2935=EDGE_CURVE('',#2350,#2351,#1223,.T.);
#2936=EDGE_CURVE('',#2351,#2345,#1224,.T.);
#2937=EDGE_CURVE('',#2351,#2348,#1225,.T.);
#2938=EDGE_CURVE('',#2352,#2353,#1226,.T.);
#2939=EDGE_CURVE('',#2354,#2352,#1227,.T.);
#2940=EDGE_CURVE('',#2355,#2354,#1228,.T.);
#2941=EDGE_CURVE('',#2353,#2355,#1229,.T.);
#2942=EDGE_CURVE('',#2356,#2352,#1230,.T.);
#2943=EDGE_CURVE('',#2356,#2357,#1231,.T.);
#2944=EDGE_CURVE('',#2357,#2354,#1232,.T.);
#2945=EDGE_CURVE('',#2357,#2358,#1233,.T.);
#2946=EDGE_CURVE('',#2358,#2355,#1234,.T.);
#2947=EDGE_CURVE('',#2358,#2359,#1235,.T.);
#2948=EDGE_CURVE('',#2359,#2353,#1236,.T.);
#2949=EDGE_CURVE('',#2359,#2356,#1237,.T.);
#2950=EDGE_CURVE('',#2360,#2361,#1238,.T.);
#2951=EDGE_CURVE('',#2362,#2360,#1239,.T.);
#2952=EDGE_CURVE('',#2363,#2362,#1240,.T.);
#2953=EDGE_CURVE('',#2361,#2363,#1241,.T.);
#2954=EDGE_CURVE('',#2364,#2360,#1242,.T.);
#2955=EDGE_CURVE('',#2364,#2365,#1243,.T.);
#2956=EDGE_CURVE('',#2365,#2362,#1244,.T.);
#2957=EDGE_CURVE('',#2365,#2366,#1245,.T.);
#2958=EDGE_CURVE('',#2366,#2363,#1246,.T.);
#2959=EDGE_CURVE('',#2366,#2367,#1247,.T.);
#2960=EDGE_CURVE('',#2367,#2361,#1248,.T.);
#2961=EDGE_CURVE('',#2367,#2364,#1249,.T.);
#2962=EDGE_CURVE('',#2368,#2369,#1250,.T.);
#2963=EDGE_CURVE('',#2370,#2368,#1251,.T.);
#2964=EDGE_CURVE('',#2371,#2370,#1252,.T.);
#2965=EDGE_CURVE('',#2369,#2371,#1253,.T.);
#2966=EDGE_CURVE('',#2372,#2368,#1254,.T.);
#2967=EDGE_CURVE('',#2372,#2373,#1255,.T.);
#2968=EDGE_CURVE('',#2373,#2370,#1256,.T.);
#2969=EDGE_CURVE('',#2373,#2374,#1257,.T.);
#2970=EDGE_CURVE('',#2374,#2371,#1258,.T.);
#2971=EDGE_CURVE('',#2374,#2375,#1259,.T.);
#2972=EDGE_CURVE('',#2375,#2369,#1260,.T.);
#2973=EDGE_CURVE('',#2375,#2372,#1261,.T.);
#2974=EDGE_CURVE('',#2376,#2377,#1262,.T.);
#2975=EDGE_CURVE('',#2378,#2376,#1263,.T.);
#2976=EDGE_CURVE('',#2379,#2378,#1264,.T.);
#2977=EDGE_CURVE('',#2377,#2379,#1265,.T.);
#2978=EDGE_CURVE('',#2380,#2376,#1266,.T.);
#2979=EDGE_CURVE('',#2380,#2381,#1267,.T.);
#2980=EDGE_CURVE('',#2381,#2378,#1268,.T.);
#2981=EDGE_CURVE('',#2381,#2382,#1269,.T.);
#2982=EDGE_CURVE('',#2382,#2379,#1270,.T.);
#2983=EDGE_CURVE('',#2382,#2383,#1271,.T.);
#2984=EDGE_CURVE('',#2383,#2377,#1272,.T.);
#2985=EDGE_CURVE('',#2383,#2380,#1273,.T.);
#2986=EDGE_CURVE('',#2384,#2385,#1274,.T.);
#2987=EDGE_CURVE('',#2386,#2384,#1275,.T.);
#2988=EDGE_CURVE('',#2387,#2386,#1276,.T.);
#2989=EDGE_CURVE('',#2385,#2387,#1277,.T.);
#2990=EDGE_CURVE('',#2388,#2384,#1278,.T.);
#2991=EDGE_CURVE('',#2388,#2389,#1279,.T.);
#2992=EDGE_CURVE('',#2389,#2386,#1280,.T.);
#2993=EDGE_CURVE('',#2389,#2390,#1281,.T.);
#2994=EDGE_CURVE('',#2390,#2387,#1282,.T.);
#2995=EDGE_CURVE('',#2390,#2391,#1283,.T.);
#2996=EDGE_CURVE('',#2391,#2385,#1284,.T.);
#2997=EDGE_CURVE('',#2391,#2388,#1285,.T.);
#2998=EDGE_CURVE('',#2392,#2393,#1286,.T.);
#2999=EDGE_CURVE('',#2394,#2392,#1287,.T.);
#3000=EDGE_CURVE('',#2395,#2394,#1288,.T.);
#3001=EDGE_CURVE('',#2393,#2395,#1289,.T.);
#3002=EDGE_CURVE('',#2396,#2392,#1290,.T.);
#3003=EDGE_CURVE('',#2396,#2397,#1291,.T.);
#3004=EDGE_CURVE('',#2397,#2394,#1292,.T.);
#3005=EDGE_CURVE('',#2397,#2398,#1293,.T.);
#3006=EDGE_CURVE('',#2398,#2395,#1294,.T.);
#3007=EDGE_CURVE('',#2398,#2399,#1295,.T.);
#3008=EDGE_CURVE('',#2399,#2393,#1296,.T.);
#3009=EDGE_CURVE('',#2399,#2396,#1297,.T.);
#3010=EDGE_CURVE('',#2400,#2401,#1298,.T.);
#3011=EDGE_CURVE('',#2402,#2400,#1299,.T.);
#3012=EDGE_CURVE('',#2403,#2402,#1300,.T.);
#3013=EDGE_CURVE('',#2401,#2403,#1301,.T.);
#3014=EDGE_CURVE('',#2404,#2400,#1302,.T.);
#3015=EDGE_CURVE('',#2404,#2405,#1303,.T.);
#3016=EDGE_CURVE('',#2405,#2402,#1304,.T.);
#3017=EDGE_CURVE('',#2405,#2406,#1305,.T.);
#3018=EDGE_CURVE('',#2406,#2403,#1306,.T.);
#3019=EDGE_CURVE('',#2406,#2407,#1307,.T.);
#3020=EDGE_CURVE('',#2407,#2401,#1308,.T.);
#3021=EDGE_CURVE('',#2407,#2404,#1309,.T.);
#3022=EDGE_CURVE('',#2408,#2409,#1310,.T.);
#3023=EDGE_CURVE('',#2410,#2408,#1311,.T.);
#3024=EDGE_CURVE('',#2411,#2410,#1312,.T.);
#3025=EDGE_CURVE('',#2409,#2411,#1313,.T.);
#3026=EDGE_CURVE('',#2412,#2408,#1314,.T.);
#3027=EDGE_CURVE('',#2412,#2413,#1315,.T.);
#3028=EDGE_CURVE('',#2413,#2410,#1316,.T.);
#3029=EDGE_CURVE('',#2413,#2414,#1317,.T.);
#3030=EDGE_CURVE('',#2414,#2411,#1318,.T.);
#3031=EDGE_CURVE('',#2414,#2415,#1319,.T.);
#3032=EDGE_CURVE('',#2415,#2409,#1320,.T.);
#3033=EDGE_CURVE('',#2415,#2412,#1321,.T.);
#3034=EDGE_CURVE('',#2416,#2417,#1322,.T.);
#3035=EDGE_CURVE('',#2418,#2416,#1323,.T.);
#3036=EDGE_CURVE('',#2419,#2418,#1324,.T.);
#3037=EDGE_CURVE('',#2417,#2419,#1325,.T.);
#3038=EDGE_CURVE('',#2420,#2416,#1326,.T.);
#3039=EDGE_CURVE('',#2420,#2421,#1327,.T.);
#3040=EDGE_CURVE('',#2421,#2418,#1328,.T.);
#3041=EDGE_CURVE('',#2421,#2422,#1329,.T.);
#3042=EDGE_CURVE('',#2422,#2419,#1330,.T.);
#3043=EDGE_CURVE('',#2422,#2423,#1331,.T.);
#3044=EDGE_CURVE('',#2423,#2417,#1332,.T.);
#3045=EDGE_CURVE('',#2423,#2420,#1333,.T.);
#3046=EDGE_CURVE('',#2424,#2425,#1334,.T.);
#3047=EDGE_CURVE('',#2426,#2424,#1335,.T.);
#3048=EDGE_CURVE('',#2427,#2426,#1336,.T.);
#3049=EDGE_CURVE('',#2425,#2427,#1337,.T.);
#3050=EDGE_CURVE('',#2428,#2424,#1338,.T.);
#3051=EDGE_CURVE('',#2428,#2429,#1339,.T.);
#3052=EDGE_CURVE('',#2429,#2426,#1340,.T.);
#3053=EDGE_CURVE('',#2429,#2430,#1341,.T.);
#3054=EDGE_CURVE('',#2430,#2427,#1342,.T.);
#3055=EDGE_CURVE('',#2430,#2431,#1343,.T.);
#3056=EDGE_CURVE('',#2431,#2425,#1344,.T.);
#3057=EDGE_CURVE('',#2431,#2428,#1345,.T.);
#3058=EDGE_CURVE('',#2432,#2433,#1346,.T.);
#3059=EDGE_CURVE('',#2434,#2432,#1347,.T.);
#3060=EDGE_CURVE('',#2435,#2434,#1348,.T.);
#3061=EDGE_CURVE('',#2433,#2435,#1349,.T.);
#3062=EDGE_CURVE('',#2436,#2432,#1350,.T.);
#3063=EDGE_CURVE('',#2436,#2437,#1351,.T.);
#3064=EDGE_CURVE('',#2437,#2434,#1352,.T.);
#3065=EDGE_CURVE('',#2437,#2438,#1353,.T.);
#3066=EDGE_CURVE('',#2438,#2435,#1354,.T.);
#3067=EDGE_CURVE('',#2438,#2439,#1355,.T.);
#3068=EDGE_CURVE('',#2439,#2433,#1356,.T.);
#3069=EDGE_CURVE('',#2439,#2436,#1357,.T.);
#3070=EDGE_CURVE('',#2440,#2441,#1358,.T.);
#3071=EDGE_CURVE('',#2442,#2440,#1359,.T.);
#3072=EDGE_CURVE('',#2443,#2442,#1360,.T.);
#3073=EDGE_CURVE('',#2441,#2443,#1361,.T.);
#3074=EDGE_CURVE('',#2444,#2440,#1362,.T.);
#3075=EDGE_CURVE('',#2444,#2445,#1363,.T.);
#3076=EDGE_CURVE('',#2445,#2442,#1364,.T.);
#3077=EDGE_CURVE('',#2445,#2446,#1365,.T.);
#3078=EDGE_CURVE('',#2446,#2443,#1366,.T.);
#3079=EDGE_CURVE('',#2446,#2447,#1367,.T.);
#3080=EDGE_CURVE('',#2447,#2441,#1368,.T.);
#3081=EDGE_CURVE('',#2447,#2444,#1369,.T.);
#3082=EDGE_CURVE('',#2448,#2449,#1370,.T.);
#3083=EDGE_CURVE('',#2450,#2448,#1371,.T.);
#3084=EDGE_CURVE('',#2451,#2450,#1372,.T.);
#3085=EDGE_CURVE('',#2449,#2451,#1373,.T.);
#3086=EDGE_CURVE('',#2452,#2448,#1374,.T.);
#3087=EDGE_CURVE('',#2452,#2453,#1375,.T.);
#3088=EDGE_CURVE('',#2453,#2450,#1376,.T.);
#3089=EDGE_CURVE('',#2453,#2454,#1377,.T.);
#3090=EDGE_CURVE('',#2454,#2451,#1378,.T.);
#3091=EDGE_CURVE('',#2454,#2455,#1379,.T.);
#3092=EDGE_CURVE('',#2455,#2449,#1380,.T.);
#3093=EDGE_CURVE('',#2455,#2452,#1381,.T.);
#3094=EDGE_CURVE('',#2456,#2457,#1382,.T.);
#3095=EDGE_CURVE('',#2458,#2456,#1383,.T.);
#3096=EDGE_CURVE('',#2459,#2458,#1384,.T.);
#3097=EDGE_CURVE('',#2457,#2459,#1385,.T.);
#3098=EDGE_CURVE('',#2460,#2456,#1386,.T.);
#3099=EDGE_CURVE('',#2460,#2461,#1387,.T.);
#3100=EDGE_CURVE('',#2461,#2458,#1388,.T.);
#3101=EDGE_CURVE('',#2461,#2462,#1389,.T.);
#3102=EDGE_CURVE('',#2462,#2459,#1390,.T.);
#3103=EDGE_CURVE('',#2462,#2463,#1391,.T.);
#3104=EDGE_CURVE('',#2463,#2457,#1392,.T.);
#3105=EDGE_CURVE('',#2463,#2460,#1393,.T.);
#3106=EDGE_CURVE('',#2464,#2464,#63,.T.);
#3107=EDGE_CURVE('',#2464,#2465,#1394,.T.);
#3108=EDGE_CURVE('',#2465,#2465,#64,.T.);
#3109=EDGE_CURVE('',#2466,#2467,#1395,.T.);
#3110=EDGE_CURVE('',#2467,#2468,#1396,.T.);
#3111=EDGE_CURVE('',#2468,#2469,#1397,.T.);
#3112=EDGE_CURVE('',#2469,#2466,#1398,.T.);
#3113=EDGE_CURVE('',#2470,#2471,#1399,.T.);
#3114=EDGE_CURVE('',#2471,#2472,#1400,.T.);
#3115=EDGE_CURVE('',#2472,#2473,#1401,.T.);
#3116=EDGE_CURVE('',#2473,#2470,#1402,.T.);
#3117=EDGE_CURVE('',#2474,#2475,#1403,.T.);
#3118=EDGE_CURVE('',#2475,#2476,#1404,.T.);
#3119=EDGE_CURVE('',#2476,#2477,#1405,.T.);
#3120=EDGE_CURVE('',#2477,#2474,#1406,.T.);
#3121=EDGE_CURVE('',#2478,#2479,#1407,.T.);
#3122=EDGE_CURVE('',#2479,#2480,#1408,.T.);
#3123=EDGE_CURVE('',#2480,#2481,#1409,.T.);
#3124=EDGE_CURVE('',#2481,#2478,#1410,.T.);
#3125=EDGE_CURVE('',#2482,#2483,#1411,.T.);
#3126=EDGE_CURVE('',#2483,#2484,#1412,.T.);
#3127=EDGE_CURVE('',#2484,#2485,#1413,.T.);
#3128=EDGE_CURVE('',#2485,#2486,#65,.T.);
#3129=EDGE_CURVE('',#2486,#2487,#1414,.T.);
#3130=EDGE_CURVE('',#2487,#2488,#66,.T.);
#3131=EDGE_CURVE('',#2488,#2489,#1415,.T.);
#3132=EDGE_CURVE('',#2489,#2482,#67,.T.);
#3133=EDGE_CURVE('',#2490,#2491,#1416,.T.);
#3134=EDGE_CURVE('',#2491,#2492,#1417,.T.);
#3135=EDGE_CURVE('',#2492,#2493,#1418,.T.);
#3136=EDGE_CURVE('',#2493,#2494,#1419,.T.);
#3137=EDGE_CURVE('',#2494,#2495,#1420,.T.);
#3138=EDGE_CURVE('',#2495,#2490,#1421,.T.);
#3139=EDGE_CURVE('',#2496,#2497,#1422,.T.);
#3140=EDGE_CURVE('',#2497,#2498,#1423,.T.);
#3141=EDGE_CURVE('',#2498,#2499,#1424,.T.);
#3142=EDGE_CURVE('',#2499,#2500,#68,.T.);
#3143=EDGE_CURVE('',#2500,#2501,#1425,.T.);
#3144=EDGE_CURVE('',#2501,#2502,#69,.T.);
#3145=EDGE_CURVE('',#2502,#2503,#1426,.T.);
#3146=EDGE_CURVE('',#2503,#2496,#70,.T.);
#3147=EDGE_CURVE('',#2480,#2475,#71,.T.);
#3148=EDGE_CURVE('',#2474,#2481,#72,.T.);
#3149=EDGE_CURVE('',#2468,#2479,#73,.T.);
#3150=EDGE_CURVE('',#2478,#2469,#74,.T.);
#3151=EDGE_CURVE('',#2472,#2467,#75,.T.);
#3152=EDGE_CURVE('',#2466,#2473,#76,.T.);
#3153=EDGE_CURVE('',#2470,#2477,#1427,.T.);
#3154=EDGE_CURVE('',#2476,#2471,#1428,.T.);
#3155=EDGE_CURVE('',#2468,#2488,#77,.T.);
#3156=EDGE_CURVE('',#2489,#2467,#78,.T.);
#3157=EDGE_CURVE('',#2482,#2472,#79,.T.);
#3158=EDGE_CURVE('',#2479,#2487,#80,.T.);
#3159=EDGE_CURVE('',#2483,#2471,#13,.T.);
#3160=EDGE_CURVE('',#2480,#2486,#81,.T.);
#3161=EDGE_CURVE('',#2484,#2476,#14,.T.);
#3162=EDGE_CURVE('',#2475,#2485,#82,.T.);
#3163=EDGE_CURVE('',#2503,#2481,#83,.T.);
#3164=EDGE_CURVE('',#2478,#2502,#84,.T.);
#3165=EDGE_CURVE('',#2469,#2501,#85,.T.);
#3166=EDGE_CURVE('',#2496,#2474,#86,.T.);
#3167=EDGE_CURVE('',#2466,#2500,#87,.T.);
#3168=EDGE_CURVE('',#2497,#2477,#15,.T.);
#3169=EDGE_CURVE('',#2473,#2499,#88,.T.);
#3170=EDGE_CURVE('',#2498,#2470,#16,.T.);
#3171=EDGE_CURVE('',#2490,#2504,#1429,.T.);
#3172=EDGE_CURVE('',#2505,#2504,#1430,.T.);
#3173=EDGE_CURVE('',#2491,#2505,#1431,.T.);
#3174=EDGE_CURVE('',#2495,#2506,#1432,.T.);
#3175=EDGE_CURVE('',#2504,#2506,#1433,.T.);
#3176=EDGE_CURVE('',#2494,#2507,#1434,.T.);
#3177=EDGE_CURVE('',#2506,#2507,#1435,.T.);
#3178=EDGE_CURVE('',#2493,#2508,#1436,.T.);
#3179=EDGE_CURVE('',#2507,#2508,#1437,.T.);
#3180=EDGE_CURVE('',#2492,#2509,#1438,.T.);
#3181=EDGE_CURVE('',#2508,#2509,#1439,.T.);
#3182=EDGE_CURVE('',#2509,#2505,#1440,.T.);
#3183=EDGE_CURVE('',#2510,#2510,#89,.T.);
#3184=EDGE_CURVE('',#2510,#2511,#1441,.T.);
#3185=EDGE_CURVE('',#2511,#2511,#90,.T.);
#3186=ORIENTED_EDGE('',*,*,#2512,.T.);
#3187=ORIENTED_EDGE('',*,*,#2513,.F.);
#3188=ORIENTED_EDGE('',*,*,#2514,.F.);
#3189=ORIENTED_EDGE('',*,*,#2515,.T.);
#3190=ORIENTED_EDGE('',*,*,#2516,.T.);
#3191=ORIENTED_EDGE('',*,*,#2517,.F.);
#3192=ORIENTED_EDGE('',*,*,#2518,.F.);
#3193=ORIENTED_EDGE('',*,*,#2513,.T.);
#3194=ORIENTED_EDGE('',*,*,#2519,.T.);
#3195=ORIENTED_EDGE('',*,*,#2520,.F.);
#3196=ORIENTED_EDGE('',*,*,#2521,.F.);
#3197=ORIENTED_EDGE('',*,*,#2517,.T.);
#3198=ORIENTED_EDGE('',*,*,#2522,.T.);
#3199=ORIENTED_EDGE('',*,*,#2515,.F.);
#3200=ORIENTED_EDGE('',*,*,#2523,.F.);
#3201=ORIENTED_EDGE('',*,*,#2520,.T.);
#3202=ORIENTED_EDGE('',*,*,#2514,.T.);
#3203=ORIENTED_EDGE('',*,*,#2518,.T.);
#3204=ORIENTED_EDGE('',*,*,#2521,.T.);
#3205=ORIENTED_EDGE('',*,*,#2523,.T.);
#3206=ORIENTED_EDGE('',*,*,#2512,.F.);
#3207=ORIENTED_EDGE('',*,*,#2522,.F.);
#3208=ORIENTED_EDGE('',*,*,#2519,.F.);
#3209=ORIENTED_EDGE('',*,*,#2516,.F.);
#3210=ORIENTED_EDGE('',*,*,#2524,.F.);
#3211=ORIENTED_EDGE('',*,*,#2525,.T.);
#3212=ORIENTED_EDGE('',*,*,#2526,.F.);
#3213=ORIENTED_EDGE('',*,*,#2527,.F.);
#3214=ORIENTED_EDGE('',*,*,#2528,.F.);
#3215=ORIENTED_EDGE('',*,*,#2527,.T.);
#3216=ORIENTED_EDGE('',*,*,#2529,.F.);
#3217=ORIENTED_EDGE('',*,*,#2530,.F.);
#3218=ORIENTED_EDGE('',*,*,#2531,.F.);
#3219=ORIENTED_EDGE('',*,*,#2530,.T.);
#3220=ORIENTED_EDGE('',*,*,#2532,.F.);
#3221=ORIENTED_EDGE('',*,*,#2533,.F.);
#3222=ORIENTED_EDGE('',*,*,#2534,.F.);
#3223=ORIENTED_EDGE('',*,*,#2533,.T.);
#3224=ORIENTED_EDGE('',*,*,#2535,.F.);
#3225=ORIENTED_EDGE('',*,*,#2525,.F.);
#3226=ORIENTED_EDGE('',*,*,#2526,.T.);
#3227=ORIENTED_EDGE('',*,*,#2535,.T.);
#3228=ORIENTED_EDGE('',*,*,#2532,.T.);
#3229=ORIENTED_EDGE('',*,*,#2529,.T.);
#3230=ORIENTED_EDGE('',*,*,#2524,.T.);
#3231=ORIENTED_EDGE('',*,*,#2528,.T.);
#3232=ORIENTED_EDGE('',*,*,#2531,.T.);
#3233=ORIENTED_EDGE('',*,*,#2534,.T.);
#3234=ORIENTED_EDGE('',*,*,#2536,.F.);
#3235=ORIENTED_EDGE('',*,*,#2537,.T.);
#3236=ORIENTED_EDGE('',*,*,#2538,.F.);
#3237=ORIENTED_EDGE('',*,*,#2539,.F.);
#3238=ORIENTED_EDGE('',*,*,#2540,.F.);
#3239=ORIENTED_EDGE('',*,*,#2539,.T.);
#3240=ORIENTED_EDGE('',*,*,#2541,.F.);
#3241=ORIENTED_EDGE('',*,*,#2542,.F.);
#3242=ORIENTED_EDGE('',*,*,#2543,.F.);
#3243=ORIENTED_EDGE('',*,*,#2542,.T.);
#3244=ORIENTED_EDGE('',*,*,#2544,.F.);
#3245=ORIENTED_EDGE('',*,*,#2545,.F.);
#3246=ORIENTED_EDGE('',*,*,#2546,.F.);
#3247=ORIENTED_EDGE('',*,*,#2545,.T.);
#3248=ORIENTED_EDGE('',*,*,#2547,.F.);
#3249=ORIENTED_EDGE('',*,*,#2537,.F.);
#3250=ORIENTED_EDGE('',*,*,#2538,.T.);
#3251=ORIENTED_EDGE('',*,*,#2547,.T.);
#3252=ORIENTED_EDGE('',*,*,#2544,.T.);
#3253=ORIENTED_EDGE('',*,*,#2541,.T.);
#3254=ORIENTED_EDGE('',*,*,#2536,.T.);
#3255=ORIENTED_EDGE('',*,*,#2540,.T.);
#3256=ORIENTED_EDGE('',*,*,#2543,.T.);
#3257=ORIENTED_EDGE('',*,*,#2546,.T.);
#3258=ORIENTED_EDGE('',*,*,#2548,.F.);
#3259=ORIENTED_EDGE('',*,*,#2549,.T.);
#3260=ORIENTED_EDGE('',*,*,#2550,.F.);
#3261=ORIENTED_EDGE('',*,*,#2551,.F.);
#3262=ORIENTED_EDGE('',*,*,#2552,.F.);
#3263=ORIENTED_EDGE('',*,*,#2551,.T.);
#3264=ORIENTED_EDGE('',*,*,#2553,.F.);
#3265=ORIENTED_EDGE('',*,*,#2554,.F.);
#3266=ORIENTED_EDGE('',*,*,#2555,.F.);
#3267=ORIENTED_EDGE('',*,*,#2554,.T.);
#3268=ORIENTED_EDGE('',*,*,#2556,.F.);
#3269=ORIENTED_EDGE('',*,*,#2557,.F.);
#3270=ORIENTED_EDGE('',*,*,#2558,.F.);
#3271=ORIENTED_EDGE('',*,*,#2557,.T.);
#3272=ORIENTED_EDGE('',*,*,#2559,.F.);
#3273=ORIENTED_EDGE('',*,*,#2549,.F.);
#3274=ORIENTED_EDGE('',*,*,#2550,.T.);
#3275=ORIENTED_EDGE('',*,*,#2559,.T.);
#3276=ORIENTED_EDGE('',*,*,#2556,.T.);
#3277=ORIENTED_EDGE('',*,*,#2553,.T.);
#3278=ORIENTED_EDGE('',*,*,#2548,.T.);
#3279=ORIENTED_EDGE('',*,*,#2552,.T.);
#3280=ORIENTED_EDGE('',*,*,#2555,.T.);
#3281=ORIENTED_EDGE('',*,*,#2558,.T.);
#3282=ORIENTED_EDGE('',*,*,#2560,.F.);
#3283=ORIENTED_EDGE('',*,*,#2561,.T.);
#3284=ORIENTED_EDGE('',*,*,#2562,.F.);
#3285=ORIENTED_EDGE('',*,*,#2563,.F.);
#3286=ORIENTED_EDGE('',*,*,#2564,.F.);
#3287=ORIENTED_EDGE('',*,*,#2563,.T.);
#3288=ORIENTED_EDGE('',*,*,#2565,.F.);
#3289=ORIENTED_EDGE('',*,*,#2566,.F.);
#3290=ORIENTED_EDGE('',*,*,#2567,.F.);
#3291=ORIENTED_EDGE('',*,*,#2566,.T.);
#3292=ORIENTED_EDGE('',*,*,#2568,.F.);
#3293=ORIENTED_EDGE('',*,*,#2569,.F.);
#3294=ORIENTED_EDGE('',*,*,#2570,.F.);
#3295=ORIENTED_EDGE('',*,*,#2569,.T.);
#3296=ORIENTED_EDGE('',*,*,#2571,.F.);
#3297=ORIENTED_EDGE('',*,*,#2561,.F.);
#3298=ORIENTED_EDGE('',*,*,#2562,.T.);
#3299=ORIENTED_EDGE('',*,*,#2571,.T.);
#3300=ORIENTED_EDGE('',*,*,#2568,.T.);
#3301=ORIENTED_EDGE('',*,*,#2565,.T.);
#3302=ORIENTED_EDGE('',*,*,#2560,.T.);
#3303=ORIENTED_EDGE('',*,*,#2564,.T.);
#3304=ORIENTED_EDGE('',*,*,#2567,.T.);
#3305=ORIENTED_EDGE('',*,*,#2570,.T.);
#3306=ORIENTED_EDGE('',*,*,#2572,.T.);
#3307=ORIENTED_EDGE('',*,*,#2573,.T.);
#3308=ORIENTED_EDGE('',*,*,#2574,.F.);
#3309=ORIENTED_EDGE('',*,*,#2575,.T.);
#3310=ORIENTED_EDGE('',*,*,#2576,.F.);
#3311=ORIENTED_EDGE('',*,*,#2577,.T.);
#3312=ORIENTED_EDGE('',*,*,#2578,.T.);
#3313=ORIENTED_EDGE('',*,*,#2579,.F.);
#3314=ORIENTED_EDGE('',*,*,#2580,.T.);
#3315=ORIENTED_EDGE('',*,*,#2581,.T.);
#3316=ORIENTED_EDGE('',*,*,#2582,.F.);
#3317=ORIENTED_EDGE('',*,*,#2579,.T.);
#3318=ORIENTED_EDGE('',*,*,#2583,.F.);
#3319=ORIENTED_EDGE('',*,*,#2584,.T.);
#3320=ORIENTED_EDGE('',*,*,#2585,.T.);
#3321=ORIENTED_EDGE('',*,*,#2575,.F.);
#3322=ORIENTED_EDGE('',*,*,#2585,.F.);
#3323=ORIENTED_EDGE('',*,*,#2586,.T.);
#3324=ORIENTED_EDGE('',*,*,#2580,.F.);
#3325=ORIENTED_EDGE('',*,*,#2578,.F.);
#3326=ORIENTED_EDGE('',*,*,#2587,.T.);
#3327=ORIENTED_EDGE('',*,*,#2572,.F.);
#3328=ORIENTED_EDGE('',*,*,#2582,.T.);
#3329=ORIENTED_EDGE('',*,*,#2588,.T.);
#3330=ORIENTED_EDGE('',*,*,#2583,.T.);
#3331=ORIENTED_EDGE('',*,*,#2574,.T.);
#3332=ORIENTED_EDGE('',*,*,#2589,.T.);
#3333=ORIENTED_EDGE('',*,*,#2576,.T.);
#3334=ORIENTED_EDGE('',*,*,#2588,.F.);
#3335=ORIENTED_EDGE('',*,*,#2581,.F.);
#3336=ORIENTED_EDGE('',*,*,#2586,.F.);
#3337=ORIENTED_EDGE('',*,*,#2584,.F.);
#3338=ORIENTED_EDGE('',*,*,#2589,.F.);
#3339=ORIENTED_EDGE('',*,*,#2573,.F.);
#3340=ORIENTED_EDGE('',*,*,#2587,.F.);
#3341=ORIENTED_EDGE('',*,*,#2577,.F.);
#3342=ORIENTED_EDGE('',*,*,#2590,.F.);
#3343=ORIENTED_EDGE('',*,*,#2591,.F.);
#3344=ORIENTED_EDGE('',*,*,#2592,.F.);
#3345=ORIENTED_EDGE('',*,*,#2593,.F.);
#3346=ORIENTED_EDGE('',*,*,#2594,.T.);
#3347=ORIENTED_EDGE('',*,*,#2595,.T.);
#3348=ORIENTED_EDGE('',*,*,#2596,.T.);
#3349=ORIENTED_EDGE('',*,*,#2597,.T.);
#3350=ORIENTED_EDGE('',*,*,#2598,.T.);
#3351=ORIENTED_EDGE('',*,*,#2599,.T.);
#3352=ORIENTED_EDGE('',*,*,#2600,.T.);
#3353=ORIENTED_EDGE('',*,*,#2601,.T.);
#3354=ORIENTED_EDGE('',*,*,#2602,.T.);
#3355=ORIENTED_EDGE('',*,*,#2603,.T.);
#3356=ORIENTED_EDGE('',*,*,#2604,.T.);
#3357=ORIENTED_EDGE('',*,*,#2605,.T.);
#3358=ORIENTED_EDGE('',*,*,#2606,.T.);
#3359=ORIENTED_EDGE('',*,*,#2607,.T.);
#3360=ORIENTED_EDGE('',*,*,#2608,.T.);
#3361=ORIENTED_EDGE('',*,*,#2609,.T.);
#3362=ORIENTED_EDGE('',*,*,#2610,.T.);
#3363=ORIENTED_EDGE('',*,*,#2611,.T.);
#3364=ORIENTED_EDGE('',*,*,#2612,.T.);
#3365=ORIENTED_EDGE('',*,*,#2613,.T.);
#3366=ORIENTED_EDGE('',*,*,#2614,.T.);
#3367=ORIENTED_EDGE('',*,*,#2615,.T.);
#3368=ORIENTED_EDGE('',*,*,#2616,.T.);
#3369=ORIENTED_EDGE('',*,*,#2617,.T.);
#3370=ORIENTED_EDGE('',*,*,#2618,.T.);
#3371=ORIENTED_EDGE('',*,*,#2619,.T.);
#3372=ORIENTED_EDGE('',*,*,#2620,.T.);
#3373=ORIENTED_EDGE('',*,*,#2621,.T.);
#3374=ORIENTED_EDGE('',*,*,#2622,.T.);
#3375=ORIENTED_EDGE('',*,*,#2623,.T.);
#3376=ORIENTED_EDGE('',*,*,#2624,.T.);
#3377=ORIENTED_EDGE('',*,*,#2625,.T.);
#3378=ORIENTED_EDGE('',*,*,#2626,.T.);
#3379=ORIENTED_EDGE('',*,*,#2627,.T.);
#3380=ORIENTED_EDGE('',*,*,#2628,.T.);
#3381=ORIENTED_EDGE('',*,*,#2629,.T.);
#3382=ORIENTED_EDGE('',*,*,#2630,.T.);
#3383=ORIENTED_EDGE('',*,*,#2631,.T.);
#3384=ORIENTED_EDGE('',*,*,#2632,.T.);
#3385=ORIENTED_EDGE('',*,*,#2633,.T.);
#3386=ORIENTED_EDGE('',*,*,#2634,.T.);
#3387=ORIENTED_EDGE('',*,*,#2635,.T.);
#3388=ORIENTED_EDGE('',*,*,#2636,.T.);
#3389=ORIENTED_EDGE('',*,*,#2637,.T.);
#3390=ORIENTED_EDGE('',*,*,#2638,.T.);
#3391=ORIENTED_EDGE('',*,*,#2639,.T.);
#3392=ORIENTED_EDGE('',*,*,#2640,.T.);
#3393=ORIENTED_EDGE('',*,*,#2641,.T.);
#3394=ORIENTED_EDGE('',*,*,#2642,.T.);
#3395=ORIENTED_EDGE('',*,*,#2643,.T.);
#3396=ORIENTED_EDGE('',*,*,#2644,.T.);
#3397=ORIENTED_EDGE('',*,*,#2645,.T.);
#3398=ORIENTED_EDGE('',*,*,#2646,.T.);
#3399=ORIENTED_EDGE('',*,*,#2647,.T.);
#3400=ORIENTED_EDGE('',*,*,#2648,.T.);
#3401=ORIENTED_EDGE('',*,*,#2649,.T.);
#3402=ORIENTED_EDGE('',*,*,#2650,.T.);
#3403=ORIENTED_EDGE('',*,*,#2651,.T.);
#3404=ORIENTED_EDGE('',*,*,#2652,.T.);
#3405=ORIENTED_EDGE('',*,*,#2653,.T.);
#3406=ORIENTED_EDGE('',*,*,#2654,.T.);
#3407=ORIENTED_EDGE('',*,*,#2655,.T.);
#3408=ORIENTED_EDGE('',*,*,#2656,.T.);
#3409=ORIENTED_EDGE('',*,*,#2657,.T.);
#3410=ORIENTED_EDGE('',*,*,#2658,.T.);
#3411=ORIENTED_EDGE('',*,*,#2659,.T.);
#3412=ORIENTED_EDGE('',*,*,#2660,.T.);
#3413=ORIENTED_EDGE('',*,*,#2661,.T.);
#3414=ORIENTED_EDGE('',*,*,#2662,.T.);
#3415=ORIENTED_EDGE('',*,*,#2663,.T.);
#3416=ORIENTED_EDGE('',*,*,#2664,.T.);
#3417=ORIENTED_EDGE('',*,*,#2665,.T.);
#3418=ORIENTED_EDGE('',*,*,#2666,.T.);
#3419=ORIENTED_EDGE('',*,*,#2667,.T.);
#3420=ORIENTED_EDGE('',*,*,#2668,.T.);
#3421=ORIENTED_EDGE('',*,*,#2669,.T.);
#3422=ORIENTED_EDGE('',*,*,#2670,.T.);
#3423=ORIENTED_EDGE('',*,*,#2671,.T.);
#3424=ORIENTED_EDGE('',*,*,#2672,.T.);
#3425=ORIENTED_EDGE('',*,*,#2673,.T.);
#3426=ORIENTED_EDGE('',*,*,#2674,.F.);
#3427=ORIENTED_EDGE('',*,*,#2675,.F.);
#3428=ORIENTED_EDGE('',*,*,#2676,.F.);
#3429=ORIENTED_EDGE('',*,*,#2677,.F.);
#3430=ORIENTED_EDGE('',*,*,#2678,.F.);
#3431=ORIENTED_EDGE('',*,*,#2679,.F.);
#3432=ORIENTED_EDGE('',*,*,#2680,.F.);
#3433=ORIENTED_EDGE('',*,*,#2681,.F.);
#3434=ORIENTED_EDGE('',*,*,#2590,.T.);
#3435=ORIENTED_EDGE('',*,*,#2682,.F.);
#3436=ORIENTED_EDGE('',*,*,#2683,.F.);
#3437=ORIENTED_EDGE('',*,*,#2684,.T.);
#3438=ORIENTED_EDGE('',*,*,#2593,.T.);
#3439=ORIENTED_EDGE('',*,*,#2685,.F.);
#3440=ORIENTED_EDGE('',*,*,#2686,.F.);
#3441=ORIENTED_EDGE('',*,*,#2682,.T.);
#3442=ORIENTED_EDGE('',*,*,#2592,.T.);
#3443=ORIENTED_EDGE('',*,*,#2687,.F.);
#3444=ORIENTED_EDGE('',*,*,#2688,.F.);
#3445=ORIENTED_EDGE('',*,*,#2685,.T.);
#3446=ORIENTED_EDGE('',*,*,#2591,.T.);
#3447=ORIENTED_EDGE('',*,*,#2684,.F.);
#3448=ORIENTED_EDGE('',*,*,#2689,.F.);
#3449=ORIENTED_EDGE('',*,*,#2687,.T.);
#3450=ORIENTED_EDGE('',*,*,#2683,.T.);
#3451=ORIENTED_EDGE('',*,*,#2686,.T.);
#3452=ORIENTED_EDGE('',*,*,#2688,.T.);
#3453=ORIENTED_EDGE('',*,*,#2689,.T.);
#3454=ORIENTED_EDGE('',*,*,#2690,.T.);
#3455=ORIENTED_EDGE('',*,*,#2691,.T.);
#3456=ORIENTED_EDGE('',*,*,#2692,.T.);
#3457=ORIENTED_EDGE('',*,*,#2693,.T.);
#3458=ORIENTED_EDGE('',*,*,#2694,.T.);
#3459=ORIENTED_EDGE('',*,*,#2695,.T.);
#3460=ORIENTED_EDGE('',*,*,#2696,.T.);
#3461=ORIENTED_EDGE('',*,*,#2697,.T.);
#3462=ORIENTED_EDGE('',*,*,#2698,.T.);
#3463=ORIENTED_EDGE('',*,*,#2675,.T.);
#3464=ORIENTED_EDGE('',*,*,#2699,.F.);
#3465=ORIENTED_EDGE('',*,*,#2690,.F.);
#3466=ORIENTED_EDGE('',*,*,#2699,.T.);
#3467=ORIENTED_EDGE('',*,*,#2674,.T.);
#3468=ORIENTED_EDGE('',*,*,#2700,.F.);
#3469=ORIENTED_EDGE('',*,*,#2691,.F.);
#3470=ORIENTED_EDGE('',*,*,#2700,.T.);
#3471=ORIENTED_EDGE('',*,*,#2681,.T.);
#3472=ORIENTED_EDGE('',*,*,#2701,.F.);
#3473=ORIENTED_EDGE('',*,*,#2692,.F.);
#3474=ORIENTED_EDGE('',*,*,#2701,.T.);
#3475=ORIENTED_EDGE('',*,*,#2680,.T.);
#3476=ORIENTED_EDGE('',*,*,#2702,.F.);
#3477=ORIENTED_EDGE('',*,*,#2693,.F.);
#3478=ORIENTED_EDGE('',*,*,#2702,.T.);
#3479=ORIENTED_EDGE('',*,*,#2679,.T.);
#3480=ORIENTED_EDGE('',*,*,#2703,.F.);
#3481=ORIENTED_EDGE('',*,*,#2694,.F.);
#3482=ORIENTED_EDGE('',*,*,#2703,.T.);
#3483=ORIENTED_EDGE('',*,*,#2678,.T.);
#3484=ORIENTED_EDGE('',*,*,#2704,.F.);
#3485=ORIENTED_EDGE('',*,*,#2695,.F.);
#3486=ORIENTED_EDGE('',*,*,#2704,.T.);
#3487=ORIENTED_EDGE('',*,*,#2677,.T.);
#3488=ORIENTED_EDGE('',*,*,#2705,.F.);
#3489=ORIENTED_EDGE('',*,*,#2696,.F.);
#3490=ORIENTED_EDGE('',*,*,#2705,.T.);
#3491=ORIENTED_EDGE('',*,*,#2676,.T.);
#3492=ORIENTED_EDGE('',*,*,#2698,.F.);
#3493=ORIENTED_EDGE('',*,*,#2697,.F.);
#3494=ORIENTED_EDGE('',*,*,#2670,.F.);
#3495=ORIENTED_EDGE('',*,*,#2706,.F.);
#3496=ORIENTED_EDGE('',*,*,#2707,.T.);
#3497=ORIENTED_EDGE('',*,*,#2708,.T.);
#3498=ORIENTED_EDGE('',*,*,#2671,.F.);
#3499=ORIENTED_EDGE('',*,*,#2708,.F.);
#3500=ORIENTED_EDGE('',*,*,#2709,.T.);
#3501=ORIENTED_EDGE('',*,*,#2710,.T.);
#3502=ORIENTED_EDGE('',*,*,#2672,.F.);
#3503=ORIENTED_EDGE('',*,*,#2710,.F.);
#3504=ORIENTED_EDGE('',*,*,#2711,.T.);
#3505=ORIENTED_EDGE('',*,*,#2712,.T.);
#3506=ORIENTED_EDGE('',*,*,#2673,.F.);
#3507=ORIENTED_EDGE('',*,*,#2712,.F.);
#3508=ORIENTED_EDGE('',*,*,#2713,.T.);
#3509=ORIENTED_EDGE('',*,*,#2706,.T.);
#3510=ORIENTED_EDGE('',*,*,#2707,.F.);
#3511=ORIENTED_EDGE('',*,*,#2713,.F.);
#3512=ORIENTED_EDGE('',*,*,#2711,.F.);
#3513=ORIENTED_EDGE('',*,*,#2709,.F.);
#3514=ORIENTED_EDGE('',*,*,#2594,.F.);
#3515=ORIENTED_EDGE('',*,*,#2714,.F.);
#3516=ORIENTED_EDGE('',*,*,#2715,.T.);
#3517=ORIENTED_EDGE('',*,*,#2716,.T.);
#3518=ORIENTED_EDGE('',*,*,#2595,.F.);
#3519=ORIENTED_EDGE('',*,*,#2716,.F.);
#3520=ORIENTED_EDGE('',*,*,#2717,.T.);
#3521=ORIENTED_EDGE('',*,*,#2718,.T.);
#3522=ORIENTED_EDGE('',*,*,#2596,.F.);
#3523=ORIENTED_EDGE('',*,*,#2718,.F.);
#3524=ORIENTED_EDGE('',*,*,#2719,.T.);
#3525=ORIENTED_EDGE('',*,*,#2720,.T.);
#3526=ORIENTED_EDGE('',*,*,#2597,.F.);
#3527=ORIENTED_EDGE('',*,*,#2720,.F.);
#3528=ORIENTED_EDGE('',*,*,#2721,.T.);
#3529=ORIENTED_EDGE('',*,*,#2714,.T.);
#3530=ORIENTED_EDGE('',*,*,#2715,.F.);
#3531=ORIENTED_EDGE('',*,*,#2721,.F.);
#3532=ORIENTED_EDGE('',*,*,#2719,.F.);
#3533=ORIENTED_EDGE('',*,*,#2717,.F.);
#3534=ORIENTED_EDGE('',*,*,#2666,.F.);
#3535=ORIENTED_EDGE('',*,*,#2722,.F.);
#3536=ORIENTED_EDGE('',*,*,#2723,.T.);
#3537=ORIENTED_EDGE('',*,*,#2724,.T.);
#3538=ORIENTED_EDGE('',*,*,#2667,.F.);
#3539=ORIENTED_EDGE('',*,*,#2724,.F.);
#3540=ORIENTED_EDGE('',*,*,#2725,.T.);
#3541=ORIENTED_EDGE('',*,*,#2726,.T.);
#3542=ORIENTED_EDGE('',*,*,#2668,.F.);
#3543=ORIENTED_EDGE('',*,*,#2726,.F.);
#3544=ORIENTED_EDGE('',*,*,#2727,.T.);
#3545=ORIENTED_EDGE('',*,*,#2728,.T.);
#3546=ORIENTED_EDGE('',*,*,#2669,.F.);
#3547=ORIENTED_EDGE('',*,*,#2728,.F.);
#3548=ORIENTED_EDGE('',*,*,#2729,.T.);
#3549=ORIENTED_EDGE('',*,*,#2722,.T.);
#3550=ORIENTED_EDGE('',*,*,#2723,.F.);
#3551=ORIENTED_EDGE('',*,*,#2729,.F.);
#3552=ORIENTED_EDGE('',*,*,#2727,.F.);
#3553=ORIENTED_EDGE('',*,*,#2725,.F.);
#3554=ORIENTED_EDGE('',*,*,#2598,.F.);
#3555=ORIENTED_EDGE('',*,*,#2730,.F.);
#3556=ORIENTED_EDGE('',*,*,#2731,.T.);
#3557=ORIENTED_EDGE('',*,*,#2732,.T.);
#3558=ORIENTED_EDGE('',*,*,#2599,.F.);
#3559=ORIENTED_EDGE('',*,*,#2732,.F.);
#3560=ORIENTED_EDGE('',*,*,#2733,.T.);
#3561=ORIENTED_EDGE('',*,*,#2734,.T.);
#3562=ORIENTED_EDGE('',*,*,#2600,.F.);
#3563=ORIENTED_EDGE('',*,*,#2734,.F.);
#3564=ORIENTED_EDGE('',*,*,#2735,.T.);
#3565=ORIENTED_EDGE('',*,*,#2736,.T.);
#3566=ORIENTED_EDGE('',*,*,#2601,.F.);
#3567=ORIENTED_EDGE('',*,*,#2736,.F.);
#3568=ORIENTED_EDGE('',*,*,#2737,.T.);
#3569=ORIENTED_EDGE('',*,*,#2730,.T.);
#3570=ORIENTED_EDGE('',*,*,#2731,.F.);
#3571=ORIENTED_EDGE('',*,*,#2737,.F.);
#3572=ORIENTED_EDGE('',*,*,#2735,.F.);
#3573=ORIENTED_EDGE('',*,*,#2733,.F.);
#3574=ORIENTED_EDGE('',*,*,#2662,.F.);
#3575=ORIENTED_EDGE('',*,*,#2738,.F.);
#3576=ORIENTED_EDGE('',*,*,#2739,.T.);
#3577=ORIENTED_EDGE('',*,*,#2740,.T.);
#3578=ORIENTED_EDGE('',*,*,#2663,.F.);
#3579=ORIENTED_EDGE('',*,*,#2740,.F.);
#3580=ORIENTED_EDGE('',*,*,#2741,.T.);
#3581=ORIENTED_EDGE('',*,*,#2742,.T.);
#3582=ORIENTED_EDGE('',*,*,#2664,.F.);
#3583=ORIENTED_EDGE('',*,*,#2742,.F.);
#3584=ORIENTED_EDGE('',*,*,#2743,.T.);
#3585=ORIENTED_EDGE('',*,*,#2744,.T.);
#3586=ORIENTED_EDGE('',*,*,#2665,.F.);
#3587=ORIENTED_EDGE('',*,*,#2744,.F.);
#3588=ORIENTED_EDGE('',*,*,#2745,.T.);
#3589=ORIENTED_EDGE('',*,*,#2738,.T.);
#3590=ORIENTED_EDGE('',*,*,#2739,.F.);
#3591=ORIENTED_EDGE('',*,*,#2745,.F.);
#3592=ORIENTED_EDGE('',*,*,#2743,.F.);
#3593=ORIENTED_EDGE('',*,*,#2741,.F.);
#3594=ORIENTED_EDGE('',*,*,#2602,.F.);
#3595=ORIENTED_EDGE('',*,*,#2746,.F.);
#3596=ORIENTED_EDGE('',*,*,#2747,.T.);
#3597=ORIENTED_EDGE('',*,*,#2748,.T.);
#3598=ORIENTED_EDGE('',*,*,#2603,.F.);
#3599=ORIENTED_EDGE('',*,*,#2748,.F.);
#3600=ORIENTED_EDGE('',*,*,#2749,.T.);
#3601=ORIENTED_EDGE('',*,*,#2750,.T.);
#3602=ORIENTED_EDGE('',*,*,#2604,.F.);
#3603=ORIENTED_EDGE('',*,*,#2750,.F.);
#3604=ORIENTED_EDGE('',*,*,#2751,.T.);
#3605=ORIENTED_EDGE('',*,*,#2752,.T.);
#3606=ORIENTED_EDGE('',*,*,#2605,.F.);
#3607=ORIENTED_EDGE('',*,*,#2752,.F.);
#3608=ORIENTED_EDGE('',*,*,#2753,.T.);
#3609=ORIENTED_EDGE('',*,*,#2746,.T.);
#3610=ORIENTED_EDGE('',*,*,#2747,.F.);
#3611=ORIENTED_EDGE('',*,*,#2753,.F.);
#3612=ORIENTED_EDGE('',*,*,#2751,.F.);
#3613=ORIENTED_EDGE('',*,*,#2749,.F.);
#3614=ORIENTED_EDGE('',*,*,#2658,.F.);
#3615=ORIENTED_EDGE('',*,*,#2754,.F.);
#3616=ORIENTED_EDGE('',*,*,#2755,.T.);
#3617=ORIENTED_EDGE('',*,*,#2756,.T.);
#3618=ORIENTED_EDGE('',*,*,#2659,.F.);
#3619=ORIENTED_EDGE('',*,*,#2756,.F.);
#3620=ORIENTED_EDGE('',*,*,#2757,.T.);
#3621=ORIENTED_EDGE('',*,*,#2758,.T.);
#3622=ORIENTED_EDGE('',*,*,#2660,.F.);
#3623=ORIENTED_EDGE('',*,*,#2758,.F.);
#3624=ORIENTED_EDGE('',*,*,#2759,.T.);
#3625=ORIENTED_EDGE('',*,*,#2760,.T.);
#3626=ORIENTED_EDGE('',*,*,#2661,.F.);
#3627=ORIENTED_EDGE('',*,*,#2760,.F.);
#3628=ORIENTED_EDGE('',*,*,#2761,.T.);
#3629=ORIENTED_EDGE('',*,*,#2754,.T.);
#3630=ORIENTED_EDGE('',*,*,#2755,.F.);
#3631=ORIENTED_EDGE('',*,*,#2761,.F.);
#3632=ORIENTED_EDGE('',*,*,#2759,.F.);
#3633=ORIENTED_EDGE('',*,*,#2757,.F.);
#3634=ORIENTED_EDGE('',*,*,#2606,.F.);
#3635=ORIENTED_EDGE('',*,*,#2762,.F.);
#3636=ORIENTED_EDGE('',*,*,#2763,.T.);
#3637=ORIENTED_EDGE('',*,*,#2764,.T.);
#3638=ORIENTED_EDGE('',*,*,#2607,.F.);
#3639=ORIENTED_EDGE('',*,*,#2764,.F.);
#3640=ORIENTED_EDGE('',*,*,#2765,.T.);
#3641=ORIENTED_EDGE('',*,*,#2766,.T.);
#3642=ORIENTED_EDGE('',*,*,#2608,.F.);
#3643=ORIENTED_EDGE('',*,*,#2766,.F.);
#3644=ORIENTED_EDGE('',*,*,#2767,.T.);
#3645=ORIENTED_EDGE('',*,*,#2768,.T.);
#3646=ORIENTED_EDGE('',*,*,#2609,.F.);
#3647=ORIENTED_EDGE('',*,*,#2768,.F.);
#3648=ORIENTED_EDGE('',*,*,#2769,.T.);
#3649=ORIENTED_EDGE('',*,*,#2762,.T.);
#3650=ORIENTED_EDGE('',*,*,#2763,.F.);
#3651=ORIENTED_EDGE('',*,*,#2769,.F.);
#3652=ORIENTED_EDGE('',*,*,#2767,.F.);
#3653=ORIENTED_EDGE('',*,*,#2765,.F.);
#3654=ORIENTED_EDGE('',*,*,#2654,.F.);
#3655=ORIENTED_EDGE('',*,*,#2770,.F.);
#3656=ORIENTED_EDGE('',*,*,#2771,.T.);
#3657=ORIENTED_EDGE('',*,*,#2772,.T.);
#3658=ORIENTED_EDGE('',*,*,#2655,.F.);
#3659=ORIENTED_EDGE('',*,*,#2772,.F.);
#3660=ORIENTED_EDGE('',*,*,#2773,.T.);
#3661=ORIENTED_EDGE('',*,*,#2774,.T.);
#3662=ORIENTED_EDGE('',*,*,#2656,.F.);
#3663=ORIENTED_EDGE('',*,*,#2774,.F.);
#3664=ORIENTED_EDGE('',*,*,#2775,.T.);
#3665=ORIENTED_EDGE('',*,*,#2776,.T.);
#3666=ORIENTED_EDGE('',*,*,#2657,.F.);
#3667=ORIENTED_EDGE('',*,*,#2776,.F.);
#3668=ORIENTED_EDGE('',*,*,#2777,.T.);
#3669=ORIENTED_EDGE('',*,*,#2770,.T.);
#3670=ORIENTED_EDGE('',*,*,#2771,.F.);
#3671=ORIENTED_EDGE('',*,*,#2777,.F.);
#3672=ORIENTED_EDGE('',*,*,#2775,.F.);
#3673=ORIENTED_EDGE('',*,*,#2773,.F.);
#3674=ORIENTED_EDGE('',*,*,#2610,.F.);
#3675=ORIENTED_EDGE('',*,*,#2778,.F.);
#3676=ORIENTED_EDGE('',*,*,#2779,.T.);
#3677=ORIENTED_EDGE('',*,*,#2780,.T.);
#3678=ORIENTED_EDGE('',*,*,#2611,.F.);
#3679=ORIENTED_EDGE('',*,*,#2780,.F.);
#3680=ORIENTED_EDGE('',*,*,#2781,.T.);
#3681=ORIENTED_EDGE('',*,*,#2782,.T.);
#3682=ORIENTED_EDGE('',*,*,#2612,.F.);
#3683=ORIENTED_EDGE('',*,*,#2782,.F.);
#3684=ORIENTED_EDGE('',*,*,#2783,.T.);
#3685=ORIENTED_EDGE('',*,*,#2784,.T.);
#3686=ORIENTED_EDGE('',*,*,#2613,.F.);
#3687=ORIENTED_EDGE('',*,*,#2784,.F.);
#3688=ORIENTED_EDGE('',*,*,#2785,.T.);
#3689=ORIENTED_EDGE('',*,*,#2778,.T.);
#3690=ORIENTED_EDGE('',*,*,#2779,.F.);
#3691=ORIENTED_EDGE('',*,*,#2785,.F.);
#3692=ORIENTED_EDGE('',*,*,#2783,.F.);
#3693=ORIENTED_EDGE('',*,*,#2781,.F.);
#3694=ORIENTED_EDGE('',*,*,#2650,.F.);
#3695=ORIENTED_EDGE('',*,*,#2786,.F.);
#3696=ORIENTED_EDGE('',*,*,#2787,.T.);
#3697=ORIENTED_EDGE('',*,*,#2788,.T.);
#3698=ORIENTED_EDGE('',*,*,#2651,.F.);
#3699=ORIENTED_EDGE('',*,*,#2788,.F.);
#3700=ORIENTED_EDGE('',*,*,#2789,.T.);
#3701=ORIENTED_EDGE('',*,*,#2790,.T.);
#3702=ORIENTED_EDGE('',*,*,#2652,.F.);
#3703=ORIENTED_EDGE('',*,*,#2790,.F.);
#3704=ORIENTED_EDGE('',*,*,#2791,.T.);
#3705=ORIENTED_EDGE('',*,*,#2792,.T.);
#3706=ORIENTED_EDGE('',*,*,#2653,.F.);
#3707=ORIENTED_EDGE('',*,*,#2792,.F.);
#3708=ORIENTED_EDGE('',*,*,#2793,.T.);
#3709=ORIENTED_EDGE('',*,*,#2786,.T.);
#3710=ORIENTED_EDGE('',*,*,#2787,.F.);
#3711=ORIENTED_EDGE('',*,*,#2793,.F.);
#3712=ORIENTED_EDGE('',*,*,#2791,.F.);
#3713=ORIENTED_EDGE('',*,*,#2789,.F.);
#3714=ORIENTED_EDGE('',*,*,#2614,.F.);
#3715=ORIENTED_EDGE('',*,*,#2794,.F.);
#3716=ORIENTED_EDGE('',*,*,#2795,.T.);
#3717=ORIENTED_EDGE('',*,*,#2796,.T.);
#3718=ORIENTED_EDGE('',*,*,#2615,.F.);
#3719=ORIENTED_EDGE('',*,*,#2796,.F.);
#3720=ORIENTED_EDGE('',*,*,#2797,.T.);
#3721=ORIENTED_EDGE('',*,*,#2798,.T.);
#3722=ORIENTED_EDGE('',*,*,#2616,.F.);
#3723=ORIENTED_EDGE('',*,*,#2798,.F.);
#3724=ORIENTED_EDGE('',*,*,#2799,.T.);
#3725=ORIENTED_EDGE('',*,*,#2800,.T.);
#3726=ORIENTED_EDGE('',*,*,#2617,.F.);
#3727=ORIENTED_EDGE('',*,*,#2800,.F.);
#3728=ORIENTED_EDGE('',*,*,#2801,.T.);
#3729=ORIENTED_EDGE('',*,*,#2794,.T.);
#3730=ORIENTED_EDGE('',*,*,#2795,.F.);
#3731=ORIENTED_EDGE('',*,*,#2801,.F.);
#3732=ORIENTED_EDGE('',*,*,#2799,.F.);
#3733=ORIENTED_EDGE('',*,*,#2797,.F.);
#3734=ORIENTED_EDGE('',*,*,#2646,.F.);
#3735=ORIENTED_EDGE('',*,*,#2802,.F.);
#3736=ORIENTED_EDGE('',*,*,#2803,.T.);
#3737=ORIENTED_EDGE('',*,*,#2804,.T.);
#3738=ORIENTED_EDGE('',*,*,#2647,.F.);
#3739=ORIENTED_EDGE('',*,*,#2804,.F.);
#3740=ORIENTED_EDGE('',*,*,#2805,.T.);
#3741=ORIENTED_EDGE('',*,*,#2806,.T.);
#3742=ORIENTED_EDGE('',*,*,#2648,.F.);
#3743=ORIENTED_EDGE('',*,*,#2806,.F.);
#3744=ORIENTED_EDGE('',*,*,#2807,.T.);
#3745=ORIENTED_EDGE('',*,*,#2808,.T.);
#3746=ORIENTED_EDGE('',*,*,#2649,.F.);
#3747=ORIENTED_EDGE('',*,*,#2808,.F.);
#3748=ORIENTED_EDGE('',*,*,#2809,.T.);
#3749=ORIENTED_EDGE('',*,*,#2802,.T.);
#3750=ORIENTED_EDGE('',*,*,#2803,.F.);
#3751=ORIENTED_EDGE('',*,*,#2809,.F.);
#3752=ORIENTED_EDGE('',*,*,#2807,.F.);
#3753=ORIENTED_EDGE('',*,*,#2805,.F.);
#3754=ORIENTED_EDGE('',*,*,#2618,.F.);
#3755=ORIENTED_EDGE('',*,*,#2810,.F.);
#3756=ORIENTED_EDGE('',*,*,#2811,.T.);
#3757=ORIENTED_EDGE('',*,*,#2812,.T.);
#3758=ORIENTED_EDGE('',*,*,#2619,.F.);
#3759=ORIENTED_EDGE('',*,*,#2812,.F.);
#3760=ORIENTED_EDGE('',*,*,#2813,.T.);
#3761=ORIENTED_EDGE('',*,*,#2814,.T.);
#3762=ORIENTED_EDGE('',*,*,#2620,.F.);
#3763=ORIENTED_EDGE('',*,*,#2814,.F.);
#3764=ORIENTED_EDGE('',*,*,#2815,.T.);
#3765=ORIENTED_EDGE('',*,*,#2816,.T.);
#3766=ORIENTED_EDGE('',*,*,#2621,.F.);
#3767=ORIENTED_EDGE('',*,*,#2816,.F.);
#3768=ORIENTED_EDGE('',*,*,#2817,.T.);
#3769=ORIENTED_EDGE('',*,*,#2810,.T.);
#3770=ORIENTED_EDGE('',*,*,#2811,.F.);
#3771=ORIENTED_EDGE('',*,*,#2817,.F.);
#3772=ORIENTED_EDGE('',*,*,#2815,.F.);
#3773=ORIENTED_EDGE('',*,*,#2813,.F.);
#3774=ORIENTED_EDGE('',*,*,#2642,.F.);
#3775=ORIENTED_EDGE('',*,*,#2818,.F.);
#3776=ORIENTED_EDGE('',*,*,#2819,.T.);
#3777=ORIENTED_EDGE('',*,*,#2820,.T.);
#3778=ORIENTED_EDGE('',*,*,#2643,.F.);
#3779=ORIENTED_EDGE('',*,*,#2820,.F.);
#3780=ORIENTED_EDGE('',*,*,#2821,.T.);
#3781=ORIENTED_EDGE('',*,*,#2822,.T.);
#3782=ORIENTED_EDGE('',*,*,#2644,.F.);
#3783=ORIENTED_EDGE('',*,*,#2822,.F.);
#3784=ORIENTED_EDGE('',*,*,#2823,.T.);
#3785=ORIENTED_EDGE('',*,*,#2824,.T.);
#3786=ORIENTED_EDGE('',*,*,#2645,.F.);
#3787=ORIENTED_EDGE('',*,*,#2824,.F.);
#3788=ORIENTED_EDGE('',*,*,#2825,.T.);
#3789=ORIENTED_EDGE('',*,*,#2818,.T.);
#3790=ORIENTED_EDGE('',*,*,#2819,.F.);
#3791=ORIENTED_EDGE('',*,*,#2825,.F.);
#3792=ORIENTED_EDGE('',*,*,#2823,.F.);
#3793=ORIENTED_EDGE('',*,*,#2821,.F.);
#3794=ORIENTED_EDGE('',*,*,#2622,.F.);
#3795=ORIENTED_EDGE('',*,*,#2826,.F.);
#3796=ORIENTED_EDGE('',*,*,#2827,.T.);
#3797=ORIENTED_EDGE('',*,*,#2828,.T.);
#3798=ORIENTED_EDGE('',*,*,#2623,.F.);
#3799=ORIENTED_EDGE('',*,*,#2828,.F.);
#3800=ORIENTED_EDGE('',*,*,#2829,.T.);
#3801=ORIENTED_EDGE('',*,*,#2830,.T.);
#3802=ORIENTED_EDGE('',*,*,#2624,.F.);
#3803=ORIENTED_EDGE('',*,*,#2830,.F.);
#3804=ORIENTED_EDGE('',*,*,#2831,.T.);
#3805=ORIENTED_EDGE('',*,*,#2832,.T.);
#3806=ORIENTED_EDGE('',*,*,#2625,.F.);
#3807=ORIENTED_EDGE('',*,*,#2832,.F.);
#3808=ORIENTED_EDGE('',*,*,#2833,.T.);
#3809=ORIENTED_EDGE('',*,*,#2826,.T.);
#3810=ORIENTED_EDGE('',*,*,#2827,.F.);
#3811=ORIENTED_EDGE('',*,*,#2833,.F.);
#3812=ORIENTED_EDGE('',*,*,#2831,.F.);
#3813=ORIENTED_EDGE('',*,*,#2829,.F.);
#3814=ORIENTED_EDGE('',*,*,#2638,.F.);
#3815=ORIENTED_EDGE('',*,*,#2834,.F.);
#3816=ORIENTED_EDGE('',*,*,#2835,.T.);
#3817=ORIENTED_EDGE('',*,*,#2836,.T.);
#3818=ORIENTED_EDGE('',*,*,#2639,.F.);
#3819=ORIENTED_EDGE('',*,*,#2836,.F.);
#3820=ORIENTED_EDGE('',*,*,#2837,.T.);
#3821=ORIENTED_EDGE('',*,*,#2838,.T.);
#3822=ORIENTED_EDGE('',*,*,#2640,.F.);
#3823=ORIENTED_EDGE('',*,*,#2838,.F.);
#3824=ORIENTED_EDGE('',*,*,#2839,.T.);
#3825=ORIENTED_EDGE('',*,*,#2840,.T.);
#3826=ORIENTED_EDGE('',*,*,#2641,.F.);
#3827=ORIENTED_EDGE('',*,*,#2840,.F.);
#3828=ORIENTED_EDGE('',*,*,#2841,.T.);
#3829=ORIENTED_EDGE('',*,*,#2834,.T.);
#3830=ORIENTED_EDGE('',*,*,#2835,.F.);
#3831=ORIENTED_EDGE('',*,*,#2841,.F.);
#3832=ORIENTED_EDGE('',*,*,#2839,.F.);
#3833=ORIENTED_EDGE('',*,*,#2837,.F.);
#3834=ORIENTED_EDGE('',*,*,#2626,.F.);
#3835=ORIENTED_EDGE('',*,*,#2842,.F.);
#3836=ORIENTED_EDGE('',*,*,#2843,.T.);
#3837=ORIENTED_EDGE('',*,*,#2844,.T.);
#3838=ORIENTED_EDGE('',*,*,#2627,.F.);
#3839=ORIENTED_EDGE('',*,*,#2844,.F.);
#3840=ORIENTED_EDGE('',*,*,#2845,.T.);
#3841=ORIENTED_EDGE('',*,*,#2846,.T.);
#3842=ORIENTED_EDGE('',*,*,#2628,.F.);
#3843=ORIENTED_EDGE('',*,*,#2846,.F.);
#3844=ORIENTED_EDGE('',*,*,#2847,.T.);
#3845=ORIENTED_EDGE('',*,*,#2848,.T.);
#3846=ORIENTED_EDGE('',*,*,#2629,.F.);
#3847=ORIENTED_EDGE('',*,*,#2848,.F.);
#3848=ORIENTED_EDGE('',*,*,#2849,.T.);
#3849=ORIENTED_EDGE('',*,*,#2842,.T.);
#3850=ORIENTED_EDGE('',*,*,#2843,.F.);
#3851=ORIENTED_EDGE('',*,*,#2849,.F.);
#3852=ORIENTED_EDGE('',*,*,#2847,.F.);
#3853=ORIENTED_EDGE('',*,*,#2845,.F.);
#3854=ORIENTED_EDGE('',*,*,#2634,.F.);
#3855=ORIENTED_EDGE('',*,*,#2850,.F.);
#3856=ORIENTED_EDGE('',*,*,#2851,.T.);
#3857=ORIENTED_EDGE('',*,*,#2852,.T.);
#3858=ORIENTED_EDGE('',*,*,#2635,.F.);
#3859=ORIENTED_EDGE('',*,*,#2852,.F.);
#3860=ORIENTED_EDGE('',*,*,#2853,.T.);
#3861=ORIENTED_EDGE('',*,*,#2854,.T.);
#3862=ORIENTED_EDGE('',*,*,#2636,.F.);
#3863=ORIENTED_EDGE('',*,*,#2854,.F.);
#3864=ORIENTED_EDGE('',*,*,#2855,.T.);
#3865=ORIENTED_EDGE('',*,*,#2856,.T.);
#3866=ORIENTED_EDGE('',*,*,#2637,.F.);
#3867=ORIENTED_EDGE('',*,*,#2856,.F.);
#3868=ORIENTED_EDGE('',*,*,#2857,.T.);
#3869=ORIENTED_EDGE('',*,*,#2850,.T.);
#3870=ORIENTED_EDGE('',*,*,#2851,.F.);
#3871=ORIENTED_EDGE('',*,*,#2857,.F.);
#3872=ORIENTED_EDGE('',*,*,#2855,.F.);
#3873=ORIENTED_EDGE('',*,*,#2853,.F.);
#3874=ORIENTED_EDGE('',*,*,#2630,.F.);
#3875=ORIENTED_EDGE('',*,*,#2858,.F.);
#3876=ORIENTED_EDGE('',*,*,#2859,.T.);
#3877=ORIENTED_EDGE('',*,*,#2860,.T.);
#3878=ORIENTED_EDGE('',*,*,#2631,.F.);
#3879=ORIENTED_EDGE('',*,*,#2860,.F.);
#3880=ORIENTED_EDGE('',*,*,#2861,.T.);
#3881=ORIENTED_EDGE('',*,*,#2862,.T.);
#3882=ORIENTED_EDGE('',*,*,#2632,.F.);
#3883=ORIENTED_EDGE('',*,*,#2862,.F.);
#3884=ORIENTED_EDGE('',*,*,#2863,.T.);
#3885=ORIENTED_EDGE('',*,*,#2864,.T.);
#3886=ORIENTED_EDGE('',*,*,#2633,.F.);
#3887=ORIENTED_EDGE('',*,*,#2864,.F.);
#3888=ORIENTED_EDGE('',*,*,#2865,.T.);
#3889=ORIENTED_EDGE('',*,*,#2858,.T.);
#3890=ORIENTED_EDGE('',*,*,#2859,.F.);
#3891=ORIENTED_EDGE('',*,*,#2865,.F.);
#3892=ORIENTED_EDGE('',*,*,#2863,.F.);
#3893=ORIENTED_EDGE('',*,*,#2861,.F.);
#3894=ORIENTED_EDGE('',*,*,#2866,.F.);
#3895=ORIENTED_EDGE('',*,*,#2867,.F.);
#3896=ORIENTED_EDGE('',*,*,#2868,.F.);
#3897=ORIENTED_EDGE('',*,*,#2869,.F.);
#3898=ORIENTED_EDGE('',*,*,#2870,.F.);
#3899=ORIENTED_EDGE('',*,*,#2871,.T.);
#3900=ORIENTED_EDGE('',*,*,#2872,.T.);
#3901=ORIENTED_EDGE('',*,*,#2867,.T.);
#3902=ORIENTED_EDGE('',*,*,#2872,.F.);
#3903=ORIENTED_EDGE('',*,*,#2873,.T.);
#3904=ORIENTED_EDGE('',*,*,#2874,.T.);
#3905=ORIENTED_EDGE('',*,*,#2868,.T.);
#3906=ORIENTED_EDGE('',*,*,#2874,.F.);
#3907=ORIENTED_EDGE('',*,*,#2875,.T.);
#3908=ORIENTED_EDGE('',*,*,#2876,.T.);
#3909=ORIENTED_EDGE('',*,*,#2869,.T.);
#3910=ORIENTED_EDGE('',*,*,#2876,.F.);
#3911=ORIENTED_EDGE('',*,*,#2877,.T.);
#3912=ORIENTED_EDGE('',*,*,#2870,.T.);
#3913=ORIENTED_EDGE('',*,*,#2866,.T.);
#3914=ORIENTED_EDGE('',*,*,#2875,.F.);
#3915=ORIENTED_EDGE('',*,*,#2873,.F.);
#3916=ORIENTED_EDGE('',*,*,#2871,.F.);
#3917=ORIENTED_EDGE('',*,*,#2877,.F.);
#3918=ORIENTED_EDGE('',*,*,#2878,.F.);
#3919=ORIENTED_EDGE('',*,*,#2879,.F.);
#3920=ORIENTED_EDGE('',*,*,#2880,.F.);
#3921=ORIENTED_EDGE('',*,*,#2881,.F.);
#3922=ORIENTED_EDGE('',*,*,#2882,.F.);
#3923=ORIENTED_EDGE('',*,*,#2883,.T.);
#3924=ORIENTED_EDGE('',*,*,#2884,.T.);
#3925=ORIENTED_EDGE('',*,*,#2879,.T.);
#3926=ORIENTED_EDGE('',*,*,#2884,.F.);
#3927=ORIENTED_EDGE('',*,*,#2885,.T.);
#3928=ORIENTED_EDGE('',*,*,#2886,.T.);
#3929=ORIENTED_EDGE('',*,*,#2880,.T.);
#3930=ORIENTED_EDGE('',*,*,#2886,.F.);
#3931=ORIENTED_EDGE('',*,*,#2887,.T.);
#3932=ORIENTED_EDGE('',*,*,#2888,.T.);
#3933=ORIENTED_EDGE('',*,*,#2881,.T.);
#3934=ORIENTED_EDGE('',*,*,#2888,.F.);
#3935=ORIENTED_EDGE('',*,*,#2889,.T.);
#3936=ORIENTED_EDGE('',*,*,#2882,.T.);
#3937=ORIENTED_EDGE('',*,*,#2878,.T.);
#3938=ORIENTED_EDGE('',*,*,#2887,.F.);
#3939=ORIENTED_EDGE('',*,*,#2885,.F.);
#3940=ORIENTED_EDGE('',*,*,#2883,.F.);
#3941=ORIENTED_EDGE('',*,*,#2889,.F.);
#3942=ORIENTED_EDGE('',*,*,#2890,.F.);
#3943=ORIENTED_EDGE('',*,*,#2891,.F.);
#3944=ORIENTED_EDGE('',*,*,#2892,.F.);
#3945=ORIENTED_EDGE('',*,*,#2893,.F.);
#3946=ORIENTED_EDGE('',*,*,#2894,.F.);
#3947=ORIENTED_EDGE('',*,*,#2895,.T.);
#3948=ORIENTED_EDGE('',*,*,#2896,.T.);
#3949=ORIENTED_EDGE('',*,*,#2891,.T.);
#3950=ORIENTED_EDGE('',*,*,#2896,.F.);
#3951=ORIENTED_EDGE('',*,*,#2897,.T.);
#3952=ORIENTED_EDGE('',*,*,#2898,.T.);
#3953=ORIENTED_EDGE('',*,*,#2892,.T.);
#3954=ORIENTED_EDGE('',*,*,#2898,.F.);
#3955=ORIENTED_EDGE('',*,*,#2899,.T.);
#3956=ORIENTED_EDGE('',*,*,#2900,.T.);
#3957=ORIENTED_EDGE('',*,*,#2893,.T.);
#3958=ORIENTED_EDGE('',*,*,#2900,.F.);
#3959=ORIENTED_EDGE('',*,*,#2901,.T.);
#3960=ORIENTED_EDGE('',*,*,#2894,.T.);
#3961=ORIENTED_EDGE('',*,*,#2890,.T.);
#3962=ORIENTED_EDGE('',*,*,#2899,.F.);
#3963=ORIENTED_EDGE('',*,*,#2897,.F.);
#3964=ORIENTED_EDGE('',*,*,#2895,.F.);
#3965=ORIENTED_EDGE('',*,*,#2901,.F.);
#3966=ORIENTED_EDGE('',*,*,#2902,.F.);
#3967=ORIENTED_EDGE('',*,*,#2903,.F.);
#3968=ORIENTED_EDGE('',*,*,#2904,.F.);
#3969=ORIENTED_EDGE('',*,*,#2905,.F.);
#3970=ORIENTED_EDGE('',*,*,#2906,.F.);
#3971=ORIENTED_EDGE('',*,*,#2907,.T.);
#3972=ORIENTED_EDGE('',*,*,#2908,.T.);
#3973=ORIENTED_EDGE('',*,*,#2903,.T.);
#3974=ORIENTED_EDGE('',*,*,#2908,.F.);
#3975=ORIENTED_EDGE('',*,*,#2909,.T.);
#3976=ORIENTED_EDGE('',*,*,#2910,.T.);
#3977=ORIENTED_EDGE('',*,*,#2904,.T.);
#3978=ORIENTED_EDGE('',*,*,#2910,.F.);
#3979=ORIENTED_EDGE('',*,*,#2911,.T.);
#3980=ORIENTED_EDGE('',*,*,#2912,.T.);
#3981=ORIENTED_EDGE('',*,*,#2905,.T.);
#3982=ORIENTED_EDGE('',*,*,#2912,.F.);
#3983=ORIENTED_EDGE('',*,*,#2913,.T.);
#3984=ORIENTED_EDGE('',*,*,#2906,.T.);
#3985=ORIENTED_EDGE('',*,*,#2902,.T.);
#3986=ORIENTED_EDGE('',*,*,#2911,.F.);
#3987=ORIENTED_EDGE('',*,*,#2909,.F.);
#3988=ORIENTED_EDGE('',*,*,#2907,.F.);
#3989=ORIENTED_EDGE('',*,*,#2913,.F.);
#3990=ORIENTED_EDGE('',*,*,#2914,.F.);
#3991=ORIENTED_EDGE('',*,*,#2915,.F.);
#3992=ORIENTED_EDGE('',*,*,#2916,.F.);
#3993=ORIENTED_EDGE('',*,*,#2917,.F.);
#3994=ORIENTED_EDGE('',*,*,#2918,.F.);
#3995=ORIENTED_EDGE('',*,*,#2919,.T.);
#3996=ORIENTED_EDGE('',*,*,#2920,.T.);
#3997=ORIENTED_EDGE('',*,*,#2915,.T.);
#3998=ORIENTED_EDGE('',*,*,#2920,.F.);
#3999=ORIENTED_EDGE('',*,*,#2921,.T.);
#4000=ORIENTED_EDGE('',*,*,#2922,.T.);
#4001=ORIENTED_EDGE('',*,*,#2916,.T.);
#4002=ORIENTED_EDGE('',*,*,#2922,.F.);
#4003=ORIENTED_EDGE('',*,*,#2923,.T.);
#4004=ORIENTED_EDGE('',*,*,#2924,.T.);
#4005=ORIENTED_EDGE('',*,*,#2917,.T.);
#4006=ORIENTED_EDGE('',*,*,#2924,.F.);
#4007=ORIENTED_EDGE('',*,*,#2925,.T.);
#4008=ORIENTED_EDGE('',*,*,#2918,.T.);
#4009=ORIENTED_EDGE('',*,*,#2914,.T.);
#4010=ORIENTED_EDGE('',*,*,#2923,.F.);
#4011=ORIENTED_EDGE('',*,*,#2921,.F.);
#4012=ORIENTED_EDGE('',*,*,#2919,.F.);
#4013=ORIENTED_EDGE('',*,*,#2925,.F.);
#4014=ORIENTED_EDGE('',*,*,#2926,.F.);
#4015=ORIENTED_EDGE('',*,*,#2927,.F.);
#4016=ORIENTED_EDGE('',*,*,#2928,.F.);
#4017=ORIENTED_EDGE('',*,*,#2929,.F.);
#4018=ORIENTED_EDGE('',*,*,#2930,.F.);
#4019=ORIENTED_EDGE('',*,*,#2931,.T.);
#4020=ORIENTED_EDGE('',*,*,#2932,.T.);
#4021=ORIENTED_EDGE('',*,*,#2927,.T.);
#4022=ORIENTED_EDGE('',*,*,#2932,.F.);
#4023=ORIENTED_EDGE('',*,*,#2933,.T.);
#4024=ORIENTED_EDGE('',*,*,#2934,.T.);
#4025=ORIENTED_EDGE('',*,*,#2928,.T.);
#4026=ORIENTED_EDGE('',*,*,#2934,.F.);
#4027=ORIENTED_EDGE('',*,*,#2935,.T.);
#4028=ORIENTED_EDGE('',*,*,#2936,.T.);
#4029=ORIENTED_EDGE('',*,*,#2929,.T.);
#4030=ORIENTED_EDGE('',*,*,#2936,.F.);
#4031=ORIENTED_EDGE('',*,*,#2937,.T.);
#4032=ORIENTED_EDGE('',*,*,#2930,.T.);
#4033=ORIENTED_EDGE('',*,*,#2926,.T.);
#4034=ORIENTED_EDGE('',*,*,#2935,.F.);
#4035=ORIENTED_EDGE('',*,*,#2933,.F.);
#4036=ORIENTED_EDGE('',*,*,#2931,.F.);
#4037=ORIENTED_EDGE('',*,*,#2937,.F.);
#4038=ORIENTED_EDGE('',*,*,#2938,.F.);
#4039=ORIENTED_EDGE('',*,*,#2939,.F.);
#4040=ORIENTED_EDGE('',*,*,#2940,.F.);
#4041=ORIENTED_EDGE('',*,*,#2941,.F.);
#4042=ORIENTED_EDGE('',*,*,#2942,.F.);
#4043=ORIENTED_EDGE('',*,*,#2943,.T.);
#4044=ORIENTED_EDGE('',*,*,#2944,.T.);
#4045=ORIENTED_EDGE('',*,*,#2939,.T.);
#4046=ORIENTED_EDGE('',*,*,#2944,.F.);
#4047=ORIENTED_EDGE('',*,*,#2945,.T.);
#4048=ORIENTED_EDGE('',*,*,#2946,.T.);
#4049=ORIENTED_EDGE('',*,*,#2940,.T.);
#4050=ORIENTED_EDGE('',*,*,#2946,.F.);
#4051=ORIENTED_EDGE('',*,*,#2947,.T.);
#4052=ORIENTED_EDGE('',*,*,#2948,.T.);
#4053=ORIENTED_EDGE('',*,*,#2941,.T.);
#4054=ORIENTED_EDGE('',*,*,#2948,.F.);
#4055=ORIENTED_EDGE('',*,*,#2949,.T.);
#4056=ORIENTED_EDGE('',*,*,#2942,.T.);
#4057=ORIENTED_EDGE('',*,*,#2938,.T.);
#4058=ORIENTED_EDGE('',*,*,#2947,.F.);
#4059=ORIENTED_EDGE('',*,*,#2945,.F.);
#4060=ORIENTED_EDGE('',*,*,#2943,.F.);
#4061=ORIENTED_EDGE('',*,*,#2949,.F.);
#4062=ORIENTED_EDGE('',*,*,#2950,.F.);
#4063=ORIENTED_EDGE('',*,*,#2951,.F.);
#4064=ORIENTED_EDGE('',*,*,#2952,.F.);
#4065=ORIENTED_EDGE('',*,*,#2953,.F.);
#4066=ORIENTED_EDGE('',*,*,#2954,.F.);
#4067=ORIENTED_EDGE('',*,*,#2955,.T.);
#4068=ORIENTED_EDGE('',*,*,#2956,.T.);
#4069=ORIENTED_EDGE('',*,*,#2951,.T.);
#4070=ORIENTED_EDGE('',*,*,#2956,.F.);
#4071=ORIENTED_EDGE('',*,*,#2957,.T.);
#4072=ORIENTED_EDGE('',*,*,#2958,.T.);
#4073=ORIENTED_EDGE('',*,*,#2952,.T.);
#4074=ORIENTED_EDGE('',*,*,#2958,.F.);
#4075=ORIENTED_EDGE('',*,*,#2959,.T.);
#4076=ORIENTED_EDGE('',*,*,#2960,.T.);
#4077=ORIENTED_EDGE('',*,*,#2953,.T.);
#4078=ORIENTED_EDGE('',*,*,#2960,.F.);
#4079=ORIENTED_EDGE('',*,*,#2961,.T.);
#4080=ORIENTED_EDGE('',*,*,#2954,.T.);
#4081=ORIENTED_EDGE('',*,*,#2950,.T.);
#4082=ORIENTED_EDGE('',*,*,#2959,.F.);
#4083=ORIENTED_EDGE('',*,*,#2957,.F.);
#4084=ORIENTED_EDGE('',*,*,#2955,.F.);
#4085=ORIENTED_EDGE('',*,*,#2961,.F.);
#4086=ORIENTED_EDGE('',*,*,#2962,.F.);
#4087=ORIENTED_EDGE('',*,*,#2963,.F.);
#4088=ORIENTED_EDGE('',*,*,#2964,.F.);
#4089=ORIENTED_EDGE('',*,*,#2965,.F.);
#4090=ORIENTED_EDGE('',*,*,#2966,.F.);
#4091=ORIENTED_EDGE('',*,*,#2967,.T.);
#4092=ORIENTED_EDGE('',*,*,#2968,.T.);
#4093=ORIENTED_EDGE('',*,*,#2963,.T.);
#4094=ORIENTED_EDGE('',*,*,#2968,.F.);
#4095=ORIENTED_EDGE('',*,*,#2969,.T.);
#4096=ORIENTED_EDGE('',*,*,#2970,.T.);
#4097=ORIENTED_EDGE('',*,*,#2964,.T.);
#4098=ORIENTED_EDGE('',*,*,#2970,.F.);
#4099=ORIENTED_EDGE('',*,*,#2971,.T.);
#4100=ORIENTED_EDGE('',*,*,#2972,.T.);
#4101=ORIENTED_EDGE('',*,*,#2965,.T.);
#4102=ORIENTED_EDGE('',*,*,#2972,.F.);
#4103=ORIENTED_EDGE('',*,*,#2973,.T.);
#4104=ORIENTED_EDGE('',*,*,#2966,.T.);
#4105=ORIENTED_EDGE('',*,*,#2962,.T.);
#4106=ORIENTED_EDGE('',*,*,#2971,.F.);
#4107=ORIENTED_EDGE('',*,*,#2969,.F.);
#4108=ORIENTED_EDGE('',*,*,#2967,.F.);
#4109=ORIENTED_EDGE('',*,*,#2973,.F.);
#4110=ORIENTED_EDGE('',*,*,#2974,.F.);
#4111=ORIENTED_EDGE('',*,*,#2975,.F.);
#4112=ORIENTED_EDGE('',*,*,#2976,.F.);
#4113=ORIENTED_EDGE('',*,*,#2977,.F.);
#4114=ORIENTED_EDGE('',*,*,#2978,.F.);
#4115=ORIENTED_EDGE('',*,*,#2979,.T.);
#4116=ORIENTED_EDGE('',*,*,#2980,.T.);
#4117=ORIENTED_EDGE('',*,*,#2975,.T.);
#4118=ORIENTED_EDGE('',*,*,#2980,.F.);
#4119=ORIENTED_EDGE('',*,*,#2981,.T.);
#4120=ORIENTED_EDGE('',*,*,#2982,.T.);
#4121=ORIENTED_EDGE('',*,*,#2976,.T.);
#4122=ORIENTED_EDGE('',*,*,#2982,.F.);
#4123=ORIENTED_EDGE('',*,*,#2983,.T.);
#4124=ORIENTED_EDGE('',*,*,#2984,.T.);
#4125=ORIENTED_EDGE('',*,*,#2977,.T.);
#4126=ORIENTED_EDGE('',*,*,#2984,.F.);
#4127=ORIENTED_EDGE('',*,*,#2985,.T.);
#4128=ORIENTED_EDGE('',*,*,#2978,.T.);
#4129=ORIENTED_EDGE('',*,*,#2974,.T.);
#4130=ORIENTED_EDGE('',*,*,#2983,.F.);
#4131=ORIENTED_EDGE('',*,*,#2981,.F.);
#4132=ORIENTED_EDGE('',*,*,#2979,.F.);
#4133=ORIENTED_EDGE('',*,*,#2985,.F.);
#4134=ORIENTED_EDGE('',*,*,#2986,.F.);
#4135=ORIENTED_EDGE('',*,*,#2987,.F.);
#4136=ORIENTED_EDGE('',*,*,#2988,.F.);
#4137=ORIENTED_EDGE('',*,*,#2989,.F.);
#4138=ORIENTED_EDGE('',*,*,#2990,.F.);
#4139=ORIENTED_EDGE('',*,*,#2991,.T.);
#4140=ORIENTED_EDGE('',*,*,#2992,.T.);
#4141=ORIENTED_EDGE('',*,*,#2987,.T.);
#4142=ORIENTED_EDGE('',*,*,#2992,.F.);
#4143=ORIENTED_EDGE('',*,*,#2993,.T.);
#4144=ORIENTED_EDGE('',*,*,#2994,.T.);
#4145=ORIENTED_EDGE('',*,*,#2988,.T.);
#4146=ORIENTED_EDGE('',*,*,#2994,.F.);
#4147=ORIENTED_EDGE('',*,*,#2995,.T.);
#4148=ORIENTED_EDGE('',*,*,#2996,.T.);
#4149=ORIENTED_EDGE('',*,*,#2989,.T.);
#4150=ORIENTED_EDGE('',*,*,#2996,.F.);
#4151=ORIENTED_EDGE('',*,*,#2997,.T.);
#4152=ORIENTED_EDGE('',*,*,#2990,.T.);
#4153=ORIENTED_EDGE('',*,*,#2986,.T.);
#4154=ORIENTED_EDGE('',*,*,#2995,.F.);
#4155=ORIENTED_EDGE('',*,*,#2993,.F.);
#4156=ORIENTED_EDGE('',*,*,#2991,.F.);
#4157=ORIENTED_EDGE('',*,*,#2997,.F.);
#4158=ORIENTED_EDGE('',*,*,#2998,.F.);
#4159=ORIENTED_EDGE('',*,*,#2999,.F.);
#4160=ORIENTED_EDGE('',*,*,#3000,.F.);
#4161=ORIENTED_EDGE('',*,*,#3001,.F.);
#4162=ORIENTED_EDGE('',*,*,#3002,.F.);
#4163=ORIENTED_EDGE('',*,*,#3003,.T.);
#4164=ORIENTED_EDGE('',*,*,#3004,.T.);
#4165=ORIENTED_EDGE('',*,*,#2999,.T.);
#4166=ORIENTED_EDGE('',*,*,#3004,.F.);
#4167=ORIENTED_EDGE('',*,*,#3005,.T.);
#4168=ORIENTED_EDGE('',*,*,#3006,.T.);
#4169=ORIENTED_EDGE('',*,*,#3000,.T.);
#4170=ORIENTED_EDGE('',*,*,#3006,.F.);
#4171=ORIENTED_EDGE('',*,*,#3007,.T.);
#4172=ORIENTED_EDGE('',*,*,#3008,.T.);
#4173=ORIENTED_EDGE('',*,*,#3001,.T.);
#4174=ORIENTED_EDGE('',*,*,#3008,.F.);
#4175=ORIENTED_EDGE('',*,*,#3009,.T.);
#4176=ORIENTED_EDGE('',*,*,#3002,.T.);
#4177=ORIENTED_EDGE('',*,*,#2998,.T.);
#4178=ORIENTED_EDGE('',*,*,#3007,.F.);
#4179=ORIENTED_EDGE('',*,*,#3005,.F.);
#4180=ORIENTED_EDGE('',*,*,#3003,.F.);
#4181=ORIENTED_EDGE('',*,*,#3009,.F.);
#4182=ORIENTED_EDGE('',*,*,#3010,.F.);
#4183=ORIENTED_EDGE('',*,*,#3011,.F.);
#4184=ORIENTED_EDGE('',*,*,#3012,.F.);
#4185=ORIENTED_EDGE('',*,*,#3013,.F.);
#4186=ORIENTED_EDGE('',*,*,#3014,.F.);
#4187=ORIENTED_EDGE('',*,*,#3015,.T.);
#4188=ORIENTED_EDGE('',*,*,#3016,.T.);
#4189=ORIENTED_EDGE('',*,*,#3011,.T.);
#4190=ORIENTED_EDGE('',*,*,#3016,.F.);
#4191=ORIENTED_EDGE('',*,*,#3017,.T.);
#4192=ORIENTED_EDGE('',*,*,#3018,.T.);
#4193=ORIENTED_EDGE('',*,*,#3012,.T.);
#4194=ORIENTED_EDGE('',*,*,#3018,.F.);
#4195=ORIENTED_EDGE('',*,*,#3019,.T.);
#4196=ORIENTED_EDGE('',*,*,#3020,.T.);
#4197=ORIENTED_EDGE('',*,*,#3013,.T.);
#4198=ORIENTED_EDGE('',*,*,#3020,.F.);
#4199=ORIENTED_EDGE('',*,*,#3021,.T.);
#4200=ORIENTED_EDGE('',*,*,#3014,.T.);
#4201=ORIENTED_EDGE('',*,*,#3010,.T.);
#4202=ORIENTED_EDGE('',*,*,#3019,.F.);
#4203=ORIENTED_EDGE('',*,*,#3017,.F.);
#4204=ORIENTED_EDGE('',*,*,#3015,.F.);
#4205=ORIENTED_EDGE('',*,*,#3021,.F.);
#4206=ORIENTED_EDGE('',*,*,#3022,.F.);
#4207=ORIENTED_EDGE('',*,*,#3023,.F.);
#4208=ORIENTED_EDGE('',*,*,#3024,.F.);
#4209=ORIENTED_EDGE('',*,*,#3025,.F.);
#4210=ORIENTED_EDGE('',*,*,#3026,.F.);
#4211=ORIENTED_EDGE('',*,*,#3027,.T.);
#4212=ORIENTED_EDGE('',*,*,#3028,.T.);
#4213=ORIENTED_EDGE('',*,*,#3023,.T.);
#4214=ORIENTED_EDGE('',*,*,#3028,.F.);
#4215=ORIENTED_EDGE('',*,*,#3029,.T.);
#4216=ORIENTED_EDGE('',*,*,#3030,.T.);
#4217=ORIENTED_EDGE('',*,*,#3024,.T.);
#4218=ORIENTED_EDGE('',*,*,#3030,.F.);
#4219=ORIENTED_EDGE('',*,*,#3031,.T.);
#4220=ORIENTED_EDGE('',*,*,#3032,.T.);
#4221=ORIENTED_EDGE('',*,*,#3025,.T.);
#4222=ORIENTED_EDGE('',*,*,#3032,.F.);
#4223=ORIENTED_EDGE('',*,*,#3033,.T.);
#4224=ORIENTED_EDGE('',*,*,#3026,.T.);
#4225=ORIENTED_EDGE('',*,*,#3022,.T.);
#4226=ORIENTED_EDGE('',*,*,#3031,.F.);
#4227=ORIENTED_EDGE('',*,*,#3029,.F.);
#4228=ORIENTED_EDGE('',*,*,#3027,.F.);
#4229=ORIENTED_EDGE('',*,*,#3033,.F.);
#4230=ORIENTED_EDGE('',*,*,#3034,.F.);
#4231=ORIENTED_EDGE('',*,*,#3035,.F.);
#4232=ORIENTED_EDGE('',*,*,#3036,.F.);
#4233=ORIENTED_EDGE('',*,*,#3037,.F.);
#4234=ORIENTED_EDGE('',*,*,#3038,.F.);
#4235=ORIENTED_EDGE('',*,*,#3039,.T.);
#4236=ORIENTED_EDGE('',*,*,#3040,.T.);
#4237=ORIENTED_EDGE('',*,*,#3035,.T.);
#4238=ORIENTED_EDGE('',*,*,#3040,.F.);
#4239=ORIENTED_EDGE('',*,*,#3041,.T.);
#4240=ORIENTED_EDGE('',*,*,#3042,.T.);
#4241=ORIENTED_EDGE('',*,*,#3036,.T.);
#4242=ORIENTED_EDGE('',*,*,#3042,.F.);
#4243=ORIENTED_EDGE('',*,*,#3043,.T.);
#4244=ORIENTED_EDGE('',*,*,#3044,.T.);
#4245=ORIENTED_EDGE('',*,*,#3037,.T.);
#4246=ORIENTED_EDGE('',*,*,#3044,.F.);
#4247=ORIENTED_EDGE('',*,*,#3045,.T.);
#4248=ORIENTED_EDGE('',*,*,#3038,.T.);
#4249=ORIENTED_EDGE('',*,*,#3034,.T.);
#4250=ORIENTED_EDGE('',*,*,#3043,.F.);
#4251=ORIENTED_EDGE('',*,*,#3041,.F.);
#4252=ORIENTED_EDGE('',*,*,#3039,.F.);
#4253=ORIENTED_EDGE('',*,*,#3045,.F.);
#4254=ORIENTED_EDGE('',*,*,#3046,.F.);
#4255=ORIENTED_EDGE('',*,*,#3047,.F.);
#4256=ORIENTED_EDGE('',*,*,#3048,.F.);
#4257=ORIENTED_EDGE('',*,*,#3049,.F.);
#4258=ORIENTED_EDGE('',*,*,#3050,.F.);
#4259=ORIENTED_EDGE('',*,*,#3051,.T.);
#4260=ORIENTED_EDGE('',*,*,#3052,.T.);
#4261=ORIENTED_EDGE('',*,*,#3047,.T.);
#4262=ORIENTED_EDGE('',*,*,#3052,.F.);
#4263=ORIENTED_EDGE('',*,*,#3053,.T.);
#4264=ORIENTED_EDGE('',*,*,#3054,.T.);
#4265=ORIENTED_EDGE('',*,*,#3048,.T.);
#4266=ORIENTED_EDGE('',*,*,#3054,.F.);
#4267=ORIENTED_EDGE('',*,*,#3055,.T.);
#4268=ORIENTED_EDGE('',*,*,#3056,.T.);
#4269=ORIENTED_EDGE('',*,*,#3049,.T.);
#4270=ORIENTED_EDGE('',*,*,#3056,.F.);
#4271=ORIENTED_EDGE('',*,*,#3057,.T.);
#4272=ORIENTED_EDGE('',*,*,#3050,.T.);
#4273=ORIENTED_EDGE('',*,*,#3046,.T.);
#4274=ORIENTED_EDGE('',*,*,#3055,.F.);
#4275=ORIENTED_EDGE('',*,*,#3053,.F.);
#4276=ORIENTED_EDGE('',*,*,#3051,.F.);
#4277=ORIENTED_EDGE('',*,*,#3057,.F.);
#4278=ORIENTED_EDGE('',*,*,#3058,.F.);
#4279=ORIENTED_EDGE('',*,*,#3059,.F.);
#4280=ORIENTED_EDGE('',*,*,#3060,.F.);
#4281=ORIENTED_EDGE('',*,*,#3061,.F.);
#4282=ORIENTED_EDGE('',*,*,#3062,.F.);
#4283=ORIENTED_EDGE('',*,*,#3063,.T.);
#4284=ORIENTED_EDGE('',*,*,#3064,.T.);
#4285=ORIENTED_EDGE('',*,*,#3059,.T.);
#4286=ORIENTED_EDGE('',*,*,#3064,.F.);
#4287=ORIENTED_EDGE('',*,*,#3065,.T.);
#4288=ORIENTED_EDGE('',*,*,#3066,.T.);
#4289=ORIENTED_EDGE('',*,*,#3060,.T.);
#4290=ORIENTED_EDGE('',*,*,#3066,.F.);
#4291=ORIENTED_EDGE('',*,*,#3067,.T.);
#4292=ORIENTED_EDGE('',*,*,#3068,.T.);
#4293=ORIENTED_EDGE('',*,*,#3061,.T.);
#4294=ORIENTED_EDGE('',*,*,#3068,.F.);
#4295=ORIENTED_EDGE('',*,*,#3069,.T.);
#4296=ORIENTED_EDGE('',*,*,#3062,.T.);
#4297=ORIENTED_EDGE('',*,*,#3058,.T.);
#4298=ORIENTED_EDGE('',*,*,#3067,.F.);
#4299=ORIENTED_EDGE('',*,*,#3065,.F.);
#4300=ORIENTED_EDGE('',*,*,#3063,.F.);
#4301=ORIENTED_EDGE('',*,*,#3069,.F.);
#4302=ORIENTED_EDGE('',*,*,#3070,.F.);
#4303=ORIENTED_EDGE('',*,*,#3071,.F.);
#4304=ORIENTED_EDGE('',*,*,#3072,.F.);
#4305=ORIENTED_EDGE('',*,*,#3073,.F.);
#4306=ORIENTED_EDGE('',*,*,#3074,.F.);
#4307=ORIENTED_EDGE('',*,*,#3075,.T.);
#4308=ORIENTED_EDGE('',*,*,#3076,.T.);
#4309=ORIENTED_EDGE('',*,*,#3071,.T.);
#4310=ORIENTED_EDGE('',*,*,#3076,.F.);
#4311=ORIENTED_EDGE('',*,*,#3077,.T.);
#4312=ORIENTED_EDGE('',*,*,#3078,.T.);
#4313=ORIENTED_EDGE('',*,*,#3072,.T.);
#4314=ORIENTED_EDGE('',*,*,#3078,.F.);
#4315=ORIENTED_EDGE('',*,*,#3079,.T.);
#4316=ORIENTED_EDGE('',*,*,#3080,.T.);
#4317=ORIENTED_EDGE('',*,*,#3073,.T.);
#4318=ORIENTED_EDGE('',*,*,#3080,.F.);
#4319=ORIENTED_EDGE('',*,*,#3081,.T.);
#4320=ORIENTED_EDGE('',*,*,#3074,.T.);
#4321=ORIENTED_EDGE('',*,*,#3070,.T.);
#4322=ORIENTED_EDGE('',*,*,#3079,.F.);
#4323=ORIENTED_EDGE('',*,*,#3077,.F.);
#4324=ORIENTED_EDGE('',*,*,#3075,.F.);
#4325=ORIENTED_EDGE('',*,*,#3081,.F.);
#4326=ORIENTED_EDGE('',*,*,#3082,.F.);
#4327=ORIENTED_EDGE('',*,*,#3083,.F.);
#4328=ORIENTED_EDGE('',*,*,#3084,.F.);
#4329=ORIENTED_EDGE('',*,*,#3085,.F.);
#4330=ORIENTED_EDGE('',*,*,#3086,.F.);
#4331=ORIENTED_EDGE('',*,*,#3087,.T.);
#4332=ORIENTED_EDGE('',*,*,#3088,.T.);
#4333=ORIENTED_EDGE('',*,*,#3083,.T.);
#4334=ORIENTED_EDGE('',*,*,#3088,.F.);
#4335=ORIENTED_EDGE('',*,*,#3089,.T.);
#4336=ORIENTED_EDGE('',*,*,#3090,.T.);
#4337=ORIENTED_EDGE('',*,*,#3084,.T.);
#4338=ORIENTED_EDGE('',*,*,#3090,.F.);
#4339=ORIENTED_EDGE('',*,*,#3091,.T.);
#4340=ORIENTED_EDGE('',*,*,#3092,.T.);
#4341=ORIENTED_EDGE('',*,*,#3085,.T.);
#4342=ORIENTED_EDGE('',*,*,#3092,.F.);
#4343=ORIENTED_EDGE('',*,*,#3093,.T.);
#4344=ORIENTED_EDGE('',*,*,#3086,.T.);
#4345=ORIENTED_EDGE('',*,*,#3082,.T.);
#4346=ORIENTED_EDGE('',*,*,#3091,.F.);
#4347=ORIENTED_EDGE('',*,*,#3089,.F.);
#4348=ORIENTED_EDGE('',*,*,#3087,.F.);
#4349=ORIENTED_EDGE('',*,*,#3093,.F.);
#4350=ORIENTED_EDGE('',*,*,#3094,.F.);
#4351=ORIENTED_EDGE('',*,*,#3095,.F.);
#4352=ORIENTED_EDGE('',*,*,#3096,.F.);
#4353=ORIENTED_EDGE('',*,*,#3097,.F.);
#4354=ORIENTED_EDGE('',*,*,#3098,.F.);
#4355=ORIENTED_EDGE('',*,*,#3099,.T.);
#4356=ORIENTED_EDGE('',*,*,#3100,.T.);
#4357=ORIENTED_EDGE('',*,*,#3095,.T.);
#4358=ORIENTED_EDGE('',*,*,#3100,.F.);
#4359=ORIENTED_EDGE('',*,*,#3101,.T.);
#4360=ORIENTED_EDGE('',*,*,#3102,.T.);
#4361=ORIENTED_EDGE('',*,*,#3096,.T.);
#4362=ORIENTED_EDGE('',*,*,#3102,.F.);
#4363=ORIENTED_EDGE('',*,*,#3103,.T.);
#4364=ORIENTED_EDGE('',*,*,#3104,.T.);
#4365=ORIENTED_EDGE('',*,*,#3097,.T.);
#4366=ORIENTED_EDGE('',*,*,#3104,.F.);
#4367=ORIENTED_EDGE('',*,*,#3105,.T.);
#4368=ORIENTED_EDGE('',*,*,#3098,.T.);
#4369=ORIENTED_EDGE('',*,*,#3094,.T.);
#4370=ORIENTED_EDGE('',*,*,#3103,.F.);
#4371=ORIENTED_EDGE('',*,*,#3101,.F.);
#4372=ORIENTED_EDGE('',*,*,#3099,.F.);
#4373=ORIENTED_EDGE('',*,*,#3105,.F.);
#4374=ORIENTED_EDGE('',*,*,#3106,.F.);
#4375=ORIENTED_EDGE('',*,*,#3107,.T.);
#4376=ORIENTED_EDGE('',*,*,#3108,.T.);
#4377=ORIENTED_EDGE('',*,*,#3107,.F.);
#4378=ORIENTED_EDGE('',*,*,#3109,.T.);
#4379=ORIENTED_EDGE('',*,*,#3110,.T.);
#4380=ORIENTED_EDGE('',*,*,#3111,.T.);
#4381=ORIENTED_EDGE('',*,*,#3112,.T.);
#4382=ORIENTED_EDGE('',*,*,#3113,.T.);
#4383=ORIENTED_EDGE('',*,*,#3114,.T.);
#4384=ORIENTED_EDGE('',*,*,#3115,.T.);
#4385=ORIENTED_EDGE('',*,*,#3116,.T.);
#4386=ORIENTED_EDGE('',*,*,#3117,.T.);
#4387=ORIENTED_EDGE('',*,*,#3118,.T.);
#4388=ORIENTED_EDGE('',*,*,#3119,.T.);
#4389=ORIENTED_EDGE('',*,*,#3120,.T.);
#4390=ORIENTED_EDGE('',*,*,#3121,.T.);
#4391=ORIENTED_EDGE('',*,*,#3122,.T.);
#4392=ORIENTED_EDGE('',*,*,#3123,.T.);
#4393=ORIENTED_EDGE('',*,*,#3124,.T.);
#4394=ORIENTED_EDGE('',*,*,#3125,.T.);
#4395=ORIENTED_EDGE('',*,*,#3126,.T.);
#4396=ORIENTED_EDGE('',*,*,#3127,.T.);
#4397=ORIENTED_EDGE('',*,*,#3128,.T.);
#4398=ORIENTED_EDGE('',*,*,#3129,.T.);
#4399=ORIENTED_EDGE('',*,*,#3130,.T.);
#4400=ORIENTED_EDGE('',*,*,#3131,.T.);
#4401=ORIENTED_EDGE('',*,*,#3132,.T.);
#4402=ORIENTED_EDGE('',*,*,#3133,.T.);
#4403=ORIENTED_EDGE('',*,*,#3134,.T.);
#4404=ORIENTED_EDGE('',*,*,#3135,.T.);
#4405=ORIENTED_EDGE('',*,*,#3136,.T.);
#4406=ORIENTED_EDGE('',*,*,#3137,.T.);
#4407=ORIENTED_EDGE('',*,*,#3138,.T.);
#4408=ORIENTED_EDGE('',*,*,#3108,.F.);
#4409=ORIENTED_EDGE('',*,*,#3139,.T.);
#4410=ORIENTED_EDGE('',*,*,#3140,.T.);
#4411=ORIENTED_EDGE('',*,*,#3141,.T.);
#4412=ORIENTED_EDGE('',*,*,#3142,.T.);
#4413=ORIENTED_EDGE('',*,*,#3143,.T.);
#4414=ORIENTED_EDGE('',*,*,#3144,.T.);
#4415=ORIENTED_EDGE('',*,*,#3145,.T.);
#4416=ORIENTED_EDGE('',*,*,#3146,.T.);
#4417=ORIENTED_EDGE('',*,*,#3123,.F.);
#4418=ORIENTED_EDGE('',*,*,#3147,.T.);
#4419=ORIENTED_EDGE('',*,*,#3117,.F.);
#4420=ORIENTED_EDGE('',*,*,#3148,.T.);
#4421=ORIENTED_EDGE('',*,*,#3111,.F.);
#4422=ORIENTED_EDGE('',*,*,#3149,.T.);
#4423=ORIENTED_EDGE('',*,*,#3121,.F.);
#4424=ORIENTED_EDGE('',*,*,#3150,.T.);
#4425=ORIENTED_EDGE('',*,*,#3115,.F.);
#4426=ORIENTED_EDGE('',*,*,#3151,.T.);
#4427=ORIENTED_EDGE('',*,*,#3109,.F.);
#4428=ORIENTED_EDGE('',*,*,#3152,.T.);
#4429=ORIENTED_EDGE('',*,*,#3113,.F.);
#4430=ORIENTED_EDGE('',*,*,#3153,.T.);
#4431=ORIENTED_EDGE('',*,*,#3119,.F.);
#4432=ORIENTED_EDGE('',*,*,#3154,.T.);
#4433=ORIENTED_EDGE('',*,*,#3155,.F.);
#4434=ORIENTED_EDGE('',*,*,#3110,.F.);
#4435=ORIENTED_EDGE('',*,*,#3156,.F.);
#4436=ORIENTED_EDGE('',*,*,#3131,.F.);
#4437=ORIENTED_EDGE('',*,*,#3156,.T.);
#4438=ORIENTED_EDGE('',*,*,#3151,.F.);
#4439=ORIENTED_EDGE('',*,*,#3157,.F.);
#4440=ORIENTED_EDGE('',*,*,#3132,.F.);
#4441=ORIENTED_EDGE('',*,*,#3155,.T.);
#4442=ORIENTED_EDGE('',*,*,#3130,.F.);
#4443=ORIENTED_EDGE('',*,*,#3158,.F.);
#4444=ORIENTED_EDGE('',*,*,#3149,.F.);
#4445=ORIENTED_EDGE('',*,*,#3157,.T.);
#4446=ORIENTED_EDGE('',*,*,#3114,.F.);
#4447=ORIENTED_EDGE('',*,*,#3159,.F.);
#4448=ORIENTED_EDGE('',*,*,#3125,.F.);
#4449=ORIENTED_EDGE('',*,*,#3158,.T.);
#4450=ORIENTED_EDGE('',*,*,#3129,.F.);
#4451=ORIENTED_EDGE('',*,*,#3160,.F.);
#4452=ORIENTED_EDGE('',*,*,#3122,.F.);
#4453=ORIENTED_EDGE('',*,*,#3159,.T.);
#4454=ORIENTED_EDGE('',*,*,#3154,.F.);
#4455=ORIENTED_EDGE('',*,*,#3161,.F.);
#4456=ORIENTED_EDGE('',*,*,#3126,.F.);
#4457=ORIENTED_EDGE('',*,*,#3160,.T.);
#4458=ORIENTED_EDGE('',*,*,#3128,.F.);
#4459=ORIENTED_EDGE('',*,*,#3162,.F.);
#4460=ORIENTED_EDGE('',*,*,#3147,.F.);
#4461=ORIENTED_EDGE('',*,*,#3161,.T.);
#4462=ORIENTED_EDGE('',*,*,#3118,.F.);
#4463=ORIENTED_EDGE('',*,*,#3162,.T.);
#4464=ORIENTED_EDGE('',*,*,#3127,.F.);
#4465=ORIENTED_EDGE('',*,*,#3163,.F.);
#4466=ORIENTED_EDGE('',*,*,#3145,.F.);
#4467=ORIENTED_EDGE('',*,*,#3164,.F.);
#4468=ORIENTED_EDGE('',*,*,#3124,.F.);
#4469=ORIENTED_EDGE('',*,*,#3164,.T.);
#4470=ORIENTED_EDGE('',*,*,#3144,.F.);
#4471=ORIENTED_EDGE('',*,*,#3165,.F.);
#4472=ORIENTED_EDGE('',*,*,#3150,.F.);
#4473=ORIENTED_EDGE('',*,*,#3163,.T.);
#4474=ORIENTED_EDGE('',*,*,#3148,.F.);
#4475=ORIENTED_EDGE('',*,*,#3166,.F.);
#4476=ORIENTED_EDGE('',*,*,#3146,.F.);
#4477=ORIENTED_EDGE('',*,*,#3165,.T.);
#4478=ORIENTED_EDGE('',*,*,#3143,.F.);
#4479=ORIENTED_EDGE('',*,*,#3167,.F.);
#4480=ORIENTED_EDGE('',*,*,#3112,.F.);
#4481=ORIENTED_EDGE('',*,*,#3166,.T.);
#4482=ORIENTED_EDGE('',*,*,#3120,.F.);
#4483=ORIENTED_EDGE('',*,*,#3168,.F.);
#4484=ORIENTED_EDGE('',*,*,#3139,.F.);
#4485=ORIENTED_EDGE('',*,*,#3167,.T.);
#4486=ORIENTED_EDGE('',*,*,#3142,.F.);
#4487=ORIENTED_EDGE('',*,*,#3169,.F.);
#4488=ORIENTED_EDGE('',*,*,#3152,.F.);
#4489=ORIENTED_EDGE('',*,*,#3168,.T.);
#4490=ORIENTED_EDGE('',*,*,#3153,.F.);
#4491=ORIENTED_EDGE('',*,*,#3170,.F.);
#4492=ORIENTED_EDGE('',*,*,#3140,.F.);
#4493=ORIENTED_EDGE('',*,*,#3169,.T.);
#4494=ORIENTED_EDGE('',*,*,#3141,.F.);
#4495=ORIENTED_EDGE('',*,*,#3170,.T.);
#4496=ORIENTED_EDGE('',*,*,#3116,.F.);
#4497=ORIENTED_EDGE('',*,*,#3133,.F.);
#4498=ORIENTED_EDGE('',*,*,#3171,.T.);
#4499=ORIENTED_EDGE('',*,*,#3172,.F.);
#4500=ORIENTED_EDGE('',*,*,#3173,.F.);
#4501=ORIENTED_EDGE('',*,*,#3138,.F.);
#4502=ORIENTED_EDGE('',*,*,#3174,.T.);
#4503=ORIENTED_EDGE('',*,*,#3175,.F.);
#4504=ORIENTED_EDGE('',*,*,#3171,.F.);
#4505=ORIENTED_EDGE('',*,*,#3137,.F.);
#4506=ORIENTED_EDGE('',*,*,#3176,.T.);
#4507=ORIENTED_EDGE('',*,*,#3177,.F.);
#4508=ORIENTED_EDGE('',*,*,#3174,.F.);
#4509=ORIENTED_EDGE('',*,*,#3136,.F.);
#4510=ORIENTED_EDGE('',*,*,#3178,.T.);
#4511=ORIENTED_EDGE('',*,*,#3179,.F.);
#4512=ORIENTED_EDGE('',*,*,#3176,.F.);
#4513=ORIENTED_EDGE('',*,*,#3135,.F.);
#4514=ORIENTED_EDGE('',*,*,#3180,.T.);
#4515=ORIENTED_EDGE('',*,*,#3181,.F.);
#4516=ORIENTED_EDGE('',*,*,#3178,.F.);
#4517=ORIENTED_EDGE('',*,*,#3134,.F.);
#4518=ORIENTED_EDGE('',*,*,#3173,.T.);
#4519=ORIENTED_EDGE('',*,*,#3182,.F.);
#4520=ORIENTED_EDGE('',*,*,#3180,.F.);
#4521=ORIENTED_EDGE('',*,*,#3172,.T.);
#4522=ORIENTED_EDGE('',*,*,#3175,.T.);
#4523=ORIENTED_EDGE('',*,*,#3177,.T.);
#4524=ORIENTED_EDGE('',*,*,#3179,.T.);
#4525=ORIENTED_EDGE('',*,*,#3181,.T.);
#4526=ORIENTED_EDGE('',*,*,#3182,.T.);
#4527=ORIENTED_EDGE('',*,*,#3106,.T.);
#4528=ORIENTED_EDGE('',*,*,#3183,.F.);
#4529=ORIENTED_EDGE('',*,*,#3184,.T.);
#4530=ORIENTED_EDGE('',*,*,#3185,.F.);
#4531=ORIENTED_EDGE('',*,*,#3184,.F.);
#4532=ORIENTED_EDGE('',*,*,#3183,.T.);
#4533=ORIENTED_EDGE('',*,*,#3185,.T.);
#4534=PLANE('',#5167);
#4535=PLANE('',#5168);
#4536=PLANE('',#5169);
#4537=PLANE('',#5170);
#4538=PLANE('',#5171);
#4539=PLANE('',#5172);
#4540=PLANE('',#5173);
#4541=PLANE('',#5177);
#4542=PLANE('',#5178);
#4543=PLANE('',#5179);
#4544=PLANE('',#5180);
#4545=PLANE('',#5184);
#4546=PLANE('',#5185);
#4547=PLANE('',#5186);
#4548=PLANE('',#5187);
#4549=PLANE('',#5188);
#4550=PLANE('',#5192);
#4551=PLANE('',#5193);
#4552=PLANE('',#5194);
#4553=PLANE('',#5195);
#4554=PLANE('',#5196);
#4555=PLANE('',#5200);
#4556=PLANE('',#5201);
#4557=PLANE('',#5202);
#4558=PLANE('',#5203);
#4559=PLANE('',#5204);
#4560=PLANE('',#5205);
#4561=PLANE('',#5206);
#4562=PLANE('',#5207);
#4563=PLANE('',#5208);
#4564=PLANE('',#5209);
#4565=PLANE('',#5210);
#4566=PLANE('',#5211);
#4567=PLANE('',#5212);
#4568=PLANE('',#5213);
#4569=PLANE('',#5218);
#4570=PLANE('',#5219);
#4571=PLANE('',#5220);
#4572=PLANE('',#5221);
#4573=PLANE('',#5222);
#4574=PLANE('',#5227);
#4575=PLANE('',#5229);
#4576=PLANE('',#5231);
#4577=PLANE('',#5233);
#4578=PLANE('',#5235);
#4579=PLANE('',#5236);
#4580=PLANE('',#5237);
#4581=PLANE('',#5238);
#4582=PLANE('',#5239);
#4583=PLANE('',#5240);
#4584=PLANE('',#5241);
#4585=PLANE('',#5242);
#4586=PLANE('',#5243);
#4587=PLANE('',#5244);
#4588=PLANE('',#5245);
#4589=PLANE('',#5246);
#4590=PLANE('',#5247);
#4591=PLANE('',#5248);
#4592=PLANE('',#5249);
#4593=PLANE('',#5250);
#4594=PLANE('',#5251);
#4595=PLANE('',#5252);
#4596=PLANE('',#5253);
#4597=PLANE('',#5254);
#4598=PLANE('',#5255);
#4599=PLANE('',#5256);
#4600=PLANE('',#5257);
#4601=PLANE('',#5258);
#4602=PLANE('',#5259);
#4603=PLANE('',#5260);
#4604=PLANE('',#5261);
#4605=PLANE('',#5262);
#4606=PLANE('',#5263);
#4607=PLANE('',#5264);
#4608=PLANE('',#5265);
#4609=PLANE('',#5266);
#4610=PLANE('',#5267);
#4611=PLANE('',#5268);
#4612=PLANE('',#5269);
#4613=PLANE('',#5270);
#4614=PLANE('',#5271);
#4615=PLANE('',#5272);
#4616=PLANE('',#5273);
#4617=PLANE('',#5274);
#4618=PLANE('',#5275);
#4619=PLANE('',#5276);
#4620=PLANE('',#5277);
#4621=PLANE('',#5278);
#4622=PLANE('',#5279);
#4623=PLANE('',#5280);
#4624=PLANE('',#5281);
#4625=PLANE('',#5282);
#4626=PLANE('',#5283);
#4627=PLANE('',#5284);
#4628=PLANE('',#5285);
#4629=PLANE('',#5286);
#4630=PLANE('',#5287);
#4631=PLANE('',#5288);
#4632=PLANE('',#5289);
#4633=PLANE('',#5290);
#4634=PLANE('',#5291);
#4635=PLANE('',#5292);
#4636=PLANE('',#5293);
#4637=PLANE('',#5294);
#4638=PLANE('',#5295);
#4639=PLANE('',#5296);
#4640=PLANE('',#5297);
#4641=PLANE('',#5298);
#4642=PLANE('',#5299);
#4643=PLANE('',#5300);
#4644=PLANE('',#5301);
#4645=PLANE('',#5302);
#4646=PLANE('',#5303);
#4647=PLANE('',#5304);
#4648=PLANE('',#5305);
#4649=PLANE('',#5306);
#4650=PLANE('',#5307);
#4651=PLANE('',#5308);
#4652=PLANE('',#5309);
#4653=PLANE('',#5310);
#4654=PLANE('',#5311);
#4655=PLANE('',#5312);
#4656=PLANE('',#5313);
#4657=PLANE('',#5314);
#4658=PLANE('',#5315);
#4659=PLANE('',#5316);
#4660=PLANE('',#5317);
#4661=PLANE('',#5318);
#4662=PLANE('',#5319);
#4663=PLANE('',#5320);
#4664=PLANE('',#5321);
#4665=PLANE('',#5322);
#4666=PLANE('',#5323);
#4667=PLANE('',#5324);
#4668=PLANE('',#5325);
#4669=PLANE('',#5326);
#4670=PLANE('',#5327);
#4671=PLANE('',#5328);
#4672=PLANE('',#5329);
#4673=PLANE('',#5330);
#4674=PLANE('',#5331);
#4675=PLANE('',#5332);
#4676=PLANE('',#5333);
#4677=PLANE('',#5334);
#4678=PLANE('',#5335);
#4679=PLANE('',#5336);
#4680=PLANE('',#5337);
#4681=PLANE('',#5338);
#4682=PLANE('',#5339);
#4683=PLANE('',#5340);
#4684=PLANE('',#5341);
#4685=PLANE('',#5342);
#4686=PLANE('',#5343);
#4687=PLANE('',#5344);
#4688=PLANE('',#5345);
#4689=PLANE('',#5346);
#4690=PLANE('',#5347);
#4691=PLANE('',#5348);
#4692=PLANE('',#5349);
#4693=PLANE('',#5350);
#4694=PLANE('',#5351);
#4695=PLANE('',#5352);
#4696=PLANE('',#5353);
#4697=PLANE('',#5354);
#4698=PLANE('',#5355);
#4699=PLANE('',#5356);
#4700=PLANE('',#5357);
#4701=PLANE('',#5358);
#4702=PLANE('',#5359);
#4703=PLANE('',#5360);
#4704=PLANE('',#5361);
#4705=PLANE('',#5362);
#4706=PLANE('',#5363);
#4707=PLANE('',#5364);
#4708=PLANE('',#5365);
#4709=PLANE('',#5366);
#4710=PLANE('',#5367);
#4711=PLANE('',#5368);
#4712=PLANE('',#5369);
#4713=PLANE('',#5370);
#4714=PLANE('',#5371);
#4715=PLANE('',#5372);
#4716=PLANE('',#5373);
#4717=PLANE('',#5374);
#4718=PLANE('',#5375);
#4719=PLANE('',#5376);
#4720=PLANE('',#5377);
#4721=PLANE('',#5378);
#4722=PLANE('',#5379);
#4723=PLANE('',#5380);
#4724=PLANE('',#5381);
#4725=PLANE('',#5382);
#4726=PLANE('',#5383);
#4727=PLANE('',#5384);
#4728=PLANE('',#5385);
#4729=PLANE('',#5386);
#4730=PLANE('',#5387);
#4731=PLANE('',#5388);
#4732=PLANE('',#5389);
#4733=PLANE('',#5390);
#4734=PLANE('',#5391);
#4735=PLANE('',#5392);
#4736=PLANE('',#5393);
#4737=PLANE('',#5394);
#4738=PLANE('',#5395);
#4739=PLANE('',#5396);
#4740=PLANE('',#5397);
#4741=PLANE('',#5398);
#4742=PLANE('',#5399);
#4743=PLANE('',#5400);
#4744=PLANE('',#5401);
#4745=PLANE('',#5402);
#4746=PLANE('',#5403);
#4747=PLANE('',#5404);
#4748=PLANE('',#5405);
#4749=PLANE('',#5406);
#4750=PLANE('',#5407);
#4751=PLANE('',#5408);
#4752=PLANE('',#5409);
#4753=PLANE('',#5410);
#4754=PLANE('',#5411);
#4755=PLANE('',#5412);
#4756=PLANE('',#5413);
#4757=PLANE('',#5414);
#4758=PLANE('',#5415);
#4759=PLANE('',#5416);
#4760=PLANE('',#5417);
#4761=PLANE('',#5418);
#4762=PLANE('',#5419);
#4763=PLANE('',#5420);
#4764=PLANE('',#5421);
#4765=PLANE('',#5422);
#4766=PLANE('',#5423);
#4767=PLANE('',#5424);
#4768=PLANE('',#5425);
#4769=PLANE('',#5426);
#4770=PLANE('',#5427);
#4771=PLANE('',#5428);
#4772=PLANE('',#5429);
#4773=PLANE('',#5430);
#4774=PLANE('',#5431);
#4775=PLANE('',#5432);
#4776=PLANE('',#5433);
#4777=PLANE('',#5434);
#4778=PLANE('',#5435);
#4779=PLANE('',#5436);
#4780=PLANE('',#5437);
#4781=PLANE('',#5438);
#4782=PLANE('',#5439);
#4783=PLANE('',#5440);
#4784=PLANE('',#5441);
#4785=PLANE('',#5442);
#4786=PLANE('',#5443);
#4787=PLANE('',#5444);
#4788=PLANE('',#5445);
#4789=PLANE('',#5446);
#4790=PLANE('',#5447);
#4791=PLANE('',#5448);
#4792=PLANE('',#5449);
#4793=PLANE('',#5450);
#4794=PLANE('',#5451);
#4795=PLANE('',#5452);
#4796=PLANE('',#5453);
#4797=PLANE('',#5454);
#4798=PLANE('',#5458);
#4799=PLANE('',#5459);
#4800=PLANE('',#5460);
#4801=PLANE('',#5461);
#4802=PLANE('',#5462);
#4803=PLANE('',#5466);
#4804=PLANE('',#5479);
#4805=PLANE('',#5512);
#4806=PLANE('',#5513);
#4807=PLANE('',#5514);
#4808=PLANE('',#5515);
#4809=PLANE('',#5516);
#4810=PLANE('',#5517);
#4811=PLANE('',#5518);
#4812=PLANE('',#5519);
#4813=PLANE('',#5523);
#4814=PLANE('',#5524);
#4815=ADVANCED_FACE('',(#172),#4534,.F.);
#4816=ADVANCED_FACE('',(#173),#4535,.F.);
#4817=ADVANCED_FACE('',(#174),#4536,.F.);
#4818=ADVANCED_FACE('',(#175),#4537,.F.);
#4819=ADVANCED_FACE('',(#176),#4538,.T.);
#4820=ADVANCED_FACE('',(#177),#4539,.F.);
#4821=ADVANCED_FACE('',(#178),#4540,.T.);
#4822=ADVANCED_FACE('',(#179),#91,.F.);
#4823=ADVANCED_FACE('',(#180),#4541,.T.);
#4824=ADVANCED_FACE('',(#181),#4542,.T.);
#4825=ADVANCED_FACE('',(#182),#4543,.F.);
#4826=ADVANCED_FACE('',(#183),#4544,.F.);
#4827=ADVANCED_FACE('',(#184),#92,.F.);
#4828=ADVANCED_FACE('',(#185),#4545,.T.);
#4829=ADVANCED_FACE('',(#186),#4546,.T.);
#4830=ADVANCED_FACE('',(#187),#4547,.T.);
#4831=ADVANCED_FACE('',(#188),#4548,.T.);
#4832=ADVANCED_FACE('',(#189),#4549,.F.);
#4833=ADVANCED_FACE('',(#190),#93,.F.);
#4834=ADVANCED_FACE('',(#191),#4550,.T.);
#4835=ADVANCED_FACE('',(#192),#4551,.T.);
#4836=ADVANCED_FACE('',(#193),#4552,.T.);
#4837=ADVANCED_FACE('',(#194),#4553,.F.);
#4838=ADVANCED_FACE('',(#195),#4554,.F.);
#4839=ADVANCED_FACE('',(#196),#94,.F.);
#4840=ADVANCED_FACE('',(#197),#4555,.T.);
#4841=ADVANCED_FACE('',(#198),#4556,.T.);
#4842=ADVANCED_FACE('',(#199),#4557,.T.);
#4843=ADVANCED_FACE('',(#200),#4558,.T.);
#4844=ADVANCED_FACE('',(#201),#4559,.F.);
#4845=ADVANCED_FACE('',(#202),#4560,.F.);
#4846=ADVANCED_FACE('',(#203),#4561,.F.);
#4847=ADVANCED_FACE('',(#204),#4562,.F.);
#4848=ADVANCED_FACE('',(#205),#4563,.F.);
#4849=ADVANCED_FACE('',(#206),#4564,.T.);
#4850=ADVANCED_FACE('',(#207),#4565,.T.);
#4851=ADVANCED_FACE('',(#208),#4566,.F.);
#4852=ADVANCED_FACE('',(#209),#4567,.F.);
#4853=ADVANCED_FACE('',(#210,#23,#24,#25,#26,#27,#28,#29,#30,#31,#32,#33,
#34,#35,#36,#37,#38,#39,#40,#41,#42,#43),#4568,.F.);
#4854=ADVANCED_FACE('',(#211),#4569,.F.);
#4855=ADVANCED_FACE('',(#212),#4570,.F.);
#4856=ADVANCED_FACE('',(#213),#4571,.F.);
#4857=ADVANCED_FACE('',(#214),#4572,.F.);
#4858=ADVANCED_FACE('',(#215,#44),#4573,.T.);
#4859=ADVANCED_FACE('',(#216),#4574,.F.);
#4860=ADVANCED_FACE('',(#217),#95,.F.);
#4861=ADVANCED_FACE('',(#218),#4575,.F.);
#4862=ADVANCED_FACE('',(#219),#96,.F.);
#4863=ADVANCED_FACE('',(#220),#4576,.F.);
#4864=ADVANCED_FACE('',(#221),#97,.F.);
#4865=ADVANCED_FACE('',(#222),#4577,.F.);
#4866=ADVANCED_FACE('',(#223),#98,.F.);
#4867=ADVANCED_FACE('',(#224),#4578,.T.);
#4868=ADVANCED_FACE('',(#225),#4579,.T.);
#4869=ADVANCED_FACE('',(#226),#4580,.T.);
#4870=ADVANCED_FACE('',(#227),#4581,.T.);
#4871=ADVANCED_FACE('',(#228),#4582,.T.);
#4872=ADVANCED_FACE('',(#229),#4583,.T.);
#4873=ADVANCED_FACE('',(#230),#4584,.T.);
#4874=ADVANCED_FACE('',(#231),#4585,.T.);
#4875=ADVANCED_FACE('',(#232),#4586,.T.);
#4876=ADVANCED_FACE('',(#233),#4587,.T.);
#4877=ADVANCED_FACE('',(#234),#4588,.T.);
#4878=ADVANCED_FACE('',(#235),#4589,.T.);
#4879=ADVANCED_FACE('',(#236),#4590,.T.);
#4880=ADVANCED_FACE('',(#237),#4591,.T.);
#4881=ADVANCED_FACE('',(#238),#4592,.T.);
#4882=ADVANCED_FACE('',(#239),#4593,.T.);
#4883=ADVANCED_FACE('',(#240),#4594,.T.);
#4884=ADVANCED_FACE('',(#241),#4595,.T.);
#4885=ADVANCED_FACE('',(#242),#4596,.T.);
#4886=ADVANCED_FACE('',(#243),#4597,.T.);
#4887=ADVANCED_FACE('',(#244),#4598,.T.);
#4888=ADVANCED_FACE('',(#245),#4599,.T.);
#4889=ADVANCED_FACE('',(#246),#4600,.T.);
#4890=ADVANCED_FACE('',(#247),#4601,.T.);
#4891=ADVANCED_FACE('',(#248),#4602,.T.);
#4892=ADVANCED_FACE('',(#249),#4603,.T.);
#4893=ADVANCED_FACE('',(#250),#4604,.T.);
#4894=ADVANCED_FACE('',(#251),#4605,.T.);
#4895=ADVANCED_FACE('',(#252),#4606,.T.);
#4896=ADVANCED_FACE('',(#253),#4607,.T.);
#4897=ADVANCED_FACE('',(#254),#4608,.T.);
#4898=ADVANCED_FACE('',(#255),#4609,.T.);
#4899=ADVANCED_FACE('',(#256),#4610,.T.);
#4900=ADVANCED_FACE('',(#257),#4611,.T.);
#4901=ADVANCED_FACE('',(#258),#4612,.T.);
#4902=ADVANCED_FACE('',(#259),#4613,.T.);
#4903=ADVANCED_FACE('',(#260),#4614,.T.);
#4904=ADVANCED_FACE('',(#261),#4615,.T.);
#4905=ADVANCED_FACE('',(#262),#4616,.T.);
#4906=ADVANCED_FACE('',(#263),#4617,.T.);
#4907=ADVANCED_FACE('',(#264),#4618,.T.);
#4908=ADVANCED_FACE('',(#265),#4619,.T.);
#4909=ADVANCED_FACE('',(#266),#4620,.T.);
#4910=ADVANCED_FACE('',(#267),#4621,.T.);
#4911=ADVANCED_FACE('',(#268),#4622,.T.);
#4912=ADVANCED_FACE('',(#269),#4623,.T.);
#4913=ADVANCED_FACE('',(#270),#4624,.T.);
#4914=ADVANCED_FACE('',(#271),#4625,.T.);
#4915=ADVANCED_FACE('',(#272),#4626,.T.);
#4916=ADVANCED_FACE('',(#273),#4627,.T.);
#4917=ADVANCED_FACE('',(#274),#4628,.T.);
#4918=ADVANCED_FACE('',(#275),#4629,.T.);
#4919=ADVANCED_FACE('',(#276),#4630,.T.);
#4920=ADVANCED_FACE('',(#277),#4631,.T.);
#4921=ADVANCED_FACE('',(#278),#4632,.T.);
#4922=ADVANCED_FACE('',(#279),#4633,.T.);
#4923=ADVANCED_FACE('',(#280),#4634,.T.);
#4924=ADVANCED_FACE('',(#281),#4635,.T.);
#4925=ADVANCED_FACE('',(#282),#4636,.T.);
#4926=ADVANCED_FACE('',(#283),#4637,.T.);
#4927=ADVANCED_FACE('',(#284),#4638,.T.);
#4928=ADVANCED_FACE('',(#285),#4639,.T.);
#4929=ADVANCED_FACE('',(#286),#4640,.T.);
#4930=ADVANCED_FACE('',(#287),#4641,.T.);
#4931=ADVANCED_FACE('',(#288),#4642,.T.);
#4932=ADVANCED_FACE('',(#289),#4643,.T.);
#4933=ADVANCED_FACE('',(#290),#4644,.T.);
#4934=ADVANCED_FACE('',(#291),#4645,.T.);
#4935=ADVANCED_FACE('',(#292),#4646,.T.);
#4936=ADVANCED_FACE('',(#293),#4647,.T.);
#4937=ADVANCED_FACE('',(#294),#4648,.T.);
#4938=ADVANCED_FACE('',(#295),#4649,.T.);
#4939=ADVANCED_FACE('',(#296),#4650,.T.);
#4940=ADVANCED_FACE('',(#297),#4651,.T.);
#4941=ADVANCED_FACE('',(#298),#4652,.T.);
#4942=ADVANCED_FACE('',(#299),#4653,.T.);
#4943=ADVANCED_FACE('',(#300),#4654,.T.);
#4944=ADVANCED_FACE('',(#301),#4655,.T.);
#4945=ADVANCED_FACE('',(#302),#4656,.T.);
#4946=ADVANCED_FACE('',(#303),#4657,.T.);
#4947=ADVANCED_FACE('',(#304),#4658,.T.);
#4948=ADVANCED_FACE('',(#305),#4659,.T.);
#4949=ADVANCED_FACE('',(#306),#4660,.T.);
#4950=ADVANCED_FACE('',(#307),#4661,.T.);
#4951=ADVANCED_FACE('',(#308),#4662,.T.);
#4952=ADVANCED_FACE('',(#309),#4663,.T.);
#4953=ADVANCED_FACE('',(#310),#4664,.T.);
#4954=ADVANCED_FACE('',(#311),#4665,.T.);
#4955=ADVANCED_FACE('',(#312),#4666,.T.);
#4956=ADVANCED_FACE('',(#313),#4667,.T.);
#4957=ADVANCED_FACE('',(#314),#4668,.T.);
#4958=ADVANCED_FACE('',(#315),#4669,.T.);
#4959=ADVANCED_FACE('',(#316),#4670,.T.);
#4960=ADVANCED_FACE('',(#317),#4671,.T.);
#4961=ADVANCED_FACE('',(#318),#4672,.T.);
#4962=ADVANCED_FACE('',(#319),#4673,.T.);
#4963=ADVANCED_FACE('',(#320),#4674,.T.);
#4964=ADVANCED_FACE('',(#321),#4675,.T.);
#4965=ADVANCED_FACE('',(#322),#4676,.T.);
#4966=ADVANCED_FACE('',(#323),#4677,.T.);
#4967=ADVANCED_FACE('',(#324),#4678,.T.);
#4968=ADVANCED_FACE('',(#325),#4679,.F.);
#4969=ADVANCED_FACE('',(#326),#4680,.F.);
#4970=ADVANCED_FACE('',(#327),#4681,.F.);
#4971=ADVANCED_FACE('',(#328),#4682,.F.);
#4972=ADVANCED_FACE('',(#329),#4683,.F.);
#4973=ADVANCED_FACE('',(#330),#4684,.T.);
#4974=ADVANCED_FACE('',(#331),#4685,.F.);
#4975=ADVANCED_FACE('',(#332),#4686,.F.);
#4976=ADVANCED_FACE('',(#333),#4687,.F.);
#4977=ADVANCED_FACE('',(#334),#4688,.F.);
#4978=ADVANCED_FACE('',(#335),#4689,.F.);
#4979=ADVANCED_FACE('',(#336),#4690,.T.);
#4980=ADVANCED_FACE('',(#337),#4691,.F.);
#4981=ADVANCED_FACE('',(#338),#4692,.F.);
#4982=ADVANCED_FACE('',(#339),#4693,.F.);
#4983=ADVANCED_FACE('',(#340),#4694,.F.);
#4984=ADVANCED_FACE('',(#341),#4695,.F.);
#4985=ADVANCED_FACE('',(#342),#4696,.T.);
#4986=ADVANCED_FACE('',(#343),#4697,.F.);
#4987=ADVANCED_FACE('',(#344),#4698,.F.);
#4988=ADVANCED_FACE('',(#345),#4699,.F.);
#4989=ADVANCED_FACE('',(#346),#4700,.F.);
#4990=ADVANCED_FACE('',(#347),#4701,.F.);
#4991=ADVANCED_FACE('',(#348),#4702,.T.);
#4992=ADVANCED_FACE('',(#349),#4703,.F.);
#4993=ADVANCED_FACE('',(#350),#4704,.F.);
#4994=ADVANCED_FACE('',(#351),#4705,.F.);
#4995=ADVANCED_FACE('',(#352),#4706,.F.);
#4996=ADVANCED_FACE('',(#353),#4707,.F.);
#4997=ADVANCED_FACE('',(#354),#4708,.T.);
#4998=ADVANCED_FACE('',(#355),#4709,.F.);
#4999=ADVANCED_FACE('',(#356),#4710,.F.);
#5000=ADVANCED_FACE('',(#357),#4711,.F.);
#5001=ADVANCED_FACE('',(#358),#4712,.F.);
#5002=ADVANCED_FACE('',(#359),#4713,.F.);
#5003=ADVANCED_FACE('',(#360),#4714,.T.);
#5004=ADVANCED_FACE('',(#361),#4715,.F.);
#5005=ADVANCED_FACE('',(#362),#4716,.F.);
#5006=ADVANCED_FACE('',(#363),#4717,.F.);
#5007=ADVANCED_FACE('',(#364),#4718,.F.);
#5008=ADVANCED_FACE('',(#365),#4719,.F.);
#5009=ADVANCED_FACE('',(#366),#4720,.T.);
#5010=ADVANCED_FACE('',(#367),#4721,.F.);
#5011=ADVANCED_FACE('',(#368),#4722,.F.);
#5012=ADVANCED_FACE('',(#369),#4723,.F.);
#5013=ADVANCED_FACE('',(#370),#4724,.F.);
#5014=ADVANCED_FACE('',(#371),#4725,.F.);
#5015=ADVANCED_FACE('',(#372),#4726,.T.);
#5016=ADVANCED_FACE('',(#373),#4727,.F.);
#5017=ADVANCED_FACE('',(#374),#4728,.F.);
#5018=ADVANCED_FACE('',(#375),#4729,.F.);
#5019=ADVANCED_FACE('',(#376),#4730,.F.);
#5020=ADVANCED_FACE('',(#377),#4731,.F.);
#5021=ADVANCED_FACE('',(#378),#4732,.T.);
#5022=ADVANCED_FACE('',(#379),#4733,.F.);
#5023=ADVANCED_FACE('',(#380),#4734,.F.);
#5024=ADVANCED_FACE('',(#381),#4735,.F.);
#5025=ADVANCED_FACE('',(#382),#4736,.F.);
#5026=ADVANCED_FACE('',(#383),#4737,.F.);
#5027=ADVANCED_FACE('',(#384),#4738,.T.);
#5028=ADVANCED_FACE('',(#385),#4739,.F.);
#5029=ADVANCED_FACE('',(#386),#4740,.F.);
#5030=ADVANCED_FACE('',(#387),#4741,.F.);
#5031=ADVANCED_FACE('',(#388),#4742,.F.);
#5032=ADVANCED_FACE('',(#389),#4743,.F.);
#5033=ADVANCED_FACE('',(#390),#4744,.T.);
#5034=ADVANCED_FACE('',(#391),#4745,.F.);
#5035=ADVANCED_FACE('',(#392),#4746,.F.);
#5036=ADVANCED_FACE('',(#393),#4747,.F.);
#5037=ADVANCED_FACE('',(#394),#4748,.F.);
#5038=ADVANCED_FACE('',(#395),#4749,.F.);
#5039=ADVANCED_FACE('',(#396),#4750,.T.);
#5040=ADVANCED_FACE('',(#397),#4751,.F.);
#5041=ADVANCED_FACE('',(#398),#4752,.F.);
#5042=ADVANCED_FACE('',(#399),#4753,.F.);
#5043=ADVANCED_FACE('',(#400),#4754,.F.);
#5044=ADVANCED_FACE('',(#401),#4755,.F.);
#5045=ADVANCED_FACE('',(#402),#4756,.T.);
#5046=ADVANCED_FACE('',(#403),#4757,.F.);
#5047=ADVANCED_FACE('',(#404),#4758,.F.);
#5048=ADVANCED_FACE('',(#405),#4759,.F.);
#5049=ADVANCED_FACE('',(#406),#4760,.F.);
#5050=ADVANCED_FACE('',(#407),#4761,.F.);
#5051=ADVANCED_FACE('',(#408),#4762,.T.);
#5052=ADVANCED_FACE('',(#409),#4763,.F.);
#5053=ADVANCED_FACE('',(#410),#4764,.F.);
#5054=ADVANCED_FACE('',(#411),#4765,.F.);
#5055=ADVANCED_FACE('',(#412),#4766,.F.);
#5056=ADVANCED_FACE('',(#413),#4767,.F.);
#5057=ADVANCED_FACE('',(#414),#4768,.T.);
#5058=ADVANCED_FACE('',(#415),#4769,.F.);
#5059=ADVANCED_FACE('',(#416),#4770,.F.);
#5060=ADVANCED_FACE('',(#417),#4771,.F.);
#5061=ADVANCED_FACE('',(#418),#4772,.F.);
#5062=ADVANCED_FACE('',(#419),#4773,.F.);
#5063=ADVANCED_FACE('',(#420),#4774,.T.);
#5064=ADVANCED_FACE('',(#421),#4775,.F.);
#5065=ADVANCED_FACE('',(#422),#4776,.F.);
#5066=ADVANCED_FACE('',(#423),#4777,.F.);
#5067=ADVANCED_FACE('',(#424),#4778,.F.);
#5068=ADVANCED_FACE('',(#425),#4779,.F.);
#5069=ADVANCED_FACE('',(#426),#4780,.T.);
#5070=ADVANCED_FACE('',(#427),#4781,.F.);
#5071=ADVANCED_FACE('',(#428),#4782,.F.);
#5072=ADVANCED_FACE('',(#429),#4783,.F.);
#5073=ADVANCED_FACE('',(#430),#4784,.F.);
#5074=ADVANCED_FACE('',(#431),#4785,.F.);
#5075=ADVANCED_FACE('',(#432),#4786,.T.);
#5076=ADVANCED_FACE('',(#433),#4787,.F.);
#5077=ADVANCED_FACE('',(#434),#4788,.F.);
#5078=ADVANCED_FACE('',(#435),#4789,.F.);
#5079=ADVANCED_FACE('',(#436),#4790,.F.);
#5080=ADVANCED_FACE('',(#437),#4791,.F.);
#5081=ADVANCED_FACE('',(#438),#4792,.T.);
#5082=ADVANCED_FACE('',(#439),#4793,.F.);
#5083=ADVANCED_FACE('',(#440),#4794,.F.);
#5084=ADVANCED_FACE('',(#441),#4795,.F.);
#5085=ADVANCED_FACE('',(#442),#4796,.F.);
#5086=ADVANCED_FACE('',(#443),#4797,.F.);
#5087=ADVANCED_FACE('',(#444),#99,.F.);
#5088=ADVANCED_FACE('',(#445),#4798,.F.);
#5089=ADVANCED_FACE('',(#446),#4799,.F.);
#5090=ADVANCED_FACE('',(#447),#4800,.F.);
#5091=ADVANCED_FACE('',(#448),#4801,.F.);
#5092=ADVANCED_FACE('',(#449,#45,#46),#4802,.F.);
#5093=ADVANCED_FACE('',(#450),#4803,.T.);
#5094=ADVANCED_FACE('',(#451),#100,.T.);
#5095=ADVANCED_FACE('',(#452),#101,.T.);
#5096=ADVANCED_FACE('',(#453),#102,.T.);
#5097=ADVANCED_FACE('',(#454),#4804,.F.);
#5098=ADVANCED_FACE('',(#455),#103,.T.);
#5099=ADVANCED_FACE('',(#456),#17,.T.);
#5100=ADVANCED_FACE('',(#457),#18,.T.);
#5101=ADVANCED_FACE('',(#458),#104,.T.);
#5102=ADVANCED_FACE('',(#459),#105,.T.);
#5103=ADVANCED_FACE('',(#460),#106,.T.);
#5104=ADVANCED_FACE('',(#461),#19,.T.);
#5105=ADVANCED_FACE('',(#462),#107,.T.);
#5106=ADVANCED_FACE('',(#463),#108,.T.);
#5107=ADVANCED_FACE('',(#464),#20,.T.);
#5108=ADVANCED_FACE('',(#465),#21,.T.);
#5109=ADVANCED_FACE('',(#466),#109,.T.);
#5110=ADVANCED_FACE('',(#467),#110,.T.);
#5111=ADVANCED_FACE('',(#468),#22,.T.);
#5112=ADVANCED_FACE('',(#469),#111,.T.);
#5113=ADVANCED_FACE('',(#470),#112,.T.);
#5114=ADVANCED_FACE('',(#471),#4805,.T.);
#5115=ADVANCED_FACE('',(#472),#4806,.T.);
#5116=ADVANCED_FACE('',(#473),#4807,.T.);
#5117=ADVANCED_FACE('',(#474),#4808,.T.);
#5118=ADVANCED_FACE('',(#475),#4809,.T.);
#5119=ADVANCED_FACE('',(#476),#4810,.T.);
#5120=ADVANCED_FACE('',(#477),#4811,.T.);
#5121=ADVANCED_FACE('',(#478),#4812,.T.);
#5122=ADVANCED_FACE('',(#479),#113,.T.);
#5123=ADVANCED_FACE('',(#480),#4813,.T.);
#5124=ADVANCED_FACE('',(#481),#4814,.F.);
#5125=CLOSED_SHELL('',(#4815,#4816,#4817,#4818,#4819,#4820));
#5126=CLOSED_SHELL('',(#4821,#4822,#4823,#4824,#4825,#4826));
#5127=CLOSED_SHELL('',(#4827,#4828,#4829,#4830,#4831,#4832));
#5128=CLOSED_SHELL('',(#4833,#4834,#4835,#4836,#4837,#4838));
#5129=CLOSED_SHELL('',(#4839,#4840,#4841,#4842,#4843,#4844));
#5130=CLOSED_SHELL('',(#4845,#4846,#4847,#4848,#4849,#4850,#4851,#4852));
#5131=CLOSED_SHELL('',(#4853,#4854,#4855,#4856,#4857,#4858,#4859,#4860,
#4861,#4862,#4863,#4864,#4865,#4866,#4867,#4868,#4869,#4870,#4871,#4872,
#4873,#4874,#4875,#4876,#4877,#4878,#4879,#4880,#4881,#4882,#4883,#4884,
#4885,#4886,#4887,#4888,#4889,#4890,#4891,#4892,#4893,#4894,#4895,#4896,
#4897,#4898,#4899,#4900,#4901,#4902,#4903,#4904,#4905,#4906,#4907,#4908,
#4909,#4910,#4911,#4912,#4913,#4914,#4915,#4916,#4917,#4918,#4919,#4920,
#4921,#4922,#4923,#4924,#4925,#4926,#4927,#4928,#4929,#4930,#4931,#4932,
#4933,#4934,#4935,#4936,#4937,#4938,#4939,#4940,#4941,#4942,#4943,#4944,
#4945,#4946,#4947,#4948,#4949,#4950,#4951,#4952,#4953,#4954,#4955,#4956,
#4957,#4958,#4959,#4960,#4961,#4962,#4963,#4964,#4965,#4966));
#5132=CLOSED_SHELL('',(#4967,#4968,#4969,#4970,#4971,#4972));
#5133=CLOSED_SHELL('',(#4973,#4974,#4975,#4976,#4977,#4978));
#5134=CLOSED_SHELL('',(#4979,#4980,#4981,#4982,#4983,#4984));
#5135=CLOSED_SHELL('',(#4985,#4986,#4987,#4988,#4989,#4990));
#5136=CLOSED_SHELL('',(#4991,#4992,#4993,#4994,#4995,#4996));
#5137=CLOSED_SHELL('',(#4997,#4998,#4999,#5000,#5001,#5002));
#5138=CLOSED_SHELL('',(#5003,#5004,#5005,#5006,#5007,#5008));
#5139=CLOSED_SHELL('',(#5009,#5010,#5011,#5012,#5013,#5014));
#5140=CLOSED_SHELL('',(#5015,#5016,#5017,#5018,#5019,#5020));
#5141=CLOSED_SHELL('',(#5021,#5022,#5023,#5024,#5025,#5026));
#5142=CLOSED_SHELL('',(#5027,#5028,#5029,#5030,#5031,#5032));
#5143=CLOSED_SHELL('',(#5033,#5034,#5035,#5036,#5037,#5038));
#5144=CLOSED_SHELL('',(#5039,#5040,#5041,#5042,#5043,#5044));
#5145=CLOSED_SHELL('',(#5045,#5046,#5047,#5048,#5049,#5050));
#5146=CLOSED_SHELL('',(#5051,#5052,#5053,#5054,#5055,#5056));
#5147=CLOSED_SHELL('',(#5057,#5058,#5059,#5060,#5061,#5062));
#5148=CLOSED_SHELL('',(#5063,#5064,#5065,#5066,#5067,#5068));
#5149=CLOSED_SHELL('',(#5069,#5070,#5071,#5072,#5073,#5074));
#5150=CLOSED_SHELL('',(#5075,#5076,#5077,#5078,#5079,#5080));
#5151=CLOSED_SHELL('',(#5081,#5082,#5083,#5084,#5085,#5086));
#5152=CLOSED_SHELL('',(#5087,#5088,#5089,#5090,#5091,#5092,#5093,#5094,
#5095,#5096,#5097,#5098,#5099,#5100,#5101,#5102,#5103,#5104,#5105,#5106,
#5107,#5108,#5109,#5110,#5111,#5112,#5113,#5114,#5115,#5116,#5117,#5118,
#5119,#5120,#5121));
#5153=CLOSED_SHELL('',(#5122,#5123,#5124));
#5154=DERIVED_UNIT_ELEMENT(#5156,1.);
#5155=DERIVED_UNIT_ELEMENT(#8303,-3.);
#5156=(
MASS_UNIT()
NAMED_UNIT(*)
SI_UNIT(.KILO.,.GRAM.)
);
#5157=DERIVED_UNIT((#5154,#5155));
#5158=MEASURE_REPRESENTATION_ITEM('density measure',
POSITIVE_RATIO_MEASURE(7850.),#5157);
#5159=PROPERTY_DEFINITION_REPRESENTATION(#5164,#5161);
#5160=PROPERTY_DEFINITION_REPRESENTATION(#5165,#5162);
#5161=REPRESENTATION('material name',(#5163),#8300);
#5162=REPRESENTATION('density',(#5158),#8300);
#5163=DESCRIPTIVE_REPRESENTATION_ITEM('Steel','Steel');
#5164=PROPERTY_DEFINITION('material property','material name',#8310);
#5165=PROPERTY_DEFINITION('material property','density of part',#8310);
#5166=AXIS2_PLACEMENT_3D('',#6869,#5525,#5526);
#5167=AXIS2_PLACEMENT_3D('',#6870,#5527,#5528);
#5168=AXIS2_PLACEMENT_3D('',#6879,#5533,#5534);
#5169=AXIS2_PLACEMENT_3D('',#6885,#5538,#5539);
#5170=AXIS2_PLACEMENT_3D('',#6891,#5543,#5544);
#5171=AXIS2_PLACEMENT_3D('',#6894,#5547,#5548);
#5172=AXIS2_PLACEMENT_3D('',#6895,#5549,#5550);
#5173=AXIS2_PLACEMENT_3D('',#6896,#5551,#5552);
#5174=AXIS2_PLACEMENT_3D('',#6905,#5557,#5558);
#5175=AXIS2_PLACEMENT_3D('',#6907,#5559,#5560);
#5176=AXIS2_PLACEMENT_3D('',#6909,#5561,#5562);
#5177=AXIS2_PLACEMENT_3D('',#6911,#5564,#5565);
#5178=AXIS2_PLACEMENT_3D('',#6917,#5569,#5570);
#5179=AXIS2_PLACEMENT_3D('',#6920,#5573,#5574);
#5180=AXIS2_PLACEMENT_3D('',#6921,#5575,#5576);
#5181=AXIS2_PLACEMENT_3D('',#6922,#5577,#5578);
#5182=AXIS2_PLACEMENT_3D('',#6925,#5579,#5580);
#5183=AXIS2_PLACEMENT_3D('',#6929,#5582,#5583);
#5184=AXIS2_PLACEMENT_3D('',#6931,#5585,#5586);
#5185=AXIS2_PLACEMENT_3D('',#6937,#5590,#5591);
#5186=AXIS2_PLACEMENT_3D('',#6943,#5595,#5596);
#5187=AXIS2_PLACEMENT_3D('',#6946,#5599,#5600);
#5188=AXIS2_PLACEMENT_3D('',#6947,#5601,#5602);
#5189=AXIS2_PLACEMENT_3D('',#6948,#5603,#5604);
#5190=AXIS2_PLACEMENT_3D('',#6951,#5605,#5606);
#5191=AXIS2_PLACEMENT_3D('',#6955,#5608,#5609);
#5192=AXIS2_PLACEMENT_3D('',#6957,#5611,#5612);
#5193=AXIS2_PLACEMENT_3D('',#6963,#5616,#5617);
#5194=AXIS2_PLACEMENT_3D('',#6969,#5621,#5622);
#5195=AXIS2_PLACEMENT_3D('',#6972,#5625,#5626);
#5196=AXIS2_PLACEMENT_3D('',#6973,#5627,#5628);
#5197=AXIS2_PLACEMENT_3D('',#6974,#5629,#5630);
#5198=AXIS2_PLACEMENT_3D('',#6977,#5631,#5632);
#5199=AXIS2_PLACEMENT_3D('',#6981,#5634,#5635);
#5200=AXIS2_PLACEMENT_3D('',#6983,#5637,#5638);
#5201=AXIS2_PLACEMENT_3D('',#6989,#5642,#5643);
#5202=AXIS2_PLACEMENT_3D('',#6995,#5647,#5648);
#5203=AXIS2_PLACEMENT_3D('',#6998,#5651,#5652);
#5204=AXIS2_PLACEMENT_3D('',#6999,#5653,#5654);
#5205=AXIS2_PLACEMENT_3D('',#7000,#5655,#5656);
#5206=AXIS2_PLACEMENT_3D('',#7009,#5661,#5662);
#5207=AXIS2_PLACEMENT_3D('',#7018,#5667,#5668);
#5208=AXIS2_PLACEMENT_3D('',#7024,#5672,#5673);
#5209=AXIS2_PLACEMENT_3D('',#7030,#5677,#5678);
#5210=AXIS2_PLACEMENT_3D('',#7033,#5681,#5682);
#5211=AXIS2_PLACEMENT_3D('',#7036,#5685,#5686);
#5212=AXIS2_PLACEMENT_3D('',#7037,#5687,#5688);
#5213=AXIS2_PLACEMENT_3D('',#7038,#5689,#5690);
#5214=AXIS2_PLACEMENT_3D('',#7209,#5775,#5776);
#5215=AXIS2_PLACEMENT_3D('',#7213,#5778,#5779);
#5216=AXIS2_PLACEMENT_3D('',#7217,#5781,#5782);
#5217=AXIS2_PLACEMENT_3D('',#7221,#5784,#5785);
#5218=AXIS2_PLACEMENT_3D('',#7223,#5787,#5788);
#5219=AXIS2_PLACEMENT_3D('',#7229,#5792,#5793);
#5220=AXIS2_PLACEMENT_3D('',#7233,#5796,#5797);
#5221=AXIS2_PLACEMENT_3D('',#7237,#5800,#5801);
#5222=AXIS2_PLACEMENT_3D('',#7239,#5803,#5804);
#5223=AXIS2_PLACEMENT_3D('',#7244,#5806,#5807);
#5224=AXIS2_PLACEMENT_3D('',#7248,#5809,#5810);
#5225=AXIS2_PLACEMENT_3D('',#7252,#5812,#5813);
#5226=AXIS2_PLACEMENT_3D('',#7255,#5815,#5816);
#5227=AXIS2_PLACEMENT_3D('',#7256,#5817,#5818);
#5228=AXIS2_PLACEMENT_3D('',#7259,#5821,#5822);
#5229=AXIS2_PLACEMENT_3D('',#7261,#5824,#5825);
#5230=AXIS2_PLACEMENT_3D('',#7263,#5827,#5828);
#5231=AXIS2_PLACEMENT_3D('',#7265,#5830,#5831);
#5232=AXIS2_PLACEMENT_3D('',#7267,#5833,#5834);
#5233=AXIS2_PLACEMENT_3D('',#7269,#5836,#5837);
#5234=AXIS2_PLACEMENT_3D('',#7271,#5839,#5840);
#5235=AXIS2_PLACEMENT_3D('',#7272,#5841,#5842);
#5236=AXIS2_PLACEMENT_3D('',#7278,#5846,#5847);
#5237=AXIS2_PLACEMENT_3D('',#7282,#5850,#5851);
#5238=AXIS2_PLACEMENT_3D('',#7286,#5854,#5855);
#5239=AXIS2_PLACEMENT_3D('',#7288,#5857,#5858);
#5240=AXIS2_PLACEMENT_3D('',#7289,#5859,#5860);
#5241=AXIS2_PLACEMENT_3D('',#7295,#5864,#5865);
#5242=AXIS2_PLACEMENT_3D('',#7299,#5868,#5869);
#5243=AXIS2_PLACEMENT_3D('',#7303,#5872,#5873);
#5244=AXIS2_PLACEMENT_3D('',#7305,#5875,#5876);
#5245=AXIS2_PLACEMENT_3D('',#7306,#5877,#5878);
#5246=AXIS2_PLACEMENT_3D('',#7312,#5882,#5883);
#5247=AXIS2_PLACEMENT_3D('',#7316,#5886,#5887);
#5248=AXIS2_PLACEMENT_3D('',#7320,#5890,#5891);
#5249=AXIS2_PLACEMENT_3D('',#7322,#5893,#5894);
#5250=AXIS2_PLACEMENT_3D('',#7323,#5895,#5896);
#5251=AXIS2_PLACEMENT_3D('',#7329,#5900,#5901);
#5252=AXIS2_PLACEMENT_3D('',#7333,#5904,#5905);
#5253=AXIS2_PLACEMENT_3D('',#7337,#5908,#5909);
#5254=AXIS2_PLACEMENT_3D('',#7339,#5911,#5912);
#5255=AXIS2_PLACEMENT_3D('',#7340,#5913,#5914);
#5256=AXIS2_PLACEMENT_3D('',#7346,#5918,#5919);
#5257=AXIS2_PLACEMENT_3D('',#7350,#5922,#5923);
#5258=AXIS2_PLACEMENT_3D('',#7354,#5926,#5927);
#5259=AXIS2_PLACEMENT_3D('',#7356,#5929,#5930);
#5260=AXIS2_PLACEMENT_3D('',#7357,#5931,#5932);
#5261=AXIS2_PLACEMENT_3D('',#7363,#5936,#5937);
#5262=AXIS2_PLACEMENT_3D('',#7367,#5940,#5941);
#5263=AXIS2_PLACEMENT_3D('',#7371,#5944,#5945);
#5264=AXIS2_PLACEMENT_3D('',#7373,#5947,#5948);
#5265=AXIS2_PLACEMENT_3D('',#7374,#5949,#5950);
#5266=AXIS2_PLACEMENT_3D('',#7380,#5954,#5955);
#5267=AXIS2_PLACEMENT_3D('',#7384,#5958,#5959);
#5268=AXIS2_PLACEMENT_3D('',#7388,#5962,#5963);
#5269=AXIS2_PLACEMENT_3D('',#7390,#5965,#5966);
#5270=AXIS2_PLACEMENT_3D('',#7391,#5967,#5968);
#5271=AXIS2_PLACEMENT_3D('',#7397,#5972,#5973);
#5272=AXIS2_PLACEMENT_3D('',#7401,#5976,#5977);
#5273=AXIS2_PLACEMENT_3D('',#7405,#5980,#5981);
#5274=AXIS2_PLACEMENT_3D('',#7407,#5983,#5984);
#5275=AXIS2_PLACEMENT_3D('',#7408,#5985,#5986);
#5276=AXIS2_PLACEMENT_3D('',#7414,#5990,#5991);
#5277=AXIS2_PLACEMENT_3D('',#7418,#5994,#5995);
#5278=AXIS2_PLACEMENT_3D('',#7422,#5998,#5999);
#5279=AXIS2_PLACEMENT_3D('',#7424,#6001,#6002);
#5280=AXIS2_PLACEMENT_3D('',#7425,#6003,#6004);
#5281=AXIS2_PLACEMENT_3D('',#7431,#6008,#6009);
#5282=AXIS2_PLACEMENT_3D('',#7435,#6012,#6013);
#5283=AXIS2_PLACEMENT_3D('',#7439,#6016,#6017);
#5284=AXIS2_PLACEMENT_3D('',#7441,#6019,#6020);
#5285=AXIS2_PLACEMENT_3D('',#7442,#6021,#6022);
#5286=AXIS2_PLACEMENT_3D('',#7448,#6026,#6027);
#5287=AXIS2_PLACEMENT_3D('',#7452,#6030,#6031);
#5288=AXIS2_PLACEMENT_3D('',#7456,#6034,#6035);
#5289=AXIS2_PLACEMENT_3D('',#7458,#6037,#6038);
#5290=AXIS2_PLACEMENT_3D('',#7459,#6039,#6040);
#5291=AXIS2_PLACEMENT_3D('',#7465,#6044,#6045);
#5292=AXIS2_PLACEMENT_3D('',#7469,#6048,#6049);
#5293=AXIS2_PLACEMENT_3D('',#7473,#6052,#6053);
#5294=AXIS2_PLACEMENT_3D('',#7475,#6055,#6056);
#5295=AXIS2_PLACEMENT_3D('',#7476,#6057,#6058);
#5296=AXIS2_PLACEMENT_3D('',#7482,#6062,#6063);
#5297=AXIS2_PLACEMENT_3D('',#7486,#6066,#6067);
#5298=AXIS2_PLACEMENT_3D('',#7490,#6070,#6071);
#5299=AXIS2_PLACEMENT_3D('',#7492,#6073,#6074);
#5300=AXIS2_PLACEMENT_3D('',#7493,#6075,#6076);
#5301=AXIS2_PLACEMENT_3D('',#7499,#6080,#6081);
#5302=AXIS2_PLACEMENT_3D('',#7503,#6084,#6085);
#5303=AXIS2_PLACEMENT_3D('',#7507,#6088,#6089);
#5304=AXIS2_PLACEMENT_3D('',#7509,#6091,#6092);
#5305=AXIS2_PLACEMENT_3D('',#7510,#6093,#6094);
#5306=AXIS2_PLACEMENT_3D('',#7516,#6098,#6099);
#5307=AXIS2_PLACEMENT_3D('',#7520,#6102,#6103);
#5308=AXIS2_PLACEMENT_3D('',#7524,#6106,#6107);
#5309=AXIS2_PLACEMENT_3D('',#7526,#6109,#6110);
#5310=AXIS2_PLACEMENT_3D('',#7527,#6111,#6112);
#5311=AXIS2_PLACEMENT_3D('',#7533,#6116,#6117);
#5312=AXIS2_PLACEMENT_3D('',#7537,#6120,#6121);
#5313=AXIS2_PLACEMENT_3D('',#7541,#6124,#6125);
#5314=AXIS2_PLACEMENT_3D('',#7543,#6127,#6128);
#5315=AXIS2_PLACEMENT_3D('',#7544,#6129,#6130);
#5316=AXIS2_PLACEMENT_3D('',#7550,#6134,#6135);
#5317=AXIS2_PLACEMENT_3D('',#7554,#6138,#6139);
#5318=AXIS2_PLACEMENT_3D('',#7558,#6142,#6143);
#5319=AXIS2_PLACEMENT_3D('',#7560,#6145,#6146);
#5320=AXIS2_PLACEMENT_3D('',#7561,#6147,#6148);
#5321=AXIS2_PLACEMENT_3D('',#7567,#6152,#6153);
#5322=AXIS2_PLACEMENT_3D('',#7571,#6156,#6157);
#5323=AXIS2_PLACEMENT_3D('',#7575,#6160,#6161);
#5324=AXIS2_PLACEMENT_3D('',#7577,#6163,#6164);
#5325=AXIS2_PLACEMENT_3D('',#7578,#6165,#6166);
#5326=AXIS2_PLACEMENT_3D('',#7584,#6170,#6171);
#5327=AXIS2_PLACEMENT_3D('',#7588,#6174,#6175);
#5328=AXIS2_PLACEMENT_3D('',#7592,#6178,#6179);
#5329=AXIS2_PLACEMENT_3D('',#7594,#6181,#6182);
#5330=AXIS2_PLACEMENT_3D('',#7595,#6183,#6184);
#5331=AXIS2_PLACEMENT_3D('',#7601,#6188,#6189);
#5332=AXIS2_PLACEMENT_3D('',#7605,#6192,#6193);
#5333=AXIS2_PLACEMENT_3D('',#7609,#6196,#6197);
#5334=AXIS2_PLACEMENT_3D('',#7611,#6199,#6200);
#5335=AXIS2_PLACEMENT_3D('',#7612,#6201,#6202);
#5336=AXIS2_PLACEMENT_3D('',#7621,#6207,#6208);
#5337=AXIS2_PLACEMENT_3D('',#7627,#6212,#6213);
#5338=AXIS2_PLACEMENT_3D('',#7631,#6216,#6217);
#5339=AXIS2_PLACEMENT_3D('',#7635,#6220,#6221);
#5340=AXIS2_PLACEMENT_3D('',#7637,#6223,#6224);
#5341=AXIS2_PLACEMENT_3D('',#7638,#6225,#6226);
#5342=AXIS2_PLACEMENT_3D('',#7647,#6231,#6232);
#5343=AXIS2_PLACEMENT_3D('',#7653,#6236,#6237);
#5344=AXIS2_PLACEMENT_3D('',#7657,#6240,#6241);
#5345=AXIS2_PLACEMENT_3D('',#7661,#6244,#6245);
#5346=AXIS2_PLACEMENT_3D('',#7663,#6247,#6248);
#5347=AXIS2_PLACEMENT_3D('',#7664,#6249,#6250);
#5348=AXIS2_PLACEMENT_3D('',#7673,#6255,#6256);
#5349=AXIS2_PLACEMENT_3D('',#7679,#6260,#6261);
#5350=AXIS2_PLACEMENT_3D('',#7683,#6264,#6265);
#5351=AXIS2_PLACEMENT_3D('',#7687,#6268,#6269);
#5352=AXIS2_PLACEMENT_3D('',#7689,#6271,#6272);
#5353=AXIS2_PLACEMENT_3D('',#7690,#6273,#6274);
#5354=AXIS2_PLACEMENT_3D('',#7699,#6279,#6280);
#5355=AXIS2_PLACEMENT_3D('',#7705,#6284,#6285);
#5356=AXIS2_PLACEMENT_3D('',#7709,#6288,#6289);
#5357=AXIS2_PLACEMENT_3D('',#7713,#6292,#6293);
#5358=AXIS2_PLACEMENT_3D('',#7715,#6295,#6296);
#5359=AXIS2_PLACEMENT_3D('',#7716,#6297,#6298);
#5360=AXIS2_PLACEMENT_3D('',#7725,#6303,#6304);
#5361=AXIS2_PLACEMENT_3D('',#7731,#6308,#6309);
#5362=AXIS2_PLACEMENT_3D('',#7735,#6312,#6313);
#5363=AXIS2_PLACEMENT_3D('',#7739,#6316,#6317);
#5364=AXIS2_PLACEMENT_3D('',#7741,#6319,#6320);
#5365=AXIS2_PLACEMENT_3D('',#7742,#6321,#6322);
#5366=AXIS2_PLACEMENT_3D('',#7751,#6327,#6328);
#5367=AXIS2_PLACEMENT_3D('',#7757,#6332,#6333);
#5368=AXIS2_PLACEMENT_3D('',#7761,#6336,#6337);
#5369=AXIS2_PLACEMENT_3D('',#7765,#6340,#6341);
#5370=AXIS2_PLACEMENT_3D('',#7767,#6343,#6344);
#5371=AXIS2_PLACEMENT_3D('',#7768,#6345,#6346);
#5372=AXIS2_PLACEMENT_3D('',#7777,#6351,#6352);
#5373=AXIS2_PLACEMENT_3D('',#7783,#6356,#6357);
#5374=AXIS2_PLACEMENT_3D('',#7787,#6360,#6361);
#5375=AXIS2_PLACEMENT_3D('',#7791,#6364,#6365);
#5376=AXIS2_PLACEMENT_3D('',#7793,#6367,#6368);
#5377=AXIS2_PLACEMENT_3D('',#7794,#6369,#6370);
#5378=AXIS2_PLACEMENT_3D('',#7803,#6375,#6376);
#5379=AXIS2_PLACEMENT_3D('',#7809,#6380,#6381);
#5380=AXIS2_PLACEMENT_3D('',#7813,#6384,#6385);
#5381=AXIS2_PLACEMENT_3D('',#7817,#6388,#6389);
#5382=AXIS2_PLACEMENT_3D('',#7819,#6391,#6392);
#5383=AXIS2_PLACEMENT_3D('',#7820,#6393,#6394);
#5384=AXIS2_PLACEMENT_3D('',#7829,#6399,#6400);
#5385=AXIS2_PLACEMENT_3D('',#7835,#6404,#6405);
#5386=AXIS2_PLACEMENT_3D('',#7839,#6408,#6409);
#5387=AXIS2_PLACEMENT_3D('',#7843,#6412,#6413);
#5388=AXIS2_PLACEMENT_3D('',#7845,#6415,#6416);
#5389=AXIS2_PLACEMENT_3D('',#7846,#6417,#6418);
#5390=AXIS2_PLACEMENT_3D('',#7855,#6423,#6424);
#5391=AXIS2_PLACEMENT_3D('',#7861,#6428,#6429);
#5392=AXIS2_PLACEMENT_3D('',#7865,#6432,#6433);
#5393=AXIS2_PLACEMENT_3D('',#7869,#6436,#6437);
#5394=AXIS2_PLACEMENT_3D('',#7871,#6439,#6440);
#5395=AXIS2_PLACEMENT_3D('',#7872,#6441,#6442);
#5396=AXIS2_PLACEMENT_3D('',#7881,#6447,#6448);
#5397=AXIS2_PLACEMENT_3D('',#7887,#6452,#6453);
#5398=AXIS2_PLACEMENT_3D('',#7891,#6456,#6457);
#5399=AXIS2_PLACEMENT_3D('',#7895,#6460,#6461);
#5400=AXIS2_PLACEMENT_3D('',#7897,#6463,#6464);
#5401=AXIS2_PLACEMENT_3D('',#7898,#6465,#6466);
#5402=AXIS2_PLACEMENT_3D('',#7907,#6471,#6472);
#5403=AXIS2_PLACEMENT_3D('',#7913,#6476,#6477);
#5404=AXIS2_PLACEMENT_3D('',#7917,#6480,#6481);
#5405=AXIS2_PLACEMENT_3D('',#7921,#6484,#6485);
#5406=AXIS2_PLACEMENT_3D('',#7923,#6487,#6488);
#5407=AXIS2_PLACEMENT_3D('',#7924,#6489,#6490);
#5408=AXIS2_PLACEMENT_3D('',#7933,#6495,#6496);
#5409=AXIS2_PLACEMENT_3D('',#7939,#6500,#6501);
#5410=AXIS2_PLACEMENT_3D('',#7943,#6504,#6505);
#5411=AXIS2_PLACEMENT_3D('',#7947,#6508,#6509);
#5412=AXIS2_PLACEMENT_3D('',#7949,#6511,#6512);
#5413=AXIS2_PLACEMENT_3D('',#7950,#6513,#6514);
#5414=AXIS2_PLACEMENT_3D('',#7959,#6519,#6520);
#5415=AXIS2_PLACEMENT_3D('',#7965,#6524,#6525);
#5416=AXIS2_PLACEMENT_3D('',#7969,#6528,#6529);
#5417=AXIS2_PLACEMENT_3D('',#7973,#6532,#6533);
#5418=AXIS2_PLACEMENT_3D('',#7975,#6535,#6536);
#5419=AXIS2_PLACEMENT_3D('',#7976,#6537,#6538);
#5420=AXIS2_PLACEMENT_3D('',#7985,#6543,#6544);
#5421=AXIS2_PLACEMENT_3D('',#7991,#6548,#6549);
#5422=AXIS2_PLACEMENT_3D('',#7995,#6552,#6553);
#5423=AXIS2_PLACEMENT_3D('',#7999,#6556,#6557);
#5424=AXIS2_PLACEMENT_3D('',#8001,#6559,#6560);
#5425=AXIS2_PLACEMENT_3D('',#8002,#6561,#6562);
#5426=AXIS2_PLACEMENT_3D('',#8011,#6567,#6568);
#5427=AXIS2_PLACEMENT_3D('',#8017,#6572,#6573);
#5428=AXIS2_PLACEMENT_3D('',#8021,#6576,#6577);
#5429=AXIS2_PLACEMENT_3D('',#8025,#6580,#6581);
#5430=AXIS2_PLACEMENT_3D('',#8027,#6583,#6584);
#5431=AXIS2_PLACEMENT_3D('',#8028,#6585,#6586);
#5432=AXIS2_PLACEMENT_3D('',#8037,#6591,#6592);
#5433=AXIS2_PLACEMENT_3D('',#8043,#6596,#6597);
#5434=AXIS2_PLACEMENT_3D('',#8047,#6600,#6601);
#5435=AXIS2_PLACEMENT_3D('',#8051,#6604,#6605);
#5436=AXIS2_PLACEMENT_3D('',#8053,#6607,#6608);
#5437=AXIS2_PLACEMENT_3D('',#8054,#6609,#6610);
#5438=AXIS2_PLACEMENT_3D('',#8063,#6615,#6616);
#5439=AXIS2_PLACEMENT_3D('',#8069,#6620,#6621);
#5440=AXIS2_PLACEMENT_3D('',#8073,#6624,#6625);
#5441=AXIS2_PLACEMENT_3D('',#8077,#6628,#6629);
#5442=AXIS2_PLACEMENT_3D('',#8079,#6631,#6632);
#5443=AXIS2_PLACEMENT_3D('',#8080,#6633,#6634);
#5444=AXIS2_PLACEMENT_3D('',#8089,#6639,#6640);
#5445=AXIS2_PLACEMENT_3D('',#8095,#6644,#6645);
#5446=AXIS2_PLACEMENT_3D('',#8099,#6648,#6649);
#5447=AXIS2_PLACEMENT_3D('',#8103,#6652,#6653);
#5448=AXIS2_PLACEMENT_3D('',#8105,#6655,#6656);
#5449=AXIS2_PLACEMENT_3D('',#8106,#6657,#6658);
#5450=AXIS2_PLACEMENT_3D('',#8115,#6663,#6664);
#5451=AXIS2_PLACEMENT_3D('',#8121,#6668,#6669);
#5452=AXIS2_PLACEMENT_3D('',#8125,#6672,#6673);
#5453=AXIS2_PLACEMENT_3D('',#8129,#6676,#6677);
#5454=AXIS2_PLACEMENT_3D('',#8131,#6679,#6680);
#5455=AXIS2_PLACEMENT_3D('',#8132,#6681,#6682);
#5456=AXIS2_PLACEMENT_3D('',#8134,#6683,#6684);
#5457=AXIS2_PLACEMENT_3D('',#8137,#6686,#6687);
#5458=AXIS2_PLACEMENT_3D('',#8138,#6688,#6689);
#5459=AXIS2_PLACEMENT_3D('',#8147,#6694,#6695);
#5460=AXIS2_PLACEMENT_3D('',#8156,#6700,#6701);
#5461=AXIS2_PLACEMENT_3D('',#8165,#6706,#6707);
#5462=AXIS2_PLACEMENT_3D('',#8174,#6712,#6713);
#5463=AXIS2_PLACEMENT_3D('',#8183,#6717,#6718);
#5464=AXIS2_PLACEMENT_3D('',#8187,#6720,#6721);
#5465=AXIS2_PLACEMENT_3D('',#8190,#6723,#6724);
#5466=AXIS2_PLACEMENT_3D('',#8203,#6731,#6732);
#5467=AXIS2_PLACEMENT_3D('',#8212,#6736,#6737);
#5468=AXIS2_PLACEMENT_3D('',#8216,#6739,#6740);
#5469=AXIS2_PLACEMENT_3D('',#8219,#6742,#6743);
#5470=AXIS2_PLACEMENT_3D('',#8220,#6744,#6745);
#5471=AXIS2_PLACEMENT_3D('',#8221,#6746,#6747);
#5472=AXIS2_PLACEMENT_3D('',#8222,#6748,#6749);
#5473=AXIS2_PLACEMENT_3D('',#8223,#6750,#6751);
#5474=AXIS2_PLACEMENT_3D('',#8224,#6752,#6753);
#5475=AXIS2_PLACEMENT_3D('',#8225,#6754,#6755);
#5476=AXIS2_PLACEMENT_3D('',#8226,#6756,#6757);
#5477=AXIS2_PLACEMENT_3D('',#8227,#6758,#6759);
#5478=AXIS2_PLACEMENT_3D('',#8228,#6760,#6761);
#5479=AXIS2_PLACEMENT_3D('',#8229,#6762,#6763);
#5480=AXIS2_PLACEMENT_3D('',#8232,#6766,#6767);
#5481=AXIS2_PLACEMENT_3D('',#8233,#6768,#6769);
#5482=AXIS2_PLACEMENT_3D('',#8234,#6770,#6771);
#5483=AXIS2_PLACEMENT_3D('',#8235,#6772,#6773);
#5484=AXIS2_PLACEMENT_3D('',#8236,#6774,#6775);
#5485=AXIS2_PLACEMENT_3D('',#8237,#6776,#6777);
#5486=AXIS2_PLACEMENT_3D('',#8238,#6778,#6779);
#5487=AXIS2_PLACEMENT_3D('',#8239,#6780,#6781);
#5488=AXIS2_PLACEMENT_3D('',#8240,#6782,#6783);
#5489=AXIS2_PLACEMENT_3D('',#8241,#6784,#6785);
#5490=AXIS2_PLACEMENT_3D('',#8242,#6786,#6787);
#5491=AXIS2_PLACEMENT_3D('',#8243,#6788,#6789);
#5492=AXIS2_PLACEMENT_3D('',#8244,#6790,#6791);
#5493=AXIS2_PLACEMENT_3D('',#8245,#6792,#6793);
#5494=AXIS2_PLACEMENT_3D('',#8246,#6794,#6795);
#5495=AXIS2_PLACEMENT_3D('',#8247,#6796,#6797);
#5496=AXIS2_PLACEMENT_3D('',#8248,#6798,#6799);
#5497=AXIS2_PLACEMENT_3D('',#8249,#6800,#6801);
#5498=AXIS2_PLACEMENT_3D('',#8250,#6802,#6803);
#5499=AXIS2_PLACEMENT_3D('',#8251,#6804,#6805);
#5500=AXIS2_PLACEMENT_3D('',#8252,#6806,#6807);
#5501=AXIS2_PLACEMENT_3D('',#8253,#6808,#6809);
#5502=AXIS2_PLACEMENT_3D('',#8254,#6810,#6811);
#5503=AXIS2_PLACEMENT_3D('',#8255,#6812,#6813);
#5504=AXIS2_PLACEMENT_3D('',#8256,#6814,#6815);
#5505=AXIS2_PLACEMENT_3D('',#8257,#6816,#6817);
#5506=AXIS2_PLACEMENT_3D('',#8258,#6818,#6819);
#5507=AXIS2_PLACEMENT_3D('',#8259,#6820,#6821);
#5508=AXIS2_PLACEMENT_3D('',#8260,#6822,#6823);
#5509=AXIS2_PLACEMENT_3D('',#8261,#6824,#6825);
#5510=AXIS2_PLACEMENT_3D('',#8262,#6826,#6827);
#5511=AXIS2_PLACEMENT_3D('',#8263,#6828,#6829);
#5512=AXIS2_PLACEMENT_3D('',#8264,#6830,#6831);
#5513=AXIS2_PLACEMENT_3D('',#8270,#6835,#6836);
#5514=AXIS2_PLACEMENT_3D('',#8274,#6839,#6840);
#5515=AXIS2_PLACEMENT_3D('',#8278,#6843,#6844);
#5516=AXIS2_PLACEMENT_3D('',#8282,#6847,#6848);
#5517=AXIS2_PLACEMENT_3D('',#8286,#6851,#6852);
#5518=AXIS2_PLACEMENT_3D('',#8288,#6854,#6855);
#5519=AXIS2_PLACEMENT_3D('',#8289,#6856,#6857);
#5520=AXIS2_PLACEMENT_3D('',#8290,#6858,#6859);
#5521=AXIS2_PLACEMENT_3D('',#8292,#6860,#6861);
#5522=AXIS2_PLACEMENT_3D('',#8295,#6863,#6864);
#5523=AXIS2_PLACEMENT_3D('',#8296,#6865,#6866);
#5524=AXIS2_PLACEMENT_3D('',#8297,#6867,#6868);
#5525=DIRECTION('axis',(0.,0.,1.));
#5526=DIRECTION('refdir',(1.,0.,0.));
#5527=DIRECTION('center_axis',(1.,0.,0.));
#5528=DIRECTION('ref_axis',(0.,0.,-1.));
#5529=DIRECTION('',(0.,0.,1.));
#5530=DIRECTION('',(0.,-1.,0.));
#5531=DIRECTION('',(0.,0.,1.));
#5532=DIRECTION('',(0.,-1.,0.));
#5533=DIRECTION('center_axis',(0.,0.,-1.));
#5534=DIRECTION('ref_axis',(-1.,0.,0.));
#5535=DIRECTION('',(1.,0.,0.));
#5536=DIRECTION('',(0.,-1.,0.));
#5537=DIRECTION('',(1.,0.,0.));
#5538=DIRECTION('center_axis',(-1.,0.,0.));
#5539=DIRECTION('ref_axis',(0.,0.,1.));
#5540=DIRECTION('',(0.,0.,-1.));
#5541=DIRECTION('',(0.,-1.,0.));
#5542=DIRECTION('',(0.,0.,-1.));
#5543=DIRECTION('center_axis',(0.,0.,1.));
#5544=DIRECTION('ref_axis',(1.,0.,0.));
#5545=DIRECTION('',(-1.,0.,0.));
#5546=DIRECTION('',(-1.,0.,0.));
#5547=DIRECTION('center_axis',(0.,1.,0.));
#5548=DIRECTION('ref_axis',(0.,0.,1.));
#5549=DIRECTION('center_axis',(0.,1.,0.));
#5550=DIRECTION('ref_axis',(0.,0.,1.));
#5551=DIRECTION('center_axis',(0.,0.,-1.));
#5552=DIRECTION('ref_axis',(-1.,0.,0.));
#5553=DIRECTION('',(1.,0.,0.));
#5554=DIRECTION('',(0.,1.,0.));
#5555=DIRECTION('',(-1.,0.,0.));
#5556=DIRECTION('',(0.,1.,0.));
#5557=DIRECTION('center_axis',(0.,1.,0.));
#5558=DIRECTION('ref_axis',(0.,0.,1.));
#5559=DIRECTION('center_axis',(0.,1.,0.));
#5560=DIRECTION('ref_axis',(0.,0.,1.));
#5561=DIRECTION('center_axis',(0.,-1.,0.));
#5562=DIRECTION('ref_axis',(0.,0.,-1.));
#5563=DIRECTION('',(0.,1.,0.));
#5564=DIRECTION('center_axis',(0.,0.,1.));
#5565=DIRECTION('ref_axis',(1.,0.,0.));
#5566=DIRECTION('',(-1.,0.,0.));
#5567=DIRECTION('',(1.,0.,0.));
#5568=DIRECTION('',(0.,1.,0.));
#5569=DIRECTION('center_axis',(-1.,0.,3.46944695195361E-15));
#5570=DIRECTION('ref_axis',(3.46944695195361E-15,0.,1.));
#5571=DIRECTION('',(-3.46944695195361E-15,0.,-1.));
#5572=DIRECTION('',(3.46944695195361E-15,0.,1.));
#5573=DIRECTION('center_axis',(0.,-1.,0.));
#5574=DIRECTION('ref_axis',(0.,0.,-1.));
#5575=DIRECTION('center_axis',(0.,1.,0.));
#5576=DIRECTION('ref_axis',(0.,0.,1.));
#5577=DIRECTION('center_axis',(0.,1.,0.));
#5578=DIRECTION('ref_axis',(0.,0.,1.));
#5579=DIRECTION('center_axis',(0.,1.,0.));
#5580=DIRECTION('ref_axis',(0.,0.,1.));
#5581=DIRECTION('',(0.,1.,0.));
#5582=DIRECTION('center_axis',(0.,-1.,0.));
#5583=DIRECTION('ref_axis',(0.,0.,1.));
#5584=DIRECTION('',(0.,1.,0.));
#5585=DIRECTION('center_axis',(-1.0842021724855E-15,0.,-1.));
#5586=DIRECTION('ref_axis',(-1.,0.,1.0842021724855E-15));
#5587=DIRECTION('',(1.,0.,-1.0842021724855E-15));
#5588=DIRECTION('',(-1.,0.,1.0842021724855E-15));
#5589=DIRECTION('',(0.,1.,0.));
#5590=DIRECTION('center_axis',(1.,0.,3.4694469519536E-15));
#5591=DIRECTION('ref_axis',(3.4694469519536E-15,0.,-1.));
#5592=DIRECTION('',(-3.4694469519536E-15,0.,1.));
#5593=DIRECTION('',(3.4694469519536E-15,0.,-1.));
#5594=DIRECTION('',(0.,1.,0.));
#5595=DIRECTION('center_axis',(8.06848128361306E-16,0.,1.));
#5596=DIRECTION('ref_axis',(1.,0.,-8.06848128361306E-16));
#5597=DIRECTION('',(-1.,0.,8.06848128361306E-16));
#5598=DIRECTION('',(1.,0.,-8.06848128361306E-16));
#5599=DIRECTION('center_axis',(0.,1.,0.));
#5600=DIRECTION('ref_axis',(0.,0.,1.));
#5601=DIRECTION('center_axis',(0.,1.,0.));
#5602=DIRECTION('ref_axis',(0.,0.,1.));
#5603=DIRECTION('center_axis',(0.,1.,0.));
#5604=DIRECTION('ref_axis',(0.,0.,1.));
#5605=DIRECTION('center_axis',(0.,1.,0.));
#5606=DIRECTION('ref_axis',(0.,0.,1.));
#5607=DIRECTION('',(0.,1.,0.));
#5608=DIRECTION('center_axis',(0.,-1.,0.));
#5609=DIRECTION('ref_axis',(0.,0.,-1.));
#5610=DIRECTION('',(0.,1.,0.));
#5611=DIRECTION('center_axis',(8.06848128361306E-16,0.,-1.));
#5612=DIRECTION('ref_axis',(-1.,0.,-8.06848128361306E-16));
#5613=DIRECTION('',(1.,0.,8.06848128361306E-16));
#5614=DIRECTION('',(-1.,0.,-8.06848128361306E-16));
#5615=DIRECTION('',(0.,1.,0.));
#5616=DIRECTION('center_axis',(1.,0.,-3.4694469519536E-15));
#5617=DIRECTION('ref_axis',(-3.4694469519536E-15,0.,-1.));
#5618=DIRECTION('',(3.4694469519536E-15,0.,1.));
#5619=DIRECTION('',(-3.4694469519536E-15,0.,-1.));
#5620=DIRECTION('',(0.,1.,0.));
#5621=DIRECTION('center_axis',(-1.0842021724855E-15,0.,1.));
#5622=DIRECTION('ref_axis',(1.,0.,1.0842021724855E-15));
#5623=DIRECTION('',(-1.,0.,-1.0842021724855E-15));
#5624=DIRECTION('',(1.,0.,1.0842021724855E-15));
#5625=DIRECTION('center_axis',(0.,-1.,0.));
#5626=DIRECTION('ref_axis',(0.,0.,-1.));
#5627=DIRECTION('center_axis',(0.,1.,0.));
#5628=DIRECTION('ref_axis',(0.,0.,1.));
#5629=DIRECTION('center_axis',(0.,1.,0.));
#5630=DIRECTION('ref_axis',(0.,0.,1.));
#5631=DIRECTION('center_axis',(0.,1.,0.));
#5632=DIRECTION('ref_axis',(0.,0.,1.));
#5633=DIRECTION('',(0.,1.,0.));
#5634=DIRECTION('center_axis',(0.,-1.,0.));
#5635=DIRECTION('ref_axis',(0.,0.,1.));
#5636=DIRECTION('',(0.,1.,0.));
#5637=DIRECTION('center_axis',(0.,0.,1.));
#5638=DIRECTION('ref_axis',(1.,0.,0.));
#5639=DIRECTION('',(-1.,0.,0.));
#5640=DIRECTION('',(1.,0.,0.));
#5641=DIRECTION('',(0.,1.,0.));
#5642=DIRECTION('center_axis',(-1.,0.,-3.46944695195361E-15));
#5643=DIRECTION('ref_axis',(-3.46944695195361E-15,0.,1.));
#5644=DIRECTION('',(3.46944695195361E-15,0.,-1.));
#5645=DIRECTION('',(-3.46944695195361E-15,0.,1.));
#5646=DIRECTION('',(0.,1.,0.));
#5647=DIRECTION('center_axis',(0.,0.,-1.));
#5648=DIRECTION('ref_axis',(-1.,0.,0.));
#5649=DIRECTION('',(1.,0.,0.));
#5650=DIRECTION('',(-1.,0.,0.));
#5651=DIRECTION('center_axis',(0.,1.,0.));
#5652=DIRECTION('ref_axis',(0.,0.,1.));
#5653=DIRECTION('center_axis',(0.,1.,0.));
#5654=DIRECTION('ref_axis',(0.,0.,1.));
#5655=DIRECTION('center_axis',(-1.,0.,0.));
#5656=DIRECTION('ref_axis',(0.,0.,1.));
#5657=DIRECTION('',(0.,0.,-1.));
#5658=DIRECTION('',(0.,1.,0.));
#5659=DIRECTION('',(0.,0.,-1.));
#5660=DIRECTION('',(0.,-1.,0.));
#5661=DIRECTION('center_axis',(0.,0.,1.));
#5662=DIRECTION('ref_axis',(1.,0.,0.));
#5663=DIRECTION('',(-1.,0.,0.));
#5664=DIRECTION('',(0.,-1.,0.));
#5665=DIRECTION('',(-1.,0.,0.));
#5666=DIRECTION('',(0.,-1.,0.));
#5667=DIRECTION('center_axis',(1.,0.,0.));
#5668=DIRECTION('ref_axis',(0.,0.,-1.));
#5669=DIRECTION('',(0.,0.,1.));
#5670=DIRECTION('',(0.,1.,0.));
#5671=DIRECTION('',(0.,0.,1.));
#5672=DIRECTION('center_axis',(0.,0.,-1.));
#5673=DIRECTION('ref_axis',(-1.,0.,0.));
#5674=DIRECTION('',(1.,0.,0.));
#5675=DIRECTION('',(0.,-1.,0.));
#5676=DIRECTION('',(1.,0.,0.));
#5677=DIRECTION('center_axis',(0.,-1.,0.));
#5678=DIRECTION('ref_axis',(0.,0.,-1.));
#5679=DIRECTION('',(-0.707106781186546,0.,-0.707106781186549));
#5680=DIRECTION('',(0.707106781186546,0.,0.707106781186549));
#5681=DIRECTION('center_axis',(0.,1.,0.));
#5682=DIRECTION('ref_axis',(0.,0.,1.));
#5683=DIRECTION('',(0.707106781186546,0.,0.707106781186549));
#5684=DIRECTION('',(-0.707106781186546,0.,-0.707106781186549));
#5685=DIRECTION('center_axis',(0.707106781186549,0.,-0.707106781186546));
#5686=DIRECTION('ref_axis',(0.,-1.,0.));
#5687=DIRECTION('center_axis',(-0.707106781186549,0.,0.707106781186546));
#5688=DIRECTION('ref_axis',(0.,-1.,0.));
#5689=DIRECTION('center_axis',(0.,1.,0.));
#5690=DIRECTION('ref_axis',(0.,0.,1.));
#5691=DIRECTION('',(-5.66903096724447E-17,0.,-1.));
#5692=DIRECTION('',(1.,0.,0.));
#5693=DIRECTION('',(5.66903096724447E-17,0.,1.));
#5694=DIRECTION('',(-1.,0.,-5.66903096724447E-17));
#5695=DIRECTION('',(-1.,0.,0.));
#5696=DIRECTION('',(-5.10212787052002E-16,0.,1.));
#5697=DIRECTION('',(1.,0.,0.));
#5698=DIRECTION('',(1.020425574104E-14,0.,-1.));
#5699=DIRECTION('',(-1.,0.,0.));
#5700=DIRECTION('',(-5.10212787052002E-16,0.,1.));
#5701=DIRECTION('',(1.,0.,0.));
#5702=DIRECTION('',(1.020425574104E-14,0.,-1.));
#5703=DIRECTION('',(0.,0.,-1.));
#5704=DIRECTION('',(-1.,0.,-5.10212787052002E-16));
#5705=DIRECTION('',(0.,0.,1.));
#5706=DIRECTION('',(1.,0.,0.));
#5707=DIRECTION('',(0.,0.,-1.));
#5708=DIRECTION('',(-1.,0.,-5.10212787052002E-16));
#5709=DIRECTION('',(0.,0.,1.));
#5710=DIRECTION('',(1.,0.,0.));
#5711=DIRECTION('',(1.,0.,0.));
#5712=DIRECTION('',(0.,0.,-1.));
#5713=DIRECTION('',(-1.,0.,5.10212787052002E-16));
#5714=DIRECTION('',(0.,0.,1.));
#5715=DIRECTION('',(1.,0.,0.));
#5716=DIRECTION('',(0.,0.,-1.));
#5717=DIRECTION('',(-1.,0.,5.10212787052002E-16));
#5718=DIRECTION('',(0.,0.,1.));
#5719=DIRECTION('',(-1.020425574104E-14,0.,-1.));
#5720=DIRECTION('',(-1.,0.,0.));
#5721=DIRECTION('',(5.10212787052002E-16,0.,1.));
#5722=DIRECTION('',(1.,0.,0.));
#5723=DIRECTION('',(-1.020425574104E-14,0.,-1.));
#5724=DIRECTION('',(-1.,0.,0.));
#5725=DIRECTION('',(5.10212787052002E-16,0.,1.));
#5726=DIRECTION('',(1.,0.,0.));
#5727=DIRECTION('',(1.,0.,0.));
#5728=DIRECTION('',(0.,0.,-1.));
#5729=DIRECTION('',(-1.,0.,5.10212787052002E-16));
#5730=DIRECTION('',(0.,0.,1.));
#5731=DIRECTION('',(-1.020425574104E-14,0.,-1.));
#5732=DIRECTION('',(-1.,0.,0.));
#5733=DIRECTION('',(5.10212787052002E-16,0.,1.));
#5734=DIRECTION('',(1.,0.,0.));
#5735=DIRECTION('',(-1.,0.,0.));
#5736=DIRECTION('',(-5.10212787052002E-16,0.,1.));
#5737=DIRECTION('',(1.,0.,0.));
#5738=DIRECTION('',(1.020425574104E-14,0.,-1.));
#5739=DIRECTION('',(0.,0.,-1.));
#5740=DIRECTION('',(-1.,0.,-5.10212787052002E-16));
#5741=DIRECTION('',(0.,0.,1.));
#5742=DIRECTION('',(1.,0.,0.));
#5743=DIRECTION('',(-1.,0.,0.));
#5744=DIRECTION('',(-5.10212787052002E-16,0.,1.));
#5745=DIRECTION('',(1.,0.,0.));
#5746=DIRECTION('',(1.020425574104E-14,0.,-1.));
#5747=DIRECTION('',(-1.,0.,0.));
#5748=DIRECTION('',(-5.10212787052002E-16,0.,1.));
#5749=DIRECTION('',(1.,0.,0.));
#5750=DIRECTION('',(1.020425574104E-14,0.,-1.));
#5751=DIRECTION('',(0.,0.,-1.));
#5752=DIRECTION('',(-1.,0.,-5.10212787052002E-16));
#5753=DIRECTION('',(0.,0.,1.));
#5754=DIRECTION('',(1.,0.,0.));
#5755=DIRECTION('',(-1.020425574104E-14,0.,-1.));
#5756=DIRECTION('',(-1.,0.,0.));
#5757=DIRECTION('',(5.10212787052002E-16,0.,1.));
#5758=DIRECTION('',(1.,0.,0.));
#5759=DIRECTION('',(1.,0.,0.));
#5760=DIRECTION('',(0.,0.,-1.));
#5761=DIRECTION('',(-1.,0.,5.10212787052002E-16));
#5762=DIRECTION('',(0.,0.,1.));
#5763=DIRECTION('',(1.,0.,0.));
#5764=DIRECTION('',(0.,0.,-1.));
#5765=DIRECTION('',(-1.,0.,5.10212787052002E-16));
#5766=DIRECTION('',(0.,0.,1.));
#5767=DIRECTION('',(-1.020425574104E-14,0.,-1.));
#5768=DIRECTION('',(-1.,0.,0.));
#5769=DIRECTION('',(5.10212787052002E-16,0.,1.));
#5770=DIRECTION('',(1.,0.,0.));
#5771=DIRECTION('',(0.,0.,-1.));
#5772=DIRECTION('',(-1.,0.,-5.10212787052002E-16));
#5773=DIRECTION('',(0.,0.,1.));
#5774=DIRECTION('',(1.,0.,0.));
#5775=DIRECTION('center_axis',(0.,-1.,0.));
#5776=DIRECTION('ref_axis',(0.,0.,-1.));
#5777=DIRECTION('',(-1.,0.,0.));
#5778=DIRECTION('center_axis',(0.,-1.,0.));
#5779=DIRECTION('ref_axis',(0.,0.,-1.));
#5780=DIRECTION('',(0.,0.,1.));
#5781=DIRECTION('center_axis',(0.,-1.,0.));
#5782=DIRECTION('ref_axis',(0.,0.,-1.));
#5783=DIRECTION('',(1.,0.,0.));
#5784=DIRECTION('center_axis',(0.,-1.,0.));
#5785=DIRECTION('ref_axis',(0.,0.,-1.));
#5786=DIRECTION('',(0.,0.,-1.));
#5787=DIRECTION('center_axis',(-1.,0.,5.66903096724447E-17));
#5788=DIRECTION('ref_axis',(5.66903096724447E-17,0.,1.));
#5789=DIRECTION('',(0.,-1.,0.));
#5790=DIRECTION('',(-5.66903096724447E-17,0.,-1.));
#5791=DIRECTION('',(0.,-1.,0.));
#5792=DIRECTION('center_axis',(-5.66903096724447E-17,0.,1.));
#5793=DIRECTION('ref_axis',(1.,0.,5.66903096724447E-17));
#5794=DIRECTION('',(0.,-1.,0.));
#5795=DIRECTION('',(-1.,0.,-5.66903096724447E-17));
#5796=DIRECTION('center_axis',(1.,0.,-5.66903096724447E-17));
#5797=DIRECTION('ref_axis',(-5.66903096724447E-17,0.,-1.));
#5798=DIRECTION('',(0.,-1.,0.));
#5799=DIRECTION('',(5.66903096724447E-17,0.,1.));
#5800=DIRECTION('center_axis',(0.,0.,-1.));
#5801=DIRECTION('ref_axis',(-1.,0.,0.));
#5802=DIRECTION('',(1.,0.,0.));
#5803=DIRECTION('center_axis',(0.,1.,0.));
#5804=DIRECTION('ref_axis',(0.,0.,1.));
#5805=DIRECTION('',(-1.,0.,0.));
#5806=DIRECTION('center_axis',(0.,-1.,0.));
#5807=DIRECTION('ref_axis',(0.,0.,1.));
#5808=DIRECTION('',(0.,0.,-1.));
#5809=DIRECTION('center_axis',(0.,-1.,0.));
#5810=DIRECTION('ref_axis',(0.,0.,1.));
#5811=DIRECTION('',(1.,0.,0.));
#5812=DIRECTION('center_axis',(0.,-1.,0.));
#5813=DIRECTION('ref_axis',(0.,0.,1.));
#5814=DIRECTION('',(0.,0.,1.));
#5815=DIRECTION('center_axis',(0.,-1.,0.));
#5816=DIRECTION('ref_axis',(0.,0.,1.));
#5817=DIRECTION('center_axis',(0.,0.,1.));
#5818=DIRECTION('ref_axis',(1.,0.,0.));
#5819=DIRECTION('',(0.,-1.,0.));
#5820=DIRECTION('',(0.,-1.,0.));
#5821=DIRECTION('center_axis',(0.,-1.,0.));
#5822=DIRECTION('ref_axis',(0.,0.,-1.));
#5823=DIRECTION('',(0.,-1.,0.));
#5824=DIRECTION('center_axis',(-1.,0.,0.));
#5825=DIRECTION('ref_axis',(0.,0.,1.));
#5826=DIRECTION('',(0.,-1.,0.));
#5827=DIRECTION('center_axis',(0.,-1.,0.));
#5828=DIRECTION('ref_axis',(0.,0.,-1.));
#5829=DIRECTION('',(0.,-1.,0.));
#5830=DIRECTION('center_axis',(0.,0.,-1.));
#5831=DIRECTION('ref_axis',(-1.,0.,0.));
#5832=DIRECTION('',(0.,-1.,0.));
#5833=DIRECTION('center_axis',(0.,-1.,0.));
#5834=DIRECTION('ref_axis',(0.,0.,-1.));
#5835=DIRECTION('',(0.,-1.,0.));
#5836=DIRECTION('center_axis',(1.,0.,0.));
#5837=DIRECTION('ref_axis',(0.,0.,-1.));
#5838=DIRECTION('',(0.,-1.,0.));
#5839=DIRECTION('center_axis',(0.,-1.,0.));
#5840=DIRECTION('ref_axis',(0.,0.,-1.));
#5841=DIRECTION('center_axis',(-1.,0.,0.));
#5842=DIRECTION('ref_axis',(0.,0.,1.));
#5843=DIRECTION('',(0.,-1.,0.));
#5844=DIRECTION('',(0.,0.,-1.));
#5845=DIRECTION('',(0.,-1.,0.));
#5846=DIRECTION('center_axis',(-5.10212787052002E-16,0.,1.));
#5847=DIRECTION('ref_axis',(1.,0.,5.10212787052002E-16));
#5848=DIRECTION('',(-1.,0.,-5.10212787052002E-16));
#5849=DIRECTION('',(0.,-1.,0.));
#5850=DIRECTION('center_axis',(1.,0.,0.));
#5851=DIRECTION('ref_axis',(0.,0.,-1.));
#5852=DIRECTION('',(0.,0.,1.));
#5853=DIRECTION('',(0.,-1.,0.));
#5854=DIRECTION('center_axis',(0.,0.,-1.));
#5855=DIRECTION('ref_axis',(-1.,0.,0.));
#5856=DIRECTION('',(1.,0.,0.));
#5857=DIRECTION('center_axis',(0.,-1.,0.));
#5858=DIRECTION('ref_axis',(0.,0.,-1.));
#5859=DIRECTION('center_axis',(0.,0.,1.));
#5860=DIRECTION('ref_axis',(1.,0.,0.));
#5861=DIRECTION('',(0.,-1.,0.));
#5862=DIRECTION('',(-1.,0.,0.));
#5863=DIRECTION('',(0.,-1.,0.));
#5864=DIRECTION('center_axis',(1.,0.,5.10212787052002E-16));
#5865=DIRECTION('ref_axis',(5.10212787052002E-16,0.,-1.));
#5866=DIRECTION('',(-5.10212787052002E-16,0.,1.));
#5867=DIRECTION('',(0.,-1.,0.));
#5868=DIRECTION('center_axis',(0.,0.,-1.));
#5869=DIRECTION('ref_axis',(-1.,0.,0.));
#5870=DIRECTION('',(1.,0.,0.));
#5871=DIRECTION('',(0.,-1.,0.));
#5872=DIRECTION('center_axis',(-1.,0.,-1.020425574104E-14));
#5873=DIRECTION('ref_axis',(-1.020425574104E-14,0.,1.));
#5874=DIRECTION('',(1.020425574104E-14,0.,-1.));
#5875=DIRECTION('center_axis',(0.,-1.,0.));
#5876=DIRECTION('ref_axis',(0.,0.,-1.));
#5877=DIRECTION('center_axis',(-1.,0.,1.020425574104E-14));
#5878=DIRECTION('ref_axis',(1.020425574104E-14,0.,1.));
#5879=DIRECTION('',(0.,-1.,0.));
#5880=DIRECTION('',(-1.020425574104E-14,0.,-1.));
#5881=DIRECTION('',(0.,-1.,0.));
#5882=DIRECTION('center_axis',(0.,0.,1.));
#5883=DIRECTION('ref_axis',(1.,0.,0.));
#5884=DIRECTION('',(-1.,0.,0.));
#5885=DIRECTION('',(0.,-1.,0.));
#5886=DIRECTION('center_axis',(1.,0.,-5.10212787052002E-16));
#5887=DIRECTION('ref_axis',(-5.10212787052002E-16,0.,-1.));
#5888=DIRECTION('',(5.10212787052002E-16,0.,1.));
#5889=DIRECTION('',(0.,-1.,0.));
#5890=DIRECTION('center_axis',(0.,0.,-1.));
#5891=DIRECTION('ref_axis',(-1.,0.,0.));
#5892=DIRECTION('',(1.,0.,0.));
#5893=DIRECTION('center_axis',(0.,-1.,0.));
#5894=DIRECTION('ref_axis',(0.,0.,-1.));
#5895=DIRECTION('center_axis',(0.,0.,1.));
#5896=DIRECTION('ref_axis',(1.,0.,0.));
#5897=DIRECTION('',(0.,-1.,0.));
#5898=DIRECTION('',(-1.,0.,0.));
#5899=DIRECTION('',(0.,-1.,0.));
#5900=DIRECTION('center_axis',(1.,0.,5.10212787052002E-16));
#5901=DIRECTION('ref_axis',(5.10212787052002E-16,0.,-1.));
#5902=DIRECTION('',(-5.10212787052002E-16,0.,1.));
#5903=DIRECTION('',(0.,-1.,0.));
#5904=DIRECTION('center_axis',(0.,0.,-1.));
#5905=DIRECTION('ref_axis',(-1.,0.,0.));
#5906=DIRECTION('',(1.,0.,0.));
#5907=DIRECTION('',(0.,-1.,0.));
#5908=DIRECTION('center_axis',(-1.,0.,-1.020425574104E-14));
#5909=DIRECTION('ref_axis',(-1.020425574104E-14,0.,1.));
#5910=DIRECTION('',(1.020425574104E-14,0.,-1.));
#5911=DIRECTION('center_axis',(0.,-1.,0.));
#5912=DIRECTION('ref_axis',(0.,0.,-1.));
#5913=DIRECTION('center_axis',(0.,0.,-1.));
#5914=DIRECTION('ref_axis',(-1.,0.,0.));
#5915=DIRECTION('',(0.,-1.,0.));
#5916=DIRECTION('',(1.,0.,0.));
#5917=DIRECTION('',(0.,-1.,0.));
#5918=DIRECTION('center_axis',(-1.,0.,0.));
#5919=DIRECTION('ref_axis',(0.,0.,1.));
#5920=DIRECTION('',(0.,0.,-1.));
#5921=DIRECTION('',(0.,-1.,0.));
#5922=DIRECTION('center_axis',(5.10212787052002E-16,0.,1.));
#5923=DIRECTION('ref_axis',(1.,0.,-5.10212787052002E-16));
#5924=DIRECTION('',(-1.,0.,5.10212787052002E-16));
#5925=DIRECTION('',(0.,-1.,0.));
#5926=DIRECTION('center_axis',(1.,0.,0.));
#5927=DIRECTION('ref_axis',(0.,0.,-1.));
#5928=DIRECTION('',(0.,0.,1.));
#5929=DIRECTION('center_axis',(0.,-1.,0.));
#5930=DIRECTION('ref_axis',(0.,0.,-1.));
#5931=DIRECTION('center_axis',(-1.,0.,0.));
#5932=DIRECTION('ref_axis',(0.,0.,1.));
#5933=DIRECTION('',(0.,-1.,0.));
#5934=DIRECTION('',(0.,0.,-1.));
#5935=DIRECTION('',(0.,-1.,0.));
#5936=DIRECTION('center_axis',(-5.10212787052002E-16,0.,1.));
#5937=DIRECTION('ref_axis',(1.,0.,5.10212787052002E-16));
#5938=DIRECTION('',(-1.,0.,-5.10212787052002E-16));
#5939=DIRECTION('',(0.,-1.,0.));
#5940=DIRECTION('center_axis',(1.,0.,0.));
#5941=DIRECTION('ref_axis',(0.,0.,-1.));
#5942=DIRECTION('',(0.,0.,1.));
#5943=DIRECTION('',(0.,-1.,0.));
#5944=DIRECTION('center_axis',(0.,0.,-1.));
#5945=DIRECTION('ref_axis',(-1.,0.,0.));
#5946=DIRECTION('',(1.,0.,0.));
#5947=DIRECTION('center_axis',(0.,-1.,0.));
#5948=DIRECTION('ref_axis',(0.,0.,-1.));
#5949=DIRECTION('center_axis',(0.,0.,-1.));
#5950=DIRECTION('ref_axis',(-1.,0.,0.));
#5951=DIRECTION('',(0.,-1.,0.));
#5952=DIRECTION('',(1.,0.,0.));
#5953=DIRECTION('',(0.,-1.,0.));
#5954=DIRECTION('center_axis',(-1.,0.,0.));
#5955=DIRECTION('ref_axis',(0.,0.,1.));
#5956=DIRECTION('',(0.,0.,-1.));
#5957=DIRECTION('',(0.,-1.,0.));
#5958=DIRECTION('center_axis',(5.10212787052002E-16,0.,1.));
#5959=DIRECTION('ref_axis',(1.,0.,-5.10212787052002E-16));
#5960=DIRECTION('',(-1.,0.,5.10212787052002E-16));
#5961=DIRECTION('',(0.,-1.,0.));
#5962=DIRECTION('center_axis',(1.,0.,0.));
#5963=DIRECTION('ref_axis',(0.,0.,-1.));
#5964=DIRECTION('',(0.,0.,1.));
#5965=DIRECTION('center_axis',(0.,-1.,0.));
#5966=DIRECTION('ref_axis',(0.,0.,-1.));
#5967=DIRECTION('center_axis',(-1.,0.,0.));
#5968=DIRECTION('ref_axis',(0.,0.,1.));
#5969=DIRECTION('',(0.,-1.,0.));
#5970=DIRECTION('',(0.,0.,-1.));
#5971=DIRECTION('',(0.,-1.,0.));
#5972=DIRECTION('center_axis',(-5.10212787052002E-16,0.,1.));
#5973=DIRECTION('ref_axis',(1.,0.,5.10212787052002E-16));
#5974=DIRECTION('',(-1.,0.,-5.10212787052002E-16));
#5975=DIRECTION('',(0.,-1.,0.));
#5976=DIRECTION('center_axis',(1.,0.,0.));
#5977=DIRECTION('ref_axis',(0.,0.,-1.));
#5978=DIRECTION('',(0.,0.,1.));
#5979=DIRECTION('',(0.,-1.,0.));
#5980=DIRECTION('center_axis',(0.,0.,-1.));
#5981=DIRECTION('ref_axis',(-1.,0.,0.));
#5982=DIRECTION('',(1.,0.,0.));
#5983=DIRECTION('center_axis',(0.,-1.,0.));
#5984=DIRECTION('ref_axis',(0.,0.,-1.));
#5985=DIRECTION('center_axis',(-1.,0.,1.020425574104E-14));
#5986=DIRECTION('ref_axis',(1.020425574104E-14,0.,1.));
#5987=DIRECTION('',(0.,-1.,0.));
#5988=DIRECTION('',(-1.020425574104E-14,0.,-1.));
#5989=DIRECTION('',(0.,-1.,0.));
#5990=DIRECTION('center_axis',(0.,0.,1.));
#5991=DIRECTION('ref_axis',(1.,0.,0.));
#5992=DIRECTION('',(-1.,0.,0.));
#5993=DIRECTION('',(0.,-1.,0.));
#5994=DIRECTION('center_axis',(1.,0.,-5.10212787052002E-16));
#5995=DIRECTION('ref_axis',(-5.10212787052002E-16,0.,-1.));
#5996=DIRECTION('',(5.10212787052002E-16,0.,1.));
#5997=DIRECTION('',(0.,-1.,0.));
#5998=DIRECTION('center_axis',(0.,0.,-1.));
#5999=DIRECTION('ref_axis',(-1.,0.,0.));
#6000=DIRECTION('',(1.,0.,0.));
#6001=DIRECTION('center_axis',(0.,-1.,0.));
#6002=DIRECTION('ref_axis',(0.,0.,-1.));
#6003=DIRECTION('center_axis',(0.,0.,-1.));
#6004=DIRECTION('ref_axis',(-1.,0.,0.));
#6005=DIRECTION('',(0.,-1.,0.));
#6006=DIRECTION('',(1.,0.,0.));
#6007=DIRECTION('',(0.,-1.,0.));
#6008=DIRECTION('center_axis',(-1.,0.,0.));
#6009=DIRECTION('ref_axis',(0.,0.,1.));
#6010=DIRECTION('',(0.,0.,-1.));
#6011=DIRECTION('',(0.,-1.,0.));
#6012=DIRECTION('center_axis',(5.10212787052002E-16,0.,1.));
#6013=DIRECTION('ref_axis',(1.,0.,-5.10212787052002E-16));
#6014=DIRECTION('',(-1.,0.,5.10212787052002E-16));
#6015=DIRECTION('',(0.,-1.,0.));
#6016=DIRECTION('center_axis',(1.,0.,0.));
#6017=DIRECTION('ref_axis',(0.,0.,-1.));
#6018=DIRECTION('',(0.,0.,1.));
#6019=DIRECTION('center_axis',(0.,-1.,0.));
#6020=DIRECTION('ref_axis',(0.,0.,-1.));
#6021=DIRECTION('center_axis',(-1.,0.,0.));
#6022=DIRECTION('ref_axis',(0.,0.,1.));
#6023=DIRECTION('',(0.,-1.,0.));
#6024=DIRECTION('',(0.,0.,-1.));
#6025=DIRECTION('',(0.,-1.,0.));
#6026=DIRECTION('center_axis',(-5.10212787052002E-16,0.,1.));
#6027=DIRECTION('ref_axis',(1.,0.,5.10212787052002E-16));
#6028=DIRECTION('',(-1.,0.,-5.10212787052002E-16));
#6029=DIRECTION('',(0.,-1.,0.));
#6030=DIRECTION('center_axis',(1.,0.,0.));
#6031=DIRECTION('ref_axis',(0.,0.,-1.));
#6032=DIRECTION('',(0.,0.,1.));
#6033=DIRECTION('',(0.,-1.,0.));
#6034=DIRECTION('center_axis',(0.,0.,-1.));
#6035=DIRECTION('ref_axis',(-1.,0.,0.));
#6036=DIRECTION('',(1.,0.,0.));
#6037=DIRECTION('center_axis',(0.,-1.,0.));
#6038=DIRECTION('ref_axis',(0.,0.,-1.));
#6039=DIRECTION('center_axis',(0.,0.,-1.));
#6040=DIRECTION('ref_axis',(-1.,0.,0.));
#6041=DIRECTION('',(0.,-1.,0.));
#6042=DIRECTION('',(1.,0.,0.));
#6043=DIRECTION('',(0.,-1.,0.));
#6044=DIRECTION('center_axis',(-1.,0.,0.));
#6045=DIRECTION('ref_axis',(0.,0.,1.));
#6046=DIRECTION('',(0.,0.,-1.));
#6047=DIRECTION('',(0.,-1.,0.));
#6048=DIRECTION('center_axis',(5.10212787052002E-16,0.,1.));
#6049=DIRECTION('ref_axis',(1.,0.,-5.10212787052002E-16));
#6050=DIRECTION('',(-1.,0.,5.10212787052002E-16));
#6051=DIRECTION('',(0.,-1.,0.));
#6052=DIRECTION('center_axis',(1.,0.,0.));
#6053=DIRECTION('ref_axis',(0.,0.,-1.));
#6054=DIRECTION('',(0.,0.,1.));
#6055=DIRECTION('center_axis',(0.,-1.,0.));
#6056=DIRECTION('ref_axis',(0.,0.,-1.));
#6057=DIRECTION('center_axis',(0.,0.,1.));
#6058=DIRECTION('ref_axis',(1.,0.,0.));
#6059=DIRECTION('',(0.,-1.,0.));
#6060=DIRECTION('',(-1.,0.,0.));
#6061=DIRECTION('',(0.,-1.,0.));
#6062=DIRECTION('center_axis',(1.,0.,5.10212787052002E-16));
#6063=DIRECTION('ref_axis',(5.10212787052002E-16,0.,-1.));
#6064=DIRECTION('',(-5.10212787052002E-16,0.,1.));
#6065=DIRECTION('',(0.,-1.,0.));
#6066=DIRECTION('center_axis',(0.,0.,-1.));
#6067=DIRECTION('ref_axis',(-1.,0.,0.));
#6068=DIRECTION('',(1.,0.,0.));
#6069=DIRECTION('',(0.,-1.,0.));
#6070=DIRECTION('center_axis',(-1.,0.,-1.020425574104E-14));
#6071=DIRECTION('ref_axis',(-1.020425574104E-14,0.,1.));
#6072=DIRECTION('',(1.020425574104E-14,0.,-1.));
#6073=DIRECTION('center_axis',(0.,-1.,0.));
#6074=DIRECTION('ref_axis',(0.,0.,-1.));
#6075=DIRECTION('center_axis',(-1.,0.,1.020425574104E-14));
#6076=DIRECTION('ref_axis',(1.020425574104E-14,0.,1.));
#6077=DIRECTION('',(0.,-1.,0.));
#6078=DIRECTION('',(-1.020425574104E-14,0.,-1.));
#6079=DIRECTION('',(0.,-1.,0.));
#6080=DIRECTION('center_axis',(0.,0.,1.));
#6081=DIRECTION('ref_axis',(1.,0.,0.));
#6082=DIRECTION('',(-1.,0.,0.));
#6083=DIRECTION('',(0.,-1.,0.));
#6084=DIRECTION('center_axis',(1.,0.,-5.10212787052002E-16));
#6085=DIRECTION('ref_axis',(-5.10212787052002E-16,0.,-1.));
#6086=DIRECTION('',(5.10212787052002E-16,0.,1.));
#6087=DIRECTION('',(0.,-1.,0.));
#6088=DIRECTION('center_axis',(0.,0.,-1.));
#6089=DIRECTION('ref_axis',(-1.,0.,0.));
#6090=DIRECTION('',(1.,0.,0.));
#6091=DIRECTION('center_axis',(0.,-1.,0.));
#6092=DIRECTION('ref_axis',(0.,0.,-1.));
#6093=DIRECTION('center_axis',(0.,0.,1.));
#6094=DIRECTION('ref_axis',(1.,0.,0.));
#6095=DIRECTION('',(0.,-1.,0.));
#6096=DIRECTION('',(-1.,0.,0.));
#6097=DIRECTION('',(0.,-1.,0.));
#6098=DIRECTION('center_axis',(1.,0.,5.10212787052002E-16));
#6099=DIRECTION('ref_axis',(5.10212787052002E-16,0.,-1.));
#6100=DIRECTION('',(-5.10212787052002E-16,0.,1.));
#6101=DIRECTION('',(0.,-1.,0.));
#6102=DIRECTION('center_axis',(0.,0.,-1.));
#6103=DIRECTION('ref_axis',(-1.,0.,0.));
#6104=DIRECTION('',(1.,0.,0.));
#6105=DIRECTION('',(0.,-1.,0.));
#6106=DIRECTION('center_axis',(-1.,0.,-1.020425574104E-14));
#6107=DIRECTION('ref_axis',(-1.020425574104E-14,0.,1.));
#6108=DIRECTION('',(1.020425574104E-14,0.,-1.));
#6109=DIRECTION('center_axis',(0.,-1.,0.));
#6110=DIRECTION('ref_axis',(0.,0.,-1.));
#6111=DIRECTION('center_axis',(-1.,0.,1.020425574104E-14));
#6112=DIRECTION('ref_axis',(1.020425574104E-14,0.,1.));
#6113=DIRECTION('',(0.,-1.,0.));
#6114=DIRECTION('',(-1.020425574104E-14,0.,-1.));
#6115=DIRECTION('',(0.,-1.,0.));
#6116=DIRECTION('center_axis',(0.,0.,1.));
#6117=DIRECTION('ref_axis',(1.,0.,0.));
#6118=DIRECTION('',(-1.,0.,0.));
#6119=DIRECTION('',(0.,-1.,0.));
#6120=DIRECTION('center_axis',(1.,0.,-5.10212787052002E-16));
#6121=DIRECTION('ref_axis',(-5.10212787052002E-16,0.,-1.));
#6122=DIRECTION('',(5.10212787052002E-16,0.,1.));
#6123=DIRECTION('',(0.,-1.,0.));
#6124=DIRECTION('center_axis',(0.,0.,-1.));
#6125=DIRECTION('ref_axis',(-1.,0.,0.));
#6126=DIRECTION('',(1.,0.,0.));
#6127=DIRECTION('center_axis',(0.,-1.,0.));
#6128=DIRECTION('ref_axis',(0.,0.,-1.));
#6129=DIRECTION('center_axis',(-1.,0.,0.));
#6130=DIRECTION('ref_axis',(0.,0.,1.));
#6131=DIRECTION('',(0.,-1.,0.));
#6132=DIRECTION('',(0.,0.,-1.));
#6133=DIRECTION('',(0.,-1.,0.));
#6134=DIRECTION('center_axis',(-5.10212787052002E-16,0.,1.));
#6135=DIRECTION('ref_axis',(1.,0.,5.10212787052002E-16));
#6136=DIRECTION('',(-1.,0.,-5.10212787052002E-16));
#6137=DIRECTION('',(0.,-1.,0.));
#6138=DIRECTION('center_axis',(1.,0.,0.));
#6139=DIRECTION('ref_axis',(0.,0.,-1.));
#6140=DIRECTION('',(0.,0.,1.));
#6141=DIRECTION('',(0.,-1.,0.));
#6142=DIRECTION('center_axis',(0.,0.,-1.));
#6143=DIRECTION('ref_axis',(-1.,0.,0.));
#6144=DIRECTION('',(1.,0.,0.));
#6145=DIRECTION('center_axis',(0.,-1.,0.));
#6146=DIRECTION('ref_axis',(0.,0.,-1.));
#6147=DIRECTION('center_axis',(0.,0.,-1.));
#6148=DIRECTION('ref_axis',(-1.,0.,0.));
#6149=DIRECTION('',(0.,-1.,0.));
#6150=DIRECTION('',(1.,0.,0.));
#6151=DIRECTION('',(0.,-1.,0.));
#6152=DIRECTION('center_axis',(-1.,0.,0.));
#6153=DIRECTION('ref_axis',(0.,0.,1.));
#6154=DIRECTION('',(0.,0.,-1.));
#6155=DIRECTION('',(0.,-1.,0.));
#6156=DIRECTION('center_axis',(5.10212787052002E-16,0.,1.));
#6157=DIRECTION('ref_axis',(1.,0.,-5.10212787052002E-16));
#6158=DIRECTION('',(-1.,0.,5.10212787052002E-16));
#6159=DIRECTION('',(0.,-1.,0.));
#6160=DIRECTION('center_axis',(1.,0.,0.));
#6161=DIRECTION('ref_axis',(0.,0.,-1.));
#6162=DIRECTION('',(0.,0.,1.));
#6163=DIRECTION('center_axis',(0.,-1.,0.));
#6164=DIRECTION('ref_axis',(0.,0.,-1.));
#6165=DIRECTION('center_axis',(0.,0.,1.));
#6166=DIRECTION('ref_axis',(1.,0.,0.));
#6167=DIRECTION('',(0.,-1.,0.));
#6168=DIRECTION('',(-1.,0.,0.));
#6169=DIRECTION('',(0.,-1.,0.));
#6170=DIRECTION('center_axis',(1.,0.,5.10212787052002E-16));
#6171=DIRECTION('ref_axis',(5.10212787052002E-16,0.,-1.));
#6172=DIRECTION('',(-5.10212787052002E-16,0.,1.));
#6173=DIRECTION('',(0.,-1.,0.));
#6174=DIRECTION('center_axis',(0.,0.,-1.));
#6175=DIRECTION('ref_axis',(-1.,0.,0.));
#6176=DIRECTION('',(1.,0.,0.));
#6177=DIRECTION('',(0.,-1.,0.));
#6178=DIRECTION('center_axis',(-1.,0.,-1.020425574104E-14));
#6179=DIRECTION('ref_axis',(-1.020425574104E-14,0.,1.));
#6180=DIRECTION('',(1.020425574104E-14,0.,-1.));
#6181=DIRECTION('center_axis',(0.,-1.,0.));
#6182=DIRECTION('ref_axis',(0.,0.,-1.));
#6183=DIRECTION('center_axis',(-1.,0.,1.020425574104E-14));
#6184=DIRECTION('ref_axis',(1.020425574104E-14,0.,1.));
#6185=DIRECTION('',(0.,-1.,0.));
#6186=DIRECTION('',(-1.020425574104E-14,0.,-1.));
#6187=DIRECTION('',(0.,-1.,0.));
#6188=DIRECTION('center_axis',(0.,0.,1.));
#6189=DIRECTION('ref_axis',(1.,0.,0.));
#6190=DIRECTION('',(-1.,0.,0.));
#6191=DIRECTION('',(0.,-1.,0.));
#6192=DIRECTION('center_axis',(1.,0.,-5.10212787052002E-16));
#6193=DIRECTION('ref_axis',(-5.10212787052002E-16,0.,-1.));
#6194=DIRECTION('',(5.10212787052002E-16,0.,1.));
#6195=DIRECTION('',(0.,-1.,0.));
#6196=DIRECTION('center_axis',(0.,0.,-1.));
#6197=DIRECTION('ref_axis',(-1.,0.,0.));
#6198=DIRECTION('',(1.,0.,0.));
#6199=DIRECTION('center_axis',(0.,-1.,0.));
#6200=DIRECTION('ref_axis',(0.,0.,-1.));
#6201=DIRECTION('center_axis',(0.,-1.,0.));
#6202=DIRECTION('ref_axis',(0.,0.,-1.));
#6203=DIRECTION('',(0.,0.,-1.));
#6204=DIRECTION('',(1.,0.,0.));
#6205=DIRECTION('',(0.,0.,1.));
#6206=DIRECTION('',(-1.,0.,-5.10212787052002E-16));
#6207=DIRECTION('center_axis',(0.,0.,-1.));
#6208=DIRECTION('ref_axis',(-1.,0.,0.));
#6209=DIRECTION('',(0.,-1.,0.));
#6210=DIRECTION('',(-1.,0.,0.));
#6211=DIRECTION('',(0.,-1.,0.));
#6212=DIRECTION('center_axis',(1.,0.,0.));
#6213=DIRECTION('ref_axis',(0.,0.,-1.));
#6214=DIRECTION('',(0.,0.,-1.));
#6215=DIRECTION('',(0.,-1.,0.));
#6216=DIRECTION('center_axis',(-5.10212787052002E-16,0.,1.));
#6217=DIRECTION('ref_axis',(1.,0.,5.10212787052002E-16));
#6218=DIRECTION('',(1.,0.,5.10212787052002E-16));
#6219=DIRECTION('',(0.,-1.,0.));
#6220=DIRECTION('center_axis',(-1.,0.,0.));
#6221=DIRECTION('ref_axis',(0.,0.,1.));
#6222=DIRECTION('',(0.,0.,1.));
#6223=DIRECTION('center_axis',(0.,-1.,0.));
#6224=DIRECTION('ref_axis',(0.,0.,-1.));
#6225=DIRECTION('center_axis',(0.,-1.,0.));
#6226=DIRECTION('ref_axis',(0.,0.,-1.));
#6227=DIRECTION('',(-1.020425574104E-14,0.,-1.));
#6228=DIRECTION('',(1.,0.,0.));
#6229=DIRECTION('',(5.10212787052002E-16,0.,1.));
#6230=DIRECTION('',(-1.,0.,0.));
#6231=DIRECTION('center_axis',(0.,0.,-1.));
#6232=DIRECTION('ref_axis',(-1.,0.,0.));
#6233=DIRECTION('',(0.,-1.,0.));
#6234=DIRECTION('',(-1.,0.,0.));
#6235=DIRECTION('',(0.,-1.,0.));
#6236=DIRECTION('center_axis',(1.,0.,-5.10212787052002E-16));
#6237=DIRECTION('ref_axis',(-5.10212787052002E-16,0.,-1.));
#6238=DIRECTION('',(-5.10212787052002E-16,0.,-1.));
#6239=DIRECTION('',(0.,-1.,0.));
#6240=DIRECTION('center_axis',(0.,0.,1.));
#6241=DIRECTION('ref_axis',(1.,0.,0.));
#6242=DIRECTION('',(1.,0.,0.));
#6243=DIRECTION('',(0.,-1.,0.));
#6244=DIRECTION('center_axis',(-1.,0.,1.020425574104E-14));
#6245=DIRECTION('ref_axis',(1.020425574104E-14,0.,1.));
#6246=DIRECTION('',(1.020425574104E-14,0.,1.));
#6247=DIRECTION('center_axis',(0.,-1.,0.));
#6248=DIRECTION('ref_axis',(0.,0.,-1.));
#6249=DIRECTION('center_axis',(0.,-1.,0.));
#6250=DIRECTION('ref_axis',(0.,0.,-1.));
#6251=DIRECTION('',(1.,0.,0.));
#6252=DIRECTION('',(0.,0.,1.));
#6253=DIRECTION('',(-1.,0.,5.10212787052002E-16));
#6254=DIRECTION('',(0.,0.,-1.));
#6255=DIRECTION('center_axis',(1.,0.,0.));
#6256=DIRECTION('ref_axis',(0.,0.,-1.));
#6257=DIRECTION('',(0.,-1.,0.));
#6258=DIRECTION('',(0.,0.,-1.));
#6259=DIRECTION('',(0.,-1.,0.));
#6260=DIRECTION('center_axis',(5.10212787052002E-16,0.,1.));
#6261=DIRECTION('ref_axis',(1.,0.,-5.10212787052002E-16));
#6262=DIRECTION('',(1.,0.,-5.10212787052002E-16));
#6263=DIRECTION('',(0.,-1.,0.));
#6264=DIRECTION('center_axis',(-1.,0.,0.));
#6265=DIRECTION('ref_axis',(0.,0.,1.));
#6266=DIRECTION('',(0.,0.,1.));
#6267=DIRECTION('',(0.,-1.,0.));
#6268=DIRECTION('center_axis',(0.,0.,-1.));
#6269=DIRECTION('ref_axis',(-1.,0.,0.));
#6270=DIRECTION('',(-1.,0.,0.));
#6271=DIRECTION('center_axis',(0.,-1.,0.));
#6272=DIRECTION('ref_axis',(0.,0.,-1.));
#6273=DIRECTION('center_axis',(0.,-1.,0.));
#6274=DIRECTION('ref_axis',(0.,0.,-1.));
#6275=DIRECTION('',(0.,0.,-1.));
#6276=DIRECTION('',(1.,0.,0.));
#6277=DIRECTION('',(0.,0.,1.));
#6278=DIRECTION('',(-1.,0.,-5.10212787052002E-16));
#6279=DIRECTION('center_axis',(0.,0.,-1.));
#6280=DIRECTION('ref_axis',(-1.,0.,0.));
#6281=DIRECTION('',(0.,-1.,0.));
#6282=DIRECTION('',(-1.,0.,0.));
#6283=DIRECTION('',(0.,-1.,0.));
#6284=DIRECTION('center_axis',(1.,0.,0.));
#6285=DIRECTION('ref_axis',(0.,0.,-1.));
#6286=DIRECTION('',(0.,0.,-1.));
#6287=DIRECTION('',(0.,-1.,0.));
#6288=DIRECTION('center_axis',(-5.10212787052002E-16,0.,1.));
#6289=DIRECTION('ref_axis',(1.,0.,5.10212787052002E-16));
#6290=DIRECTION('',(1.,0.,5.10212787052002E-16));
#6291=DIRECTION('',(0.,-1.,0.));
#6292=DIRECTION('center_axis',(-1.,0.,0.));
#6293=DIRECTION('ref_axis',(0.,0.,1.));
#6294=DIRECTION('',(0.,0.,1.));
#6295=DIRECTION('center_axis',(0.,-1.,0.));
#6296=DIRECTION('ref_axis',(0.,0.,-1.));
#6297=DIRECTION('center_axis',(0.,-1.,0.));
#6298=DIRECTION('ref_axis',(0.,0.,-1.));
#6299=DIRECTION('',(1.,0.,0.));
#6300=DIRECTION('',(0.,0.,1.));
#6301=DIRECTION('',(-1.,0.,5.10212787052002E-16));
#6302=DIRECTION('',(0.,0.,-1.));
#6303=DIRECTION('center_axis',(1.,0.,0.));
#6304=DIRECTION('ref_axis',(0.,0.,-1.));
#6305=DIRECTION('',(0.,-1.,0.));
#6306=DIRECTION('',(0.,0.,-1.));
#6307=DIRECTION('',(0.,-1.,0.));
#6308=DIRECTION('center_axis',(5.10212787052002E-16,0.,1.));
#6309=DIRECTION('ref_axis',(1.,0.,-5.10212787052002E-16));
#6310=DIRECTION('',(1.,0.,-5.10212787052002E-16));
#6311=DIRECTION('',(0.,-1.,0.));
#6312=DIRECTION('center_axis',(-1.,0.,0.));
#6313=DIRECTION('ref_axis',(0.,0.,1.));
#6314=DIRECTION('',(0.,0.,1.));
#6315=DIRECTION('',(0.,-1.,0.));
#6316=DIRECTION('center_axis',(0.,0.,-1.));
#6317=DIRECTION('ref_axis',(-1.,0.,0.));
#6318=DIRECTION('',(-1.,0.,0.));
#6319=DIRECTION('center_axis',(0.,-1.,0.));
#6320=DIRECTION('ref_axis',(0.,0.,-1.));
#6321=DIRECTION('center_axis',(0.,-1.,0.));
#6322=DIRECTION('ref_axis',(0.,0.,-1.));
#6323=DIRECTION('',(0.,0.,-1.));
#6324=DIRECTION('',(1.,0.,0.));
#6325=DIRECTION('',(0.,0.,1.));
#6326=DIRECTION('',(-1.,0.,-5.10212787052002E-16));
#6327=DIRECTION('center_axis',(0.,0.,-1.));
#6328=DIRECTION('ref_axis',(-1.,0.,0.));
#6329=DIRECTION('',(0.,-1.,0.));
#6330=DIRECTION('',(-1.,0.,0.));
#6331=DIRECTION('',(0.,-1.,0.));
#6332=DIRECTION('center_axis',(1.,0.,0.));
#6333=DIRECTION('ref_axis',(0.,0.,-1.));
#6334=DIRECTION('',(0.,0.,-1.));
#6335=DIRECTION('',(0.,-1.,0.));
#6336=DIRECTION('center_axis',(-5.10212787052002E-16,0.,1.));
#6337=DIRECTION('ref_axis',(1.,0.,5.10212787052002E-16));
#6338=DIRECTION('',(1.,0.,5.10212787052002E-16));
#6339=DIRECTION('',(0.,-1.,0.));
#6340=DIRECTION('center_axis',(-1.,0.,0.));
#6341=DIRECTION('ref_axis',(0.,0.,1.));
#6342=DIRECTION('',(0.,0.,1.));
#6343=DIRECTION('center_axis',(0.,-1.,0.));
#6344=DIRECTION('ref_axis',(0.,0.,-1.));
#6345=DIRECTION('center_axis',(0.,-1.,0.));
#6346=DIRECTION('ref_axis',(0.,0.,-1.));
#6347=DIRECTION('',(1.,0.,0.));
#6348=DIRECTION('',(0.,0.,1.));
#6349=DIRECTION('',(-1.,0.,5.10212787052002E-16));
#6350=DIRECTION('',(0.,0.,-1.));
#6351=DIRECTION('center_axis',(1.,0.,0.));
#6352=DIRECTION('ref_axis',(0.,0.,-1.));
#6353=DIRECTION('',(0.,-1.,0.));
#6354=DIRECTION('',(0.,0.,-1.));
#6355=DIRECTION('',(0.,-1.,0.));
#6356=DIRECTION('center_axis',(5.10212787052002E-16,0.,1.));
#6357=DIRECTION('ref_axis',(1.,0.,-5.10212787052002E-16));
#6358=DIRECTION('',(1.,0.,-5.10212787052002E-16));
#6359=DIRECTION('',(0.,-1.,0.));
#6360=DIRECTION('center_axis',(-1.,0.,0.));
#6361=DIRECTION('ref_axis',(0.,0.,1.));
#6362=DIRECTION('',(0.,0.,1.));
#6363=DIRECTION('',(0.,-1.,0.));
#6364=DIRECTION('center_axis',(0.,0.,-1.));
#6365=DIRECTION('ref_axis',(-1.,0.,0.));
#6366=DIRECTION('',(-1.,0.,0.));
#6367=DIRECTION('center_axis',(0.,-1.,0.));
#6368=DIRECTION('ref_axis',(0.,0.,-1.));
#6369=DIRECTION('center_axis',(0.,-1.,0.));
#6370=DIRECTION('ref_axis',(0.,0.,-1.));
#6371=DIRECTION('',(0.,0.,-1.));
#6372=DIRECTION('',(1.,0.,0.));
#6373=DIRECTION('',(0.,0.,1.));
#6374=DIRECTION('',(-1.,0.,-5.10212787052002E-16));
#6375=DIRECTION('center_axis',(0.,0.,-1.));
#6376=DIRECTION('ref_axis',(-1.,0.,0.));
#6377=DIRECTION('',(0.,-1.,0.));
#6378=DIRECTION('',(-1.,0.,0.));
#6379=DIRECTION('',(0.,-1.,0.));
#6380=DIRECTION('center_axis',(1.,0.,0.));
#6381=DIRECTION('ref_axis',(0.,0.,-1.));
#6382=DIRECTION('',(0.,0.,-1.));
#6383=DIRECTION('',(0.,-1.,0.));
#6384=DIRECTION('center_axis',(-5.10212787052002E-16,0.,1.));
#6385=DIRECTION('ref_axis',(1.,0.,5.10212787052002E-16));
#6386=DIRECTION('',(1.,0.,5.10212787052002E-16));
#6387=DIRECTION('',(0.,-1.,0.));
#6388=DIRECTION('center_axis',(-1.,0.,0.));
#6389=DIRECTION('ref_axis',(0.,0.,1.));
#6390=DIRECTION('',(0.,0.,1.));
#6391=DIRECTION('center_axis',(0.,-1.,0.));
#6392=DIRECTION('ref_axis',(0.,0.,-1.));
#6393=DIRECTION('center_axis',(0.,-1.,0.));
#6394=DIRECTION('ref_axis',(0.,0.,-1.));
#6395=DIRECTION('',(1.,0.,0.));
#6396=DIRECTION('',(0.,0.,1.));
#6397=DIRECTION('',(-1.,0.,5.10212787052002E-16));
#6398=DIRECTION('',(0.,0.,-1.));
#6399=DIRECTION('center_axis',(1.,0.,0.));
#6400=DIRECTION('ref_axis',(0.,0.,-1.));
#6401=DIRECTION('',(0.,-1.,0.));
#6402=DIRECTION('',(0.,0.,-1.));
#6403=DIRECTION('',(0.,-1.,0.));
#6404=DIRECTION('center_axis',(5.10212787052002E-16,0.,1.));
#6405=DIRECTION('ref_axis',(1.,0.,-5.10212787052002E-16));
#6406=DIRECTION('',(1.,0.,-5.10212787052002E-16));
#6407=DIRECTION('',(0.,-1.,0.));
#6408=DIRECTION('center_axis',(-1.,0.,0.));
#6409=DIRECTION('ref_axis',(0.,0.,1.));
#6410=DIRECTION('',(0.,0.,1.));
#6411=DIRECTION('',(0.,-1.,0.));
#6412=DIRECTION('center_axis',(0.,0.,-1.));
#6413=DIRECTION('ref_axis',(-1.,0.,0.));
#6414=DIRECTION('',(-1.,0.,0.));
#6415=DIRECTION('center_axis',(0.,-1.,0.));
#6416=DIRECTION('ref_axis',(0.,0.,-1.));
#6417=DIRECTION('center_axis',(0.,-1.,0.));
#6418=DIRECTION('ref_axis',(0.,0.,-1.));
#6419=DIRECTION('',(0.,0.,-1.));
#6420=DIRECTION('',(1.,0.,0.));
#6421=DIRECTION('',(0.,0.,1.));
#6422=DIRECTION('',(-1.,0.,-5.10212787052002E-16));
#6423=DIRECTION('center_axis',(0.,0.,-1.));
#6424=DIRECTION('ref_axis',(-1.,0.,0.));
#6425=DIRECTION('',(0.,-1.,0.));
#6426=DIRECTION('',(-1.,0.,0.));
#6427=DIRECTION('',(0.,-1.,0.));
#6428=DIRECTION('center_axis',(1.,0.,0.));
#6429=DIRECTION('ref_axis',(0.,0.,-1.));
#6430=DIRECTION('',(0.,0.,-1.));
#6431=DIRECTION('',(0.,-1.,0.));
#6432=DIRECTION('center_axis',(-5.10212787052002E-16,0.,1.));
#6433=DIRECTION('ref_axis',(1.,0.,5.10212787052002E-16));
#6434=DIRECTION('',(1.,0.,5.10212787052002E-16));
#6435=DIRECTION('',(0.,-1.,0.));
#6436=DIRECTION('center_axis',(-1.,0.,0.));
#6437=DIRECTION('ref_axis',(0.,0.,1.));
#6438=DIRECTION('',(0.,0.,1.));
#6439=DIRECTION('center_axis',(0.,-1.,0.));
#6440=DIRECTION('ref_axis',(0.,0.,-1.));
#6441=DIRECTION('center_axis',(0.,-1.,0.));
#6442=DIRECTION('ref_axis',(0.,0.,-1.));
#6443=DIRECTION('',(1.,0.,0.));
#6444=DIRECTION('',(0.,0.,1.));
#6445=DIRECTION('',(-1.,0.,5.10212787052002E-16));
#6446=DIRECTION('',(0.,0.,-1.));
#6447=DIRECTION('center_axis',(1.,0.,0.));
#6448=DIRECTION('ref_axis',(0.,0.,-1.));
#6449=DIRECTION('',(0.,-1.,0.));
#6450=DIRECTION('',(0.,0.,-1.));
#6451=DIRECTION('',(0.,-1.,0.));
#6452=DIRECTION('center_axis',(5.10212787052002E-16,0.,1.));
#6453=DIRECTION('ref_axis',(1.,0.,-5.10212787052002E-16));
#6454=DIRECTION('',(1.,0.,-5.10212787052002E-16));
#6455=DIRECTION('',(0.,-1.,0.));
#6456=DIRECTION('center_axis',(-1.,0.,0.));
#6457=DIRECTION('ref_axis',(0.,0.,1.));
#6458=DIRECTION('',(0.,0.,1.));
#6459=DIRECTION('',(0.,-1.,0.));
#6460=DIRECTION('center_axis',(0.,0.,-1.));
#6461=DIRECTION('ref_axis',(-1.,0.,0.));
#6462=DIRECTION('',(-1.,0.,0.));
#6463=DIRECTION('center_axis',(0.,-1.,0.));
#6464=DIRECTION('ref_axis',(0.,0.,-1.));
#6465=DIRECTION('center_axis',(0.,-1.,0.));
#6466=DIRECTION('ref_axis',(0.,0.,-1.));
#6467=DIRECTION('',(-1.,0.,0.));
#6468=DIRECTION('',(1.020425574104E-14,0.,-1.));
#6469=DIRECTION('',(1.,0.,0.));
#6470=DIRECTION('',(-5.10212787052002E-16,0.,1.));
#6471=DIRECTION('center_axis',(-1.,0.,-1.020425574104E-14));
#6472=DIRECTION('ref_axis',(-1.020425574104E-14,0.,1.));
#6473=DIRECTION('',(0.,-1.,0.));
#6474=DIRECTION('',(-1.020425574104E-14,0.,1.));
#6475=DIRECTION('',(0.,-1.,0.));
#6476=DIRECTION('center_axis',(0.,0.,-1.));
#6477=DIRECTION('ref_axis',(-1.,0.,0.));
#6478=DIRECTION('',(-1.,0.,0.));
#6479=DIRECTION('',(0.,-1.,0.));
#6480=DIRECTION('center_axis',(1.,0.,5.10212787052002E-16));
#6481=DIRECTION('ref_axis',(5.10212787052002E-16,0.,-1.));
#6482=DIRECTION('',(5.10212787052002E-16,0.,-1.));
#6483=DIRECTION('',(0.,-1.,0.));
#6484=DIRECTION('center_axis',(0.,0.,1.));
#6485=DIRECTION('ref_axis',(1.,0.,0.));
#6486=DIRECTION('',(1.,0.,0.));
#6487=DIRECTION('center_axis',(0.,-1.,0.));
#6488=DIRECTION('ref_axis',(0.,0.,-1.));
#6489=DIRECTION('center_axis',(0.,-1.,0.));
#6490=DIRECTION('ref_axis',(0.,0.,-1.));
#6491=DIRECTION('',(-1.020425574104E-14,0.,-1.));
#6492=DIRECTION('',(1.,0.,0.));
#6493=DIRECTION('',(5.10212787052002E-16,0.,1.));
#6494=DIRECTION('',(-1.,0.,0.));
#6495=DIRECTION('center_axis',(0.,0.,-1.));
#6496=DIRECTION('ref_axis',(-1.,0.,0.));
#6497=DIRECTION('',(0.,-1.,0.));
#6498=DIRECTION('',(-1.,0.,0.));
#6499=DIRECTION('',(0.,-1.,0.));
#6500=DIRECTION('center_axis',(1.,0.,-5.10212787052002E-16));
#6501=DIRECTION('ref_axis',(-5.10212787052002E-16,0.,-1.));
#6502=DIRECTION('',(-5.10212787052002E-16,0.,-1.));
#6503=DIRECTION('',(0.,-1.,0.));
#6504=DIRECTION('center_axis',(0.,0.,1.));
#6505=DIRECTION('ref_axis',(1.,0.,0.));
#6506=DIRECTION('',(1.,0.,0.));
#6507=DIRECTION('',(0.,-1.,0.));
#6508=DIRECTION('center_axis',(-1.,0.,1.020425574104E-14));
#6509=DIRECTION('ref_axis',(1.020425574104E-14,0.,1.));
#6510=DIRECTION('',(1.020425574104E-14,0.,1.));
#6511=DIRECTION('center_axis',(0.,-1.,0.));
#6512=DIRECTION('ref_axis',(0.,0.,-1.));
#6513=DIRECTION('center_axis',(0.,-1.,0.));
#6514=DIRECTION('ref_axis',(0.,0.,-1.));
#6515=DIRECTION('',(-1.,0.,0.));
#6516=DIRECTION('',(1.020425574104E-14,0.,-1.));
#6517=DIRECTION('',(1.,0.,0.));
#6518=DIRECTION('',(-5.10212787052002E-16,0.,1.));
#6519=DIRECTION('center_axis',(-1.,0.,-1.020425574104E-14));
#6520=DIRECTION('ref_axis',(-1.020425574104E-14,0.,1.));
#6521=DIRECTION('',(0.,-1.,0.));
#6522=DIRECTION('',(-1.020425574104E-14,0.,1.));
#6523=DIRECTION('',(0.,-1.,0.));
#6524=DIRECTION('center_axis',(0.,0.,-1.));
#6525=DIRECTION('ref_axis',(-1.,0.,0.));
#6526=DIRECTION('',(-1.,0.,0.));
#6527=DIRECTION('',(0.,-1.,0.));
#6528=DIRECTION('center_axis',(1.,0.,5.10212787052002E-16));
#6529=DIRECTION('ref_axis',(5.10212787052002E-16,0.,-1.));
#6530=DIRECTION('',(5.10212787052002E-16,0.,-1.));
#6531=DIRECTION('',(0.,-1.,0.));
#6532=DIRECTION('center_axis',(0.,0.,1.));
#6533=DIRECTION('ref_axis',(1.,0.,0.));
#6534=DIRECTION('',(1.,0.,0.));
#6535=DIRECTION('center_axis',(0.,-1.,0.));
#6536=DIRECTION('ref_axis',(0.,0.,-1.));
#6537=DIRECTION('center_axis',(0.,-1.,0.));
#6538=DIRECTION('ref_axis',(0.,0.,-1.));
#6539=DIRECTION('',(-1.020425574104E-14,0.,-1.));
#6540=DIRECTION('',(1.,0.,0.));
#6541=DIRECTION('',(5.10212787052002E-16,0.,1.));
#6542=DIRECTION('',(-1.,0.,0.));
#6543=DIRECTION('center_axis',(0.,0.,-1.));
#6544=DIRECTION('ref_axis',(-1.,0.,0.));
#6545=DIRECTION('',(0.,-1.,0.));
#6546=DIRECTION('',(-1.,0.,0.));
#6547=DIRECTION('',(0.,-1.,0.));
#6548=DIRECTION('center_axis',(1.,0.,-5.10212787052002E-16));
#6549=DIRECTION('ref_axis',(-5.10212787052002E-16,0.,-1.));
#6550=DIRECTION('',(-5.10212787052002E-16,0.,-1.));
#6551=DIRECTION('',(0.,-1.,0.));
#6552=DIRECTION('center_axis',(0.,0.,1.));
#6553=DIRECTION('ref_axis',(1.,0.,0.));
#6554=DIRECTION('',(1.,0.,0.));
#6555=DIRECTION('',(0.,-1.,0.));
#6556=DIRECTION('center_axis',(-1.,0.,1.020425574104E-14));
#6557=DIRECTION('ref_axis',(1.020425574104E-14,0.,1.));
#6558=DIRECTION('',(1.020425574104E-14,0.,1.));
#6559=DIRECTION('center_axis',(0.,-1.,0.));
#6560=DIRECTION('ref_axis',(0.,0.,-1.));
#6561=DIRECTION('center_axis',(0.,-1.,0.));
#6562=DIRECTION('ref_axis',(0.,0.,-1.));
#6563=DIRECTION('',(-1.,0.,0.));
#6564=DIRECTION('',(1.020425574104E-14,0.,-1.));
#6565=DIRECTION('',(1.,0.,0.));
#6566=DIRECTION('',(-5.10212787052002E-16,0.,1.));
#6567=DIRECTION('center_axis',(-1.,0.,-1.020425574104E-14));
#6568=DIRECTION('ref_axis',(-1.020425574104E-14,0.,1.));
#6569=DIRECTION('',(0.,-1.,0.));
#6570=DIRECTION('',(-1.020425574104E-14,0.,1.));
#6571=DIRECTION('',(0.,-1.,0.));
#6572=DIRECTION('center_axis',(0.,0.,-1.));
#6573=DIRECTION('ref_axis',(-1.,0.,0.));
#6574=DIRECTION('',(-1.,0.,0.));
#6575=DIRECTION('',(0.,-1.,0.));
#6576=DIRECTION('center_axis',(1.,0.,5.10212787052002E-16));
#6577=DIRECTION('ref_axis',(5.10212787052002E-16,0.,-1.));
#6578=DIRECTION('',(5.10212787052002E-16,0.,-1.));
#6579=DIRECTION('',(0.,-1.,0.));
#6580=DIRECTION('center_axis',(0.,0.,1.));
#6581=DIRECTION('ref_axis',(1.,0.,0.));
#6582=DIRECTION('',(1.,0.,0.));
#6583=DIRECTION('center_axis',(0.,-1.,0.));
#6584=DIRECTION('ref_axis',(0.,0.,-1.));
#6585=DIRECTION('center_axis',(0.,-1.,0.));
#6586=DIRECTION('ref_axis',(0.,0.,-1.));
#6587=DIRECTION('',(-1.020425574104E-14,0.,-1.));
#6588=DIRECTION('',(1.,0.,0.));
#6589=DIRECTION('',(5.10212787052002E-16,0.,1.));
#6590=DIRECTION('',(-1.,0.,0.));
#6591=DIRECTION('center_axis',(0.,0.,-1.));
#6592=DIRECTION('ref_axis',(-1.,0.,0.));
#6593=DIRECTION('',(0.,-1.,0.));
#6594=DIRECTION('',(-1.,0.,0.));
#6595=DIRECTION('',(0.,-1.,0.));
#6596=DIRECTION('center_axis',(1.,0.,-5.10212787052002E-16));
#6597=DIRECTION('ref_axis',(-5.10212787052002E-16,0.,-1.));
#6598=DIRECTION('',(-5.10212787052002E-16,0.,-1.));
#6599=DIRECTION('',(0.,-1.,0.));
#6600=DIRECTION('center_axis',(0.,0.,1.));
#6601=DIRECTION('ref_axis',(1.,0.,0.));
#6602=DIRECTION('',(1.,0.,0.));
#6603=DIRECTION('',(0.,-1.,0.));
#6604=DIRECTION('center_axis',(-1.,0.,1.020425574104E-14));
#6605=DIRECTION('ref_axis',(1.020425574104E-14,0.,1.));
#6606=DIRECTION('',(1.020425574104E-14,0.,1.));
#6607=DIRECTION('center_axis',(0.,-1.,0.));
#6608=DIRECTION('ref_axis',(0.,0.,-1.));
#6609=DIRECTION('center_axis',(0.,-1.,0.));
#6610=DIRECTION('ref_axis',(0.,0.,-1.));
#6611=DIRECTION('',(-1.,0.,0.));
#6612=DIRECTION('',(1.020425574104E-14,0.,-1.));
#6613=DIRECTION('',(1.,0.,0.));
#6614=DIRECTION('',(-5.10212787052002E-16,0.,1.));
#6615=DIRECTION('center_axis',(-1.,0.,-1.020425574104E-14));
#6616=DIRECTION('ref_axis',(-1.020425574104E-14,0.,1.));
#6617=DIRECTION('',(0.,-1.,0.));
#6618=DIRECTION('',(-1.020425574104E-14,0.,1.));
#6619=DIRECTION('',(0.,-1.,0.));
#6620=DIRECTION('center_axis',(0.,0.,-1.));
#6621=DIRECTION('ref_axis',(-1.,0.,0.));
#6622=DIRECTION('',(-1.,0.,0.));
#6623=DIRECTION('',(0.,-1.,0.));
#6624=DIRECTION('center_axis',(1.,0.,5.10212787052002E-16));
#6625=DIRECTION('ref_axis',(5.10212787052002E-16,0.,-1.));
#6626=DIRECTION('',(5.10212787052002E-16,0.,-1.));
#6627=DIRECTION('',(0.,-1.,0.));
#6628=DIRECTION('center_axis',(0.,0.,1.));
#6629=DIRECTION('ref_axis',(1.,0.,0.));
#6630=DIRECTION('',(1.,0.,0.));
#6631=DIRECTION('center_axis',(0.,-1.,0.));
#6632=DIRECTION('ref_axis',(0.,0.,-1.));
#6633=DIRECTION('center_axis',(0.,-1.,0.));
#6634=DIRECTION('ref_axis',(0.,0.,-1.));
#6635=DIRECTION('',(-1.020425574104E-14,0.,-1.));
#6636=DIRECTION('',(1.,0.,0.));
#6637=DIRECTION('',(5.10212787052002E-16,0.,1.));
#6638=DIRECTION('',(-1.,0.,0.));
#6639=DIRECTION('center_axis',(0.,0.,-1.));
#6640=DIRECTION('ref_axis',(-1.,0.,0.));
#6641=DIRECTION('',(0.,-1.,0.));
#6642=DIRECTION('',(-1.,0.,0.));
#6643=DIRECTION('',(0.,-1.,0.));
#6644=DIRECTION('center_axis',(1.,0.,-5.10212787052002E-16));
#6645=DIRECTION('ref_axis',(-5.10212787052002E-16,0.,-1.));
#6646=DIRECTION('',(-5.10212787052002E-16,0.,-1.));
#6647=DIRECTION('',(0.,-1.,0.));
#6648=DIRECTION('center_axis',(0.,0.,1.));
#6649=DIRECTION('ref_axis',(1.,0.,0.));
#6650=DIRECTION('',(1.,0.,0.));
#6651=DIRECTION('',(0.,-1.,0.));
#6652=DIRECTION('center_axis',(-1.,0.,1.020425574104E-14));
#6653=DIRECTION('ref_axis',(1.020425574104E-14,0.,1.));
#6654=DIRECTION('',(1.020425574104E-14,0.,1.));
#6655=DIRECTION('center_axis',(0.,-1.,0.));
#6656=DIRECTION('ref_axis',(0.,0.,-1.));
#6657=DIRECTION('center_axis',(0.,-1.,0.));
#6658=DIRECTION('ref_axis',(0.,0.,-1.));
#6659=DIRECTION('',(-1.,0.,0.));
#6660=DIRECTION('',(1.020425574104E-14,0.,-1.));
#6661=DIRECTION('',(1.,0.,0.));
#6662=DIRECTION('',(-5.10212787052002E-16,0.,1.));
#6663=DIRECTION('center_axis',(-1.,0.,-1.020425574104E-14));
#6664=DIRECTION('ref_axis',(-1.020425574104E-14,0.,1.));
#6665=DIRECTION('',(0.,-1.,0.));
#6666=DIRECTION('',(-1.020425574104E-14,0.,1.));
#6667=DIRECTION('',(0.,-1.,0.));
#6668=DIRECTION('center_axis',(0.,0.,-1.));
#6669=DIRECTION('ref_axis',(-1.,0.,0.));
#6670=DIRECTION('',(-1.,0.,0.));
#6671=DIRECTION('',(0.,-1.,0.));
#6672=DIRECTION('center_axis',(1.,0.,5.10212787052002E-16));
#6673=DIRECTION('ref_axis',(5.10212787052002E-16,0.,-1.));
#6674=DIRECTION('',(5.10212787052002E-16,0.,-1.));
#6675=DIRECTION('',(0.,-1.,0.));
#6676=DIRECTION('center_axis',(0.,0.,1.));
#6677=DIRECTION('ref_axis',(1.,0.,0.));
#6678=DIRECTION('',(1.,0.,0.));
#6679=DIRECTION('center_axis',(0.,-1.,0.));
#6680=DIRECTION('ref_axis',(0.,0.,-1.));
#6681=DIRECTION('center_axis',(0.,1.,0.));
#6682=DIRECTION('ref_axis',(0.,0.,1.));
#6683=DIRECTION('center_axis',(0.,1.,0.));
#6684=DIRECTION('ref_axis',(0.,0.,1.));
#6685=DIRECTION('',(0.,1.,0.));
#6686=DIRECTION('center_axis',(0.,1.,0.));
#6687=DIRECTION('ref_axis',(0.,0.,1.));
#6688=DIRECTION('center_axis',(-1.,0.,0.));
#6689=DIRECTION('ref_axis',(0.,0.,1.));
#6690=DIRECTION('',(0.,1.,0.));
#6691=DIRECTION('',(0.,0.,1.));
#6692=DIRECTION('',(0.,-1.,0.));
#6693=DIRECTION('',(0.,0.,-1.));
#6694=DIRECTION('center_axis',(0.,0.,1.));
#6695=DIRECTION('ref_axis',(1.,0.,0.));
#6696=DIRECTION('',(0.,1.,0.));
#6697=DIRECTION('',(1.,0.,0.));
#6698=DIRECTION('',(0.,-1.,0.));
#6699=DIRECTION('',(-1.,0.,0.));
#6700=DIRECTION('center_axis',(1.,0.,0.));
#6701=DIRECTION('ref_axis',(0.,0.,-1.));
#6702=DIRECTION('',(0.,1.,0.));
#6703=DIRECTION('',(0.,0.,-1.));
#6704=DIRECTION('',(0.,-1.,0.));
#6705=DIRECTION('',(0.,0.,1.));
#6706=DIRECTION('center_axis',(0.,0.,-1.));
#6707=DIRECTION('ref_axis',(-1.,0.,0.));
#6708=DIRECTION('',(0.,1.,0.));
#6709=DIRECTION('',(-1.,0.,0.));
#6710=DIRECTION('',(0.,-1.,0.));
#6711=DIRECTION('',(1.,0.,0.));
#6712=DIRECTION('center_axis',(0.,-1.,0.));
#6713=DIRECTION('ref_axis',(0.,0.,-1.));
#6714=DIRECTION('',(-1.,0.,0.));
#6715=DIRECTION('',(-0.707106781186548,0.,0.707106781186547));
#6716=DIRECTION('',(0.,0.,1.));
#6717=DIRECTION('center_axis',(0.,1.,0.));
#6718=DIRECTION('ref_axis',(0.,0.,-1.));
#6719=DIRECTION('',(1.,0.,0.));
#6720=DIRECTION('center_axis',(0.,1.,0.));
#6721=DIRECTION('ref_axis',(0.,0.,-1.));
#6722=DIRECTION('',(0.,0.,-1.));
#6723=DIRECTION('center_axis',(0.,1.,0.));
#6724=DIRECTION('ref_axis',(-1.18008399726313E-15,0.,-1.));
#6725=DIRECTION('',(1.,0.,0.));
#6726=DIRECTION('',(0.707106781186546,0.,0.707106781186549));
#6727=DIRECTION('',(0.,0.,1.));
#6728=DIRECTION('',(-1.,0.,0.));
#6729=DIRECTION('',(-0.707106781186546,0.,-0.707106781186549));
#6730=DIRECTION('',(0.,0.,-1.));
#6731=DIRECTION('center_axis',(0.,-1.,0.));
#6732=DIRECTION('ref_axis',(0.,0.,-1.));
#6733=DIRECTION('',(0.,0.,-1.));
#6734=DIRECTION('',(0.707106781186548,0.,-0.707106781186547));
#6735=DIRECTION('',(1.,0.,0.));
#6736=DIRECTION('center_axis',(0.,-1.,0.));
#6737=DIRECTION('ref_axis',(0.,0.,-1.));
#6738=DIRECTION('',(0.,0.,1.));
#6739=DIRECTION('center_axis',(0.,-1.,0.));
#6740=DIRECTION('ref_axis',(0.,0.,-1.));
#6741=DIRECTION('',(-1.,0.,0.));
#6742=DIRECTION('center_axis',(0.,-1.,0.));
#6743=DIRECTION('ref_axis',(0.,0.,-1.));
#6744=DIRECTION('center_axis',(0.,-1.,0.));
#6745=DIRECTION('ref_axis',(0.,0.,-1.));
#6746=DIRECTION('center_axis',(0.,-1.,0.));
#6747=DIRECTION('ref_axis',(0.,0.,-1.));
#6748=DIRECTION('center_axis',(0.,1.,0.));
#6749=DIRECTION('ref_axis',(0.,0.,-1.));
#6750=DIRECTION('center_axis',(0.,-1.,0.));
#6751=DIRECTION('ref_axis',(0.,0.,-1.));
#6752=DIRECTION('center_axis',(0.,-1.,0.));
#6753=DIRECTION('ref_axis',(0.,0.,-1.));
#6754=DIRECTION('center_axis',(0.,1.,0.));
#6755=DIRECTION('ref_axis',(0.,0.,-1.));
#6756=DIRECTION('center_axis',(0.,-1.,0.));
#6757=DIRECTION('ref_axis',(0.,0.,-1.));
#6758=DIRECTION('center_axis',(0.,-1.,0.));
#6759=DIRECTION('ref_axis',(0.,0.,-1.));
#6760=DIRECTION('center_axis',(0.,1.,0.));
#6761=DIRECTION('ref_axis',(-1.0842021724855E-15,0.,-1.));
#6762=DIRECTION('center_axis',(0.707106781186547,0.,0.707106781186548));
#6763=DIRECTION('ref_axis',(0.,-1.,0.));
#6764=DIRECTION('',(-0.707106781186548,0.,0.707106781186547));
#6765=DIRECTION('',(0.707106781186548,0.,-0.707106781186547));
#6766=DIRECTION('center_axis',(0.,0.,-1.));
#6767=DIRECTION('ref_axis',(-1.,0.,0.));
#6768=DIRECTION('center_axis',(0.,0.,1.));
#6769=DIRECTION('ref_axis',(1.,0.,0.));
#6770=DIRECTION('center_axis',(0.,0.,-1.));
#6771=DIRECTION('ref_axis',(-1.,0.,0.));
#6772=DIRECTION('center_axis',(0.,-1.,0.));
#6773=DIRECTION('ref_axis',(0.,0.,-1.));
#6774=DIRECTION('center_axis',(-1.,0.,0.));
#6775=DIRECTION('ref_axis',(0.,0.,1.));
#6776=DIRECTION('center_axis',(0.,-1.,0.));
#6777=DIRECTION('ref_axis',(0.,0.,-1.));
#6778=DIRECTION('center_axis',(-1.,0.,0.));
#6779=DIRECTION('ref_axis',(0.,0.,1.));
#6780=DIRECTION('center_axis',(-1.,0.,0.));
#6781=DIRECTION('ref_axis',(0.,0.,1.));
#6782=DIRECTION('center_axis',(-0.923879532511286,1.27192978337531E-14,
0.382683432365091));
#6783=DIRECTION('ref_axis',(0.382683432365091,3.02295901642755E-12,0.923879532511286));
#6784=DIRECTION('center_axis',(1.,0.,0.));
#6785=DIRECTION('ref_axis',(0.,0.,-1.));
#6786=DIRECTION('center_axis',(-1.,0.,0.));
#6787=DIRECTION('ref_axis',(0.,0.,1.));
#6788=DIRECTION('center_axis',(-0.707106781186548,0.,0.707106781186547));
#6789=DIRECTION('ref_axis',(0.707106781186547,0.,0.707106781186548));
#6790=DIRECTION('center_axis',(-0.382683432365068,-3.96929811708465E-14,
0.923879532511296));
#6791=DIRECTION('ref_axis',(0.923879532511296,5.85591142422307E-12,0.382683432365068));
#6792=DIRECTION('center_axis',(0.,-1.,0.));
#6793=DIRECTION('ref_axis',(0.,0.,-1.));
#6794=DIRECTION('center_axis',(0.,0.,-1.));
#6795=DIRECTION('ref_axis',(-1.,0.,0.));
#6796=DIRECTION('center_axis',(0.,0.,1.));
#6797=DIRECTION('ref_axis',(1.,0.,0.));
#6798=DIRECTION('center_axis',(-1.,0.,0.));
#6799=DIRECTION('ref_axis',(0.,0.,1.));
#6800=DIRECTION('center_axis',(-1.,0.,0.));
#6801=DIRECTION('ref_axis',(0.,0.,1.));
#6802=DIRECTION('center_axis',(1.,0.,0.));
#6803=DIRECTION('ref_axis',(0.,0.,-1.));
#6804=DIRECTION('center_axis',(0.,-1.,0.));
#6805=DIRECTION('ref_axis',(0.,0.,-1.));
#6806=DIRECTION('center_axis',(0.,0.,-1.));
#6807=DIRECTION('ref_axis',(-1.,0.,0.));
#6808=DIRECTION('center_axis',(0.,-1.,0.));
#6809=DIRECTION('ref_axis',(0.,0.,-1.));
#6810=DIRECTION('center_axis',(0.,0.,-1.));
#6811=DIRECTION('ref_axis',(-1.,0.,0.));
#6812=DIRECTION('center_axis',(0.,0.,1.));
#6813=DIRECTION('ref_axis',(1.,0.,0.));
#6814=DIRECTION('center_axis',(0.,0.,-1.));
#6815=DIRECTION('ref_axis',(-1.,0.,0.));
#6816=DIRECTION('center_axis',(0.,0.,-1.));
#6817=DIRECTION('ref_axis',(-1.,0.,0.));
#6818=DIRECTION('center_axis',(0.382683432365084,-2.06140344202191E-14,
-0.923879532511289));
#6819=DIRECTION('ref_axis',(0.923879532511289,-4.62392218667405E-12,0.382683432365084));
#6820=DIRECTION('center_axis',(0.,-1.,0.));
#6821=DIRECTION('ref_axis',(0.,0.,-1.));
#6822=DIRECTION('center_axis',(-1.,0.,0.));
#6823=DIRECTION('ref_axis',(0.,0.,1.));
#6824=DIRECTION('center_axis',(-0.707106781186548,0.,0.707106781186547));
#6825=DIRECTION('ref_axis',(0.707106781186547,0.,0.707106781186548));
#6826=DIRECTION('center_axis',(0.923879532511296,3.96929811708476E-14,-0.382683432365068));
#6827=DIRECTION('ref_axis',(0.382683432365068,-4.31083705873514E-12,0.923879532511296));
#6828=DIRECTION('center_axis',(1.,0.,0.));
#6829=DIRECTION('ref_axis',(0.,0.,-1.));
#6830=DIRECTION('center_axis',(0.,0.,1.));
#6831=DIRECTION('ref_axis',(1.,0.,0.));
#6832=DIRECTION('',(0.,-1.,0.));
#6833=DIRECTION('',(-1.,0.,0.));
#6834=DIRECTION('',(0.,-1.,0.));
#6835=DIRECTION('center_axis',(1.,0.,0.));
#6836=DIRECTION('ref_axis',(0.,0.,-1.));
#6837=DIRECTION('',(0.,-1.,0.));
#6838=DIRECTION('',(0.,0.,1.));
#6839=DIRECTION('center_axis',(0.707106781186549,0.,-0.707106781186546));
#6840=DIRECTION('ref_axis',(-0.707106781186546,0.,-0.707106781186549));
#6841=DIRECTION('',(0.,-1.,0.));
#6842=DIRECTION('',(0.707106781186546,0.,0.707106781186549));
#6843=DIRECTION('center_axis',(0.,0.,-1.));
#6844=DIRECTION('ref_axis',(-1.,0.,0.));
#6845=DIRECTION('',(0.,-1.,0.));
#6846=DIRECTION('',(1.,0.,0.));
#6847=DIRECTION('center_axis',(-1.,0.,0.));
#6848=DIRECTION('ref_axis',(0.,0.,1.));
#6849=DIRECTION('',(0.,-1.,0.));
#6850=DIRECTION('',(0.,0.,-1.));
#6851=DIRECTION('center_axis',(-0.707106781186549,0.,0.707106781186546));
#6852=DIRECTION('ref_axis',(0.707106781186546,0.,0.707106781186549));
#6853=DIRECTION('',(-0.707106781186546,0.,-0.707106781186549));
#6854=DIRECTION('center_axis',(0.,1.,0.));
#6855=DIRECTION('ref_axis',(0.,0.,1.));
#6856=DIRECTION('center_axis',(0.,1.,0.));
#6857=DIRECTION('ref_axis',(0.,0.,1.));
#6858=DIRECTION('center_axis',(0.,1.,0.));
#6859=DIRECTION('ref_axis',(0.,0.,1.));
#6860=DIRECTION('center_axis',(0.,1.,0.));
#6861=DIRECTION('ref_axis',(0.,0.,1.));
#6862=DIRECTION('',(0.,-1.,0.));
#6863=DIRECTION('center_axis',(0.,-1.,0.));
#6864=DIRECTION('ref_axis',(0.,0.,1.));
#6865=DIRECTION('center_axis',(0.,1.,0.));
#6866=DIRECTION('ref_axis',(0.,0.,1.));
#6867=DIRECTION('center_axis',(0.,1.,0.));
#6868=DIRECTION('ref_axis',(0.,0.,1.));
#6869=CARTESIAN_POINT('',(0.,0.,0.));
#6870=CARTESIAN_POINT('Origin',(-7.75,2.11,7.75));
#6871=CARTESIAN_POINT('',(-7.75,1.15,-7.75));
#6872=CARTESIAN_POINT('',(-7.75,1.15,7.75));
#6873=CARTESIAN_POINT('',(-7.75,1.15,7.75));
#6874=CARTESIAN_POINT('',(-7.75,2.11,7.75));
#6875=CARTESIAN_POINT('',(-7.75,2.11,7.75));
#6876=CARTESIAN_POINT('',(-7.75,2.11,-7.75));
#6877=CARTESIAN_POINT('',(-7.75,2.11,7.75));
#6878=CARTESIAN_POINT('',(-7.75,2.11,-7.75));
#6879=CARTESIAN_POINT('Origin',(7.75,2.11,7.75));
#6880=CARTESIAN_POINT('',(7.75,1.15,7.75));
#6881=CARTESIAN_POINT('',(7.75,1.15,7.75));
#6882=CARTESIAN_POINT('',(7.75,2.11,7.75));
#6883=CARTESIAN_POINT('',(7.75,2.11,7.75));
#6884=CARTESIAN_POINT('',(7.75,2.11,7.75));
#6885=CARTESIAN_POINT('Origin',(7.75,2.11,7.75));
#6886=CARTESIAN_POINT('',(7.75,1.15,-7.75));
#6887=CARTESIAN_POINT('',(7.75,1.15,7.75));
#6888=CARTESIAN_POINT('',(7.75,2.11,-7.75));
#6889=CARTESIAN_POINT('',(7.75,2.11,-7.75));
#6890=CARTESIAN_POINT('',(7.75,2.11,7.75));
#6891=CARTESIAN_POINT('Origin',(7.75,2.11,-7.75));
#6892=CARTESIAN_POINT('',(7.75,1.15,-7.75));
#6893=CARTESIAN_POINT('',(7.75,2.11,-7.75));
#6894=CARTESIAN_POINT('Origin',(0.,2.11,0.));
#6895=CARTESIAN_POINT('Origin',(0.,1.15,0.));
#6896=CARTESIAN_POINT('Origin',(-7.75,-1.26298570240273,7.75));
#6897=CARTESIAN_POINT('',(-7.75,1.15,7.75));
#6898=CARTESIAN_POINT('',(-5.35,1.15,7.75));
#6899=CARTESIAN_POINT('',(-7.75,1.15,7.75));
#6900=CARTESIAN_POINT('',(-7.75,2.11,7.75));
#6901=CARTESIAN_POINT('',(-7.75,-1.26298570240273,7.75));
#6902=CARTESIAN_POINT('',(-5.35,2.11,7.75));
#6903=CARTESIAN_POINT('',(-7.75,2.11,7.75));
#6904=CARTESIAN_POINT('',(-5.35,-1.26298570240273,7.75));
#6905=CARTESIAN_POINT('Origin',(-5.35,-1.26298570240273,8.));
#6906=CARTESIAN_POINT('',(-5.6,1.15,8.));
#6907=CARTESIAN_POINT('Origin',(-5.35,1.15,8.));
#6908=CARTESIAN_POINT('',(-5.6,2.11,8.));
#6909=CARTESIAN_POINT('Origin',(-5.35,2.11,8.));
#6910=CARTESIAN_POINT('',(-5.6,-1.26298570240273,8.));
#6911=CARTESIAN_POINT('Origin',(-7.75,-1.26298570240273,8.));
#6912=CARTESIAN_POINT('',(-7.75,1.15,8.));
#6913=CARTESIAN_POINT('',(-7.75,1.15,8.));
#6914=CARTESIAN_POINT('',(-7.75,2.11,8.));
#6915=CARTESIAN_POINT('',(-7.75,2.11,8.));
#6916=CARTESIAN_POINT('',(-7.75,-1.26298570240273,8.));
#6917=CARTESIAN_POINT('Origin',(-7.75,-1.26298570240273,7.75));
#6918=CARTESIAN_POINT('',(-7.75,1.15,7.75));
#6919=CARTESIAN_POINT('',(-7.75,2.11,7.75));
#6920=CARTESIAN_POINT('Origin',(-5.35,2.11,8.));
#6921=CARTESIAN_POINT('Origin',(0.,1.15,0.));
#6922=CARTESIAN_POINT('Origin',(5.34999999999999,-1.26298570240273,7.99999999999999));
#6923=CARTESIAN_POINT('',(5.6,1.15,7.99999999999999));
#6924=CARTESIAN_POINT('',(5.34999999999999,1.15,7.74999999999999));
#6925=CARTESIAN_POINT('Origin',(5.34999999999999,1.15,7.99999999999999));
#6926=CARTESIAN_POINT('',(5.6,2.11,7.99999999999999));
#6927=CARTESIAN_POINT('',(5.6,-1.26298570240273,7.99999999999999));
#6928=CARTESIAN_POINT('',(5.34999999999999,2.11,7.74999999999999));
#6929=CARTESIAN_POINT('Origin',(5.34999999999999,2.11,7.99999999999999));
#6930=CARTESIAN_POINT('',(5.34999999999999,-1.26298570240273,7.74999999999999));
#6931=CARTESIAN_POINT('Origin',(7.75,-1.26298570240273,7.74999999999999));
#6932=CARTESIAN_POINT('',(7.75,1.15,7.74999999999999));
#6933=CARTESIAN_POINT('',(7.75,1.15,7.74999999999999));
#6934=CARTESIAN_POINT('',(7.75,2.11,7.74999999999999));
#6935=CARTESIAN_POINT('',(7.75,2.11,7.74999999999999));
#6936=CARTESIAN_POINT('',(7.75,-1.26298570240273,7.74999999999999));
#6937=CARTESIAN_POINT('Origin',(7.75,-1.26298570240273,7.74999999999999));
#6938=CARTESIAN_POINT('',(7.75,1.15,7.99999999999999));
#6939=CARTESIAN_POINT('',(7.75,1.15,7.74999999999999));
#6940=CARTESIAN_POINT('',(7.75,2.11,7.99999999999999));
#6941=CARTESIAN_POINT('',(7.75,2.11,7.74999999999999));
#6942=CARTESIAN_POINT('',(7.75,-1.26298570240273,7.99999999999999));
#6943=CARTESIAN_POINT('Origin',(7.75,-1.26298570240273,7.99999999999999));
#6944=CARTESIAN_POINT('',(7.75,1.15,7.99999999999999));
#6945=CARTESIAN_POINT('',(7.75,2.11,7.99999999999999));
#6946=CARTESIAN_POINT('Origin',(5.34999999999999,2.11,7.99999999999999));
#6947=CARTESIAN_POINT('Origin',(0.,1.15,0.));
#6948=CARTESIAN_POINT('Origin',(5.34999999999999,-1.26298570240273,-7.99999999999999));
#6949=CARTESIAN_POINT('',(5.34999999999999,1.15,-7.74999999999999));
#6950=CARTESIAN_POINT('',(5.6,1.15,-7.99999999999999));
#6951=CARTESIAN_POINT('Origin',(5.34999999999999,1.15,-7.99999999999999));
#6952=CARTESIAN_POINT('',(5.34999999999999,2.11,-7.74999999999999));
#6953=CARTESIAN_POINT('',(5.34999999999999,-1.26298570240273,-7.74999999999999));
#6954=CARTESIAN_POINT('',(5.6,2.11,-7.99999999999999));
#6955=CARTESIAN_POINT('Origin',(5.34999999999999,2.11,-7.99999999999999));
#6956=CARTESIAN_POINT('',(5.6,-1.26298570240273,-7.99999999999999));
#6957=CARTESIAN_POINT('Origin',(7.75,-1.26298570240273,-7.99999999999999));
#6958=CARTESIAN_POINT('',(7.75,1.15,-7.99999999999999));
#6959=CARTESIAN_POINT('',(7.75,1.15,-7.99999999999999));
#6960=CARTESIAN_POINT('',(7.75,2.11,-7.99999999999999));
#6961=CARTESIAN_POINT('',(7.75,2.11,-7.99999999999999));
#6962=CARTESIAN_POINT('',(7.75,-1.26298570240273,-7.99999999999999));
#6963=CARTESIAN_POINT('Origin',(7.75,-1.26298570240273,-7.74999999999999));
#6964=CARTESIAN_POINT('',(7.75,1.15,-7.74999999999999));
#6965=CARTESIAN_POINT('',(7.75,1.15,-7.74999999999999));
#6966=CARTESIAN_POINT('',(7.75,2.11,-7.74999999999999));
#6967=CARTESIAN_POINT('',(7.75,2.11,-7.74999999999999));
#6968=CARTESIAN_POINT('',(7.75,-1.26298570240273,-7.74999999999999));
#6969=CARTESIAN_POINT('Origin',(7.75,-1.26298570240273,-7.74999999999999));
#6970=CARTESIAN_POINT('',(7.75,1.15,-7.74999999999999));
#6971=CARTESIAN_POINT('',(7.75,2.11,-7.74999999999999));
#6972=CARTESIAN_POINT('Origin',(5.34999999999999,2.11,-7.99999999999999));
#6973=CARTESIAN_POINT('Origin',(0.,1.15,0.));
#6974=CARTESIAN_POINT('Origin',(-5.35,-1.26298570240273,-8.));
#6975=CARTESIAN_POINT('',(-5.6,1.15,-8.));
#6976=CARTESIAN_POINT('',(-5.35,1.15,-7.75));
#6977=CARTESIAN_POINT('Origin',(-5.35,1.15,-8.));
#6978=CARTESIAN_POINT('',(-5.6,2.11,-8.));
#6979=CARTESIAN_POINT('',(-5.6,-1.26298570240273,-8.));
#6980=CARTESIAN_POINT('',(-5.35,2.11,-7.75));
#6981=CARTESIAN_POINT('Origin',(-5.35,2.11,-8.));
#6982=CARTESIAN_POINT('',(-5.35,-1.26298570240273,-7.75));
#6983=CARTESIAN_POINT('Origin',(-7.75,-1.26298570240273,-7.75));
#6984=CARTESIAN_POINT('',(-7.75,1.15,-7.75));
#6985=CARTESIAN_POINT('',(-7.75,1.15,-7.75));
#6986=CARTESIAN_POINT('',(-7.75,2.11,-7.75));
#6987=CARTESIAN_POINT('',(-7.75,2.11,-7.75));
#6988=CARTESIAN_POINT('',(-7.75,-1.26298570240273,-7.75));
#6989=CARTESIAN_POINT('Origin',(-7.75,-1.26298570240273,-7.75));
#6990=CARTESIAN_POINT('',(-7.75,1.15,-8.));
#6991=CARTESIAN_POINT('',(-7.75,1.15,-7.75));
#6992=CARTESIAN_POINT('',(-7.75,2.11,-8.));
#6993=CARTESIAN_POINT('',(-7.75,2.11,-7.75));
#6994=CARTESIAN_POINT('',(-7.75,-1.26298570240273,-8.));
#6995=CARTESIAN_POINT('Origin',(-7.75,-1.26298570240273,-8.));
#6996=CARTESIAN_POINT('',(-7.75,1.15,-8.));
#6997=CARTESIAN_POINT('',(-7.75,2.11,-8.));
#6998=CARTESIAN_POINT('Origin',(-5.35,2.11,-8.));
#6999=CARTESIAN_POINT('Origin',(0.,1.15,0.));
#7000=CARTESIAN_POINT('Origin',(5.05,21.0835569799683,5.05));
#7001=CARTESIAN_POINT('',(5.05,6.69,5.05));
#7002=CARTESIAN_POINT('',(5.05,6.69,-4.05));
#7003=CARTESIAN_POINT('',(5.05,6.69,5.05));
#7004=CARTESIAN_POINT('',(5.05,6.8,-4.05));
#7005=CARTESIAN_POINT('',(5.05,21.0835569799683,-4.05));
#7006=CARTESIAN_POINT('',(5.05,6.8,5.05));
#7007=CARTESIAN_POINT('',(5.05,6.8,5.05));
#7008=CARTESIAN_POINT('',(5.05,21.0835569799683,5.05));
#7009=CARTESIAN_POINT('Origin',(-5.05,21.0835569799683,-5.05));
#7010=CARTESIAN_POINT('',(4.05,6.8,-5.05));
#7011=CARTESIAN_POINT('',(-5.05,6.8,-5.05));
#7012=CARTESIAN_POINT('',(-5.05,6.8,-5.05));
#7013=CARTESIAN_POINT('',(4.05,6.69,-5.05));
#7014=CARTESIAN_POINT('',(4.05,21.0835569799683,-5.05));
#7015=CARTESIAN_POINT('',(-5.05,6.69,-5.05));
#7016=CARTESIAN_POINT('',(-5.05,6.69,-5.05));
#7017=CARTESIAN_POINT('',(-5.05,21.0835569799683,-5.05));
#7018=CARTESIAN_POINT('Origin',(-5.05,21.0835569799683,5.05));
#7019=CARTESIAN_POINT('',(-5.05,6.69,4.05));
#7020=CARTESIAN_POINT('',(-5.05,6.69,5.05));
#7021=CARTESIAN_POINT('',(-5.05,6.8,4.05));
#7022=CARTESIAN_POINT('',(-5.05,21.0835569799683,4.05));
#7023=CARTESIAN_POINT('',(-5.05,6.8,5.05));
#7024=CARTESIAN_POINT('Origin',(-5.05,21.0835569799683,5.05));
#7025=CARTESIAN_POINT('',(-4.05,6.8,5.05));
#7026=CARTESIAN_POINT('',(-5.05,6.8,5.05));
#7027=CARTESIAN_POINT('',(-4.05,6.69,5.05));
#7028=CARTESIAN_POINT('',(-4.05,21.0835569799683,5.05));
#7029=CARTESIAN_POINT('',(-5.05,6.69,5.05));
#7030=CARTESIAN_POINT('Origin',(0.,6.69,0.));
#7031=CARTESIAN_POINT('',(-4.55000000000001,6.69,4.54999999999999));
#7032=CARTESIAN_POINT('',(4.55000000000001,6.69,-4.54999999999999));
#7033=CARTESIAN_POINT('Origin',(0.,6.8,0.));
#7034=CARTESIAN_POINT('',(-4.55000000000001,6.8,4.54999999999999));
#7035=CARTESIAN_POINT('',(4.55000000000001,6.8,-4.54999999999999));
#7036=CARTESIAN_POINT('Origin',(-4.05,21.0835569799683,5.05));
#7037=CARTESIAN_POINT('Origin',(4.05,21.0835569799683,-5.05));
#7038=CARTESIAN_POINT('Origin',(0.,0.,0.));
#7039=CARTESIAN_POINT('',(7.65,0.,7.65));
#7040=CARTESIAN_POINT('',(7.65,0.,-7.65));
#7041=CARTESIAN_POINT('',(7.65,0.,-7.65));
#7042=CARTESIAN_POINT('',(-7.65,0.,7.65));
#7043=CARTESIAN_POINT('',(-7.65,0.,7.65));
#7044=CARTESIAN_POINT('',(-7.65,0.,-7.65));
#7045=CARTESIAN_POINT('',(-7.65,0.,-7.65));
#7046=CARTESIAN_POINT('',(-7.65,0.,-7.65));
#7047=CARTESIAN_POINT('',(2.65000000000002,0.,-7.45));
#7048=CARTESIAN_POINT('',(1.15,0.,-7.45));
#7049=CARTESIAN_POINT('',(1.15,0.,-7.45));
#7050=CARTESIAN_POINT('',(1.15,0.,-5.75));
#7051=CARTESIAN_POINT('',(1.15,0.,-7.45));
#7052=CARTESIAN_POINT('',(2.65,0.,-5.75));
#7053=CARTESIAN_POINT('',(1.15,0.,-5.75));
#7054=CARTESIAN_POINT('',(2.65000000000002,0.,-7.45));
#7055=CARTESIAN_POINT('',(4.55000000000002,0.,-7.45));
#7056=CARTESIAN_POINT('',(3.05,0.,-7.45));
#7057=CARTESIAN_POINT('',(3.05,0.,-7.45));
#7058=CARTESIAN_POINT('',(3.05,0.,-5.75));
#7059=CARTESIAN_POINT('',(3.05,0.,-7.45));
#7060=CARTESIAN_POINT('',(4.55,0.,-5.75));
#7061=CARTESIAN_POINT('',(3.05,0.,-5.75));
#7062=CARTESIAN_POINT('',(4.55000000000002,0.,-7.45));
#7063=CARTESIAN_POINT('',(-5.74999999999994,0.,2.65));
#7064=CARTESIAN_POINT('',(-5.74999999999994,0.,1.15));
#7065=CARTESIAN_POINT('',(-5.74999999999994,0.,2.65));
#7066=CARTESIAN_POINT('',(-7.44999999999994,0.,1.15));
#7067=CARTESIAN_POINT('',(-7.44999999999994,0.,1.15));
#7068=CARTESIAN_POINT('',(-7.44999999999994,0.,2.65));
#7069=CARTESIAN_POINT('',(-7.44999999999994,0.,2.65));
#7070=CARTESIAN_POINT('',(-7.44999999999994,0.,2.65));
#7071=CARTESIAN_POINT('',(-5.74999999999996,0.,0.75));
#7072=CARTESIAN_POINT('',(-5.74999999999996,0.,-0.749999999999999));
#7073=CARTESIAN_POINT('',(-5.74999999999996,0.,0.75));
#7074=CARTESIAN_POINT('',(-7.44999999999996,0.,-0.75));
#7075=CARTESIAN_POINT('',(-7.44999999999996,0.,-0.75));
#7076=CARTESIAN_POINT('',(-7.44999999999996,0.,0.75));
#7077=CARTESIAN_POINT('',(-7.44999999999996,0.,0.75));
#7078=CARTESIAN_POINT('',(-7.44999999999996,0.,0.75));
#7079=CARTESIAN_POINT('',(5.75,0.,-3.05));
#7080=CARTESIAN_POINT('',(7.45,0.,-3.05));
#7081=CARTESIAN_POINT('',(7.45,0.,-3.05));
#7082=CARTESIAN_POINT('',(7.45,0.,-4.55));
#7083=CARTESIAN_POINT('',(7.45,0.,-3.05));
#7084=CARTESIAN_POINT('',(5.75,0.,-4.55));
#7085=CARTESIAN_POINT('',(7.45,0.,-4.55));
#7086=CARTESIAN_POINT('',(5.75,0.,-3.05));
#7087=CARTESIAN_POINT('',(5.75000000000002,0.,-1.15));
#7088=CARTESIAN_POINT('',(7.45000000000002,0.,-1.15));
#7089=CARTESIAN_POINT('',(7.45000000000002,0.,-1.15));
#7090=CARTESIAN_POINT('',(7.45000000000002,0.,-2.65));
#7091=CARTESIAN_POINT('',(7.45000000000002,0.,-1.15));
#7092=CARTESIAN_POINT('',(5.75000000000002,0.,-2.65));
#7093=CARTESIAN_POINT('',(7.45000000000002,0.,-2.65));
#7094=CARTESIAN_POINT('',(5.75000000000002,0.,-1.15));
#7095=CARTESIAN_POINT('',(0.75000000000002,0.,7.45));
#7096=CARTESIAN_POINT('',(0.750000000000002,0.,5.75));
#7097=CARTESIAN_POINT('',(0.75000000000002,0.,7.45));
#7098=CARTESIAN_POINT('',(-0.749999999999998,0.,5.75));
#7099=CARTESIAN_POINT('',(-0.749999999999998,0.,5.75));
#7100=CARTESIAN_POINT('',(-0.749999999999998,0.,7.45));
#7101=CARTESIAN_POINT('',(-0.749999999999998,0.,7.45));
#7102=CARTESIAN_POINT('',(-0.749999999999998,0.,7.45));
#7103=CARTESIAN_POINT('',(2.65000000000002,0.,7.45));
#7104=CARTESIAN_POINT('',(2.65,0.,5.75));
#7105=CARTESIAN_POINT('',(2.65000000000002,0.,7.45));
#7106=CARTESIAN_POINT('',(1.15,0.,5.75));
#7107=CARTESIAN_POINT('',(1.15,0.,5.75));
#7108=CARTESIAN_POINT('',(1.15,0.,7.45));
#7109=CARTESIAN_POINT('',(1.15,0.,7.45));
#7110=CARTESIAN_POINT('',(1.15,0.,7.45));
#7111=CARTESIAN_POINT('',(5.75000000000008,0.,4.55));
#7112=CARTESIAN_POINT('',(7.45000000000008,0.,4.55));
#7113=CARTESIAN_POINT('',(7.45000000000008,0.,4.55));
#7114=CARTESIAN_POINT('',(7.45000000000008,0.,3.05));
#7115=CARTESIAN_POINT('',(7.45000000000008,0.,4.55));
#7116=CARTESIAN_POINT('',(5.75000000000008,0.,3.05));
#7117=CARTESIAN_POINT('',(7.45000000000008,0.,3.05));
#7118=CARTESIAN_POINT('',(5.75000000000008,0.,4.55));
#7119=CARTESIAN_POINT('',(-1.14999999999998,0.,7.45));
#7120=CARTESIAN_POINT('',(-1.15,0.,5.75));
#7121=CARTESIAN_POINT('',(-1.14999999999998,0.,7.45));
#7122=CARTESIAN_POINT('',(-2.65,0.,5.75));
#7123=CARTESIAN_POINT('',(-2.65,0.,5.75));
#7124=CARTESIAN_POINT('',(-2.65,0.,7.45));
#7125=CARTESIAN_POINT('',(-2.65,0.,7.45));
#7126=CARTESIAN_POINT('',(-2.65,0.,7.45));
#7127=CARTESIAN_POINT('',(-3.04999999999998,0.,-7.45));
#7128=CARTESIAN_POINT('',(-4.55,0.,-7.45));
#7129=CARTESIAN_POINT('',(-4.55,0.,-7.45));
#7130=CARTESIAN_POINT('',(-4.55,0.,-5.75));
#7131=CARTESIAN_POINT('',(-4.55,0.,-7.45));
#7132=CARTESIAN_POINT('',(-3.05,0.,-5.75));
#7133=CARTESIAN_POINT('',(-4.55,0.,-5.75));
#7134=CARTESIAN_POINT('',(-3.04999999999998,0.,-7.45));
#7135=CARTESIAN_POINT('',(-5.74999999999992,0.,4.55));
#7136=CARTESIAN_POINT('',(-5.74999999999992,0.,3.05));
#7137=CARTESIAN_POINT('',(-5.74999999999992,0.,4.55));
#7138=CARTESIAN_POINT('',(-7.44999999999992,0.,3.05));
#7139=CARTESIAN_POINT('',(-7.44999999999992,0.,3.05));
#7140=CARTESIAN_POINT('',(-7.44999999999992,0.,4.55));
#7141=CARTESIAN_POINT('',(-7.44999999999992,0.,4.55));
#7142=CARTESIAN_POINT('',(-7.44999999999992,0.,4.55));
#7143=CARTESIAN_POINT('',(0.75000000000002,0.,-7.45));
#7144=CARTESIAN_POINT('',(-0.749999999999998,0.,-7.45));
#7145=CARTESIAN_POINT('',(-0.749999999999998,0.,-7.45));
#7146=CARTESIAN_POINT('',(-0.749999999999998,0.,-5.75));
#7147=CARTESIAN_POINT('',(-0.749999999999998,0.,-7.45));
#7148=CARTESIAN_POINT('',(0.750000000000002,0.,-5.75));
#7149=CARTESIAN_POINT('',(-0.749999999999998,0.,-5.75));
#7150=CARTESIAN_POINT('',(0.75000000000002,0.,-7.45));
#7151=CARTESIAN_POINT('',(-1.14999999999998,0.,-7.45));
#7152=CARTESIAN_POINT('',(-2.65,0.,-7.45));
#7153=CARTESIAN_POINT('',(-2.65,0.,-7.45));
#7154=CARTESIAN_POINT('',(-2.65,0.,-5.75));
#7155=CARTESIAN_POINT('',(-2.65,0.,-7.45));
#7156=CARTESIAN_POINT('',(-1.15,0.,-5.75));
#7157=CARTESIAN_POINT('',(-2.65,0.,-5.75));
#7158=CARTESIAN_POINT('',(-1.14999999999998,0.,-7.45));
#7159=CARTESIAN_POINT('',(-5.74999999999998,0.,-1.15));
#7160=CARTESIAN_POINT('',(-5.74999999999998,0.,-2.65));
#7161=CARTESIAN_POINT('',(-5.74999999999998,0.,-1.15));
#7162=CARTESIAN_POINT('',(-7.44999999999998,0.,-2.65));
#7163=CARTESIAN_POINT('',(-7.44999999999998,0.,-2.65));
#7164=CARTESIAN_POINT('',(-7.44999999999998,0.,-1.15));
#7165=CARTESIAN_POINT('',(-7.44999999999998,0.,-1.15));
#7166=CARTESIAN_POINT('',(-7.44999999999998,0.,-1.15));
#7167=CARTESIAN_POINT('',(-3.04999999999998,0.,7.45));
#7168=CARTESIAN_POINT('',(-3.05,0.,5.75));
#7169=CARTESIAN_POINT('',(-3.04999999999998,0.,7.45));
#7170=CARTESIAN_POINT('',(-4.55,0.,5.75));
#7171=CARTESIAN_POINT('',(-4.55,0.,5.75));
#7172=CARTESIAN_POINT('',(-4.55,0.,7.45));
#7173=CARTESIAN_POINT('',(-4.55,0.,7.45));
#7174=CARTESIAN_POINT('',(-4.55,0.,7.45));
#7175=CARTESIAN_POINT('',(5.75000000000004,0.,0.75));
#7176=CARTESIAN_POINT('',(7.45000000000004,0.,0.75));
#7177=CARTESIAN_POINT('',(7.45000000000004,0.,0.75));
#7178=CARTESIAN_POINT('',(7.45000000000004,0.,-0.75));
#7179=CARTESIAN_POINT('',(7.45000000000004,0.,0.75));
#7180=CARTESIAN_POINT('',(5.75000000000004,0.,-0.749999999999999));
#7181=CARTESIAN_POINT('',(7.45000000000004,0.,-0.75));
#7182=CARTESIAN_POINT('',(5.75000000000004,0.,0.75));
#7183=CARTESIAN_POINT('',(5.75000000000006,0.,2.65));
#7184=CARTESIAN_POINT('',(7.45000000000006,0.,2.65));
#7185=CARTESIAN_POINT('',(7.45000000000006,0.,2.65));
#7186=CARTESIAN_POINT('',(7.45000000000006,0.,1.15));
#7187=CARTESIAN_POINT('',(7.45000000000006,0.,2.65));
#7188=CARTESIAN_POINT('',(5.75000000000006,0.,1.15));
#7189=CARTESIAN_POINT('',(7.45000000000006,0.,1.15));
#7190=CARTESIAN_POINT('',(5.75000000000006,0.,2.65));
#7191=CARTESIAN_POINT('',(4.55000000000002,0.,7.45));
#7192=CARTESIAN_POINT('',(4.55,0.,5.75));
#7193=CARTESIAN_POINT('',(4.55000000000002,0.,7.45));
#7194=CARTESIAN_POINT('',(3.05,0.,5.75));
#7195=CARTESIAN_POINT('',(3.05,0.,5.75));
#7196=CARTESIAN_POINT('',(3.05,0.,7.45));
#7197=CARTESIAN_POINT('',(3.05,0.,7.45));
#7198=CARTESIAN_POINT('',(3.05,0.,7.45));
#7199=CARTESIAN_POINT('',(-5.75,0.,-3.05));
#7200=CARTESIAN_POINT('',(-5.75,0.,-4.55));
#7201=CARTESIAN_POINT('',(-5.75,0.,-3.05));
#7202=CARTESIAN_POINT('',(-7.45,0.,-4.55));
#7203=CARTESIAN_POINT('',(-7.45,0.,-4.55));
#7204=CARTESIAN_POINT('',(-7.45,0.,-3.05));
#7205=CARTESIAN_POINT('',(-7.45,0.,-3.05));
#7206=CARTESIAN_POINT('',(-7.45,0.,-3.05));
#7207=CARTESIAN_POINT('',(-4.55,0.,5.55));
#7208=CARTESIAN_POINT('',(-5.55,0.,4.55));
#7209=CARTESIAN_POINT('Origin',(-4.55,0.,4.55));
#7210=CARTESIAN_POINT('',(4.55,0.,5.55));
#7211=CARTESIAN_POINT('',(4.55,0.,5.55));
#7212=CARTESIAN_POINT('',(5.55,0.,4.55));
#7213=CARTESIAN_POINT('Origin',(4.55,0.,4.55));
#7214=CARTESIAN_POINT('',(5.55,0.,-4.55));
#7215=CARTESIAN_POINT('',(5.55,0.,-4.55));
#7216=CARTESIAN_POINT('',(4.55,0.,-5.55));
#7217=CARTESIAN_POINT('Origin',(4.55,0.,-4.55));
#7218=CARTESIAN_POINT('',(-4.55,0.,-5.55));
#7219=CARTESIAN_POINT('',(-4.55,0.,-5.55));
#7220=CARTESIAN_POINT('',(-5.55,0.,-4.55));
#7221=CARTESIAN_POINT('Origin',(-4.55,0.,-4.55));
#7222=CARTESIAN_POINT('',(-5.55,0.,4.55));
#7223=CARTESIAN_POINT('Origin',(7.65,1.15,-7.65));
#7224=CARTESIAN_POINT('',(7.65,1.15,-7.65));
#7225=CARTESIAN_POINT('',(7.65,1.15,-7.65));
#7226=CARTESIAN_POINT('',(7.65,1.15,7.65));
#7227=CARTESIAN_POINT('',(7.65,1.15,-7.65));
#7228=CARTESIAN_POINT('',(7.65,1.15,7.65));
#7229=CARTESIAN_POINT('Origin',(-7.65,1.15,-7.65));
#7230=CARTESIAN_POINT('',(-7.65,1.15,-7.65));
#7231=CARTESIAN_POINT('',(-7.65,1.15,-7.65));
#7232=CARTESIAN_POINT('',(-7.65,1.15,-7.65));
#7233=CARTESIAN_POINT('Origin',(-7.65,1.15,-7.65));
#7234=CARTESIAN_POINT('',(-7.65,1.15,7.65));
#7235=CARTESIAN_POINT('',(-7.65,1.15,7.65));
#7236=CARTESIAN_POINT('',(-7.65,1.15,-7.65));
#7237=CARTESIAN_POINT('Origin',(-7.65,1.15,7.65));
#7238=CARTESIAN_POINT('',(-7.65,1.15,7.65));
#7239=CARTESIAN_POINT('Origin',(0.,1.15,0.));
#7240=CARTESIAN_POINT('',(4.55,1.15,5.55));
#7241=CARTESIAN_POINT('',(-4.55,1.15,5.55));
#7242=CARTESIAN_POINT('',(4.55,1.15,5.55));
#7243=CARTESIAN_POINT('',(-5.55,1.15,4.55));
#7244=CARTESIAN_POINT('Origin',(-4.55,1.15,4.55));
#7245=CARTESIAN_POINT('',(-5.55,1.15,-4.55));
#7246=CARTESIAN_POINT('',(-5.55,1.15,4.55));
#7247=CARTESIAN_POINT('',(-4.55,1.15,-5.55));
#7248=CARTESIAN_POINT('Origin',(-4.55,1.15,-4.55));
#7249=CARTESIAN_POINT('',(4.55,1.15,-5.55));
#7250=CARTESIAN_POINT('',(-4.55,1.15,-5.55));
#7251=CARTESIAN_POINT('',(5.55,1.15,-4.55));
#7252=CARTESIAN_POINT('Origin',(4.55,1.15,-4.55));
#7253=CARTESIAN_POINT('',(5.55,1.15,4.55));
#7254=CARTESIAN_POINT('',(5.55,1.15,-4.55));
#7255=CARTESIAN_POINT('Origin',(4.55,1.15,4.55));
#7256=CARTESIAN_POINT('Origin',(4.55,16.8477705423414,5.55));
#7257=CARTESIAN_POINT('',(4.55,16.8477705423414,5.55));
#7258=CARTESIAN_POINT('',(-4.55,16.8477705423414,5.55));
#7259=CARTESIAN_POINT('Origin',(-4.55,16.8477705423414,4.55));
#7260=CARTESIAN_POINT('',(-5.55,16.8477705423414,4.55));
#7261=CARTESIAN_POINT('Origin',(-5.55,16.8477705423414,4.55));
#7262=CARTESIAN_POINT('',(-5.55,16.8477705423414,-4.55));
#7263=CARTESIAN_POINT('Origin',(-4.55,16.8477705423414,-4.55));
#7264=CARTESIAN_POINT('',(-4.55,16.8477705423414,-5.55));
#7265=CARTESIAN_POINT('Origin',(-4.55,16.8477705423414,-5.55));
#7266=CARTESIAN_POINT('',(4.55,16.8477705423414,-5.55));
#7267=CARTESIAN_POINT('Origin',(4.55,16.8477705423414,-4.55));
#7268=CARTESIAN_POINT('',(5.55,16.8477705423414,-4.55));
#7269=CARTESIAN_POINT('Origin',(5.55,16.8477705423414,-4.55));
#7270=CARTESIAN_POINT('',(5.55,16.8477705423414,4.55));
#7271=CARTESIAN_POINT('Origin',(4.55,16.8477705423414,4.55));
#7272=CARTESIAN_POINT('Origin',(-5.75,0.2,-3.05));
#7273=CARTESIAN_POINT('',(-5.75,0.2,-3.05));
#7274=CARTESIAN_POINT('',(-5.75,0.2,-3.05));
#7275=CARTESIAN_POINT('',(-5.75,0.2,-4.55));
#7276=CARTESIAN_POINT('',(-5.75,0.2,-3.05));
#7277=CARTESIAN_POINT('',(-5.75,0.2,-4.55));
#7278=CARTESIAN_POINT('Origin',(-7.45,0.2,-4.55));
#7279=CARTESIAN_POINT('',(-7.45,0.2,-4.55));
#7280=CARTESIAN_POINT('',(-7.45,0.2,-4.55));
#7281=CARTESIAN_POINT('',(-7.45,0.2,-4.55));
#7282=CARTESIAN_POINT('Origin',(-7.45,0.2,-3.05));
#7283=CARTESIAN_POINT('',(-7.45,0.2,-3.05));
#7284=CARTESIAN_POINT('',(-7.45,0.2,-3.05));
#7285=CARTESIAN_POINT('',(-7.45,0.2,-3.05));
#7286=CARTESIAN_POINT('Origin',(-7.45,0.2,-3.05));
#7287=CARTESIAN_POINT('',(-7.45,0.2,-3.05));
#7288=CARTESIAN_POINT('Origin',(0.,0.2,0.));
#7289=CARTESIAN_POINT('Origin',(1.15,0.2,-7.45));
#7290=CARTESIAN_POINT('',(2.65000000000002,0.2,-7.45));
#7291=CARTESIAN_POINT('',(2.65000000000002,0.2,-7.45));
#7292=CARTESIAN_POINT('',(1.15,0.2,-7.45));
#7293=CARTESIAN_POINT('',(1.15,0.2,-7.45));
#7294=CARTESIAN_POINT('',(1.15,0.2,-7.45));
#7295=CARTESIAN_POINT('Origin',(1.15,0.2,-7.45));
#7296=CARTESIAN_POINT('',(1.15,0.2,-5.75));
#7297=CARTESIAN_POINT('',(1.15,0.2,-7.45));
#7298=CARTESIAN_POINT('',(1.15,0.2,-5.75));
#7299=CARTESIAN_POINT('Origin',(1.15,0.2,-5.75));
#7300=CARTESIAN_POINT('',(2.65,0.2,-5.75));
#7301=CARTESIAN_POINT('',(1.15,0.2,-5.75));
#7302=CARTESIAN_POINT('',(2.65,0.2,-5.75));
#7303=CARTESIAN_POINT('Origin',(2.65000000000002,0.2,-7.45));
#7304=CARTESIAN_POINT('',(2.65000000000002,0.2,-7.45));
#7305=CARTESIAN_POINT('Origin',(0.,0.2,0.));
#7306=CARTESIAN_POINT('Origin',(4.55000000000002,0.2,7.45));
#7307=CARTESIAN_POINT('',(4.55000000000002,0.2,7.45));
#7308=CARTESIAN_POINT('',(4.55000000000002,0.2,7.45));
#7309=CARTESIAN_POINT('',(4.55,0.2,5.75));
#7310=CARTESIAN_POINT('',(4.55000000000002,0.2,7.45));
#7311=CARTESIAN_POINT('',(4.55,0.2,5.75));
#7312=CARTESIAN_POINT('Origin',(3.05,0.2,5.75));
#7313=CARTESIAN_POINT('',(3.05,0.2,5.75));
#7314=CARTESIAN_POINT('',(3.05,0.2,5.75));
#7315=CARTESIAN_POINT('',(3.05,0.2,5.75));
#7316=CARTESIAN_POINT('Origin',(3.05,0.2,7.45));
#7317=CARTESIAN_POINT('',(3.05,0.2,7.45));
#7318=CARTESIAN_POINT('',(3.05,0.2,7.45));
#7319=CARTESIAN_POINT('',(3.05,0.2,7.45));
#7320=CARTESIAN_POINT('Origin',(3.05,0.2,7.45));
#7321=CARTESIAN_POINT('',(3.05,0.2,7.45));
#7322=CARTESIAN_POINT('Origin',(0.,0.2,0.));
#7323=CARTESIAN_POINT('Origin',(3.05,0.2,-7.45));
#7324=CARTESIAN_POINT('',(4.55000000000002,0.2,-7.45));
#7325=CARTESIAN_POINT('',(4.55000000000002,0.2,-7.45));
#7326=CARTESIAN_POINT('',(3.05,0.2,-7.45));
#7327=CARTESIAN_POINT('',(3.05,0.2,-7.45));
#7328=CARTESIAN_POINT('',(3.05,0.2,-7.45));
#7329=CARTESIAN_POINT('Origin',(3.05,0.2,-7.45));
#7330=CARTESIAN_POINT('',(3.05,0.2,-5.75));
#7331=CARTESIAN_POINT('',(3.05,0.2,-7.45));
#7332=CARTESIAN_POINT('',(3.05,0.2,-5.75));
#7333=CARTESIAN_POINT('Origin',(3.05,0.2,-5.75));
#7334=CARTESIAN_POINT('',(4.55,0.2,-5.75));
#7335=CARTESIAN_POINT('',(3.05,0.2,-5.75));
#7336=CARTESIAN_POINT('',(4.55,0.2,-5.75));
#7337=CARTESIAN_POINT('Origin',(4.55000000000002,0.2,-7.45));
#7338=CARTESIAN_POINT('',(4.55000000000002,0.2,-7.45));
#7339=CARTESIAN_POINT('Origin',(0.,0.2,0.));
#7340=CARTESIAN_POINT('Origin',(7.45000000000006,0.2,2.65));
#7341=CARTESIAN_POINT('',(5.75000000000006,0.2,2.65));
#7342=CARTESIAN_POINT('',(5.75000000000006,0.2,2.65));
#7343=CARTESIAN_POINT('',(7.45000000000006,0.2,2.65));
#7344=CARTESIAN_POINT('',(7.45000000000006,0.2,2.65));
#7345=CARTESIAN_POINT('',(7.45000000000006,0.2,2.65));
#7346=CARTESIAN_POINT('Origin',(7.45000000000006,0.2,2.65));
#7347=CARTESIAN_POINT('',(7.45000000000006,0.2,1.15));
#7348=CARTESIAN_POINT('',(7.45000000000006,0.2,2.65));
#7349=CARTESIAN_POINT('',(7.45000000000006,0.2,1.15));
#7350=CARTESIAN_POINT('Origin',(7.45000000000006,0.2,1.15));
#7351=CARTESIAN_POINT('',(5.75000000000006,0.2,1.15));
#7352=CARTESIAN_POINT('',(7.45000000000006,0.2,1.15));
#7353=CARTESIAN_POINT('',(5.75000000000006,0.2,1.15));
#7354=CARTESIAN_POINT('Origin',(5.75000000000006,0.2,2.65));
#7355=CARTESIAN_POINT('',(5.75000000000006,0.2,2.65));
#7356=CARTESIAN_POINT('Origin',(0.,0.2,0.));
#7357=CARTESIAN_POINT('Origin',(-5.74999999999994,0.2,2.65));
#7358=CARTESIAN_POINT('',(-5.74999999999994,0.2,2.65));
#7359=CARTESIAN_POINT('',(-5.74999999999994,0.2,2.65));
#7360=CARTESIAN_POINT('',(-5.74999999999994,0.2,1.15));
#7361=CARTESIAN_POINT('',(-5.74999999999994,0.2,2.65));
#7362=CARTESIAN_POINT('',(-5.74999999999994,0.2,1.15));
#7363=CARTESIAN_POINT('Origin',(-7.44999999999994,0.2,1.15));
#7364=CARTESIAN_POINT('',(-7.44999999999994,0.2,1.15));
#7365=CARTESIAN_POINT('',(-7.44999999999994,0.2,1.15));
#7366=CARTESIAN_POINT('',(-7.44999999999994,0.2,1.15));
#7367=CARTESIAN_POINT('Origin',(-7.44999999999994,0.2,2.65));
#7368=CARTESIAN_POINT('',(-7.44999999999994,0.2,2.65));
#7369=CARTESIAN_POINT('',(-7.44999999999994,0.2,2.65));
#7370=CARTESIAN_POINT('',(-7.44999999999994,0.2,2.65));
#7371=CARTESIAN_POINT('Origin',(-7.44999999999994,0.2,2.65));
#7372=CARTESIAN_POINT('',(-7.44999999999994,0.2,2.65));
#7373=CARTESIAN_POINT('Origin',(0.,0.2,0.));
#7374=CARTESIAN_POINT('Origin',(7.45000000000004,0.2,0.75));
#7375=CARTESIAN_POINT('',(5.75000000000004,0.2,0.75));
#7376=CARTESIAN_POINT('',(5.75000000000004,0.2,0.75));
#7377=CARTESIAN_POINT('',(7.45000000000004,0.2,0.75));
#7378=CARTESIAN_POINT('',(7.45000000000004,0.2,0.75));
#7379=CARTESIAN_POINT('',(7.45000000000004,0.2,0.75));
#7380=CARTESIAN_POINT('Origin',(7.45000000000004,0.2,0.75));
#7381=CARTESIAN_POINT('',(7.45000000000004,0.2,-0.75));
#7382=CARTESIAN_POINT('',(7.45000000000004,0.2,0.75));
#7383=CARTESIAN_POINT('',(7.45000000000004,0.2,-0.75));
#7384=CARTESIAN_POINT('Origin',(7.45000000000004,0.2,-0.75));
#7385=CARTESIAN_POINT('',(5.75000000000004,0.2,-0.749999999999999));
#7386=CARTESIAN_POINT('',(7.45000000000004,0.2,-0.75));
#7387=CARTESIAN_POINT('',(5.75000000000004,0.2,-0.749999999999999));
#7388=CARTESIAN_POINT('Origin',(5.75000000000004,0.2,0.75));
#7389=CARTESIAN_POINT('',(5.75000000000004,0.2,0.75));
#7390=CARTESIAN_POINT('Origin',(0.,0.2,0.));
#7391=CARTESIAN_POINT('Origin',(-5.74999999999996,0.2,0.75));
#7392=CARTESIAN_POINT('',(-5.74999999999996,0.2,0.75));
#7393=CARTESIAN_POINT('',(-5.74999999999996,0.2,0.75));
#7394=CARTESIAN_POINT('',(-5.74999999999996,0.2,-0.749999999999999));
#7395=CARTESIAN_POINT('',(-5.74999999999996,0.2,0.75));
#7396=CARTESIAN_POINT('',(-5.74999999999996,0.2,-0.749999999999999));
#7397=CARTESIAN_POINT('Origin',(-7.44999999999996,0.2,-0.75));
#7398=CARTESIAN_POINT('',(-7.44999999999996,0.2,-0.75));
#7399=CARTESIAN_POINT('',(-7.44999999999996,0.2,-0.75));
#7400=CARTESIAN_POINT('',(-7.44999999999996,0.2,-0.75));
#7401=CARTESIAN_POINT('Origin',(-7.44999999999996,0.2,0.75));
#7402=CARTESIAN_POINT('',(-7.44999999999996,0.2,0.75));
#7403=CARTESIAN_POINT('',(-7.44999999999996,0.2,0.75));
#7404=CARTESIAN_POINT('',(-7.44999999999996,0.2,0.75));
#7405=CARTESIAN_POINT('Origin',(-7.44999999999996,0.2,0.75));
#7406=CARTESIAN_POINT('',(-7.44999999999996,0.2,0.75));
#7407=CARTESIAN_POINT('Origin',(0.,0.2,0.));
#7408=CARTESIAN_POINT('Origin',(-3.04999999999998,0.2,7.45));
#7409=CARTESIAN_POINT('',(-3.04999999999998,0.2,7.45));
#7410=CARTESIAN_POINT('',(-3.04999999999998,0.2,7.45));
#7411=CARTESIAN_POINT('',(-3.05,0.2,5.75));
#7412=CARTESIAN_POINT('',(-3.04999999999998,0.2,7.45));
#7413=CARTESIAN_POINT('',(-3.05,0.2,5.75));
#7414=CARTESIAN_POINT('Origin',(-4.55,0.2,5.75));
#7415=CARTESIAN_POINT('',(-4.55,0.2,5.75));
#7416=CARTESIAN_POINT('',(-4.55,0.2,5.75));
#7417=CARTESIAN_POINT('',(-4.55,0.2,5.75));
#7418=CARTESIAN_POINT('Origin',(-4.55,0.2,7.45));
#7419=CARTESIAN_POINT('',(-4.55,0.2,7.45));
#7420=CARTESIAN_POINT('',(-4.55,0.2,7.45));
#7421=CARTESIAN_POINT('',(-4.55,0.2,7.45));
#7422=CARTESIAN_POINT('Origin',(-4.55,0.2,7.45));
#7423=CARTESIAN_POINT('',(-4.55,0.2,7.45));
#7424=CARTESIAN_POINT('Origin',(0.,0.2,0.));
#7425=CARTESIAN_POINT('Origin',(7.45,0.2,-3.05));
#7426=CARTESIAN_POINT('',(5.75,0.2,-3.05));
#7427=CARTESIAN_POINT('',(5.75,0.2,-3.05));
#7428=CARTESIAN_POINT('',(7.45,0.2,-3.05));
#7429=CARTESIAN_POINT('',(7.45,0.2,-3.05));
#7430=CARTESIAN_POINT('',(7.45,0.2,-3.05));
#7431=CARTESIAN_POINT('Origin',(7.45,0.2,-3.05));
#7432=CARTESIAN_POINT('',(7.45,0.2,-4.55));
#7433=CARTESIAN_POINT('',(7.45,0.2,-3.05));
#7434=CARTESIAN_POINT('',(7.45,0.2,-4.55));
#7435=CARTESIAN_POINT('Origin',(7.45,0.2,-4.55));
#7436=CARTESIAN_POINT('',(5.75,0.2,-4.55));
#7437=CARTESIAN_POINT('',(7.45,0.2,-4.55));
#7438=CARTESIAN_POINT('',(5.75,0.2,-4.55));
#7439=CARTESIAN_POINT('Origin',(5.75,0.2,-3.05));
#7440=CARTESIAN_POINT('',(5.75,0.2,-3.05));
#7441=CARTESIAN_POINT('Origin',(0.,0.2,0.));
#7442=CARTESIAN_POINT('Origin',(-5.74999999999998,0.2,-1.15));
#7443=CARTESIAN_POINT('',(-5.74999999999998,0.2,-1.15));
#7444=CARTESIAN_POINT('',(-5.74999999999998,0.2,-1.15));
#7445=CARTESIAN_POINT('',(-5.74999999999998,0.2,-2.65));
#7446=CARTESIAN_POINT('',(-5.74999999999998,0.2,-1.15));
#7447=CARTESIAN_POINT('',(-5.74999999999998,0.2,-2.65));
#7448=CARTESIAN_POINT('Origin',(-7.44999999999998,0.2,-2.65));
#7449=CARTESIAN_POINT('',(-7.44999999999998,0.2,-2.65));
#7450=CARTESIAN_POINT('',(-7.44999999999998,0.2,-2.65));
#7451=CARTESIAN_POINT('',(-7.44999999999998,0.2,-2.65));
#7452=CARTESIAN_POINT('Origin',(-7.44999999999998,0.2,-1.15));
#7453=CARTESIAN_POINT('',(-7.44999999999998,0.2,-1.15));
#7454=CARTESIAN_POINT('',(-7.44999999999998,0.2,-1.15));
#7455=CARTESIAN_POINT('',(-7.44999999999998,0.2,-1.15));
#7456=CARTESIAN_POINT('Origin',(-7.44999999999998,0.2,-1.15));
#7457=CARTESIAN_POINT('',(-7.44999999999998,0.2,-1.15));
#7458=CARTESIAN_POINT('Origin',(0.,0.2,0.));
#7459=CARTESIAN_POINT('Origin',(7.45000000000002,0.2,-1.15));
#7460=CARTESIAN_POINT('',(5.75000000000002,0.2,-1.15));
#7461=CARTESIAN_POINT('',(5.75000000000002,0.2,-1.15));
#7462=CARTESIAN_POINT('',(7.45000000000002,0.2,-1.15));
#7463=CARTESIAN_POINT('',(7.45000000000002,0.2,-1.15));
#7464=CARTESIAN_POINT('',(7.45000000000002,0.2,-1.15));
#7465=CARTESIAN_POINT('Origin',(7.45000000000002,0.2,-1.15));
#7466=CARTESIAN_POINT('',(7.45000000000002,0.2,-2.65));
#7467=CARTESIAN_POINT('',(7.45000000000002,0.2,-1.15));
#7468=CARTESIAN_POINT('',(7.45000000000002,0.2,-2.65));
#7469=CARTESIAN_POINT('Origin',(7.45000000000002,0.2,-2.65));
#7470=CARTESIAN_POINT('',(5.75000000000002,0.2,-2.65));
#7471=CARTESIAN_POINT('',(7.45000000000002,0.2,-2.65));
#7472=CARTESIAN_POINT('',(5.75000000000002,0.2,-2.65));
#7473=CARTESIAN_POINT('Origin',(5.75000000000002,0.2,-1.15));
#7474=CARTESIAN_POINT('',(5.75000000000002,0.2,-1.15));
#7475=CARTESIAN_POINT('Origin',(0.,0.2,0.));
#7476=CARTESIAN_POINT('Origin',(-2.65,0.2,-7.45));
#7477=CARTESIAN_POINT('',(-1.14999999999998,0.2,-7.45));
#7478=CARTESIAN_POINT('',(-1.14999999999998,0.2,-7.45));
#7479=CARTESIAN_POINT('',(-2.65,0.2,-7.45));
#7480=CARTESIAN_POINT('',(-2.65,0.2,-7.45));
#7481=CARTESIAN_POINT('',(-2.65,0.2,-7.45));
#7482=CARTESIAN_POINT('Origin',(-2.65,0.2,-7.45));
#7483=CARTESIAN_POINT('',(-2.65,0.2,-5.75));
#7484=CARTESIAN_POINT('',(-2.65,0.2,-7.45));
#7485=CARTESIAN_POINT('',(-2.65,0.2,-5.75));
#7486=CARTESIAN_POINT('Origin',(-2.65,0.2,-5.75));
#7487=CARTESIAN_POINT('',(-1.15,0.2,-5.75));
#7488=CARTESIAN_POINT('',(-2.65,0.2,-5.75));
#7489=CARTESIAN_POINT('',(-1.15,0.2,-5.75));
#7490=CARTESIAN_POINT('Origin',(-1.14999999999998,0.2,-7.45));
#7491=CARTESIAN_POINT('',(-1.14999999999998,0.2,-7.45));
#7492=CARTESIAN_POINT('Origin',(0.,0.2,0.));
#7493=CARTESIAN_POINT('Origin',(0.75000000000002,0.2,7.45));
#7494=CARTESIAN_POINT('',(0.75000000000002,0.2,7.45));
#7495=CARTESIAN_POINT('',(0.75000000000002,0.2,7.45));
#7496=CARTESIAN_POINT('',(0.750000000000002,0.2,5.75));
#7497=CARTESIAN_POINT('',(0.75000000000002,0.2,7.45));
#7498=CARTESIAN_POINT('',(0.750000000000002,0.2,5.75));
#7499=CARTESIAN_POINT('Origin',(-0.749999999999998,0.2,5.75));
#7500=CARTESIAN_POINT('',(-0.749999999999998,0.2,5.75));
#7501=CARTESIAN_POINT('',(-0.749999999999998,0.2,5.75));
#7502=CARTESIAN_POINT('',(-0.749999999999998,0.2,5.75));
#7503=CARTESIAN_POINT('Origin',(-0.749999999999998,0.2,7.45));
#7504=CARTESIAN_POINT('',(-0.749999999999998,0.2,7.45));
#7505=CARTESIAN_POINT('',(-0.749999999999998,0.2,7.45));
#7506=CARTESIAN_POINT('',(-0.749999999999998,0.2,7.45));
#7507=CARTESIAN_POINT('Origin',(-0.749999999999998,0.2,7.45));
#7508=CARTESIAN_POINT('',(-0.749999999999998,0.2,7.45));
#7509=CARTESIAN_POINT('Origin',(0.,0.2,0.));
#7510=CARTESIAN_POINT('Origin',(-0.749999999999998,0.2,-7.45));
#7511=CARTESIAN_POINT('',(0.75000000000002,0.2,-7.45));
#7512=CARTESIAN_POINT('',(0.75000000000002,0.2,-7.45));
#7513=CARTESIAN_POINT('',(-0.749999999999998,0.2,-7.45));
#7514=CARTESIAN_POINT('',(-0.749999999999998,0.2,-7.45));
#7515=CARTESIAN_POINT('',(-0.749999999999998,0.2,-7.45));
#7516=CARTESIAN_POINT('Origin',(-0.749999999999998,0.2,-7.45));
#7517=CARTESIAN_POINT('',(-0.749999999999998,0.2,-5.75));
#7518=CARTESIAN_POINT('',(-0.749999999999998,0.2,-7.45));
#7519=CARTESIAN_POINT('',(-0.749999999999998,0.2,-5.75));
#7520=CARTESIAN_POINT('Origin',(-0.749999999999998,0.2,-5.75));
#7521=CARTESIAN_POINT('',(0.750000000000002,0.2,-5.75));
#7522=CARTESIAN_POINT('',(-0.749999999999998,0.2,-5.75));
#7523=CARTESIAN_POINT('',(0.750000000000002,0.2,-5.75));
#7524=CARTESIAN_POINT('Origin',(0.75000000000002,0.2,-7.45));
#7525=CARTESIAN_POINT('',(0.75000000000002,0.2,-7.45));
#7526=CARTESIAN_POINT('Origin',(0.,0.2,0.));
#7527=CARTESIAN_POINT('Origin',(2.65000000000002,0.2,7.45));
#7528=CARTESIAN_POINT('',(2.65000000000002,0.2,7.45));
#7529=CARTESIAN_POINT('',(2.65000000000002,0.2,7.45));
#7530=CARTESIAN_POINT('',(2.65,0.2,5.75));
#7531=CARTESIAN_POINT('',(2.65000000000002,0.2,7.45));
#7532=CARTESIAN_POINT('',(2.65,0.2,5.75));
#7533=CARTESIAN_POINT('Origin',(1.15,0.2,5.75));
#7534=CARTESIAN_POINT('',(1.15,0.2,5.75));
#7535=CARTESIAN_POINT('',(1.15,0.2,5.75));
#7536=CARTESIAN_POINT('',(1.15,0.2,5.75));
#7537=CARTESIAN_POINT('Origin',(1.15,0.2,7.45));
#7538=CARTESIAN_POINT('',(1.15,0.2,7.45));
#7539=CARTESIAN_POINT('',(1.15,0.2,7.45));
#7540=CARTESIAN_POINT('',(1.15,0.2,7.45));
#7541=CARTESIAN_POINT('Origin',(1.15,0.2,7.45));
#7542=CARTESIAN_POINT('',(1.15,0.2,7.45));
#7543=CARTESIAN_POINT('Origin',(0.,0.2,0.));
#7544=CARTESIAN_POINT('Origin',(-5.74999999999992,0.2,4.55));
#7545=CARTESIAN_POINT('',(-5.74999999999992,0.2,4.55));
#7546=CARTESIAN_POINT('',(-5.74999999999992,0.2,4.55));
#7547=CARTESIAN_POINT('',(-5.74999999999992,0.2,3.05));
#7548=CARTESIAN_POINT('',(-5.74999999999992,0.2,4.55));
#7549=CARTESIAN_POINT('',(-5.74999999999992,0.2,3.05));
#7550=CARTESIAN_POINT('Origin',(-7.44999999999992,0.2,3.05));
#7551=CARTESIAN_POINT('',(-7.44999999999992,0.2,3.05));
#7552=CARTESIAN_POINT('',(-7.44999999999992,0.2,3.05));
#7553=CARTESIAN_POINT('',(-7.44999999999992,0.2,3.05));
#7554=CARTESIAN_POINT('Origin',(-7.44999999999992,0.2,4.55));
#7555=CARTESIAN_POINT('',(-7.44999999999992,0.2,4.55));
#7556=CARTESIAN_POINT('',(-7.44999999999992,0.2,4.55));
#7557=CARTESIAN_POINT('',(-7.44999999999992,0.2,4.55));
#7558=CARTESIAN_POINT('Origin',(-7.44999999999992,0.2,4.55));
#7559=CARTESIAN_POINT('',(-7.44999999999992,0.2,4.55));
#7560=CARTESIAN_POINT('Origin',(0.,0.2,0.));
#7561=CARTESIAN_POINT('Origin',(7.45000000000008,0.2,4.55));
#7562=CARTESIAN_POINT('',(5.75000000000008,0.2,4.55));
#7563=CARTESIAN_POINT('',(5.75000000000008,0.2,4.55));
#7564=CARTESIAN_POINT('',(7.45000000000008,0.2,4.55));
#7565=CARTESIAN_POINT('',(7.45000000000008,0.2,4.55));
#7566=CARTESIAN_POINT('',(7.45000000000008,0.2,4.55));
#7567=CARTESIAN_POINT('Origin',(7.45000000000008,0.2,4.55));
#7568=CARTESIAN_POINT('',(7.45000000000008,0.2,3.05));
#7569=CARTESIAN_POINT('',(7.45000000000008,0.2,4.55));
#7570=CARTESIAN_POINT('',(7.45000000000008,0.2,3.05));
#7571=CARTESIAN_POINT('Origin',(7.45000000000008,0.2,3.05));
#7572=CARTESIAN_POINT('',(5.75000000000008,0.2,3.05));
#7573=CARTESIAN_POINT('',(7.45000000000008,0.2,3.05));
#7574=CARTESIAN_POINT('',(5.75000000000008,0.2,3.05));
#7575=CARTESIAN_POINT('Origin',(5.75000000000008,0.2,4.55));
#7576=CARTESIAN_POINT('',(5.75000000000008,0.2,4.55));
#7577=CARTESIAN_POINT('Origin',(0.,0.2,0.));
#7578=CARTESIAN_POINT('Origin',(-4.55,0.2,-7.45));
#7579=CARTESIAN_POINT('',(-3.04999999999998,0.2,-7.45));
#7580=CARTESIAN_POINT('',(-3.04999999999998,0.2,-7.45));
#7581=CARTESIAN_POINT('',(-4.55,0.2,-7.45));
#7582=CARTESIAN_POINT('',(-4.55,0.2,-7.45));
#7583=CARTESIAN_POINT('',(-4.55,0.2,-7.45));
#7584=CARTESIAN_POINT('Origin',(-4.55,0.2,-7.45));
#7585=CARTESIAN_POINT('',(-4.55,0.2,-5.75));
#7586=CARTESIAN_POINT('',(-4.55,0.2,-7.45));
#7587=CARTESIAN_POINT('',(-4.55,0.2,-5.75));
#7588=CARTESIAN_POINT('Origin',(-4.55,0.2,-5.75));
#7589=CARTESIAN_POINT('',(-3.05,0.2,-5.75));
#7590=CARTESIAN_POINT('',(-4.55,0.2,-5.75));
#7591=CARTESIAN_POINT('',(-3.05,0.2,-5.75));
#7592=CARTESIAN_POINT('Origin',(-3.04999999999998,0.2,-7.45));
#7593=CARTESIAN_POINT('',(-3.04999999999998,0.2,-7.45));
#7594=CARTESIAN_POINT('Origin',(0.,0.2,0.));
#7595=CARTESIAN_POINT('Origin',(-1.14999999999998,0.2,7.45));
#7596=CARTESIAN_POINT('',(-1.14999999999998,0.2,7.45));
#7597=CARTESIAN_POINT('',(-1.14999999999998,0.2,7.45));
#7598=CARTESIAN_POINT('',(-1.15,0.2,5.75));
#7599=CARTESIAN_POINT('',(-1.14999999999998,0.2,7.45));
#7600=CARTESIAN_POINT('',(-1.15,0.2,5.75));
#7601=CARTESIAN_POINT('Origin',(-2.65,0.2,5.75));
#7602=CARTESIAN_POINT('',(-2.65,0.2,5.75));
#7603=CARTESIAN_POINT('',(-2.65,0.2,5.75));
#7604=CARTESIAN_POINT('',(-2.65,0.2,5.75));
#7605=CARTESIAN_POINT('Origin',(-2.65,0.2,7.45));
#7606=CARTESIAN_POINT('',(-2.65,0.2,7.45));
#7607=CARTESIAN_POINT('',(-2.65,0.2,7.45));
#7608=CARTESIAN_POINT('',(-2.65,0.2,7.45));
#7609=CARTESIAN_POINT('Origin',(-2.65,0.2,7.45));
#7610=CARTESIAN_POINT('',(-2.65,0.2,7.45));
#7611=CARTESIAN_POINT('Origin',(0.,0.2,0.));
#7612=CARTESIAN_POINT('Origin',(0.,0.,0.));
#7613=CARTESIAN_POINT('',(-5.75,0.,-3.05));
#7614=CARTESIAN_POINT('',(-5.75,0.,-4.55));
#7615=CARTESIAN_POINT('',(-5.75,0.,-3.05));
#7616=CARTESIAN_POINT('',(-7.45,0.,-3.05));
#7617=CARTESIAN_POINT('',(-7.45,0.,-3.05));
#7618=CARTESIAN_POINT('',(-7.45,0.,-4.55));
#7619=CARTESIAN_POINT('',(-7.45,0.,-3.05));
#7620=CARTESIAN_POINT('',(-7.45,0.,-4.55));
#7621=CARTESIAN_POINT('Origin',(-7.45,2.46715680975094,-3.05));
#7622=CARTESIAN_POINT('',(-5.75,0.2,-3.05));
#7623=CARTESIAN_POINT('',(-5.75,2.46715680975094,-3.05));
#7624=CARTESIAN_POINT('',(-7.45,0.2,-3.05));
#7625=CARTESIAN_POINT('',(-7.45,0.2,-3.05));
#7626=CARTESIAN_POINT('',(-7.45,2.46715680975094,-3.05));
#7627=CARTESIAN_POINT('Origin',(-7.45,2.46715680975094,-3.05));
#7628=CARTESIAN_POINT('',(-7.45,0.2,-4.55));
#7629=CARTESIAN_POINT('',(-7.45,0.2,-3.05));
#7630=CARTESIAN_POINT('',(-7.45,2.46715680975094,-4.55));
#7631=CARTESIAN_POINT('Origin',(-7.45,2.46715680975094,-4.55));
#7632=CARTESIAN_POINT('',(-5.75,0.2,-4.55));
#7633=CARTESIAN_POINT('',(-7.45,0.2,-4.55));
#7634=CARTESIAN_POINT('',(-5.75,2.46715680975094,-4.55));
#7635=CARTESIAN_POINT('Origin',(-5.75,2.46715680975094,-3.05));
#7636=CARTESIAN_POINT('',(-5.75,0.2,-3.05));
#7637=CARTESIAN_POINT('Origin',(0.,0.2,0.));
#7638=CARTESIAN_POINT('Origin',(0.,0.,0.));
#7639=CARTESIAN_POINT('',(-3.04999999999998,0.,7.45));
#7640=CARTESIAN_POINT('',(-3.05,0.,5.75));
#7641=CARTESIAN_POINT('',(-3.04999999999998,0.,7.45));
#7642=CARTESIAN_POINT('',(-4.55,0.,7.45));
#7643=CARTESIAN_POINT('',(-4.55,0.,7.45));
#7644=CARTESIAN_POINT('',(-4.55,0.,5.75));
#7645=CARTESIAN_POINT('',(-4.55,0.,7.45));
#7646=CARTESIAN_POINT('',(-4.55,0.,5.75));
#7647=CARTESIAN_POINT('Origin',(-4.55,2.46715680975094,7.45));
#7648=CARTESIAN_POINT('',(-3.04999999999998,0.2,7.45));
#7649=CARTESIAN_POINT('',(-3.04999999999998,2.46715680975094,7.45));
#7650=CARTESIAN_POINT('',(-4.55,0.2,7.45));
#7651=CARTESIAN_POINT('',(-4.55,0.2,7.45));
#7652=CARTESIAN_POINT('',(-4.55,2.46715680975094,7.45));
#7653=CARTESIAN_POINT('Origin',(-4.55,2.46715680975094,7.45));
#7654=CARTESIAN_POINT('',(-4.55,0.2,5.75));
#7655=CARTESIAN_POINT('',(-4.55,0.2,7.45));
#7656=CARTESIAN_POINT('',(-4.55,2.46715680975094,5.75));
#7657=CARTESIAN_POINT('Origin',(-4.55,2.46715680975094,5.75));
#7658=CARTESIAN_POINT('',(-3.05,0.2,5.75));
#7659=CARTESIAN_POINT('',(-4.55,0.2,5.75));
#7660=CARTESIAN_POINT('',(-3.05,2.46715680975094,5.75));
#7661=CARTESIAN_POINT('Origin',(-3.04999999999998,2.46715680975094,7.45));
#7662=CARTESIAN_POINT('',(-3.04999999999998,0.2,7.45));
#7663=CARTESIAN_POINT('Origin',(0.,0.2,0.));
#7664=CARTESIAN_POINT('Origin',(0.,0.,0.));
#7665=CARTESIAN_POINT('',(5.75,0.,-3.05));
#7666=CARTESIAN_POINT('',(7.45,0.,-3.05));
#7667=CARTESIAN_POINT('',(7.45,0.,-3.05));
#7668=CARTESIAN_POINT('',(5.75,0.,-4.55));
#7669=CARTESIAN_POINT('',(5.75,0.,-3.05));
#7670=CARTESIAN_POINT('',(7.45,0.,-4.55));
#7671=CARTESIAN_POINT('',(7.45,0.,-4.55));
#7672=CARTESIAN_POINT('',(7.45,0.,-3.05));
#7673=CARTESIAN_POINT('Origin',(5.75,2.46715680975094,-3.05));
#7674=CARTESIAN_POINT('',(5.75,0.2,-3.05));
#7675=CARTESIAN_POINT('',(5.75,2.46715680975094,-3.05));
#7676=CARTESIAN_POINT('',(5.75,0.2,-4.55));
#7677=CARTESIAN_POINT('',(5.75,0.2,-3.05));
#7678=CARTESIAN_POINT('',(5.75,2.46715680975094,-4.55));
#7679=CARTESIAN_POINT('Origin',(7.45,2.46715680975094,-4.55));
#7680=CARTESIAN_POINT('',(7.45,0.2,-4.55));
#7681=CARTESIAN_POINT('',(7.45,0.2,-4.55));
#7682=CARTESIAN_POINT('',(7.45,2.46715680975094,-4.55));
#7683=CARTESIAN_POINT('Origin',(7.45,2.46715680975094,-3.05));
#7684=CARTESIAN_POINT('',(7.45,0.2,-3.05));
#7685=CARTESIAN_POINT('',(7.45,0.2,-3.05));
#7686=CARTESIAN_POINT('',(7.45,2.46715680975094,-3.05));
#7687=CARTESIAN_POINT('Origin',(7.45,2.46715680975094,-3.05));
#7688=CARTESIAN_POINT('',(7.45,0.2,-3.05));
#7689=CARTESIAN_POINT('Origin',(0.,0.2,0.));
#7690=CARTESIAN_POINT('Origin',(0.,0.,0.));
#7691=CARTESIAN_POINT('',(-5.74999999999998,0.,-1.15));
#7692=CARTESIAN_POINT('',(-5.74999999999998,0.,-2.65));
#7693=CARTESIAN_POINT('',(-5.74999999999998,0.,-1.15));
#7694=CARTESIAN_POINT('',(-7.44999999999998,0.,-1.15));
#7695=CARTESIAN_POINT('',(-7.44999999999998,0.,-1.15));
#7696=CARTESIAN_POINT('',(-7.44999999999998,0.,-2.65));
#7697=CARTESIAN_POINT('',(-7.44999999999998,0.,-1.15));
#7698=CARTESIAN_POINT('',(-7.44999999999998,0.,-2.65));
#7699=CARTESIAN_POINT('Origin',(-7.44999999999998,2.46715680975094,-1.15));
#7700=CARTESIAN_POINT('',(-5.74999999999998,0.2,-1.15));
#7701=CARTESIAN_POINT('',(-5.74999999999998,2.46715680975094,-1.15));
#7702=CARTESIAN_POINT('',(-7.44999999999998,0.2,-1.15));
#7703=CARTESIAN_POINT('',(-7.44999999999998,0.2,-1.15));
#7704=CARTESIAN_POINT('',(-7.44999999999998,2.46715680975094,-1.15));
#7705=CARTESIAN_POINT('Origin',(-7.44999999999998,2.46715680975094,-1.15));
#7706=CARTESIAN_POINT('',(-7.44999999999998,0.2,-2.65));
#7707=CARTESIAN_POINT('',(-7.44999999999998,0.2,-1.15));
#7708=CARTESIAN_POINT('',(-7.44999999999998,2.46715680975094,-2.65));
#7709=CARTESIAN_POINT('Origin',(-7.44999999999998,2.46715680975094,-2.65));
#7710=CARTESIAN_POINT('',(-5.74999999999998,0.2,-2.65));
#7711=CARTESIAN_POINT('',(-7.44999999999998,0.2,-2.65));
#7712=CARTESIAN_POINT('',(-5.74999999999998,2.46715680975094,-2.65));
#7713=CARTESIAN_POINT('Origin',(-5.74999999999998,2.46715680975094,-1.15));
#7714=CARTESIAN_POINT('',(-5.74999999999998,0.2,-1.15));
#7715=CARTESIAN_POINT('Origin',(0.,0.2,0.));
#7716=CARTESIAN_POINT('Origin',(0.,0.,0.));
#7717=CARTESIAN_POINT('',(5.75000000000002,0.,-1.15));
#7718=CARTESIAN_POINT('',(7.45000000000002,0.,-1.15));
#7719=CARTESIAN_POINT('',(7.45000000000002,0.,-1.15));
#7720=CARTESIAN_POINT('',(5.75000000000002,0.,-2.65));
#7721=CARTESIAN_POINT('',(5.75000000000002,0.,-1.15));
#7722=CARTESIAN_POINT('',(7.45000000000002,0.,-2.65));
#7723=CARTESIAN_POINT('',(7.45000000000002,0.,-2.65));
#7724=CARTESIAN_POINT('',(7.45000000000002,0.,-1.15));
#7725=CARTESIAN_POINT('Origin',(5.75000000000002,2.46715680975094,-1.15));
#7726=CARTESIAN_POINT('',(5.75000000000002,0.2,-1.15));
#7727=CARTESIAN_POINT('',(5.75000000000002,2.46715680975094,-1.15));
#7728=CARTESIAN_POINT('',(5.75000000000002,0.2,-2.65));
#7729=CARTESIAN_POINT('',(5.75000000000002,0.2,-1.15));
#7730=CARTESIAN_POINT('',(5.75000000000002,2.46715680975094,-2.65));
#7731=CARTESIAN_POINT('Origin',(7.45000000000002,2.46715680975094,-2.65));
#7732=CARTESIAN_POINT('',(7.45000000000002,0.2,-2.65));
#7733=CARTESIAN_POINT('',(7.45000000000002,0.2,-2.65));
#7734=CARTESIAN_POINT('',(7.45000000000002,2.46715680975094,-2.65));
#7735=CARTESIAN_POINT('Origin',(7.45000000000002,2.46715680975094,-1.15));
#7736=CARTESIAN_POINT('',(7.45000000000002,0.2,-1.15));
#7737=CARTESIAN_POINT('',(7.45000000000002,0.2,-1.15));
#7738=CARTESIAN_POINT('',(7.45000000000002,2.46715680975094,-1.15));
#7739=CARTESIAN_POINT('Origin',(7.45000000000002,2.46715680975094,-1.15));
#7740=CARTESIAN_POINT('',(7.45000000000002,0.2,-1.15));
#7741=CARTESIAN_POINT('Origin',(0.,0.2,0.));
#7742=CARTESIAN_POINT('Origin',(0.,0.,0.));
#7743=CARTESIAN_POINT('',(-5.74999999999996,0.,0.75));
#7744=CARTESIAN_POINT('',(-5.74999999999996,0.,-0.749999999999999));
#7745=CARTESIAN_POINT('',(-5.74999999999996,0.,0.75));
#7746=CARTESIAN_POINT('',(-7.44999999999996,0.,0.75));
#7747=CARTESIAN_POINT('',(-7.44999999999996,0.,0.75));
#7748=CARTESIAN_POINT('',(-7.44999999999996,0.,-0.75));
#7749=CARTESIAN_POINT('',(-7.44999999999996,0.,0.75));
#7750=CARTESIAN_POINT('',(-7.44999999999996,0.,-0.75));
#7751=CARTESIAN_POINT('Origin',(-7.44999999999996,2.46715680975094,0.75));
#7752=CARTESIAN_POINT('',(-5.74999999999996,0.2,0.75));
#7753=CARTESIAN_POINT('',(-5.74999999999996,2.46715680975094,0.75));
#7754=CARTESIAN_POINT('',(-7.44999999999996,0.2,0.75));
#7755=CARTESIAN_POINT('',(-7.44999999999996,0.2,0.75));
#7756=CARTESIAN_POINT('',(-7.44999999999996,2.46715680975094,0.75));
#7757=CARTESIAN_POINT('Origin',(-7.44999999999996,2.46715680975094,0.75));
#7758=CARTESIAN_POINT('',(-7.44999999999996,0.2,-0.750000000000001));
#7759=CARTESIAN_POINT('',(-7.44999999999996,0.2,0.75));
#7760=CARTESIAN_POINT('',(-7.44999999999996,2.46715680975094,-0.75));
#7761=CARTESIAN_POINT('Origin',(-7.44999999999996,2.46715680975094,-0.75));
#7762=CARTESIAN_POINT('',(-5.74999999999996,0.2,-0.749999999999999));
#7763=CARTESIAN_POINT('',(-7.44999999999996,0.2,-0.75));
#7764=CARTESIAN_POINT('',(-5.74999999999996,2.46715680975094,-0.749999999999999));
#7765=CARTESIAN_POINT('Origin',(-5.74999999999996,2.46715680975094,0.75));
#7766=CARTESIAN_POINT('',(-5.74999999999996,0.2,0.75));
#7767=CARTESIAN_POINT('Origin',(0.,0.2,0.));
#7768=CARTESIAN_POINT('Origin',(0.,0.,0.));
#7769=CARTESIAN_POINT('',(5.75000000000004,0.,0.75));
#7770=CARTESIAN_POINT('',(7.45000000000004,0.,0.75));
#7771=CARTESIAN_POINT('',(7.45000000000004,0.,0.75));
#7772=CARTESIAN_POINT('',(5.75000000000004,0.,-0.749999999999999));
#7773=CARTESIAN_POINT('',(5.75000000000004,0.,0.75));
#7774=CARTESIAN_POINT('',(7.45000000000004,0.,-0.75));
#7775=CARTESIAN_POINT('',(7.45000000000004,0.,-0.75));
#7776=CARTESIAN_POINT('',(7.45000000000004,0.,0.75));
#7777=CARTESIAN_POINT('Origin',(5.75000000000004,2.46715680975094,0.75));
#7778=CARTESIAN_POINT('',(5.75000000000004,0.2,0.75));
#7779=CARTESIAN_POINT('',(5.75000000000004,2.46715680975094,0.75));
#7780=CARTESIAN_POINT('',(5.75000000000004,0.2,-0.749999999999999));
#7781=CARTESIAN_POINT('',(5.75000000000004,0.2,0.75));
#7782=CARTESIAN_POINT('',(5.75000000000004,2.46715680975094,-0.749999999999999));
#7783=CARTESIAN_POINT('Origin',(7.45000000000004,2.46715680975094,-0.75));
#7784=CARTESIAN_POINT('',(7.45000000000004,0.2,-0.75));
#7785=CARTESIAN_POINT('',(7.45000000000004,0.2,-0.75));
#7786=CARTESIAN_POINT('',(7.45000000000004,2.46715680975094,-0.75));
#7787=CARTESIAN_POINT('Origin',(7.45000000000004,2.46715680975094,0.75));
#7788=CARTESIAN_POINT('',(7.45000000000004,0.2,0.75));
#7789=CARTESIAN_POINT('',(7.45000000000004,0.2,0.75));
#7790=CARTESIAN_POINT('',(7.45000000000004,2.46715680975094,0.75));
#7791=CARTESIAN_POINT('Origin',(7.45000000000004,2.46715680975094,0.75));
#7792=CARTESIAN_POINT('',(7.45000000000004,0.2,0.75));
#7793=CARTESIAN_POINT('Origin',(0.,0.2,0.));
#7794=CARTESIAN_POINT('Origin',(0.,0.,0.));
#7795=CARTESIAN_POINT('',(-5.74999999999994,0.,2.65));
#7796=CARTESIAN_POINT('',(-5.74999999999994,0.,1.15));
#7797=CARTESIAN_POINT('',(-5.74999999999994,0.,2.65));
#7798=CARTESIAN_POINT('',(-7.44999999999994,0.,2.65));
#7799=CARTESIAN_POINT('',(-7.44999999999994,0.,2.65));
#7800=CARTESIAN_POINT('',(-7.44999999999994,0.,1.15));
#7801=CARTESIAN_POINT('',(-7.44999999999994,0.,2.65));
#7802=CARTESIAN_POINT('',(-7.44999999999994,0.,1.15));
#7803=CARTESIAN_POINT('Origin',(-7.44999999999994,2.46715680975094,2.65));
#7804=CARTESIAN_POINT('',(-5.74999999999994,0.2,2.65));
#7805=CARTESIAN_POINT('',(-5.74999999999994,2.46715680975094,2.65));
#7806=CARTESIAN_POINT('',(-7.44999999999994,0.2,2.65));
#7807=CARTESIAN_POINT('',(-7.44999999999994,0.2,2.65));
#7808=CARTESIAN_POINT('',(-7.44999999999994,2.46715680975094,2.65));
#7809=CARTESIAN_POINT('Origin',(-7.44999999999994,2.46715680975094,2.65));
#7810=CARTESIAN_POINT('',(-7.44999999999994,0.2,1.15));
#7811=CARTESIAN_POINT('',(-7.44999999999994,0.2,2.65));
#7812=CARTESIAN_POINT('',(-7.44999999999994,2.46715680975094,1.15));
#7813=CARTESIAN_POINT('Origin',(-7.44999999999994,2.46715680975094,1.15));
#7814=CARTESIAN_POINT('',(-5.74999999999994,0.2,1.15));
#7815=CARTESIAN_POINT('',(-7.44999999999994,0.2,1.15));
#7816=CARTESIAN_POINT('',(-5.74999999999994,2.46715680975094,1.15));
#7817=CARTESIAN_POINT('Origin',(-5.74999999999994,2.46715680975094,2.65));
#7818=CARTESIAN_POINT('',(-5.74999999999994,0.2,2.65));
#7819=CARTESIAN_POINT('Origin',(0.,0.2,0.));
#7820=CARTESIAN_POINT('Origin',(0.,0.,0.));
#7821=CARTESIAN_POINT('',(5.75000000000006,0.,2.65));
#7822=CARTESIAN_POINT('',(7.45000000000006,0.,2.65));
#7823=CARTESIAN_POINT('',(7.45000000000006,0.,2.65));
#7824=CARTESIAN_POINT('',(5.75000000000006,0.,1.15));
#7825=CARTESIAN_POINT('',(5.75000000000006,0.,2.65));
#7826=CARTESIAN_POINT('',(7.45000000000006,0.,1.15));
#7827=CARTESIAN_POINT('',(7.45000000000006,0.,1.15));
#7828=CARTESIAN_POINT('',(7.45000000000006,0.,2.65));
#7829=CARTESIAN_POINT('Origin',(5.75000000000006,2.46715680975094,2.65));
#7830=CARTESIAN_POINT('',(5.75000000000006,0.2,2.65));
#7831=CARTESIAN_POINT('',(5.75000000000006,2.46715680975094,2.65));
#7832=CARTESIAN_POINT('',(5.75000000000006,0.2,1.15));
#7833=CARTESIAN_POINT('',(5.75000000000006,0.2,2.65));
#7834=CARTESIAN_POINT('',(5.75000000000006,2.46715680975094,1.15));
#7835=CARTESIAN_POINT('Origin',(7.45000000000006,2.46715680975094,1.15));
#7836=CARTESIAN_POINT('',(7.45000000000006,0.2,1.15));
#7837=CARTESIAN_POINT('',(7.45000000000006,0.2,1.15));
#7838=CARTESIAN_POINT('',(7.45000000000006,2.46715680975094,1.15));
#7839=CARTESIAN_POINT('Origin',(7.45000000000006,2.46715680975094,2.65));
#7840=CARTESIAN_POINT('',(7.45000000000006,0.2,2.65));
#7841=CARTESIAN_POINT('',(7.45000000000006,0.2,2.65));
#7842=CARTESIAN_POINT('',(7.45000000000006,2.46715680975094,2.65));
#7843=CARTESIAN_POINT('Origin',(7.45000000000006,2.46715680975094,2.65));
#7844=CARTESIAN_POINT('',(7.45000000000006,0.2,2.65));
#7845=CARTESIAN_POINT('Origin',(0.,0.2,0.));
#7846=CARTESIAN_POINT('Origin',(0.,0.,0.));
#7847=CARTESIAN_POINT('',(-5.74999999999992,0.,4.55));
#7848=CARTESIAN_POINT('',(-5.74999999999992,0.,3.05));
#7849=CARTESIAN_POINT('',(-5.74999999999992,0.,4.55));
#7850=CARTESIAN_POINT('',(-7.44999999999992,0.,4.55));
#7851=CARTESIAN_POINT('',(-7.44999999999992,0.,4.55));
#7852=CARTESIAN_POINT('',(-7.44999999999992,0.,3.05));
#7853=CARTESIAN_POINT('',(-7.44999999999992,0.,4.55));
#7854=CARTESIAN_POINT('',(-7.44999999999992,0.,3.05));
#7855=CARTESIAN_POINT('Origin',(-7.44999999999992,2.46715680975094,4.55));
#7856=CARTESIAN_POINT('',(-5.74999999999992,0.2,4.55));
#7857=CARTESIAN_POINT('',(-5.74999999999992,2.46715680975094,4.55));
#7858=CARTESIAN_POINT('',(-7.44999999999992,0.2,4.55));
#7859=CARTESIAN_POINT('',(-7.44999999999992,0.2,4.55));
#7860=CARTESIAN_POINT('',(-7.44999999999992,2.46715680975094,4.55));
#7861=CARTESIAN_POINT('Origin',(-7.44999999999992,2.46715680975094,4.55));
#7862=CARTESIAN_POINT('',(-7.44999999999992,0.2,3.05));
#7863=CARTESIAN_POINT('',(-7.44999999999992,0.2,4.55));
#7864=CARTESIAN_POINT('',(-7.44999999999992,2.46715680975094,3.05));
#7865=CARTESIAN_POINT('Origin',(-7.44999999999992,2.46715680975094,3.05));
#7866=CARTESIAN_POINT('',(-5.74999999999992,0.2,3.05));
#7867=CARTESIAN_POINT('',(-7.44999999999992,0.2,3.05));
#7868=CARTESIAN_POINT('',(-5.74999999999992,2.46715680975094,3.05));
#7869=CARTESIAN_POINT('Origin',(-5.74999999999992,2.46715680975094,4.55));
#7870=CARTESIAN_POINT('',(-5.74999999999992,0.2,4.55));
#7871=CARTESIAN_POINT('Origin',(0.,0.2,0.));
#7872=CARTESIAN_POINT('Origin',(0.,0.,0.));
#7873=CARTESIAN_POINT('',(5.75000000000008,0.,4.55));
#7874=CARTESIAN_POINT('',(7.45000000000008,0.,4.55));
#7875=CARTESIAN_POINT('',(7.45000000000008,0.,4.55));
#7876=CARTESIAN_POINT('',(5.75000000000008,0.,3.05));
#7877=CARTESIAN_POINT('',(5.75000000000008,0.,4.55));
#7878=CARTESIAN_POINT('',(7.45000000000008,0.,3.05));
#7879=CARTESIAN_POINT('',(7.45000000000008,0.,3.05));
#7880=CARTESIAN_POINT('',(7.45000000000008,0.,4.55));
#7881=CARTESIAN_POINT('Origin',(5.75000000000008,2.46715680975094,4.55));
#7882=CARTESIAN_POINT('',(5.75000000000008,0.2,4.55));
#7883=CARTESIAN_POINT('',(5.75000000000008,2.46715680975094,4.55));
#7884=CARTESIAN_POINT('',(5.75000000000008,0.2,3.05));
#7885=CARTESIAN_POINT('',(5.75000000000008,0.2,4.55));
#7886=CARTESIAN_POINT('',(5.75000000000008,2.46715680975094,3.05));
#7887=CARTESIAN_POINT('Origin',(7.45000000000008,2.46715680975094,3.05));
#7888=CARTESIAN_POINT('',(7.45000000000008,0.2,3.05));
#7889=CARTESIAN_POINT('',(7.45000000000008,0.2,3.05));
#7890=CARTESIAN_POINT('',(7.45000000000008,2.46715680975094,3.05));
#7891=CARTESIAN_POINT('Origin',(7.45000000000008,2.46715680975094,4.55));
#7892=CARTESIAN_POINT('',(7.45000000000008,0.2,4.55));
#7893=CARTESIAN_POINT('',(7.45000000000008,0.2,4.55));
#7894=CARTESIAN_POINT('',(7.45000000000008,2.46715680975094,4.55));
#7895=CARTESIAN_POINT('Origin',(7.45000000000008,2.46715680975094,4.55));
#7896=CARTESIAN_POINT('',(7.45000000000008,0.2,4.55));
#7897=CARTESIAN_POINT('Origin',(0.,0.2,0.));
#7898=CARTESIAN_POINT('Origin',(0.,0.,0.));
#7899=CARTESIAN_POINT('',(-3.04999999999998,0.,-7.45));
#7900=CARTESIAN_POINT('',(-4.55,0.,-7.45));
#7901=CARTESIAN_POINT('',(-4.55,0.,-7.45));
#7902=CARTESIAN_POINT('',(-3.05,0.,-5.75));
#7903=CARTESIAN_POINT('',(-3.04999999999998,0.,-7.45));
#7904=CARTESIAN_POINT('',(-4.55,0.,-5.75));
#7905=CARTESIAN_POINT('',(-4.55,0.,-5.75));
#7906=CARTESIAN_POINT('',(-4.55,0.,-7.45));
#7907=CARTESIAN_POINT('Origin',(-3.04999999999998,2.46715680975094,-7.45));
#7908=CARTESIAN_POINT('',(-3.04999999999998,0.2,-7.45));
#7909=CARTESIAN_POINT('',(-3.04999999999998,2.46715680975094,-7.45));
#7910=CARTESIAN_POINT('',(-3.05,0.2,-5.75));
#7911=CARTESIAN_POINT('',(-3.04999999999998,0.2,-7.45));
#7912=CARTESIAN_POINT('',(-3.05,2.46715680975094,-5.75));
#7913=CARTESIAN_POINT('Origin',(-4.55,2.46715680975094,-5.75));
#7914=CARTESIAN_POINT('',(-4.55,0.2,-5.75));
#7915=CARTESIAN_POINT('',(-4.55,0.2,-5.75));
#7916=CARTESIAN_POINT('',(-4.55,2.46715680975094,-5.75));
#7917=CARTESIAN_POINT('Origin',(-4.55,2.46715680975094,-7.45));
#7918=CARTESIAN_POINT('',(-4.55,0.2,-7.45));
#7919=CARTESIAN_POINT('',(-4.55,0.2,-7.45));
#7920=CARTESIAN_POINT('',(-4.55,2.46715680975094,-7.45));
#7921=CARTESIAN_POINT('Origin',(-4.55,2.46715680975094,-7.45));
#7922=CARTESIAN_POINT('',(-4.55,0.2,-7.45));
#7923=CARTESIAN_POINT('Origin',(0.,0.2,0.));
#7924=CARTESIAN_POINT('Origin',(0.,0.,0.));
#7925=CARTESIAN_POINT('',(-1.14999999999998,0.,7.45));
#7926=CARTESIAN_POINT('',(-1.15,0.,5.75));
#7927=CARTESIAN_POINT('',(-1.14999999999998,0.,7.45));
#7928=CARTESIAN_POINT('',(-2.65,0.,7.45));
#7929=CARTESIAN_POINT('',(-2.65,0.,7.45));
#7930=CARTESIAN_POINT('',(-2.65,0.,5.75));
#7931=CARTESIAN_POINT('',(-2.65,0.,7.45));
#7932=CARTESIAN_POINT('',(-2.65,0.,5.75));
#7933=CARTESIAN_POINT('Origin',(-2.65,2.46715680975094,7.45));
#7934=CARTESIAN_POINT('',(-1.14999999999998,0.2,7.45));
#7935=CARTESIAN_POINT('',(-1.14999999999998,2.46715680975094,7.45));
#7936=CARTESIAN_POINT('',(-2.65,0.2,7.45));
#7937=CARTESIAN_POINT('',(-2.65,0.2,7.45));
#7938=CARTESIAN_POINT('',(-2.65,2.46715680975094,7.45));
#7939=CARTESIAN_POINT('Origin',(-2.65,2.46715680975094,7.45));
#7940=CARTESIAN_POINT('',(-2.65,0.2,5.75));
#7941=CARTESIAN_POINT('',(-2.65,0.2,7.45));
#7942=CARTESIAN_POINT('',(-2.65,2.46715680975094,5.75));
#7943=CARTESIAN_POINT('Origin',(-2.65,2.46715680975094,5.75));
#7944=CARTESIAN_POINT('',(-1.15,0.2,5.75));
#7945=CARTESIAN_POINT('',(-2.65,0.2,5.75));
#7946=CARTESIAN_POINT('',(-1.15,2.46715680975094,5.75));
#7947=CARTESIAN_POINT('Origin',(-1.14999999999998,2.46715680975094,7.45));
#7948=CARTESIAN_POINT('',(-1.14999999999998,0.2,7.45));
#7949=CARTESIAN_POINT('Origin',(0.,0.2,0.));
#7950=CARTESIAN_POINT('Origin',(0.,0.,0.));
#7951=CARTESIAN_POINT('',(-1.14999999999998,0.,-7.45));
#7952=CARTESIAN_POINT('',(-2.65,0.,-7.45));
#7953=CARTESIAN_POINT('',(-2.65,0.,-7.45));
#7954=CARTESIAN_POINT('',(-1.15,0.,-5.75));
#7955=CARTESIAN_POINT('',(-1.14999999999998,0.,-7.45));
#7956=CARTESIAN_POINT('',(-2.65,0.,-5.75));
#7957=CARTESIAN_POINT('',(-2.65,0.,-5.75));
#7958=CARTESIAN_POINT('',(-2.65,0.,-7.45));
#7959=CARTESIAN_POINT('Origin',(-1.14999999999998,2.46715680975094,-7.45));
#7960=CARTESIAN_POINT('',(-1.14999999999998,0.2,-7.45));
#7961=CARTESIAN_POINT('',(-1.14999999999998,2.46715680975094,-7.45));
#7962=CARTESIAN_POINT('',(-1.15,0.2,-5.75));
#7963=CARTESIAN_POINT('',(-1.14999999999998,0.2,-7.45));
#7964=CARTESIAN_POINT('',(-1.15,2.46715680975094,-5.75));
#7965=CARTESIAN_POINT('Origin',(-2.65,2.46715680975094,-5.75));
#7966=CARTESIAN_POINT('',(-2.65,0.2,-5.75));
#7967=CARTESIAN_POINT('',(-2.65,0.2,-5.75));
#7968=CARTESIAN_POINT('',(-2.65,2.46715680975094,-5.75));
#7969=CARTESIAN_POINT('Origin',(-2.65,2.46715680975094,-7.45));
#7970=CARTESIAN_POINT('',(-2.65,0.2,-7.45));
#7971=CARTESIAN_POINT('',(-2.65,0.2,-7.45));
#7972=CARTESIAN_POINT('',(-2.65,2.46715680975094,-7.45));
#7973=CARTESIAN_POINT('Origin',(-2.65,2.46715680975094,-7.45));
#7974=CARTESIAN_POINT('',(-2.65,0.2,-7.45));
#7975=CARTESIAN_POINT('Origin',(0.,0.2,0.));
#7976=CARTESIAN_POINT('Origin',(0.,0.,0.));
#7977=CARTESIAN_POINT('',(0.75000000000002,0.,7.45));
#7978=CARTESIAN_POINT('',(0.750000000000002,0.,5.75));
#7979=CARTESIAN_POINT('',(0.75000000000002,0.,7.45));
#7980=CARTESIAN_POINT('',(-0.749999999999998,0.,7.45));
#7981=CARTESIAN_POINT('',(-0.749999999999998,0.,7.45));
#7982=CARTESIAN_POINT('',(-0.749999999999998,0.,5.75));
#7983=CARTESIAN_POINT('',(-0.749999999999998,0.,7.45));
#7984=CARTESIAN_POINT('',(-0.749999999999998,0.,5.75));
#7985=CARTESIAN_POINT('Origin',(-0.749999999999998,2.46715680975094,7.45));
#7986=CARTESIAN_POINT('',(0.75000000000002,0.2,7.45));
#7987=CARTESIAN_POINT('',(0.75000000000002,2.46715680975094,7.45));
#7988=CARTESIAN_POINT('',(-0.749999999999998,0.2,7.45));
#7989=CARTESIAN_POINT('',(-0.749999999999998,0.2,7.45));
#7990=CARTESIAN_POINT('',(-0.749999999999998,2.46715680975094,7.45));
#7991=CARTESIAN_POINT('Origin',(-0.749999999999998,2.46715680975094,7.45));
#7992=CARTESIAN_POINT('',(-0.749999999999998,0.2,5.75));
#7993=CARTESIAN_POINT('',(-0.749999999999998,0.2,7.45));
#7994=CARTESIAN_POINT('',(-0.749999999999998,2.46715680975094,5.75));
#7995=CARTESIAN_POINT('Origin',(-0.749999999999998,2.46715680975094,5.75));
#7996=CARTESIAN_POINT('',(0.750000000000003,0.2,5.75));
#7997=CARTESIAN_POINT('',(-0.749999999999998,0.2,5.75));
#7998=CARTESIAN_POINT('',(0.750000000000002,2.46715680975094,5.75));
#7999=CARTESIAN_POINT('Origin',(0.75000000000002,2.46715680975094,7.45));
#8000=CARTESIAN_POINT('',(0.75000000000002,0.2,7.45));
#8001=CARTESIAN_POINT('Origin',(0.,0.2,0.));
#8002=CARTESIAN_POINT('Origin',(0.,0.,0.));
#8003=CARTESIAN_POINT('',(0.75000000000002,0.,-7.45));
#8004=CARTESIAN_POINT('',(-0.749999999999998,0.,-7.45));
#8005=CARTESIAN_POINT('',(-0.749999999999998,0.,-7.45));
#8006=CARTESIAN_POINT('',(0.750000000000002,0.,-5.75));
#8007=CARTESIAN_POINT('',(0.75000000000002,0.,-7.45));
#8008=CARTESIAN_POINT('',(-0.749999999999998,0.,-5.75));
#8009=CARTESIAN_POINT('',(-0.749999999999998,0.,-5.75));
#8010=CARTESIAN_POINT('',(-0.749999999999998,0.,-7.45));
#8011=CARTESIAN_POINT('Origin',(0.75000000000002,2.46715680975094,-7.45));
#8012=CARTESIAN_POINT('',(0.75000000000002,0.2,-7.45));
#8013=CARTESIAN_POINT('',(0.75000000000002,2.46715680975094,-7.45));
#8014=CARTESIAN_POINT('',(0.750000000000002,0.2,-5.75));
#8015=CARTESIAN_POINT('',(0.75000000000002,0.2,-7.45));
#8016=CARTESIAN_POINT('',(0.750000000000002,2.46715680975094,-5.75));
#8017=CARTESIAN_POINT('Origin',(-0.749999999999998,2.46715680975094,-5.75));
#8018=CARTESIAN_POINT('',(-0.749999999999998,0.2,-5.75));
#8019=CARTESIAN_POINT('',(-0.749999999999998,0.2,-5.75));
#8020=CARTESIAN_POINT('',(-0.749999999999998,2.46715680975094,-5.75));
#8021=CARTESIAN_POINT('Origin',(-0.749999999999998,2.46715680975094,-7.45));
#8022=CARTESIAN_POINT('',(-0.749999999999998,0.2,-7.45));
#8023=CARTESIAN_POINT('',(-0.749999999999998,0.2,-7.45));
#8024=CARTESIAN_POINT('',(-0.749999999999998,2.46715680975094,-7.45));
#8025=CARTESIAN_POINT('Origin',(-0.749999999999998,2.46715680975094,-7.45));
#8026=CARTESIAN_POINT('',(-0.749999999999998,0.2,-7.45));
#8027=CARTESIAN_POINT('Origin',(0.,0.2,0.));
#8028=CARTESIAN_POINT('Origin',(0.,0.,0.));
#8029=CARTESIAN_POINT('',(2.65000000000002,0.,7.45));
#8030=CARTESIAN_POINT('',(2.65,0.,5.75));
#8031=CARTESIAN_POINT('',(2.65000000000002,0.,7.45));
#8032=CARTESIAN_POINT('',(1.15,0.,7.45));
#8033=CARTESIAN_POINT('',(1.15,0.,7.45));
#8034=CARTESIAN_POINT('',(1.15,0.,5.75));
#8035=CARTESIAN_POINT('',(1.15,0.,7.45));
#8036=CARTESIAN_POINT('',(1.15,0.,5.75));
#8037=CARTESIAN_POINT('Origin',(1.15,2.46715680975094,7.45));
#8038=CARTESIAN_POINT('',(2.65000000000002,0.2,7.45));
#8039=CARTESIAN_POINT('',(2.65000000000002,2.46715680975094,7.45));
#8040=CARTESIAN_POINT('',(1.15,0.2,7.45));
#8041=CARTESIAN_POINT('',(1.15,0.2,7.45));
#8042=CARTESIAN_POINT('',(1.15,2.46715680975094,7.45));
#8043=CARTESIAN_POINT('Origin',(1.15,2.46715680975094,7.45));
#8044=CARTESIAN_POINT('',(1.15,0.2,5.75));
#8045=CARTESIAN_POINT('',(1.15,0.2,7.45));
#8046=CARTESIAN_POINT('',(1.15,2.46715680975094,5.75));
#8047=CARTESIAN_POINT('Origin',(1.15,2.46715680975094,5.75));
#8048=CARTESIAN_POINT('',(2.65,0.2,5.75));
#8049=CARTESIAN_POINT('',(1.15,0.2,5.75));
#8050=CARTESIAN_POINT('',(2.65,2.46715680975094,5.75));
#8051=CARTESIAN_POINT('Origin',(2.65000000000002,2.46715680975094,7.45));
#8052=CARTESIAN_POINT('',(2.65000000000002,0.2,7.45));
#8053=CARTESIAN_POINT('Origin',(0.,0.2,0.));
#8054=CARTESIAN_POINT('Origin',(0.,0.,0.));
#8055=CARTESIAN_POINT('',(2.65000000000002,0.,-7.45));
#8056=CARTESIAN_POINT('',(1.15,0.,-7.45));
#8057=CARTESIAN_POINT('',(1.15,0.,-7.45));
#8058=CARTESIAN_POINT('',(2.65,0.,-5.75));
#8059=CARTESIAN_POINT('',(2.65000000000002,0.,-7.45));
#8060=CARTESIAN_POINT('',(1.15,0.,-5.75));
#8061=CARTESIAN_POINT('',(1.15,0.,-5.75));
#8062=CARTESIAN_POINT('',(1.15,0.,-7.45));
#8063=CARTESIAN_POINT('Origin',(2.65000000000002,2.46715680975094,-7.45));
#8064=CARTESIAN_POINT('',(2.65000000000002,0.2,-7.45));
#8065=CARTESIAN_POINT('',(2.65000000000002,2.46715680975094,-7.45));
#8066=CARTESIAN_POINT('',(2.65,0.2,-5.75));
#8067=CARTESIAN_POINT('',(2.65000000000002,0.2,-7.45));
#8068=CARTESIAN_POINT('',(2.65,2.46715680975094,-5.75));
#8069=CARTESIAN_POINT('Origin',(1.15,2.46715680975094,-5.75));
#8070=CARTESIAN_POINT('',(1.15,0.2,-5.75));
#8071=CARTESIAN_POINT('',(1.15,0.2,-5.75));
#8072=CARTESIAN_POINT('',(1.15,2.46715680975094,-5.75));
#8073=CARTESIAN_POINT('Origin',(1.15,2.46715680975094,-7.45));
#8074=CARTESIAN_POINT('',(1.15,0.2,-7.45));
#8075=CARTESIAN_POINT('',(1.15,0.2,-7.45));
#8076=CARTESIAN_POINT('',(1.15,2.46715680975094,-7.45));
#8077=CARTESIAN_POINT('Origin',(1.15,2.46715680975094,-7.45));
#8078=CARTESIAN_POINT('',(1.15,0.2,-7.45));
#8079=CARTESIAN_POINT('Origin',(0.,0.2,0.));
#8080=CARTESIAN_POINT('Origin',(0.,0.,0.));
#8081=CARTESIAN_POINT('',(4.55000000000002,0.,7.45));
#8082=CARTESIAN_POINT('',(4.55,0.,5.75));
#8083=CARTESIAN_POINT('',(4.55000000000002,0.,7.45));
#8084=CARTESIAN_POINT('',(3.05,0.,7.45));
#8085=CARTESIAN_POINT('',(3.05,0.,7.45));
#8086=CARTESIAN_POINT('',(3.05,0.,5.75));
#8087=CARTESIAN_POINT('',(3.05,0.,7.45));
#8088=CARTESIAN_POINT('',(3.05,0.,5.75));
#8089=CARTESIAN_POINT('Origin',(3.05,2.46715680975094,7.45));
#8090=CARTESIAN_POINT('',(4.55000000000002,0.2,7.45));
#8091=CARTESIAN_POINT('',(4.55000000000002,2.46715680975094,7.45));
#8092=CARTESIAN_POINT('',(3.05,0.2,7.45));
#8093=CARTESIAN_POINT('',(3.05,0.2,7.45));
#8094=CARTESIAN_POINT('',(3.05,2.46715680975094,7.45));
#8095=CARTESIAN_POINT('Origin',(3.05,2.46715680975094,7.45));
#8096=CARTESIAN_POINT('',(3.05,0.2,5.75));
#8097=CARTESIAN_POINT('',(3.05,0.2,7.45));
#8098=CARTESIAN_POINT('',(3.05,2.46715680975094,5.75));
#8099=CARTESIAN_POINT('Origin',(3.05,2.46715680975094,5.75));
#8100=CARTESIAN_POINT('',(4.55,0.2,5.75));
#8101=CARTESIAN_POINT('',(3.05,0.2,5.75));
#8102=CARTESIAN_POINT('',(4.55,2.46715680975094,5.75));
#8103=CARTESIAN_POINT('Origin',(4.55000000000002,2.46715680975094,7.45));
#8104=CARTESIAN_POINT('',(4.55000000000002,0.2,7.45));
#8105=CARTESIAN_POINT('Origin',(0.,0.2,0.));
#8106=CARTESIAN_POINT('Origin',(0.,0.,0.));
#8107=CARTESIAN_POINT('',(4.55000000000002,0.,-7.45));
#8108=CARTESIAN_POINT('',(3.05,0.,-7.45));
#8109=CARTESIAN_POINT('',(3.05,0.,-7.45));
#8110=CARTESIAN_POINT('',(4.55,0.,-5.75));
#8111=CARTESIAN_POINT('',(4.55000000000002,0.,-7.45));
#8112=CARTESIAN_POINT('',(3.05,0.,-5.75));
#8113=CARTESIAN_POINT('',(3.05,0.,-5.75));
#8114=CARTESIAN_POINT('',(3.05,0.,-7.45));
#8115=CARTESIAN_POINT('Origin',(4.55000000000002,2.46715680975094,-7.45));
#8116=CARTESIAN_POINT('',(4.55000000000002,0.2,-7.45));
#8117=CARTESIAN_POINT('',(4.55000000000002,2.46715680975094,-7.45));
#8118=CARTESIAN_POINT('',(4.55,0.2,-5.75));
#8119=CARTESIAN_POINT('',(4.55000000000002,0.2,-7.45));
#8120=CARTESIAN_POINT('',(4.55,2.46715680975094,-5.75));
#8121=CARTESIAN_POINT('Origin',(3.05,2.46715680975094,-5.75));
#8122=CARTESIAN_POINT('',(3.05,0.2,-5.75));
#8123=CARTESIAN_POINT('',(3.05,0.2,-5.75));
#8124=CARTESIAN_POINT('',(3.05,2.46715680975094,-5.75));
#8125=CARTESIAN_POINT('Origin',(3.05,2.46715680975094,-7.45));
#8126=CARTESIAN_POINT('',(3.05,0.2,-7.45));
#8127=CARTESIAN_POINT('',(3.05,0.2,-7.45));
#8128=CARTESIAN_POINT('',(3.05,2.46715680975094,-7.45));
#8129=CARTESIAN_POINT('Origin',(3.05,2.46715680975094,-7.45));
#8130=CARTESIAN_POINT('',(3.05,0.2,-7.45));
#8131=CARTESIAN_POINT('Origin',(0.,0.2,0.));
#8132=CARTESIAN_POINT('Origin',(-5.55,6.64,-5.72903225806452));
#8133=CARTESIAN_POINT('',(-5.55,6.64,-6.07903225806452));
#8134=CARTESIAN_POINT('Origin',(-5.55,6.64,-5.72903225806452));
#8135=CARTESIAN_POINT('',(-5.55,6.74,-6.07903225806452));
#8136=CARTESIAN_POINT('',(-5.55,6.64,-6.07903225806452));
#8137=CARTESIAN_POINT('Origin',(-5.55,6.74,-5.72903225806452));
#8138=CARTESIAN_POINT('Origin',(7.55,6.74,7.55));
#8139=CARTESIAN_POINT('',(7.55,2.24,-5.95));
#8140=CARTESIAN_POINT('',(7.55,6.61,-5.95));
#8141=CARTESIAN_POINT('',(7.55,6.74,-5.95));
#8142=CARTESIAN_POINT('',(7.55,6.61,5.95));
#8143=CARTESIAN_POINT('',(7.55,6.61,7.55));
#8144=CARTESIAN_POINT('',(7.55,2.24,5.95));
#8145=CARTESIAN_POINT('',(7.55,6.74,5.95));
#8146=CARTESIAN_POINT('',(7.55,2.24,-5.95));
#8147=CARTESIAN_POINT('Origin',(-7.55,6.74,-7.55));
#8148=CARTESIAN_POINT('',(-6.44999999999999,2.24,-7.55));
#8149=CARTESIAN_POINT('',(-6.44999999999999,6.61,-7.55));
#8150=CARTESIAN_POINT('',(-6.44999999999999,6.74,-7.55));
#8151=CARTESIAN_POINT('',(5.95,6.61,-7.55));
#8152=CARTESIAN_POINT('',(-7.55,6.61,-7.55));
#8153=CARTESIAN_POINT('',(5.95,2.24,-7.55));
#8154=CARTESIAN_POINT('',(5.95,6.74,-7.55));
#8155=CARTESIAN_POINT('',(-6.44999999999999,2.24,-7.55));
#8156=CARTESIAN_POINT('Origin',(-7.55,6.74,7.55));
#8157=CARTESIAN_POINT('',(-7.55,2.24,5.95));
#8158=CARTESIAN_POINT('',(-7.55,6.61,5.95));
#8159=CARTESIAN_POINT('',(-7.55,6.74,5.95));
#8160=CARTESIAN_POINT('',(-7.55,6.61,-6.44999999999999));
#8161=CARTESIAN_POINT('',(-7.55,6.61,7.55));
#8162=CARTESIAN_POINT('',(-7.55,2.24,-6.44999999999999));
#8163=CARTESIAN_POINT('',(-7.55,6.74,-6.44999999999999));
#8164=CARTESIAN_POINT('',(-7.55,2.24,5.95));
#8165=CARTESIAN_POINT('Origin',(-7.55,6.74,7.55));
#8166=CARTESIAN_POINT('',(5.95,2.24,7.55));
#8167=CARTESIAN_POINT('',(5.95,6.61,7.55));
#8168=CARTESIAN_POINT('',(5.95,6.74,7.55));
#8169=CARTESIAN_POINT('',(-5.95,6.61,7.55));
#8170=CARTESIAN_POINT('',(-7.55,6.61,7.55));
#8171=CARTESIAN_POINT('',(-5.95,2.24,7.55));
#8172=CARTESIAN_POINT('',(-5.95,6.74,7.55));
#8173=CARTESIAN_POINT('',(5.95,2.24,7.55));
#8174=CARTESIAN_POINT('Origin',(0.,6.74,0.));
#8175=CARTESIAN_POINT('',(5.95,6.74,-7.42));
#8176=CARTESIAN_POINT('',(-6.39615223689149,6.74,-7.42));
#8177=CARTESIAN_POINT('',(0.,6.74,-7.42));
#8178=CARTESIAN_POINT('',(-7.42,6.74,-6.39615223689149));
#8179=CARTESIAN_POINT('',(-7.45807611844575,6.74,-6.35807611844574));
#8180=CARTESIAN_POINT('',(-7.42,6.74,5.95));
#8181=CARTESIAN_POINT('',(-7.42,6.74,0.));
#8182=CARTESIAN_POINT('',(-5.95,6.74,7.42));
#8183=CARTESIAN_POINT('Origin',(-5.95,6.74,5.95));
#8184=CARTESIAN_POINT('',(5.95,6.74,7.42));
#8185=CARTESIAN_POINT('',(0.,6.74,7.42));
#8186=CARTESIAN_POINT('',(7.42,6.74,5.95));
#8187=CARTESIAN_POINT('Origin',(5.95,6.74,5.95));
#8188=CARTESIAN_POINT('',(7.42,6.74,-5.95));
#8189=CARTESIAN_POINT('',(7.42,6.74,0.));
#8190=CARTESIAN_POINT('Origin',(5.95,6.74,-5.95));
#8191=CARTESIAN_POINT('',(-5.05,6.74,-5.05));
#8192=CARTESIAN_POINT('',(4.05,6.74,-5.05));
#8193=CARTESIAN_POINT('',(4.05,6.74,-5.05));
#8194=CARTESIAN_POINT('',(5.05,6.74,-4.05));
#8195=CARTESIAN_POINT('',(5.05,6.74,-4.05));
#8196=CARTESIAN_POINT('',(5.05,6.74,5.05));
#8197=CARTESIAN_POINT('',(5.05,6.74,5.05));
#8198=CARTESIAN_POINT('',(-4.05,6.74,5.05));
#8199=CARTESIAN_POINT('',(-4.05,6.74,5.05));
#8200=CARTESIAN_POINT('',(-5.05,6.74,4.05));
#8201=CARTESIAN_POINT('',(-5.05,6.74,4.05));
#8202=CARTESIAN_POINT('',(-5.05,6.74,-5.05));
#8203=CARTESIAN_POINT('Origin',(0.,2.11,0.));
#8204=CARTESIAN_POINT('',(-7.42,2.11,5.95));
#8205=CARTESIAN_POINT('',(-7.42,2.11,-6.39615223689149));
#8206=CARTESIAN_POINT('',(-7.42,2.11,-6.44999999999999));
#8207=CARTESIAN_POINT('',(-6.39615223689149,2.11,-7.42));
#8208=CARTESIAN_POINT('',(-6.90807611844574,2.11,-6.90807611844575));
#8209=CARTESIAN_POINT('',(5.95,2.11,-7.42));
#8210=CARTESIAN_POINT('',(5.95,2.11,-7.42));
#8211=CARTESIAN_POINT('',(7.42,2.11,-5.95));
#8212=CARTESIAN_POINT('Origin',(5.95,2.11,-5.95));
#8213=CARTESIAN_POINT('',(7.42,2.11,5.95));
#8214=CARTESIAN_POINT('',(7.42,2.11,5.95));
#8215=CARTESIAN_POINT('',(5.95,2.11,7.42));
#8216=CARTESIAN_POINT('Origin',(5.95,2.11,5.95));
#8217=CARTESIAN_POINT('',(-5.95,2.11,7.42));
#8218=CARTESIAN_POINT('',(-5.95,2.11,7.42));
#8219=CARTESIAN_POINT('Origin',(-5.95,2.11,5.95));
#8220=CARTESIAN_POINT('Origin',(-5.95,6.74,5.95));
#8221=CARTESIAN_POINT('Origin',(-5.95,6.61,5.95));
#8222=CARTESIAN_POINT('Origin',(-5.95,2.24,5.95));
#8223=CARTESIAN_POINT('Origin',(5.95,6.74,5.95));
#8224=CARTESIAN_POINT('Origin',(5.95,6.61,5.95));
#8225=CARTESIAN_POINT('Origin',(5.95,2.24,5.95));
#8226=CARTESIAN_POINT('Origin',(5.95,6.74,-5.95));
#8227=CARTESIAN_POINT('Origin',(5.95,6.61,-5.95));
#8228=CARTESIAN_POINT('Origin',(5.95,2.24,-5.95));
#8229=CARTESIAN_POINT('Origin',(-7.55,6.74,-6.44999999999999));
#8230=CARTESIAN_POINT('',(-7.55,2.24,-6.44999999999999));
#8231=CARTESIAN_POINT('',(-6.44999999999999,6.61,-7.55));
#8232=CARTESIAN_POINT('Origin',(7.42,6.61,0.));
#8233=CARTESIAN_POINT('Origin',(7.42,6.61,5.95));
#8234=CARTESIAN_POINT('Origin',(7.42,6.61,-5.95));
#8235=CARTESIAN_POINT('Origin',(5.95,6.61,-5.95));
#8236=CARTESIAN_POINT('Origin',(5.95,6.61,-7.42));
#8237=CARTESIAN_POINT('Origin',(5.95,6.61,5.95));
#8238=CARTESIAN_POINT('Origin',(5.95,6.61,7.42));
#8239=CARTESIAN_POINT('Origin',(0.,6.61,-7.42));
#8240=CARTESIAN_POINT('Origin',(-6.39615223689152,6.61000000000006,-7.42000000000007));
#8241=CARTESIAN_POINT('Origin',(0.,6.61,7.42));
#8242=CARTESIAN_POINT('Origin',(-5.95,6.61,7.42));
#8243=CARTESIAN_POINT('Origin',(-6.90807611844574,6.61,-6.90807611844575));
#8244=CARTESIAN_POINT('Origin',(-7.42000000000014,6.61000000000015,-6.39615223689155));
#8245=CARTESIAN_POINT('Origin',(-5.95,6.61,5.95));
#8246=CARTESIAN_POINT('Origin',(-7.42,6.61,5.95));
#8247=CARTESIAN_POINT('Origin',(-7.42,6.61,0.));
#8248=CARTESIAN_POINT('Origin',(-7.55,2.24,7.42));
#8249=CARTESIAN_POINT('Origin',(-5.95,2.24,7.42));
#8250=CARTESIAN_POINT('Origin',(5.95,2.24,7.42));
#8251=CARTESIAN_POINT('Origin',(5.95,2.24,5.95));
#8252=CARTESIAN_POINT('Origin',(7.42,2.24,5.95));
#8253=CARTESIAN_POINT('Origin',(-5.95,2.24,5.95));
#8254=CARTESIAN_POINT('Origin',(-7.42,2.24,5.95));
#8255=CARTESIAN_POINT('Origin',(7.42,2.24,7.55));
#8256=CARTESIAN_POINT('Origin',(7.42,2.24,-5.95));
#8257=CARTESIAN_POINT('Origin',(-7.42,2.24,7.55));
#8258=CARTESIAN_POINT('Origin',(-7.42000000000011,2.23999999999988,-6.39615223689154));
#8259=CARTESIAN_POINT('Origin',(5.95,2.24,-5.95));
#8260=CARTESIAN_POINT('Origin',(5.95,2.24,-7.42));
#8261=CARTESIAN_POINT('Origin',(-6.90807611844574,2.24,-6.90807611844575));
#8262=CARTESIAN_POINT('Origin',(-6.39615223689154,2.23999999999989,-7.4200000000001));
#8263=CARTESIAN_POINT('Origin',(-7.55,2.24,-7.42));
#8264=CARTESIAN_POINT('Origin',(4.05,22.4377705423414,-5.05));
#8265=CARTESIAN_POINT('',(-5.05,6.69,-5.05));
#8266=CARTESIAN_POINT('',(-5.05,22.4377705423414,-5.05));
#8267=CARTESIAN_POINT('',(4.05,6.69,-5.05));
#8268=CARTESIAN_POINT('',(4.05,6.69,-5.05));
#8269=CARTESIAN_POINT('',(4.05,22.4377705423414,-5.05));
#8270=CARTESIAN_POINT('Origin',(-5.05,22.4377705423414,-5.05));
#8271=CARTESIAN_POINT('',(-5.05,6.69,4.05));
#8272=CARTESIAN_POINT('',(-5.05,22.4377705423414,4.05));
#8273=CARTESIAN_POINT('',(-5.05,6.69,-5.05));
#8274=CARTESIAN_POINT('Origin',(-5.05,22.4377705423414,4.05));
#8275=CARTESIAN_POINT('',(-4.05,6.69,5.05));
#8276=CARTESIAN_POINT('',(-4.05,22.4377705423414,5.05));
#8277=CARTESIAN_POINT('',(-5.05,6.69,4.05));
#8278=CARTESIAN_POINT('Origin',(-4.05,22.4377705423414,5.05));
#8279=CARTESIAN_POINT('',(5.05,6.69,5.05));
#8280=CARTESIAN_POINT('',(5.05,22.4377705423414,5.05));
#8281=CARTESIAN_POINT('',(-4.05,6.69,5.05));
#8282=CARTESIAN_POINT('Origin',(5.05,22.4377705423414,5.05));
#8283=CARTESIAN_POINT('',(5.05,6.69,-4.05));
#8284=CARTESIAN_POINT('',(5.05,22.4377705423414,-4.05));
#8285=CARTESIAN_POINT('',(5.05,6.69,5.05));
#8286=CARTESIAN_POINT('Origin',(5.05,22.4377705423414,-4.05));
#8287=CARTESIAN_POINT('',(5.05,6.69,-4.05));
#8288=CARTESIAN_POINT('Origin',(4.55,6.69,4.55));
#8289=CARTESIAN_POINT('Origin',(-5.55,6.64,-5.72903225806452));
#8290=CARTESIAN_POINT('Origin',(-5.55,5.65005050633883,-5.72903225806452));
#8291=CARTESIAN_POINT('',(-5.55,6.74,-6.07903225806452));
#8292=CARTESIAN_POINT('Origin',(-5.55,6.74,-5.72903225806452));
#8293=CARTESIAN_POINT('',(-5.55,6.64,-6.07903225806452));
#8294=CARTESIAN_POINT('',(-5.55,5.65005050633883,-6.07903225806452));
#8295=CARTESIAN_POINT('Origin',(-5.55,6.64,-5.72903225806452));
#8296=CARTESIAN_POINT('Origin',(-5.55,6.74,-5.72903225806452));
#8297=CARTESIAN_POINT('Origin',(-5.55,6.64,-5.72903225806452));
#8298=UNCERTAINTY_MEASURE_WITH_UNIT(LENGTH_MEASURE(0.01),#8302,
'DISTANCE_ACCURACY_VALUE',
'Maximum model space distance between geometric entities at asserted c
onnectivities');
#8299=UNCERTAINTY_MEASURE_WITH_UNIT(LENGTH_MEASURE(0.01),#8302,
'DISTANCE_ACCURACY_VALUE',
'Maximum model space distance between geometric entities at asserted c
onnectivities');
#8300=(
GEOMETRIC_REPRESENTATION_CONTEXT(3)
GLOBAL_UNCERTAINTY_ASSIGNED_CONTEXT((#8298))
GLOBAL_UNIT_ASSIGNED_CONTEXT((#8302,#8304,#8305))
REPRESENTATION_CONTEXT('','3D')
);
#8301=(
GEOMETRIC_REPRESENTATION_CONTEXT(3)
GLOBAL_UNCERTAINTY_ASSIGNED_CONTEXT((#8299))
GLOBAL_UNIT_ASSIGNED_CONTEXT((#8302,#8304,#8305))
REPRESENTATION_CONTEXT('','3D')
);
#8302=(
LENGTH_UNIT()
NAMED_UNIT(*)
SI_UNIT(.MILLI.,.METRE.)
);
#8303=(
LENGTH_UNIT()
NAMED_UNIT(*)
SI_UNIT($,.METRE.)
);
#8304=(
NAMED_UNIT(*)
PLANE_ANGLE_UNIT()
SI_UNIT($,.RADIAN.)
);
#8305=(
NAMED_UNIT(*)
SI_UNIT($,.STERADIAN.)
SOLID_ANGLE_UNIT()
);
#8306=SHAPE_DEFINITION_REPRESENTATION(#8307,#8308);
#8307=PRODUCT_DEFINITION_SHAPE('',$,#8310);
#8308=SHAPE_REPRESENTATION('',(#5166),#8300);
#8309=PRODUCT_DEFINITION_CONTEXT('part definition',#8314,'design');
#8310=PRODUCT_DEFINITION('2025-10-21-12-02-20-196','SAM-M10Q-00B',#8311,
#8309);
#8311=PRODUCT_DEFINITION_FORMATION('',$,#8316);
#8312=PRODUCT_RELATED_PRODUCT_CATEGORY('SAM-M10Q-00B','SAM-M10Q-00B',(#8316));
#8313=APPLICATION_PROTOCOL_DEFINITION('international standard',
'automotive_design',2009,#8314);
#8314=APPLICATION_CONTEXT(
'Core Data for Automotive Mechanical Design Process');
#8315=PRODUCT_CONTEXT('part definition',#8314,'mechanical');
#8316=PRODUCT('2025-10-21-12-02-20-196','SAM-M10Q-00B','STEP AP214',(#8315));
#8317=PRESENTATION_STYLE_ASSIGNMENT((#8323));
#8318=PRESENTATION_STYLE_ASSIGNMENT((#8324));
#8319=PRESENTATION_STYLE_ASSIGNMENT((#8325));
#8320=PRESENTATION_STYLE_ASSIGNMENT((#8326));
#8321=PRESENTATION_STYLE_ASSIGNMENT((#8327));
#8322=PRESENTATION_STYLE_ASSIGNMENT((#8328));
#8323=SURFACE_STYLE_USAGE(.BOTH.,#8329);
#8324=SURFACE_STYLE_USAGE(.BOTH.,#8330);
#8325=SURFACE_STYLE_USAGE(.BOTH.,#8331);
#8326=SURFACE_STYLE_USAGE(.BOTH.,#8332);
#8327=SURFACE_STYLE_USAGE(.BOTH.,#8333);
#8328=SURFACE_STYLE_USAGE(.BOTH.,#8334);
#8329=SURFACE_SIDE_STYLE('',(#8335));
#8330=SURFACE_SIDE_STYLE('',(#8336));
#8331=SURFACE_SIDE_STYLE('',(#8337));
#8332=SURFACE_SIDE_STYLE('',(#8338));
#8333=SURFACE_SIDE_STYLE('',(#8339));
#8334=SURFACE_SIDE_STYLE('',(#8340));
#8335=SURFACE_STYLE_FILL_AREA(#8341);
#8336=SURFACE_STYLE_FILL_AREA(#8342);
#8337=SURFACE_STYLE_FILL_AREA(#8343);
#8338=SURFACE_STYLE_FILL_AREA(#8344);
#8339=SURFACE_STYLE_FILL_AREA(#8345);
#8340=SURFACE_STYLE_FILL_AREA(#8346);
#8341=FILL_AREA_STYLE('Steel - Satin',(#8347));
#8342=FILL_AREA_STYLE('Opaque(0,128,0)',(#8348));
#8343=FILL_AREA_STYLE('Opaque(252,188,132)',(#8349));
#8344=FILL_AREA_STYLE('Opaque(255,255,255)',(#8350));
#8345=FILL_AREA_STYLE('Opaque(160,150,73)',(#8351));
#8346=FILL_AREA_STYLE('Opaque(255,207,128)',(#8352));
#8347=FILL_AREA_STYLE_COLOUR('Steel - Satin',#8353);
#8348=FILL_AREA_STYLE_COLOUR('Opaque(0,128,0)',#8354);
#8349=FILL_AREA_STYLE_COLOUR('Opaque(252,188,132)',#8355);
#8350=FILL_AREA_STYLE_COLOUR('Opaque(255,255,255)',#8356);
#8351=FILL_AREA_STYLE_COLOUR('Opaque(160,150,73)',#8357);
#8352=FILL_AREA_STYLE_COLOUR('Opaque(255,207,128)',#8358);
#8353=COLOUR_RGB('Steel - Satin',0.627450980392157,0.627450980392157,0.627450980392157);
#8354=COLOUR_RGB('Opaque(0,128,0)',0.,0.501960784313725,0.);
#8355=COLOUR_RGB('Opaque(252,188,132)',0.988235294117647,0.737254901960784,
0.517647058823529);
#8356=COLOUR_RGB('Opaque(255,255,255)',1.,1.,1.);
#8357=COLOUR_RGB('Opaque(160,150,73)',0.627450980392157,0.588235294117647,
0.286274509803922);
#8358=COLOUR_RGB('Opaque(255,207,128)',1.,0.811764705882353,0.501960784313725);
ENDSEC;
END-ISO-10303-21;
